{
  "nfp": 4,
  "R0": 11.34443056562854,
  "R1": 4.667885210390933,
  "ncoils": 4,
  "order": 12,
  "nphi": 32,
  "ntheta": 32,
  "length_target": 43.03628010689279,
  "length_weight": 3.6611192945032927,
  "max_curvature_threshold": 6.212004396888406,
  "max_curvature_weight": 5.811174907195316e-05,
  "msc_threshold": 2.713634312131761,
  "msc_weight": 9.257392242524394e-05,
  "JF": 0.007586498450091597,
  "Jf": 0.0074978998876044905,
  "BdotN": 0.01333570967285629,
  "lengths": [
    37.19593321686816,
    38.586783134144966,
    46.90680028253365,
    49.455894291014104
  ],
  "length": 172.1454109245609,
  "max_curvatures": [
    7.289910128557848,
    7.924448465438639,
    8.803017768320526,
    8.571950734902634
  ],
  "max_max_curvature": 8.803017768320526,
  "coil_coil_distance": 1.1288661384332914,
  "cc_threshold": 1.134963055728264,
  "cc_weight": 26.06183603898038,
  "gradient_norm": 0.05479571829638194,
  "linking_number": 0,
  "directory": "ncoils_4_order_12_R1_4.7_length_target_4.3e+01_weight_3.7_max_curvature_6.2_weight_5.8e-05_msc_2.7_weight_9.3e-05_cc_1.1_weight_2.6e+01",
  "mean_squared_curvatures": [
    0.8165154039673329,
    1.7567009364842394,
    1.324577253174399,
    2.178755715770987
  ],
  "max_mean_squared_curvature": 2.178755715770987,
  "message": "STOP: TOTAL NO. of ITERATIONS REACHED LIMIT",
  "success": false,
  "iterations": 700,
  "function_evaluations": 877,
  "coil_currents": [
    12003639.43524122,
    12035677.944415806,
    12136793.923372459,
    12405303.415059596
  ],
  "coil_surface_distance": 1.0220012005354497
}