{
  "nfp": 4,
  "ncoils": 6,
  "R0": 11.34443056562854,
  "R1": 4.627253852362499,
  "order": 8,
  "nphi": 32,
  "ntheta": 32,
  "length_target": 34.127164794391255,
  "length_weight": 6.795387238211407,
  "max_curvature_threshold": 2.25465013717007,
  "max_curvature_weight": 1.956116955930321e-06,
  "msc_threshold": 4.271324154368623,
  "msc_weight": 1.4420484898266717e-06,
  "JF": 0.0022009575193488048,
  "Jf": 0.0021747986796108267,
  "BdotN": 0.008359989854334022,
  "lengths": [
    36.00229597315445,
    34.25421665791119,
    35.141345151478845,
    31.786034665812366,
    33.12316736373478,
    34.45591864887024
  ],
  "length": 204.76297846096188,
  "max_curvatures": [
    5.423458527384305,
    2.077486840892894,
    8.117532609904927,
    6.914682976541032,
    7.1255752447181235,
    4.581853126552331
  ],
  "max_max_curvature": 8.117532609904927,
  "coil_coil_distance": 0.9787821254822767,
  "cc_threshold": 0.9819979894344529,
  "cc_weight": 1.5818567421612815,
  "gradient_norm": 0.006902229936356801,
  "linking_number": 0,
  "directory": "ncoils_6_order_8_R1_4.6_length_target_3.4e+01_weight_6.8_max_curvature_2.3_weight_2e-06_msc_4.3_weight_1.4e-06_cc_0.98_weight_1.6",
  "mean_squared_curvatures": [
    0.339528383048272,
    0.15940538757779257,
    0.48507881648071843,
    0.3062214559357138,
    0.5311432510625763,
    0.2030120577771501
  ],
  "max_mean_squared_curvature": 0.5311432510625763,
  "message": "STOP: TOTAL NO. of ITERATIONS REACHED LIMIT",
  "success": false,
  "iterations": 500,
  "function_evaluations": 552,
  "coil_currents": [
    8244349.111373247,
    8156721.689054918,
    8148837.5794102,
    7820466.019965874,
    8205771.671009636,
    8005268.647275209
  ],
  "coil_surface_distance": 1.0706564218630166
}