{
  "nfp": 4,
  "R0": 11.34443056562854,
  "R1": 4.776590842923161,
  "ncoils": 4,
  "order": 6,
  "nphi": 32,
  "ntheta": 32,
  "length_target": 39.94454274381101,
  "length_weight": 4.156152467931643,
  "max_curvature_threshold": 3.4089290517957562,
  "max_curvature_weight": 1.4552737062742844e-05,
  "msc_threshold": 1.166219781590356,
  "msc_weight": 2.5291013797550453e-05,
  "JF": 0.0005835614569431713,
  "Jf": 0.0005765901126363414,
  "BdotN": 0.004707402255256608,
  "lengths": [
    42.00741943542274,
    39.7345167140214,
    39.59072722979634,
    38.44561568590916
  ],
  "length": 159.77827906514966,
  "max_curvatures": [
    0.8116483316019734,
    1.1590804138245845,
    5.045985644898382,
    4.611074303809473
  ],
  "max_max_curvature": 5.045985644898382,
  "coil_coil_distance": 0.640979869732157,
  "cc_threshold": 0.6446141669584275,
  "cc_weight": 0.0933757067315144,
  "gradient_norm": 0.007814480754683804,
  "linking_number": 0,
  "directory": "ncoils_4_order_6_R1_4.8_length_target_4e+01_weight_4.2_max_curvature_3.4_weight_1.5e-05_msc_1.2_weight_2.5e-05_cc_0.64_weight_0.093",
  "mean_squared_curvatures": [
    0.10192024920750346,
    0.11028350544291599,
    0.3542643720627327,
    0.39110347997903755
  ],
  "max_mean_squared_curvature": 0.39110347997903755,
  "message": "STOP: TOTAL NO. of ITERATIONS REACHED LIMIT",
  "success": false,
  "iterations": 700,
  "function_evaluations": 780,
  "coil_currents": [
    12410381.659820927,
    12112297.140981896,
    12077473.50413948,
    11981262.413146779
  ],
  "coil_surface_distance": 1.439581796406714
}