{
  "nfp": 4,
  "R0": 11.34443056562854,
  "R1": 4.331303333185999,
  "ncoils": 6,
  "order": 13,
  "nphi": 32,
  "ntheta": 32,
  "length_target": 30.3385646184107,
  "length_weight": 0.05264611073584486,
  "max_curvature_threshold": 3.8662436308855335,
  "max_curvature_weight": 5.279768824988835e-06,
  "msc_threshold": 6.277655546683456,
  "msc_weight": 1.057007203733402e-05,
  "JF": 0.0005482596177630504,
  "Jf": 0.0005131981113425755,
  "BdotN": 0.004494980164521794,
  "lengths": [
    31.53480395133196,
    30.19668945464805,
    29.804290010995235,
    29.868715091334607,
    30.001982840790106,
    30.626357711981132
  ],
  "length": 182.03283906108112,
  "max_curvatures": [
    10.363304334593767,
    3.965017688673779,
    5.352010854726721,
    5.082329223871682,
    4.275230238358736,
    10.581968560287413
  ],
  "max_max_curvature": 10.581968560287413,
  "coil_coil_distance": 0.6234051102092736,
  "cc_threshold": 0.6235014287106931,
  "cc_weight": 242.5060897075531,
  "gradient_norm": 2.429495699470769,
  "linking_number": 0,
  "directory": "ncoils_6_order_13_R1_4.3_length_target_3e+01_weight_0.053_max_curvature_3.9_weight_5.3e-06_msc_6.3_weight_1.1e-05_cc_0.62_weight_2.4e+02",
  "mean_squared_curvatures": [
    1.7559213485210101,
    0.4105090812926705,
    0.6213959540828216,
    0.5764783045525651,
    0.5554487986837343,
    1.62730247087035
  ],
  "max_mean_squared_curvature": 1.7559213485210101,
  "message": "STOP: TOTAL NO. of ITERATIONS REACHED LIMIT",
  "success": false,
  "iterations": 700,
  "function_evaluations": 951,
  "coil_currents": [
    8171154.849556169,
    8134511.628839466,
    8020514.051175231,
    7970068.317020917,
    7983924.689806068,
    8301241.181691237
  ],
  "coil_surface_distance": 0.9413416968526255
}