{
  "nfp": 4,
  "ncoils": 6,
  "R0": 11.34443056562854,
  "R1": 4.641469348127822,
  "order": 15,
  "nphi": 32,
  "ntheta": 32,
  "length_target": 41.313900903765806,
  "length_weight": 0.447485944139174,
  "max_curvature_threshold": 2.1201698446011714,
  "max_curvature_weight": 1.6565000073904848e-06,
  "msc_threshold": 2.4535909352073526,
  "msc_weight": 2.873613643016336e-06,
  "JF": 0.0003882877305006233,
  "Jf": 0.00037166049852037006,
  "BdotN": 0.004457360961612926,
  "lengths": [
    40.35768202299507,
    39.481964131984206,
    41.30718828512934,
    38.999577970323905,
    39.90929766359691,
    47.82562707386367
  ],
  "length": 247.8813371478931,
  "max_curvatures": [
    3.422286455405746,
    2.9108944507836214,
    6.706382005197115,
    8.477616658346848,
    4.859842856556265,
    6.314326803386683
  ],
  "max_max_curvature": 8.477616658346848,
  "coil_coil_distance": 0.7544202101194455,
  "cc_threshold": 0.7605903483923668,
  "cc_weight": 0.29478954261104123,
  "gradient_norm": 0.03399221531784504,
  "linking_number": 0,
  "directory": "ncoils_6_order_15_R1_4.6_length_target_4.1e+01_weight_0.45_max_curvature_2.1_weight_1.7e-06_msc_2.5_weight_2.9e-06_cc_0.76_weight_0.29",
  "mean_squared_curvatures": [
    0.40608504771524156,
    0.3828165453882537,
    0.5618155921271772,
    0.7155554441642109,
    0.5942064451452815,
    0.8718405522303714
  ],
  "max_mean_squared_curvature": 0.8718405522303714,
  "message": "STOP: TOTAL NO. of ITERATIONS REACHED LIMIT",
  "success": false,
  "iterations": 500,
  "function_evaluations": 568,
  "coil_currents": [
    7990374.569114622,
    7899759.880980911,
    7883131.635160579,
    7945825.159866262,
    7966846.845364715,
    8895476.627601996
  ],
  "coil_surface_distance": 1.1701764515938697
}