{
  "nfp": 4,
  "R0": 11.34443056562854,
  "R1": 4.863640340343644,
  "ncoils": 6,
  "order": 11,
  "nphi": 32,
  "ntheta": 32,
  "length_target": 31.42874834250695,
  "length_weight": 2.2505155468665974,
  "max_curvature_threshold": 1.0247325355889445,
  "max_curvature_weight": 0.0005158472453437629,
  "msc_threshold": 3.5165119157048417,
  "msc_weight": 2.5572914615289736e-05,
  "JF": 0.0051941638998593,
  "Jf": 0.005062134594022594,
  "BdotN": 0.01404721865278346,
  "lengths": [
    33.967556902293175,
    31.59024354873942,
    33.42311623384648,
    29.085172660425616,
    29.78414913181392,
    30.7231306136309
  ],
  "length": 188.57336909074954,
  "max_curvatures": [
    1.1494625826712805,
    1.1422795638520649,
    1.3479297933184555,
    1.1550993742539923,
    1.2589244747114852,
    1.195117028969116
  ],
  "max_max_curvature": 1.3479297933184555,
  "coil_coil_distance": 1.1402571444889888,
  "cc_threshold": 1.1495138139353367,
  "cc_weight": 1.7086131593824487,
  "gradient_norm": 0.04488969890873178,
  "linking_number": 0,
  "directory": "ncoils_6_order_11_R1_4.9_length_target_3.1e+01_weight_2.3_max_curvature_1.0_weight_0.00052_msc_3.5_weight_2.6e-05_cc_1.1_weight_1.7",
  "mean_squared_curvatures": [
    0.15380774539317713,
    0.15042100274295647,
    0.19805595391119465,
    0.24879286838379813,
    0.3216743286883504,
    0.21394332802100086
  ],
  "max_mean_squared_curvature": 0.3216743286883504,
  "message": "STOP: TOTAL NO. of ITERATIONS REACHED LIMIT",
  "success": false,
  "iterations": 700,
  "function_evaluations": 743,
  "coil_currents": [
    10601602.830965303,
    8463984.593533032,
    8964394.706878806,
    7986572.6519595925,
    7348738.950963484,
    5216120.98378887
  ],
  "coil_surface_distance": 0.9302660318301883
}