{
  "nfp": 4,
  "R0": 11.34443056562854,
  "R1": 4.511959276490493,
  "ncoils": 5,
  "order": 7,
  "nphi": 32,
  "ntheta": 32,
  "length_target": 40.4177809225295,
  "length_weight": 17.29436055777071,
  "max_curvature_threshold": 6.869560474714731,
  "max_curvature_weight": 1.2702238737534532e-05,
  "msc_threshold": 7.465228547562129,
  "msc_weight": 2.9942992414176935e-07,
  "JF": 0.003111784144437369,
  "Jf": 0.003100073314660447,
  "BdotN": 0.009720282964788423,
  "lengths": [
    40.19827338589679,
    43.96143054882814,
    38.34800469604372,
    37.82455466081015,
    41.756543024855546
  ],
  "length": 202.08880631643436,
  "max_curvatures": [
    8.879573150677517,
    7.0654457681832366,
    5.016892934581545,
    12.050610718681472,
    9.137724975919276
  ],
  "max_max_curvature": 12.050610718681472,
  "coil_coil_distance": 0.8053775330850446,
  "cc_threshold": 0.8053966969545967,
  "cc_weight": 486.91271646879505,
  "gradient_norm": 0.04238439241607896,
  "linking_number": 0,
  "directory": "ncoils_5_order_7_R1_4.5_length_target_4e+01_weight_1.7e+01_max_curvature_6.9_weight_1.3e-05_msc_7.5_weight_3e-07_cc_0.81_weight_4.9e+02",
  "mean_squared_curvatures": [
    0.37284670291722793,
    0.4469523835372671,
    0.30338686439233836,
    0.6691884199294705,
    0.5075656038937937
  ],
  "max_mean_squared_curvature": 0.6691884199294705,
  "message": "STOP: TOTAL NO. of ITERATIONS REACHED LIMIT",
  "success": false,
  "iterations": 700,
  "function_evaluations": 1045,
  "coil_currents": [
    9674068.563561682,
    9544937.767421884,
    9766700.895504199,
    9756316.817761695,
    9839390.673839621
  ],
  "coil_surface_distance": 1.2729946114650177
}