{
  "nfp": 4,
  "ncoils": 6,
  "R0": 11.34443056562854,
  "R1": 4.633390379067575,
  "order": 7,
  "nphi": 32,
  "ntheta": 32,
  "length_target": 43.52048333206815,
  "length_weight": 0.3614120468089352,
  "max_curvature_threshold": 2.173791236904977,
  "max_curvature_weight": 1.0025222009673228e-07,
  "msc_threshold": 1.8029799505431967,
  "msc_weight": 2.887566083654748e-07,
  "JF": 0.018300977121617077,
  "Jf": 0.018259923825927882,
  "BdotN": 0.025967820252568448,
  "lengths": [
    43.66772154076776,
    43.9083139282561,
    41.050082499686965,
    44.279346012041835,
    41.58050839067073,
    46.63576451520558
  ],
  "length": 261.1217368866289,
  "max_curvatures": [
    105.0630404653318,
    6.78063810399657,
    17.634947786215225,
    5.315257038890845,
    35.6342647572402,
    13.99887970976637
  ],
  "max_max_curvature": 105.0630404653318,
  "coil_coil_distance": 0.7742316942488866,
  "cc_threshold": 0.7742674147424546,
  "cc_weight": 2254.899050822365,
  "gradient_norm": 0.17362384709223802,
  "linking_number": 0,
  "directory": "ncoils_6_order_7_R1_4.6_length_target_4.4e+01_weight_0.36_max_curvature_2.2_weight_1e-07_msc_1.8_weight_2.9e-07_cc_0.77_weight_2.3e+03",
  "mean_squared_curvatures": [
    10.848253095704825,
    0.9027803035489033,
    1.2633282441831035,
    0.6758040735979458,
    2.777827388434438,
    2.156799598189658
  ],
  "max_mean_squared_curvature": 10.848253095704825,
  "message": "STOP: TOTAL NO. of ITERATIONS REACHED LIMIT",
  "success": false,
  "iterations": 500,
  "function_evaluations": 1146,
  "coil_currents": [
    8212582.080176615,
    8203335.734960412,
    7993248.0655938415,
    8077319.555280548,
    8037378.924666571,
    8057550.357411094
  ],
  "coil_surface_distance": 0.655633247190333
}