{
  "nfp": 4,
  "R0": 11.34443056562854,
  "R1": 4.333412753767897,
  "ncoils": 5,
  "order": 6,
  "nphi": 32,
  "ntheta": 32,
  "length_target": 36.583396017448194,
  "length_weight": 1.1307117490927554,
  "max_curvature_threshold": 3.4283481986500566,
  "max_curvature_weight": 1.2627009561916308e-05,
  "msc_threshold": 3.1054623839722306,
  "msc_weight": 5.697810861852319e-06,
  "JF": 0.00044048717120095916,
  "Jf": 0.0004373640899572078,
  "BdotN": 0.004238577110626531,
  "lengths": [
    37.630295891551725,
    36.00151021647196,
    36.24950315301559,
    35.88805234712886,
    37.148368284656904
  ],
  "length": 182.91772989282504,
  "max_curvatures": [
    1.8271223102826681,
    0.8537811465204084,
    4.627076499124846,
    4.149233936632781,
    2.4981656790678985
  ],
  "max_max_curvature": 4.627076499124846,
  "coil_coil_distance": 0.7726507311570069,
  "cc_threshold": 0.7733437013331526,
  "cc_weight": 3.4280738416724197,
  "gradient_norm": 0.01818880458690216,
  "linking_number": 0,
  "directory": "ncoils_5_order_6_R1_4.3_length_target_3.7e+01_weight_1.1_max_curvature_3.4_weight_1.3e-05_msc_3.1_weight_5.7e-06_cc_0.77_weight_3.4",
  "mean_squared_curvatures": [
    0.18866433320759912,
    0.11796193435906005,
    0.34754622928820994,
    0.29556519519019153,
    0.20350445413942297
  ],
  "max_mean_squared_curvature": 0.34754622928820994,
  "message": "STOP: TOTAL NO. of ITERATIONS REACHED LIMIT",
  "success": false,
  "iterations": 700,
  "function_evaluations": 786,
  "coil_currents": [
    9998019.248164034,
    10037019.845657986,
    9772855.350943152,
    9726383.91256838,
    9047136.360755533
  ],
  "coil_surface_distance": 1.3586633378881667
}