{
  "nfp": 4,
  "ncoils": 6,
  "R0": 11.34443056562854,
  "R1": 4.82789262508514,
  "order": 12,
  "nphi": 32,
  "ntheta": 32,
  "length_target": 40.16439817442617,
  "length_weight": 0.8713688027566029,
  "max_curvature_threshold": 1.921254824821781,
  "max_curvature_weight": 1.8946880676577865e-05,
  "msc_threshold": 2.510131873322452,
  "msc_weight": 6.052720150784045e-06,
  "JF": 0.013673278565757724,
  "Jf": 0.012785955806444442,
  "BdotN": 0.017570002552582138,
  "lengths": [
    35.5394143232767,
    41.567177721642814,
    34.00586813948084,
    35.673660281482725,
    43.51850505839573,
    50.68360148131785
  ],
  "length": 240.98822700559666,
  "max_curvatures": [
    17.081460873765117,
    13.346185972151844,
    3.7956615687681783,
    7.27558794458928,
    7.691214958367171,
    15.989819559645086
  ],
  "max_max_curvature": 17.081460873765117,
  "coil_coil_distance": 1.0160209732819576,
  "cc_threshold": 1.01656475073776,
  "cc_weight": 485.2689683010673,
  "gradient_norm": 0.30265353468523637,
  "linking_number": 0,
  "directory": "ncoils_6_order_12_R1_4.8_length_target_4e+01_weight_0.87_max_curvature_1.9_weight_1.9e-05_msc_2.5_weight_6.1e-06_cc_1.0_weight_4.9e+02",
  "mean_squared_curvatures": [
    1.0090151965641736,
    1.3900598169499874,
    0.3907875828614174,
    1.0971600954656806,
    1.3991426437338301,
    1.8239770364703023
  ],
  "max_mean_squared_curvature": 1.8239770364703023,
  "message": "STOP: TOTAL NO. of ITERATIONS REACHED LIMIT",
  "success": false,
  "iterations": 700,
  "function_evaluations": 1009,
  "coil_currents": [
    7931077.365632313,
    8086474.341362441,
    7717163.583861986,
    7919543.753459377,
    8189233.450729589,
    8737922.223043375
  ],
  "coil_surface_distance": 0.10147481848916566
}