{
  "nfp": 4,
  "R0": 11.34443056562854,
  "R1": 4.699703479611989,
  "ncoils": 6,
  "order": 9,
  "nphi": 32,
  "ntheta": 32,
  "length_target": 38.916628323434594,
  "length_weight": 0.07489599486953082,
  "max_curvature_threshold": 2.991749996480439,
  "max_curvature_weight": 2.9508225640200093e-06,
  "msc_threshold": 3.0385542693136327,
  "msc_weight": 1.7871641746294925e-06,
  "JF": 4.001140540572641,
  "Jf": 0.001114316729677721,
  "BdotN": 0.006388643363181786,
  "lengths": [
    42.406475241709146,
    40.43339189245582,
    36.81595496541783,
    35.298281235969,
    36.56314700357632,
    41.98273791250528
  ],
  "length": 233.4999882516334,
  "max_curvatures": [
    4.30159873323498,
    5.283851942171898,
    10.112103427885929,
    4.91790389191957,
    2.9850864272874946,
    3.576519324633114
  ],
  "max_max_curvature": 10.112103427885929,
  "coil_coil_distance": 1.0143401825262575,
  "cc_threshold": 1.0236672625914691,
  "cc_weight": 0.4195719415557214,
  "gradient_norm": 0.002369714695430401,
  "linking_number": 4,
  "directory": "ncoils_6_order_9_R1_4.7_length_target_3.9e+01_weight_0.075_max_curvature_3.0_weight_3e-06_msc_3.0_weight_1.8e-06_cc_1.0_weight_0.42",
  "mean_squared_curvatures": [
    0.6979405457007015,
    0.7791333324233233,
    0.9281873934789261,
    0.6119734988434566,
    0.28872227081109825,
    0.5440884189634592
  ],
  "max_mean_squared_curvature": 0.9281873934789261,
  "message": "STOP: TOTAL NO. of ITERATIONS REACHED LIMIT",
  "success": false,
  "iterations": 700,
  "function_evaluations": 742,
  "coil_currents": [
    10025242.710816005,
    8680628.483891604,
    7513025.0891799275,
    8312331.854671681,
    6994036.090086049,
    7056150.489443816
  ],
  "coil_surface_distance": 1.122208768339854
}