{
  "nfp": 4,
  "R0": 11.34443056562854,
  "R1": 4.567009278981442,
  "ncoils": 6,
  "order": 14,
  "nphi": 32,
  "ntheta": 32,
  "length_target": 45.6664192051219,
  "length_weight": 2.936750616356196,
  "max_curvature_threshold": 6.21118383527962,
  "max_curvature_weight": 0.009698464731471833,
  "msc_threshold": 1.459834050958157,
  "msc_weight": 2.443314384986485e-07,
  "JF": 0.002738727268187034,
  "Jf": 0.0027355864496562046,
  "BdotN": 0.00846550530016406,
  "lengths": [
    44.14389751016365,
    46.759150745258474,
    46.21269948867339,
    43.38186225265087,
    48.96153976833998,
    44.538196106336414
  ],
  "length": 273.9973458714228,
  "max_curvatures": [
    4.150030423124479,
    6.035889645705613,
    6.13786976275333,
    6.193541723007507,
    6.072401379837435,
    5.797939195242717
  ],
  "max_max_curvature": 6.193541723007507,
  "coil_coil_distance": 0.7000525240520971,
  "cc_threshold": 0.7002836557792895,
  "cc_weight": 497.59067225889476,
  "gradient_norm": 0.1742236113544285,
  "linking_number": 0,
  "directory": "ncoils_6_order_14_R1_4.6_length_target_4.6e+01_weight_2.9_max_curvature_6.2_weight_0.0097_msc_1.5_weight_2.4e-07_cc_0.7_weight_5e+02",
  "mean_squared_curvatures": [
    0.62876307498322,
    0.9705276503337338,
    1.142488040114242,
    0.8890119310590247,
    0.8691009386784267,
    0.9742060444427497
  ],
  "max_mean_squared_curvature": 1.142488040114242,
  "message": "STOP: TOTAL NO. of ITERATIONS REACHED LIMIT",
  "success": false,
  "iterations": 700,
  "function_evaluations": 986,
  "coil_currents": [
    7827472.152754728,
    7884558.684820983,
    7921352.529454911,
    7935274.862519631,
    7948682.998881209,
    9064073.489657626
  ],
  "coil_surface_distance": 1.1299334198115711
}