{
  "nfp": 4,
  "R0": 11.34443056562854,
  "R1": 4.585460157358294,
  "ncoils": 4,
  "order": 11,
  "nphi": 32,
  "ntheta": 32,
  "length_target": 37.03303081877888,
  "length_weight": 80.46769913976306,
  "max_curvature_threshold": 5.996417051987596,
  "max_curvature_weight": 8.650797078367482e-06,
  "msc_threshold": 4.56196173687334,
  "msc_weight": 2.733912059350045e-06,
  "JF": 0.004656950711606055,
  "Jf": 0.004613576865847384,
  "BdotN": 0.010432825204339502,
  "lengths": [
    37.89027165339455,
    38.543742110199744,
    36.54959567255912,
    35.14843604826712
  ],
  "length": 148.13204548442053,
  "max_curvatures": [
    9.131501138640708,
    9.260777513286722,
    5.230667761305535,
    8.35837471217256
  ],
  "max_max_curvature": 9.260777513286722,
  "coil_coil_distance": 0.9422379045682707,
  "cc_threshold": 0.950052987690043,
  "cc_weight": 2.7177509901692116,
  "gradient_norm": 0.14033416767807574,
  "linking_number": 0,
  "directory": "ncoils_4_order_11_R1_4.6_length_target_3.7e+01_weight_8e+01_max_curvature_6.0_weight_8.7e-06_msc_4.6_weight_2.7e-06_cc_0.95_weight_2.7",
  "mean_squared_curvatures": [
    0.8573249638861804,
    0.7085293758478536,
    0.41715692465195914,
    0.6543859083046122
  ],
  "max_mean_squared_curvature": 0.8573249638861804,
  "message": "STOP: TOTAL NO. of ITERATIONS REACHED LIMIT",
  "success": false,
  "iterations": 700,
  "function_evaluations": 860,
  "coil_currents": [
    12172392.183928907,
    12095480.267510386,
    12106649.293362077,
    12206892.973287709
  ],
  "coil_surface_distance": 1.3150045991781023
}