{
  "nfp": 4,
  "R0": 11.34443056562854,
  "R1": 4.826738415253374,
  "ncoils": 4,
  "order": 7,
  "nphi": 32,
  "ntheta": 32,
  "length_target": 35.200329760418384,
  "length_weight": 15.216396470937687,
  "max_curvature_threshold": 5.149875210490503,
  "max_curvature_weight": 3.823681269971617e-05,
  "msc_threshold": 1.9197011607917305,
  "msc_weight": 1.3661242408895808e-05,
  "JF": 0.00163693244272744,
  "Jf": 0.0016364596319489771,
  "BdotN": 0.007026870309649902,
  "lengths": [
    37.372055806913295,
    35.335724666842594,
    34.414950090414585,
    33.678584232130376
  ],
  "length": 140.80131479630086,
  "max_curvatures": [
    0.9956164795614086,
    0.9296218538416747,
    5.604480579182517,
    4.178522871658572
  ],
  "max_max_curvature": 5.604480579182517,
  "coil_coil_distance": 0.8536125924714595,
  "cc_threshold": 0.8536613148464609,
  "cc_weight": 100.75389934638338,
  "gradient_norm": 0.01061849184703367,
  "linking_number": 0,
  "directory": "ncoils_4_order_7_R1_4.8_length_target_3.5e+01_weight_1.5e+01_max_curvature_5.1_weight_3.8e-05_msc_1.9_weight_1.4e-05_cc_0.85_weight_1e+02",
  "mean_squared_curvatures": [
    0.10306560307900066,
    0.11206607490869701,
    0.3219849304353494,
    0.2825618612890063
  ],
  "max_mean_squared_curvature": 0.3219849304353494,
  "message": "STOP: TOTAL NO. of ITERATIONS REACHED LIMIT",
  "success": false,
  "iterations": 700,
  "function_evaluations": 836,
  "coil_currents": [
    12171486.837186951,
    12178922.989461139,
    12157738.799345106,
    12073266.09209589
  ],
  "coil_surface_distance": 1.376778593698926
}