{
  "nfp": 4,
  "ncoils": 6,
  "R0": 11.34443056562854,
  "R1": 4.5252931813099675,
  "order": 7,
  "nphi": 32,
  "ntheta": 32,
  "length_target": 38.51585983093913,
  "length_weight": 1.0008531044466145,
  "max_curvature_threshold": 2.3885623513478382,
  "max_curvature_weight": 2.8582504386826266e-06,
  "msc_threshold": 1.599222887532083,
  "msc_weight": 4.906543205920318e-07,
  "JF": 0.0001700744991004857,
  "Jf": 0.000169934367517879,
  "BdotN": 0.004658650137571383,
  "lengths": [
    38.75617428294382,
    38.48304114588163,
    37.57833989910154,
    39.23027283273108,
    37.42246854859482,
    39.624975941975116
  ],
  "length": 231.09527265122802,
  "max_curvatures": [
    1.7458491831868488,
    2.5297580041203713,
    3.0473614790302896,
    1.679241342925569,
    2.623597966519513,
    1.642116113274951
  ],
  "max_max_curvature": 3.0473614790302896,
  "coil_coil_distance": 0.5484436882254423,
  "cc_threshold": 0.5488822167864248,
  "cc_weight": 0.27911033086388093,
  "gradient_norm": 0.002636696154149487,
  "linking_number": 0,
  "directory": "ncoils_6_order_7_R1_4.5_length_target_3.9e+01_weight_1.0_max_curvature_2.4_weight_2.9e-06_msc_1.6_weight_4.9e-07_cc_0.55_weight_0.28",
  "mean_squared_curvatures": [
    0.15935139641744606,
    0.19539682341370132,
    0.25598324489388424,
    0.21270333239560152,
    0.23498247699476707,
    0.18475529145884667
  ],
  "max_mean_squared_curvature": 0.25598324489388424,
  "message": "STOP: TOTAL NO. of ITERATIONS REACHED LIMIT",
  "success": false,
  "iterations": 700,
  "function_evaluations": 780,
  "coil_currents": [
    8160141.624071281,
    8121004.732291242,
    8041989.335706481,
    8184583.379135596,
    8083016.254371893,
    7990679.392512582
  ],
  "coil_surface_distance": 1.3659512831940428
}