{
  "nfp": 4,
  "ncoils": 6,
  "R0": 11.34443056562854,
  "R1": 4.6445936269148556,
  "order": 10,
  "nphi": 32,
  "ntheta": 32,
  "length_target": 43.40685238706621,
  "length_weight": 0.2403973148616403,
  "max_curvature_threshold": 1.2603457594918144,
  "max_curvature_weight": 8.354399020416025e-05,
  "msc_threshold": 4.164953328289057,
  "msc_weight": 4.341664008342953e-06,
  "JF": 0.012075366817907192,
  "Jf": 0.0090865036650856,
  "BdotN": 0.015489026178263577,
  "lengths": [
    41.595501053304524,
    41.4642176566089,
    39.23590709020987,
    39.99590440440997,
    42.31572847019095,
    55.83616809116853
  ],
  "length": 260.44342676589275,
  "max_curvatures": [
    4.706354725727794,
    6.4974355762515215,
    4.819636046118067,
    6.027569699088104,
    2.802005620210433,
    7.959743793639838
  ],
  "max_max_curvature": 7.959743793639838,
  "coil_coil_distance": 0.9309568124170144,
  "cc_threshold": 0.930976360769227,
  "cc_weight": 867.0852933041745,
  "gradient_norm": 0.10567788237322147,
  "linking_number": 0,
  "directory": "ncoils_6_order_10_R1_4.6_length_target_4.3e+01_weight_0.24_max_curvature_1.3_weight_8.4e-05_msc_4.2_weight_4.3e-06_cc_0.93_weight_8.7e+02",
  "mean_squared_curvatures": [
    1.332032086965603,
    1.293424312992324,
    0.9558220617882384,
    0.9252387849579489,
    0.48412110362013017,
    1.2060495835704919
  ],
  "max_mean_squared_curvature": 1.332032086965603,
  "message": "STOP: TOTAL NO. of ITERATIONS REACHED LIMIT",
  "success": false,
  "iterations": 700,
  "function_evaluations": 1523,
  "coil_currents": [
    7788012.488116912,
    7949981.292181681,
    7705406.206014772,
    7943166.261079149,
    7875526.745771002,
    9319321.72492557
  ],
  "coil_surface_distance": 1.0558260938839081
}