{
  "nfp": 4,
  "R0": 11.34443056562854,
  "R1": 4.581074242489758,
  "ncoils": 5,
  "order": 8,
  "nphi": 32,
  "ntheta": 32,
  "length_target": 40.95761871770779,
  "length_weight": 3.9137951389791836,
  "max_curvature_threshold": 1.0599607829677078,
  "max_curvature_weight": 0.009504546115621276,
  "msc_threshold": 1.0820394796691564,
  "msc_weight": 2.285501381627657e-05,
  "JF": 0.004254968005444252,
  "Jf": 0.004241931669325562,
  "BdotN": 0.013383159609836773,
  "lengths": [
    40.99725089001146,
    41.674359295986164,
    41.734996708044676,
    40.823264896815644,
    39.558855187556176
  ],
  "length": 204.7887269784141,
  "max_curvatures": [
    1.0749397807791714,
    1.1054806576062584,
    1.0206397361708606,
    1.0970646277205287,
    1.1304469669830355
  ],
  "max_max_curvature": 1.1304469669830355,
  "coil_coil_distance": 1.0811969339392677,
  "cc_threshold": 1.0820614095443217,
  "cc_weight": 9.418599693951103,
  "gradient_norm": 0.057760371700753634,
  "linking_number": 0,
  "directory": "ncoils_5_order_8_R1_4.6_length_target_4.1e+01_weight_3.9_max_curvature_1.1_weight_0.0095_msc_1.1_weight_2.3e-05_cc_1.1_weight_9.4",
  "mean_squared_curvatures": [
    0.14421423937722502,
    0.14212914859861037,
    0.13962442643230988,
    0.20541268935278162,
    0.18959125198557114
  ],
  "max_mean_squared_curvature": 0.20541268935278162,
  "message": "STOP: TOTAL NO. of ITERATIONS REACHED LIMIT",
  "success": false,
  "iterations": 700,
  "function_evaluations": 789,
  "coil_currents": [
    9718776.492309753,
    9625627.723955907,
    9564860.25037319,
    9572085.603111528,
    10100064.648338705
  ],
  "coil_surface_distance": 1.160997151894165
}