{
  "nfp": 4,
  "R0": 11.34443056562854,
  "R1": 4.45926871112985,
  "ncoils": 5,
  "order": 12,
  "nphi": 32,
  "ntheta": 32,
  "length_target": 31.88430696385595,
  "length_weight": 28.64606024237593,
  "max_curvature_threshold": 2.7045169109970235,
  "max_curvature_weight": 4.864239005912472e-05,
  "msc_threshold": 0.7571778740112608,
  "msc_weight": 1.1550664722039002e-05,
  "JF": 0.008713000108436024,
  "Jf": 0.008422362453541927,
  "BdotN": 0.015067866959329707,
  "lengths": [
    31.214067794760428,
    31.436360962747607,
    33.07263444549076,
    33.23252056631906,
    30.46619541471089
  ],
  "length": 159.42177918402874,
  "max_curvatures": [
    3.5717136082471734,
    5.6240773184764015,
    9.336330428587527,
    6.180876333367801,
    6.742222980903575
  ],
  "max_max_curvature": 9.336330428587527,
  "coil_coil_distance": 1.1016799276400868,
  "cc_threshold": 1.1028523476429757,
  "cc_weight": 358.93716199547606,
  "gradient_norm": 0.23896974928131476,
  "linking_number": 0,
  "directory": "ncoils_5_order_12_R1_4.5_length_target_3.2e+01_weight_2.9e+01_max_curvature_2.7_weight_4.9e-05_msc_0.76_weight_1.2e-05_cc_1.1_weight_3.6e+02",
  "mean_squared_curvatures": [
    0.4823513613369228,
    0.6027696590762598,
    0.9373552996882436,
    1.215239763919747,
    1.1309810241016156
  ],
  "max_mean_squared_curvature": 1.215239763919747,
  "message": "STOP: TOTAL NO. of ITERATIONS REACHED LIMIT",
  "success": false,
  "iterations": 700,
  "function_evaluations": 864,
  "coil_currents": [
    9623108.930393105,
    9682315.26513489,
    9730532.294554599,
    9799085.0035132,
    9746373.224493288
  ],
  "coil_surface_distance": 0.9663517165762343
}