{
  "nfp": 4,
  "R0": 11.34443056562854,
  "R1": 4.942932173711197,
  "ncoils": 4,
  "order": 9,
  "nphi": 32,
  "ntheta": 32,
  "length_target": 44.068871640943364,
  "length_weight": 0.16122123050609824,
  "max_curvature_threshold": 0.786540032895999,
  "max_curvature_weight": 2.729169874218283e-06,
  "msc_threshold": 1.6903683156608253,
  "msc_weight": 2.99838347010737e-06,
  "JF": 0.001034217756337659,
  "Jf": 0.000988864478571489,
  "BdotN": 0.006507582474947585,
  "lengths": [
    43.36015942734994,
    43.36250564341715,
    44.71784655170354,
    44.835577344693775
  ],
  "length": 176.2760889671644,
  "max_curvatures": [
    3.159539223682397,
    6.503225085978073,
    5.699310332871717,
    12.803198129725242
  ],
  "max_max_curvature": 12.803198129725242,
  "coil_coil_distance": 0.701986602529215,
  "cc_threshold": 0.7038936479423905,
  "cc_weight": 0.47377401497432686,
  "gradient_norm": 3.6354162574612854,
  "linking_number": 0,
  "directory": "ncoils_4_order_9_R1_4.9_length_target_4.4e+01_weight_0.16_max_curvature_0.79_weight_2.7e-06_msc_1.7_weight_3e-06_cc_0.7_weight_0.47",
  "mean_squared_curvatures": [
    0.2498174968061352,
    0.35156456954001686,
    0.43059730734620966,
    0.649727586947185
  ],
  "max_mean_squared_curvature": 0.649727586947185,
  "message": "CONVERGENCE: REL_REDUCTION_OF_F_<=_FACTR*EPSMCH",
  "success": true,
  "iterations": 305,
  "function_evaluations": 359,
  "coil_currents": [
    12222710.292867173,
    12095768.84063984,
    12088998.332737738,
    12173937.251844332
  ],
  "coil_surface_distance": 1.4419904116204176
}