{
  "nfp": 4,
  "R0": 11.34443056562854,
  "R1": 4.337114175026158,
  "ncoils": 6,
  "order": 5,
  "nphi": 32,
  "ntheta": 32,
  "length_target": 31.348282228954027,
  "length_weight": 0.8609600955915053,
  "max_curvature_threshold": 4.504734200804013,
  "max_curvature_weight": 0.0012638843424626841,
  "msc_threshold": 3.0937846081840616,
  "msc_weight": 3.9085078803105015e-05,
  "JF": 0.00027011529681338,
  "Jf": 0.0002701046009791344,
  "BdotN": 0.004717519436893614,
  "lengths": [
    33.792692117681746,
    33.656869684838355,
    31.304226491928876,
    30.55613759420162,
    30.161977794057243,
    28.617851968499906
  ],
  "length": 188.08975565120772,
  "max_curvatures": [
    1.2799822676942965,
    1.7601895318138852,
    2.0525837417126476,
    2.5808701763874287,
    1.1909874314818476,
    3.38967796203294
  ],
  "max_max_curvature": 3.38967796203294,
  "coil_coil_distance": 0.64499484957314,
  "cc_threshold": 0.6451014531536262,
  "cc_weight": 3.579033933769899,
  "gradient_norm": 0.0012091925640114473,
  "linking_number": 0,
  "directory": "ncoils_6_order_5_R1_4.3_length_target_3.1e+01_weight_0.86_max_curvature_4.5_weight_0.0013_msc_3.1_weight_3.9e-05_cc_0.65_weight_3.6",
  "mean_squared_curvatures": [
    0.1329307537352554,
    0.17717640396344123,
    0.17882157125348322,
    0.20128833866181098,
    0.1557977850152117,
    0.2861193149210321
  ],
  "max_mean_squared_curvature": 0.2861193149210321,
  "message": "STOP: TOTAL NO. of ITERATIONS REACHED LIMIT",
  "success": false,
  "iterations": 700,
  "function_evaluations": 761,
  "coil_currents": [
    8207271.956464309,
    8198974.965296504,
    8258139.756364802,
    8132301.193942452,
    8093610.2087198375,
    7691116.637301184
  ],
  "coil_surface_distance": 1.2148590215255215
}