{
  "nfp": 4,
  "R0": 11.34443056562854,
  "R1": 4.865840861935253,
  "ncoils": 4,
  "order": 11,
  "nphi": 32,
  "ntheta": 32,
  "length_target": 42.81804826574523,
  "length_weight": 80.54730246264987,
  "max_curvature_threshold": 6.19688079545077,
  "max_curvature_weight": 1.3488728351278968e-06,
  "msc_threshold": 5.357494378868294,
  "msc_weight": 2.28213509692557e-06,
  "JF": 0.017629933557680992,
  "Jf": 0.0158366671515503,
  "BdotN": 0.02022649763394681,
  "lengths": [
    43.54673083452066,
    44.745702608785265,
    40.59365849607647,
    42.38645125850422
  ],
  "length": 171.27254319788662,
  "max_curvatures": [
    10.052014586073952,
    4.8566050188539975,
    32.933971290461166,
    47.33596915500192
  ],
  "max_max_curvature": 47.33596915500192,
  "coil_coil_distance": 1.067589622310007,
  "cc_threshold": 1.179667337865009,
  "cc_weight": 0.07959315301653591,
  "gradient_norm": 0.8667951995561026,
  "linking_number": 0,
  "directory": "ncoils_4_order_11_R1_4.9_length_target_4.3e+01_weight_8.1e+01_max_curvature_6.2_weight_1.3e-06_msc_5.4_weight_2.3e-06_cc_1.2_weight_0.08",
  "mean_squared_curvatures": [
    1.1022118353546173,
    0.5001694402826531,
    1.9040575471307186,
    3.404561666626809
  ],
  "max_mean_squared_curvature": 3.404561666626809,
  "message": "STOP: TOTAL NO. of ITERATIONS REACHED LIMIT",
  "success": false,
  "iterations": 700,
  "function_evaluations": 879,
  "coil_currents": [
    12215705.192584982,
    12138288.879832907,
    12165686.524235873,
    12061734.121435322
  ],
  "coil_surface_distance": 1.145359167421924
}