{
  "nfp": 4,
  "R0": 11.34443056562854,
  "R1": 4.9259340914263525,
  "ncoils": 5,
  "order": 13,
  "nphi": 32,
  "ntheta": 32,
  "length_target": 44.99376112974767,
  "length_weight": 2.369682538882419,
  "max_curvature_threshold": 3.263657902806273,
  "max_curvature_weight": 0.0011176871544832261,
  "msc_threshold": 5.134575298217437,
  "msc_weight": 7.738923986665029e-06,
  "JF": 0.0010422767965363447,
  "Jf": 0.0009749401665541966,
  "BdotN": 0.005959050664677489,
  "lengths": [
    45.7471269112928,
    46.745698827960865,
    43.63134528528608,
    41.65106843831406,
    47.19352293032654
  ],
  "length": 224.96876239318036,
  "max_curvatures": [
    3.31015268124222,
    3.3064795141721555,
    3.3973519742365546,
    3.309803194902962,
    3.332546121100641
  ],
  "max_max_curvature": 3.3973519742365546,
  "coil_coil_distance": 0.8509579875860002,
  "cc_threshold": 0.9066432266020071,
  "cc_weight": 0.026056160881248906,
  "gradient_norm": 0.004946973892469604,
  "linking_number": 0,
  "directory": "ncoils_5_order_13_R1_4.9_length_target_4.5e+01_weight_2.4_max_curvature_3.3_weight_0.0011_msc_5.1_weight_7.7e-06_cc_0.91_weight_0.026",
  "mean_squared_curvatures": [
    0.5578080982492467,
    0.5653659808083373,
    0.610691125993766,
    0.49943009441023806,
    0.6839512518299143
  ],
  "max_mean_squared_curvature": 0.6839512518299143,
  "message": "STOP: TOTAL NO. of ITERATIONS REACHED LIMIT",
  "success": false,
  "iterations": 700,
  "function_evaluations": 799,
  "coil_currents": [
    9669582.080203447,
    9666533.106003651,
    9498233.20717203,
    9618410.857581567,
    10128655.467128389
  ],
  "coil_surface_distance": 1.2410969425387206
}