{
  "nfp": 4,
  "R0": 11.34443056562854,
  "R1": 4.635080803635361,
  "ncoils": 3,
  "order": 11,
  "nphi": 32,
  "ntheta": 32,
  "length_target": 30.369118046933217,
  "length_weight": 0.11893652527689258,
  "max_curvature_threshold": 5.165646484211334,
  "max_curvature_weight": 5.854504827762201e-05,
  "msc_threshold": 3.149533110885152,
  "msc_weight": 3.590046660403135e-07,
  "JF": 0.10053545912207078,
  "Jf": 0.09973931903877485,
  "BdotN": 0.05229875765245863,
  "lengths": [
    31.432006963791775,
    30.098938492448063,
    29.691985449780283
  ],
  "length": 91.22293090602011,
  "max_curvatures": [
    4.730591897737141,
    8.329286132408818,
    2.7677402399475084
  ],
  "max_max_curvature": 8.329286132408818,
  "coil_coil_distance": 0.9481632005279176,
  "cc_threshold": 0.8319747306514442,
  "cc_weight": 0.6453565444582242,
  "gradient_norm": 0.054143307643130786,
  "linking_number": 0,
  "directory": "ncoils_3_order_11_R1_4.6_length_target_3e+01_weight_0.12_max_curvature_5.2_weight_5.9e-05_msc_3.1_weight_3.6e-07_cc_0.83_weight_0.65",
  "mean_squared_curvatures": [
    0.10514061191854045,
    0.14395752263977155,
    0.2277900885041045
  ],
  "max_mean_squared_curvature": 0.2277900885041045,
  "message": "CONVERGENCE: REL_REDUCTION_OF_F_<=_FACTR*EPSMCH",
  "success": true,
  "iterations": 209,
  "function_evaluations": 408,
  "coil_currents": [
    16203901.47658869,
    16209247.600359581,
    16168265.641140811
  ],
  "coil_surface_distance": 1.36681758105338
}