{
  "nfp": 4,
  "R0": 11.34443056562854,
  "R1": 4.363000318222034,
  "ncoils": 4,
  "order": 11,
  "nphi": 32,
  "ntheta": 32,
  "length_target": 29.102978415560347,
  "length_weight": 5.3883675336092125,
  "max_curvature_threshold": 0.26996513825589274,
  "max_curvature_weight": 2.1056216954055067e-06,
  "msc_threshold": 6.828488606012657,
  "msc_weight": 1.6570299133691734e-07,
  "JF": 0.018147035584041266,
  "Jf": 0.018112776001908682,
  "BdotN": 0.019248965120601955,
  "lengths": [
    30.610368803249145,
    29.479817078423977,
    28.366394651645113,
    27.955691539818222
  ],
  "length": 116.41227207313645,
  "max_curvatures": [
    6.856138051616822,
    17.944619384221077,
    28.219888291580745,
    5.878393342192495
  ],
  "max_max_curvature": 28.219888291580745,
  "coil_coil_distance": 1.1644273778773486,
  "cc_threshold": 1.165219602574857,
  "cc_weight": 143.39873105020516,
  "gradient_norm": 0.6205186400262047,
  "linking_number": 0,
  "directory": "ncoils_4_order_11_R1_4.4_length_target_2.9e+01_weight_5.4_max_curvature_0.27_weight_2.1e-06_msc_6.8_weight_1.7e-07_cc_1.2_weight_1.4e+02",
  "mean_squared_curvatures": [
    0.22000950326737675,
    0.29289496939598164,
    0.4891855742142559,
    0.317088112124615
  ],
  "max_mean_squared_curvature": 0.4891855742142559,
  "message": "CONVERGENCE: REL_REDUCTION_OF_F_<=_FACTR*EPSMCH",
  "success": true,
  "iterations": 426,
  "function_evaluations": 504,
  "coil_currents": [
    12339990.398439424,
    12256721.162566733,
    12183558.198666178,
    11801144.958416745
  ],
  "coil_surface_distance": 1.1484490317147964
}