{
  "nfp": 4,
  "R0": 11.34443056562854,
  "R1": 4.938633870023271,
  "ncoils": 6,
  "order": 7,
  "nphi": 32,
  "ntheta": 32,
  "length_target": 35.31228675121433,
  "length_weight": 0.15912031041771912,
  "max_curvature_threshold": 7.030488593437537,
  "max_curvature_weight": 9.223898396766302e-06,
  "msc_threshold": 1.5488725795858538,
  "msc_weight": 3.881708988288868e-06,
  "JF": 0.007783330124961431,
  "Jf": 0.007743983537510237,
  "BdotN": 0.01622334245177397,
  "lengths": [
    37.44532273497961,
    43.675158795411576,
    33.00478445806851,
    32.87146552513237,
    31.410853024301574,
    33.47015801332106
  ],
  "length": 211.87774255121468,
  "max_curvatures": [
    5.240928509374734,
    7.880272544798233,
    11.046366592577932,
    7.185988063538614,
    3.3576921545313567,
    7.028132107485341
  ],
  "max_max_curvature": 11.046366592577932,
  "coil_coil_distance": 1.1497532522597953,
  "cc_threshold": 1.1527248703489401,
  "cc_weight": 11.596888808676123,
  "gradient_norm": 0.057461704334139385,
  "linking_number": 0,
  "directory": "ncoils_6_order_7_R1_4.9_length_target_3.5e+01_weight_0.16_max_curvature_7.0_weight_9.2e-06_msc_1.5_weight_3.9e-06_cc_1.2_weight_1.2e+01",
  "mean_squared_curvatures": [
    0.6178138834789122,
    1.5198340102019958,
    2.7509990222507614,
    1.414356250787286,
    0.32758712692366626,
    1.0081187760964843
  ],
  "max_mean_squared_curvature": 2.7509990222507614,
  "message": "STOP: TOTAL NO. of ITERATIONS REACHED LIMIT",
  "success": false,
  "iterations": 700,
  "function_evaluations": 795,
  "coil_currents": [
    10287498.775304709,
    9991316.360243563,
    6548451.345928308,
    8000995.154249077,
    7444517.465814091,
    6308635.616549335
  ],
  "coil_surface_distance": 0.8821392202663609
}