{
  "nfp": 4,
  "ncoils": 6,
  "R0": 11.34443056562854,
  "R1": 4.320554469776649,
  "order": 8,
  "nphi": 32,
  "ntheta": 32,
  "length_target": 43.85986292025896,
  "length_weight": 4.933406504212205,
  "max_curvature_threshold": 4.907847297128402,
  "max_curvature_weight": 4.247795143157974e-05,
  "msc_threshold": 0.7435241504203032,
  "msc_weight": 1.7213699996165815e-05,
  "JF": 0.007412742234644547,
  "Jf": 0.007367528649495912,
  "BdotN": 0.015277134083871725,
  "lengths": [
    40.6325844037788,
    45.298015519524,
    41.563757388459585,
    40.415516783288076,
    41.71822480701556,
    53.531421538212896
  ],
  "length": 263.1595204402789,
  "max_curvatures": [
    5.009532859198951,
    3.635571940221659,
    4.387080480438794,
    5.848355107434429,
    5.542507880943985,
    7.193493682142962
  ],
  "max_max_curvature": 7.193493682142962,
  "coil_coil_distance": 1.0937831485744045,
  "cc_threshold": 1.0961806918584922,
  "cc_weight": 13.199806604235139,
  "gradient_norm": 0.0641611535507741,
  "linking_number": 0,
  "directory": "ncoils_6_order_8_R1_4.3_length_target_4.4e+01_weight_4.9_max_curvature_4.9_weight_4.2e-05_msc_0.74_weight_1.7e-05_cc_1.1_weight_1.3e+01",
  "mean_squared_curvatures": [
    0.7145707042225257,
    0.4686185945843758,
    0.6550967712952162,
    1.2543246374597479,
    0.5737586057838759,
    1.4109591142994056
  ],
  "max_mean_squared_curvature": 1.4109591142994056,
  "message": "STOP: TOTAL NO. of ITERATIONS REACHED LIMIT",
  "success": false,
  "iterations": 700,
  "function_evaluations": 802,
  "coil_currents": [
    7825954.1392896315,
    7503918.669008751,
    7962706.080714271,
    8031952.324676858,
    7795383.249393836,
    9461500.255005732
  ],
  "coil_surface_distance": 0.9783776986388746
}