{
  "nfp": 4,
  "R0": 11.34443056562854,
  "R1": 4.826166502984533,
  "ncoils": 3,
  "order": 14,
  "nphi": 32,
  "ntheta": 32,
  "length_target": 41.79340396492721,
  "length_weight": 8.393870054819496,
  "max_curvature_threshold": 0.9084924197650132,
  "max_curvature_weight": 9.495667513088799e-05,
  "msc_threshold": 1.8593802883909691,
  "msc_weight": 1.9085407724885878e-05,
  "JF": 0.0046031444598226695,
  "Jf": 0.004148009522334541,
  "BdotN": 0.011609946866752662,
  "lengths": [
    42.004477263871145,
    42.06284954513142,
    41.313943615606846
  ],
  "length": 125.38127042460941,
  "max_curvatures": [
    1.3820931192010892,
    3.6569862105811985,
    2.7649996344772774
  ],
  "max_max_curvature": 3.6569862105811985,
  "coil_coil_distance": 0.8948522241276406,
  "cc_threshold": 0.8948162887028444,
  "cc_weight": 3899.89505338162,
  "gradient_norm": 0.23091060494140309,
  "linking_number": 0,
  "directory": "ncoils_3_order_14_R1_4.8_length_target_4.2e+01_weight_8.4_max_curvature_0.91_weight_9.5e-05_msc_1.9_weight_1.9e-05_cc_0.89_weight_3.9e+03",
  "mean_squared_curvatures": [
    0.14393052544516288,
    0.6618520401505115,
    0.37413272189816693
  ],
  "max_mean_squared_curvature": 0.6618520401505115,
  "message": "STOP: TOTAL NO. of ITERATIONS REACHED LIMIT",
  "success": false,
  "iterations": 700,
  "function_evaluations": 1230,
  "coil_currents": [
    16260598.626846747,
    16239171.22418853,
    16081644.867053803
  ],
  "coil_surface_distance": 1.3591098674178006
}