{
  "nfp": 4,
  "R0": 11.34443056562854,
  "R1": 4.19336858754078,
  "ncoils": 5,
  "order": 11,
  "nphi": 32,
  "ntheta": 32,
  "length_target": 45.29839077197511,
  "length_weight": 3.9871687801877314,
  "max_curvature_threshold": 5.689454034022423,
  "max_curvature_weight": 4.469919024652949e-05,
  "msc_threshold": 7.7030373646665575,
  "msc_weight": 1.0164080236727357e-06,
  "JF": 0.0006036001180668412,
  "Jf": 0.0005972365677052633,
  "BdotN": 0.005010986630088592,
  "lengths": [
    44.48613106119315,
    46.42467801473687,
    45.11133619878698,
    43.789617715311614,
    46.68057182702673
  ],
  "length": 226.49233481705534,
  "max_curvatures": [
    4.531074912757722,
    4.855831170876254,
    6.386099677706469,
    4.707187361097998,
    6.896254093623297
  ],
  "max_max_curvature": 6.896254093623297,
  "coil_coil_distance": 0.64341110503981,
  "cc_threshold": 0.6499551055345562,
  "cc_weight": 0.22485891400710734,
  "gradient_norm": 0.05619374983347941,
  "linking_number": 0,
  "directory": "ncoils_5_order_11_R1_4.2_length_target_4.5e+01_weight_4.0_max_curvature_5.7_weight_4.5e-05_msc_7.7_weight_1e-06_cc_0.65_weight_0.22",
  "mean_squared_curvatures": [
    0.592071043002103,
    0.7450219399327425,
    1.0918323237468903,
    0.7788947767525142,
    0.9671290481823159
  ],
  "max_mean_squared_curvature": 1.0918323237468903,
  "message": "STOP: TOTAL NO. of ITERATIONS REACHED LIMIT",
  "success": false,
  "iterations": 700,
  "function_evaluations": 796,
  "coil_currents": [
    9654237.014397591,
    9538699.116692044,
    9626646.682020461,
    9596644.233910637,
    10165187.671068348
  ],
  "coil_surface_distance": 1.3429848195840084
}