{
  "nfp": 4,
  "R0": 11.34443056562854,
  "R1": 4.272829851409213,
  "ncoils": 4,
  "order": 11,
  "nphi": 32,
  "ntheta": 32,
  "length_target": 40.48306477583244,
  "length_weight": 0.764136196329424,
  "max_curvature_threshold": 1.1070362437865022,
  "max_curvature_weight": 0.0026250894333585463,
  "msc_threshold": 7.75810545857535,
  "msc_weight": 2.6590712217936997e-06,
  "JF": 0.00024043099249030397,
  "Jf": 0.00023943333388136182,
  "BdotN": 0.004636465342975925,
  "lengths": [
    42.24876348234488,
    39.1686252572187,
    40.28458155996047,
    40.23060205488239
  ],
  "length": 161.93257235440643,
  "max_curvatures": [
    1.1271178051621884,
    1.0542215306626885,
    1.1165809577732755,
    1.1235396920009753
  ],
  "max_max_curvature": 1.1271178051621884,
  "coil_coil_distance": 0.6262198450270218,
  "cc_threshold": 0.633514532155803,
  "cc_weight": 0.20844221186594916,
  "gradient_norm": 0.005586382450120607,
  "linking_number": 0,
  "directory": "ncoils_4_order_11_R1_4.3_length_target_4e+01_weight_0.76_max_curvature_1.1_weight_0.0026_msc_7.8_weight_2.7e-06_cc_0.63_weight_0.21",
  "mean_squared_curvatures": [
    0.23546826544245025,
    0.1544258764394425,
    0.26045941462998917,
    0.21296301063745354
  ],
  "max_mean_squared_curvature": 0.26045941462998917,
  "message": "STOP: TOTAL NO. of ITERATIONS REACHED LIMIT",
  "success": false,
  "iterations": 700,
  "function_evaluations": 795,
  "coil_currents": [
    12112632.012245014,
    12058068.193207484,
    12131041.695797218,
    12279672.816839367
  ],
  "coil_surface_distance": 1.486209794186784
}