{
  "nfp": 4,
  "R0": 11.34443056562854,
  "R1": 4.898895129807302,
  "ncoils": 5,
  "order": 7,
  "nphi": 32,
  "ntheta": 32,
  "length_target": 30.04355516878408,
  "length_weight": 0.1310856354009494,
  "max_curvature_threshold": 6.280117776478823,
  "max_curvature_weight": 3.6175853228515495e-05,
  "msc_threshold": 6.317346320079647,
  "msc_weight": 1.5255962328764426e-07,
  "JF": 0.0008884034241483936,
  "Jf": 0.0008881789522408628,
  "BdotN": 0.005227267612062871,
  "lengths": [
    31.89980655287818,
    30.976277558920163,
    30.051757796485646,
    29.394055889319194,
    27.897466522335108
  ],
  "length": 150.21936431993828,
  "max_curvatures": [
    7.229373271277192,
    6.469457270352063,
    6.184205395827934,
    1.7263580412103183,
    3.022631450948893
  ],
  "max_max_curvature": 7.229373271277192,
  "coil_coil_distance": 0.5807598988404761,
  "cc_threshold": 0.580851119019424,
  "cc_weight": 68.78033252220919,
  "gradient_norm": 0.47225450303598326,
  "linking_number": 0,
  "directory": "ncoils_5_order_7_R1_4.9_length_target_3e+01_weight_0.13_max_curvature_6.3_weight_3.6e-05_msc_6.3_weight_1.5e-07_cc_0.58_weight_6.9e+01",
  "mean_squared_curvatures": [
    0.13846128883038755,
    0.19561837374380206,
    0.3973249202284231,
    0.2604624466699654,
    0.3390245764393692
  ],
  "max_mean_squared_curvature": 0.3973249202284231,
  "message": "CONVERGENCE: REL_REDUCTION_OF_F_<=_FACTR*EPSMCH",
  "success": true,
  "iterations": 453,
  "function_evaluations": 603,
  "coil_currents": [
    10177862.737429315,
    10049162.647506755,
    9920717.052960733,
    10011479.791228667,
    8422192.488963611
  ],
  "coil_surface_distance": 1.2763299229029137
}