{
  "nfp": 4,
  "ncoils": 6,
  "R0": 11.34443056562854,
  "R1": 4.5266027487709355,
  "order": 8,
  "nphi": 32,
  "ntheta": 32,
  "length_target": 37.37913591913354,
  "length_weight": 1.1014372021431051,
  "max_curvature_threshold": 2.497533451716135,
  "max_curvature_weight": 1.2052692785273223e-05,
  "msc_threshold": 4.807555549943979,
  "msc_weight": 1.451979168093366e-06,
  "JF": 0.0019927928723298014,
  "Jf": 0.001567826620601005,
  "BdotN": 0.009219898780458537,
  "lengths": [
    35.12183232750921,
    36.01417265211553,
    34.431554460999934,
    36.76894781235823,
    38.909209006033656,
    43.02900469469972
  ],
  "length": 224.27472095371627,
  "max_curvatures": [
    10.779674458137329,
    15.145058972478989,
    5.014764049601637,
    5.31297501066198,
    8.845878845225505,
    12.08593484127948
  ],
  "max_max_curvature": 15.145058972478989,
  "coil_coil_distance": 0.6955788507492342,
  "cc_threshold": 0.6955846972289416,
  "cc_weight": 2560.78748390414,
  "gradient_norm": 0.02559545831377463,
  "linking_number": 0,
  "directory": "ncoils_6_order_8_R1_4.5_length_target_3.7e+01_weight_1.1_max_curvature_2.5_weight_1.2e-05_msc_4.8_weight_1.5e-06_cc_0.7_weight_2.6e+03",
  "mean_squared_curvatures": [
    1.4839713331421742,
    1.581976718599803,
    0.6564150676647103,
    1.0716548798504064,
    1.413442544340177,
    1.200863969161443
  ],
  "max_mean_squared_curvature": 1.581976718599803,
  "message": "STOP: TOTAL NO. of ITERATIONS REACHED LIMIT",
  "success": false,
  "iterations": 700,
  "function_evaluations": 1568,
  "coil_currents": [
    7985101.141285463,
    8018028.80888253,
    8029178.081640957,
    7984701.386530073,
    8023297.61744164,
    8541107.68230842
  ],
  "coil_surface_distance": 0.6959190609765867
}