{
  "nfp": 4,
  "ncoils": 6,
  "R0": 11.34443056562854,
  "R1": 4.685048716228069,
  "order": 15,
  "nphi": 32,
  "ntheta": 32,
  "length_target": 36.20333173957484,
  "length_weight": 0.31023539786277726,
  "max_curvature_threshold": 2.9129024186517767,
  "max_curvature_weight": 3.3681372925105616e-07,
  "msc_threshold": 2.384442016622585,
  "msc_weight": 5.375134459161725e-07,
  "JF": 0.0010688774262492865,
  "Jf": 0.0010420737088115395,
  "BdotN": 0.006188248490666309,
  "lengths": [
    36.287557270600495,
    33.960256572261464,
    35.0602823674313,
    34.10234474513065,
    37.849253246814655,
    39.96088796127899
  ],
  "length": 217.22058216351755,
  "max_curvatures": [
    29.305804482025856,
    10.632917425051048,
    9.334976571858393,
    12.156028509856288,
    14.876670955044716,
    18.354597400841435
  ],
  "max_max_curvature": 29.305804482025856,
  "coil_coil_distance": 0.9606503917096654,
  "cc_threshold": 0.9641641823982574,
  "cc_weight": 3.60269745397104,
  "gradient_norm": 0.00943045895148222,
  "linking_number": 0,
  "directory": "ncoils_6_order_15_R1_4.7_length_target_3.6e+01_weight_0.31_max_curvature_2.9_weight_3.4e-07_msc_2.4_weight_5.4e-07_cc_0.96_weight_3.6",
  "mean_squared_curvatures": [
    3.741474768314158,
    1.0704765966835799,
    0.921355115091257,
    0.8828089119145037,
    1.9834742825394145,
    1.5623893189129845
  ],
  "max_mean_squared_curvature": 3.741474768314158,
  "message": "STOP: TOTAL NO. of ITERATIONS REACHED LIMIT",
  "success": false,
  "iterations": 500,
  "function_evaluations": 534,
  "coil_currents": [
    8151594.466772281,
    8031442.968715769,
    7982029.683365718,
    7784118.345081634,
    8002967.219304293,
    8629262.034849383
  ],
  "coil_surface_distance": 0.7099386181652942
}