{
  "nfp": 4,
  "R0": 11.34443056562854,
  "R1": 4.953713989675548,
  "ncoils": 4,
  "order": 5,
  "nphi": 32,
  "ntheta": 32,
  "length_target": 28.673757907768778,
  "length_weight": 2.320065988601795,
  "max_curvature_threshold": 2.637856647325227,
  "max_curvature_weight": 0.006202521771328501,
  "msc_threshold": 5.519767364538123,
  "msc_weight": 5.7173794615919765e-06,
  "JF": 0.0172810248589738,
  "Jf": 0.01724338696499105,
  "BdotN": 0.02181509736201185,
  "lengths": [
    33.44995176991079,
    30.96275614205057,
    27.973466118415406,
    22.309965722158275
  ],
  "length": 114.69613975253503,
  "max_curvatures": [
    2.652079276385988,
    2.470571910126943,
    2.67476367776654,
    2.6990920726990115
  ],
  "max_max_curvature": 2.6990920726990115,
  "coil_coil_distance": 1.0912658667793664,
  "cc_threshold": 1.0964385958766194,
  "cc_weight": 1.519679742902049,
  "gradient_norm": 0.010003489148896661,
  "linking_number": 0,
  "directory": "ncoils_4_order_5_R1_5.0_length_target_2.9e+01_weight_2.3_max_curvature_2.6_weight_0.0062_msc_5.5_weight_5.7e-06_cc_1.1_weight_1.5",
  "mean_squared_curvatures": [
    0.13776256361869793,
    0.12488164714199029,
    0.20700916271716002,
    0.3177549101084686
  ],
  "max_mean_squared_curvature": 0.3177549101084686,
  "message": "STOP: TOTAL NO. of ITERATIONS REACHED LIMIT",
  "success": false,
  "iterations": 700,
  "function_evaluations": 859,
  "coil_currents": [
    15088140.100338716,
    14513251.951217657,
    13085584.115125364,
    5894438.551407345
  ],
  "coil_surface_distance": 0.8875766537217672
}