{
  "nfp": 4,
  "R0": 11.34443056562854,
  "R1": 4.284828267323073,
  "ncoils": 5,
  "order": 9,
  "nphi": 32,
  "ntheta": 32,
  "length_target": 30.023451971263324,
  "length_weight": 1.4049929188016879,
  "max_curvature_threshold": 6.820280073993711,
  "max_curvature_weight": 5.6580498169290555e-06,
  "msc_threshold": 4.952632529091596,
  "msc_weight": 5.451694351966073e-07,
  "JF": 0.0006608071607090777,
  "Jf": 0.0006606886767467427,
  "BdotN": 0.0048601366080179825,
  "lengths": [
    31.870304364340374,
    30.88338823173746,
    29.710618270713262,
    29.203057870157608,
    28.4501063014689
  ],
  "length": 150.1174750384176,
  "max_curvatures": [
    11.09954677833812,
    6.96242163808096,
    6.827482450024649,
    4.044607518003775,
    6.9866284776184795
  ],
  "max_max_curvature": 11.09954677833812,
  "coil_coil_distance": 0.6788091271425174,
  "cc_threshold": 0.6791719024704037,
  "cc_weight": 1.361870283284823,
  "gradient_norm": 0.5016069047708756,
  "linking_number": 0,
  "directory": "ncoils_5_order_9_R1_4.3_length_target_3e+01_weight_1.4_max_curvature_6.8_weight_5.7e-06_msc_5.0_weight_5.5e-07_cc_0.68_weight_1.4",
  "mean_squared_curvatures": [
    0.18335588743160186,
    0.2428992961581893,
    0.22971468164248499,
    0.31801405989528925,
    0.5629370164722123
  ],
  "max_mean_squared_curvature": 0.5629370164722123,
  "message": "CONVERGENCE: REL_REDUCTION_OF_F_<=_FACTR*EPSMCH",
  "success": true,
  "iterations": 605,
  "function_evaluations": 687,
  "coil_currents": [
    9930938.25641217,
    9834141.319168666,
    9740358.639394825,
    9701466.037848847,
    9374510.465264574
  ],
  "coil_surface_distance": 1.33423442458956
}