{
  "nfp": 4,
  "R0": 11.34443056562854,
  "R1": 4.204821769600125,
  "ncoils": 6,
  "order": 7,
  "nphi": 32,
  "ntheta": 32,
  "length_target": 41.50239689322769,
  "length_weight": 0.02937640526291922,
  "max_curvature_threshold": 4.353117166060231,
  "max_curvature_weight": 5.91344496474338e-06,
  "msc_threshold": 3.2444191442105392,
  "msc_weight": 1.3125309214234157e-05,
  "JF": 0.25725776524339183,
  "Jf": 0.25551915216888665,
  "BdotN": 0.1370189871787506,
  "lengths": [
    45.89089939347029,
    55.13862629856328,
    31.590556911463857,
    45.44120553926287,
    44.89530742372224,
    26.096603207000026
  ],
  "length": 249.05319877348256,
  "max_curvatures": [
    3.1695668807760766,
    28.477677763568142,
    49.39934338598279,
    30.607537123510188,
    22.155688393266317,
    25.107517392269017
  ],
  "max_max_curvature": 49.39934338598279,
  "coil_coil_distance": 1.1783878072625098,
  "cc_threshold": 1.1816027387830212,
  "cc_weight": 108.88300247271654,
  "gradient_norm": 0.5412802844946757,
  "linking_number": 0,
  "directory": "ncoils_6_order_7_R1_4.2_length_target_4.2e+01_weight_0.029_max_curvature_4.4_weight_5.9e-06_msc_3.2_weight_1.3e-05_cc_1.2_weight_1.1e+02",
  "mean_squared_curvatures": [
    0.3981394432007652,
    1.7428648924819765,
    8.663053502424525,
    3.1863538695794045,
    1.9616383243374749,
    6.697796332130446
  ],
  "max_mean_squared_curvature": 8.663053502424525,
  "message": "STOP: TOTAL NO. of ITERATIONS REACHED LIMIT",
  "success": false,
  "iterations": 700,
  "function_evaluations": 848,
  "coil_currents": [
    7912430.726196626,
    9032897.781989418,
    6715190.828776485,
    8230085.627810087,
    9845297.068447368,
    6845512.684869096
  ],
  "coil_surface_distance": 0.03645671884817732
}