{
  "nfp": 4,
  "R0": 11.34443056562854,
  "R1": 4.164617714000436,
  "ncoils": 5,
  "order": 6,
  "nphi": 32,
  "ntheta": 32,
  "length_target": 33.530885171070736,
  "length_weight": 1.029231653706151,
  "max_curvature_threshold": 1.6146610667339898,
  "max_curvature_weight": 0.0037652284870010274,
  "msc_threshold": 2.7666165689458344,
  "msc_weight": 2.9572238298421354e-05,
  "JF": 0.0011366337634322653,
  "Jf": 0.0011352570409837999,
  "BdotN": 0.006345092865565998,
  "lengths": [
    34.8200411723139,
    33.154984155639944,
    32.66921151951834,
    33.402839867852165,
    33.60700750541027
  ],
  "length": 167.65408422073463,
  "max_curvatures": [
    1.6272059134325334,
    1.6203151787645185,
    1.585266470441615,
    1.138770873090128,
    1.6777456993272997
  ],
  "max_max_curvature": 1.6777456993272997,
  "coil_coil_distance": 0.8754951721308885,
  "cc_threshold": 0.8755356225111023,
  "cc_weight": 324.7442383526919,
  "gradient_norm": 0.012960944798305396,
  "linking_number": 0,
  "directory": "ncoils_5_order_6_R1_4.2_length_target_3.4e+01_weight_1.0_max_curvature_1.6_weight_0.0038_msc_2.8_weight_3e-05_cc_0.88_weight_3.2e+02",
  "mean_squared_curvatures": [
    0.1684472645662738,
    0.171683160103247,
    0.17745759238159384,
    0.20313741106944405,
    0.2889895845457527
  ],
  "max_mean_squared_curvature": 0.2889895845457527,
  "message": "STOP: TOTAL NO. of ITERATIONS REACHED LIMIT",
  "success": false,
  "iterations": 700,
  "function_evaluations": 1003,
  "coil_currents": [
    10259763.091320679,
    10322356.253946163,
    10189573.025636971,
    9973878.923157763,
    7835843.42402751
  ],
  "coil_surface_distance": 1.2338984504341441
}