{
  "nfp": 4,
  "R0": 11.34443056562854,
  "R1": 4.100787657658179,
  "ncoils": 5,
  "order": 10,
  "nphi": 32,
  "ntheta": 32,
  "length_target": 35.158400851437634,
  "length_weight": 0.05614490099469874,
  "max_curvature_threshold": 7.943445166816495,
  "max_curvature_weight": 0.002395180349066484,
  "msc_threshold": 3.158636405706289,
  "msc_weight": 5.132907435492499e-07,
  "JF": 0.0034956245022226685,
  "Jf": 0.002864872235891682,
  "BdotN": 0.011341062286414664,
  "lengths": [
    37.54707444429723,
    35.542038412391456,
    35.39986772590327,
    34.215993148985824,
    33.09018162077492
  ],
  "length": 175.7951553523527,
  "max_curvatures": [
    6.790196646810789,
    7.960403577356307,
    7.959864461510229,
    7.852892940495157,
    7.96897596658213
  ],
  "max_max_curvature": 7.96897596658213,
  "coil_coil_distance": 1.0775497682498005,
  "cc_threshold": 1.1788120197039715,
  "cc_weight": 0.033274241901256524,
  "gradient_norm": 0.005252040629509406,
  "linking_number": 0,
  "directory": "ncoils_5_order_10_R1_4.1_length_target_3.5e+01_weight_0.056_max_curvature_7.9_weight_0.0024_msc_3.2_weight_5.1e-07_cc_1.2_weight_0.033",
  "mean_squared_curvatures": [
    0.38041185000212313,
    0.887724624209392,
    0.7871730100411622,
    0.9420415303878293,
    2.126561585500985
  ],
  "max_mean_squared_curvature": 2.126561585500985,
  "message": "STOP: TOTAL NO. of ITERATIONS REACHED LIMIT",
  "success": false,
  "iterations": 700,
  "function_evaluations": 929,
  "coil_currents": [
    11849223.73888417,
    9269765.145222012,
    10436279.58580587,
    9368799.732621616,
    7657346.515555412
  ],
  "coil_surface_distance": 0.9302345073322282
}