{
  "nfp": 4,
  "R0": 11.34443056562854,
  "R1": 4.6966956542891545,
  "ncoils": 6,
  "order": 10,
  "nphi": 32,
  "ntheta": 32,
  "length_target": 37.50413858963822,
  "length_weight": 0.11007529212923799,
  "max_curvature_threshold": 0.7770158239124887,
  "max_curvature_weight": 7.189354967824916e-05,
  "msc_threshold": 6.579781640092678,
  "msc_weight": 2.304069755030149e-05,
  "JF": 0.00015032432740845012,
  "Jf": 0.00014806277567028987,
  "BdotN": 0.004378197994303212,
  "lengths": [
    37.8919533268263,
    37.546676968355136,
    35.52033750263475,
    35.18457994071793,
    37.59464390363301,
    41.28657063542825
  ],
  "length": 225.02476227759536,
  "max_curvatures": [
    0.8140259024957899,
    0.783400839772647,
    0.8299891064400053,
    0.9052422258108995,
    0.8562593029873925,
    0.8223786586122982
  ],
  "max_max_curvature": 0.9052422258108995,
  "coil_coil_distance": 0.6883928189788916,
  "cc_threshold": 0.7127855803789069,
  "cc_weight": 0.017411282316939877,
  "gradient_norm": 0.00034491038218049345,
  "linking_number": 0,
  "directory": "ncoils_6_order_10_R1_4.7_length_target_3.8e+01_weight_0.11_max_curvature_0.78_weight_7.2e-05_msc_6.6_weight_2.3e-05_cc_0.71_weight_0.017",
  "mean_squared_curvatures": [
    0.1357457261720315,
    0.12368116198631864,
    0.17070125141567716,
    0.18015409395283885,
    0.18953875780131163,
    0.16063769448022996
  ],
  "max_mean_squared_curvature": 0.18953875780131163,
  "message": "STOP: TOTAL NO. of ITERATIONS REACHED LIMIT",
  "success": false,
  "iterations": 700,
  "function_evaluations": 726,
  "coil_currents": [
    8067212.389773161,
    7968055.550858504,
    7864306.472380537,
    7973955.523168973,
    8002821.186188949,
    8705063.595718957
  ],
  "coil_surface_distance": 1.2659053298982463
}