{
  "nfp": 4,
  "R0": 11.34443056562854,
  "R1": 4.8271754321383895,
  "ncoils": 5,
  "order": 11,
  "nphi": 32,
  "ntheta": 32,
  "length_target": 41.46697204153123,
  "length_weight": 8.652792119191048,
  "max_curvature_threshold": 0.7654816151914737,
  "max_curvature_weight": 1.1244927230560477e-06,
  "msc_threshold": 3.424223606247138,
  "msc_weight": 3.782287429156254e-07,
  "JF": 0.0006348417834774207,
  "Jf": 0.0006023151810188026,
  "BdotN": 0.006012508893789757,
  "lengths": [
    43.287668698269044,
    42.50616445341603,
    41.83569218998572,
    39.31300042119396,
    40.39238182615043
  ],
  "length": 207.3349075890152,
  "max_curvatures": [
    11.66142860248193,
    3.826196710844385,
    5.65926446444225,
    5.730610512263446,
    7.057522996052746
  ],
  "max_max_curvature": 11.66142860248193,
  "coil_coil_distance": 0.524448064189818,
  "cc_threshold": 0.5282385246590484,
  "cc_weight": 0.16661757849763706,
  "gradient_norm": 0.011076982113578196,
  "linking_number": 0,
  "directory": "ncoils_5_order_11_R1_4.8_length_target_4.1e+01_weight_8.7_max_curvature_0.77_weight_1.1e-06_msc_3.4_weight_3.8e-07_cc_0.53_weight_0.17",
  "mean_squared_curvatures": [
    1.034130309213414,
    0.28005800603841374,
    0.5978127722350908,
    0.4161066059706103,
    0.5767276795878663
  ],
  "max_mean_squared_curvature": 1.034130309213414,
  "message": "STOP: TOTAL NO. of ITERATIONS REACHED LIMIT",
  "success": false,
  "iterations": 700,
  "function_evaluations": 836,
  "coil_currents": [
    9702456.940943187,
    9639833.092832075,
    9648250.653664006,
    9655521.077356566,
    9935352.953293242
  ],
  "coil_surface_distance": 1.371877775409842
}