{
  "nfp": 4,
  "R0": 11.34443056562854,
  "R1": 4.593278332638595,
  "ncoils": 5,
  "order": 12,
  "nphi": 32,
  "ntheta": 32,
  "length_target": 31.15670621189065,
  "length_weight": 95.6534965581407,
  "max_curvature_threshold": 2.7979312349619128,
  "max_curvature_weight": 0.0021791741858760007,
  "msc_threshold": 1.411297650036626,
  "msc_weight": 9.022295309597116e-07,
  "JF": 0.0013950819890322366,
  "Jf": 0.0013944875635535732,
  "BdotN": 0.008802182801449461,
  "lengths": [
    33.35412613275465,
    32.38727672487768,
    31.202772212697713,
    29.75593263300871,
    29.083502046695912
  ],
  "length": 155.78360975003466,
  "max_curvatures": [
    2.0114362708640283,
    1.6374786755804396,
    2.543802498358747,
    2.8355468252307903,
    2.539022447587249
  ],
  "max_max_curvature": 2.8355468252307903,
  "coil_coil_distance": 0.6370072557462623,
  "cc_threshold": 0.6382571766152286,
  "cc_weight": 4.509763080534013,
  "gradient_norm": 0.13253956008820134,
  "linking_number": 0,
  "directory": "ncoils_5_order_12_R1_4.6_length_target_3.1e+01_weight_9.6e+01_max_curvature_2.8_weight_0.0022_msc_1.4_weight_9e-07_cc_0.64_weight_4.5",
  "mean_squared_curvatures": [
    0.18033309034539358,
    0.16733694089765386,
    0.19186167150922923,
    0.27334458464059797,
    0.26228839416499933
  ],
  "max_mean_squared_curvature": 0.27334458464059797,
  "message": "STOP: TOTAL NO. of ITERATIONS REACHED LIMIT",
  "success": false,
  "iterations": 700,
  "function_evaluations": 868,
  "coil_currents": [
    9656309.589366259,
    9629265.08710048,
    9595923.962471394,
    9623917.5694392,
    10075998.509711742
  ],
  "coil_surface_distance": 1.3077591443218841
}