{
  "nfp": 4,
  "ncoils": 6,
  "R0": 11.34443056562854,
  "R1": 4.443886579644692,
  "order": 8,
  "nphi": 32,
  "ntheta": 32,
  "length_target": 32.26824551458574,
  "length_weight": 3.259908193600406,
  "max_curvature_threshold": 4.395550469189291,
  "max_curvature_weight": 1.019000275334077e-05,
  "msc_threshold": 2.4565951236023618,
  "msc_weight": 6.460416751471706e-06,
  "JF": 0.00020554213550802154,
  "Jf": 0.000205489803560515,
  "BdotN": 0.004123096807771799,
  "lengths": [
    33.81204797848772,
    33.30360993597024,
    32.611031317207015,
    32.07938268081346,
    30.858961363174846,
    30.944478488221723
  ],
  "length": 193.60951176387502,
  "max_curvatures": [
    1.0951923456507158,
    3.1596255501056203,
    3.421954750407588,
    1.9788774656450872,
    4.627966570555328,
    4.277403923307628
  ],
  "max_max_curvature": 4.627966570555328,
  "coil_coil_distance": 0.6278043170543487,
  "cc_threshold": 0.6278231454283838,
  "cc_weight": 387.3153958886782,
  "gradient_norm": 0.006743255894864182,
  "linking_number": 0,
  "directory": "ncoils_6_order_8_R1_4.4_length_target_3.2e+01_weight_3.3_max_curvature_4.4_weight_1e-05_msc_2.5_weight_6.5e-06_cc_0.63_weight_3.9e+02",
  "mean_squared_curvatures": [
    0.15131469128259445,
    0.17975037495170823,
    0.2665656223916298,
    0.2080189394606771,
    0.3743126480265203,
    0.5381710166703916
  ],
  "max_mean_squared_curvature": 0.5381710166703916,
  "message": "STOP: TOTAL NO. of ITERATIONS REACHED LIMIT",
  "success": false,
  "iterations": 700,
  "function_evaluations": 954,
  "coil_currents": [
    8144179.194172627,
    8152698.27982984,
    8084961.919289578,
    8005773.819070669,
    8079826.745328735,
    8113974.760397635
  ],
  "coil_surface_distance": 1.2561327481576559
}