{
  "nfp": 4,
  "R0": 11.34443056562854,
  "R1": 4.89707104424306,
  "ncoils": 6,
  "order": 9,
  "nphi": 32,
  "ntheta": 32,
  "length_target": 29.631153908798503,
  "length_weight": 0.33429504368977153,
  "max_curvature_threshold": 2.975982647593086,
  "max_curvature_weight": 0.006017055386387039,
  "msc_threshold": 4.561969007867749,
  "msc_weight": 1.7625023077308624e-05,
  "JF": 0.0024602646581964494,
  "Jf": 0.0024170047952465474,
  "BdotN": 0.010581916186915086,
  "lengths": [
    30.73294437680528,
    29.70001495668547,
    29.954045413936537,
    31.185182893148003,
    29.202155249234263,
    27.012447253641035
  ],
  "length": 177.7867901434506,
  "max_curvatures": [
    2.815607721410765,
    2.979048179775775,
    2.918794994183925,
    2.987820962259458,
    2.7214154634429697,
    2.9838875333220183
  ],
  "max_max_curvature": 2.987820962259458,
  "coil_coil_distance": 1.0354768955329852,
  "cc_threshold": 1.0462966745167375,
  "cc_weight": 1.0553953386193284,
  "gradient_norm": 0.0028639061274548026,
  "linking_number": 0,
  "directory": "ncoils_6_order_9_R1_4.9_length_target_3e+01_weight_0.33_max_curvature_3.0_weight_0.006_msc_4.6_weight_1.8e-05_cc_1.0_weight_1.1",
  "mean_squared_curvatures": [
    0.15744876929605361,
    0.27529493357857987,
    0.33845669554864105,
    0.42506033140561056,
    0.41858717398492185,
    0.487310139238213
  ],
  "max_mean_squared_curvature": 0.487310139238213,
  "message": "STOP: TOTAL NO. of ITERATIONS REACHED LIMIT",
  "success": false,
  "iterations": 700,
  "function_evaluations": 801,
  "coil_currents": [
    8642601.553934796,
    7955513.638394168,
    8349104.5238814205,
    7961208.841679223,
    8198289.188117308,
    7474696.972082168
  ],
  "coil_surface_distance": 0.8879402774009064
}