{
  "nfp": 4,
  "R0": 11.34443056562854,
  "R1": 4.12994655549968,
  "ncoils": 6,
  "order": 10,
  "nphi": 32,
  "ntheta": 32,
  "length_target": 31.965609779271162,
  "length_weight": 1.1661796709659564,
  "max_curvature_threshold": 2.8156229511243938,
  "max_curvature_weight": 0.0008309911954943106,
  "msc_threshold": 2.1492515756778734,
  "msc_weight": 1.2046452587216226e-07,
  "JF": 0.00022890347170000065,
  "Jf": 0.00022880953169711506,
  "BdotN": 0.004199984709644295,
  "lengths": [
    33.97079797659281,
    33.317441006952095,
    32.399435595287535,
    31.125871951909957,
    30.783635913543687,
    30.19644568710155
  ],
  "length": 191.79362813138766,
  "max_curvatures": [
    1.4868791860562192,
    2.3696932767030323,
    2.7944996252295713,
    1.1818795988238644,
    2.843006068398309,
    2.7431760055198255
  ],
  "max_max_curvature": 2.843006068398309,
  "coil_coil_distance": 0.7529923931695193,
  "cc_threshold": 0.7534387171416557,
  "cc_weight": 6.214092369339914,
  "gradient_norm": 0.0012969272416193407,
  "linking_number": 0,
  "directory": "ncoils_6_order_10_R1_4.1_length_target_3.2e+01_weight_1.2_max_curvature_2.8_weight_0.00083_msc_2.1_weight_1.2e-07_cc_0.75_weight_6.2",
  "mean_squared_curvatures": [
    0.14553047068518687,
    0.19693576952029546,
    0.2377344815784994,
    0.14756107861671672,
    0.3277349092812788,
    0.29919121866354426
  ],
  "max_mean_squared_curvature": 0.3277349092812788,
  "message": "STOP: TOTAL NO. of ITERATIONS REACHED LIMIT",
  "success": false,
  "iterations": 700,
  "function_evaluations": 746,
  "coil_currents": [
    8240317.755757971,
    8100288.40221012,
    7995272.690245692,
    7876252.299618357,
    7971246.996860715,
    8398036.573396228
  ],
  "coil_surface_distance": 1.2483767859604724
}