{
  "nfp": 4,
  "R0": 11.34443056562854,
  "R1": 4.396242794420654,
  "ncoils": 4,
  "order": 10,
  "nphi": 32,
  "ntheta": 32,
  "length_target": 28.655563656483938,
  "length_weight": 0.036880512832489325,
  "max_curvature_threshold": 2.106580946155728,
  "max_curvature_weight": 0.00017798209225454713,
  "msc_threshold": 5.536447690601609,
  "msc_weight": 8.058218193035349e-06,
  "JF": 0.01847087337355571,
  "Jf": 0.01803367044999181,
  "BdotN": 0.022722776368026106,
  "lengths": [
    30.232776884386215,
    29.09962581558076,
    27.938642195350184,
    27.415335028070487
  ],
  "length": 114.68637992338765,
  "max_curvatures": [
    5.171814849716624,
    3.816267528630937,
    3.213108045694082,
    1.992809469541714
  ],
  "max_max_curvature": 5.171814849716624,
  "coil_coil_distance": 1.0166754431116676,
  "cc_threshold": 1.1050062767936022,
  "cc_weight": 0.031141537998674185,
  "gradient_norm": 273.0970598001204,
  "linking_number": 0,
  "directory": "ncoils_4_order_10_R1_4.4_length_target_2.9e+01_weight_0.037_max_curvature_2.1_weight_0.00018_msc_5.5_weight_8.1e-06_cc_1.1_weight_0.031",
  "mean_squared_curvatures": [
    0.13938006219592125,
    0.16812311253265458,
    0.2045330742677844,
    0.26028583281727447
  ],
  "max_mean_squared_curvature": 0.26028583281727447,
  "message": "CONVERGENCE: REL_REDUCTION_OF_F_<=_FACTR*EPSMCH",
  "success": true,
  "iterations": 445,
  "function_evaluations": 772,
  "coil_currents": [
    12356705.448002888,
    12300595.658614224,
    12202604.747003056,
    11721508.86446891
  ],
  "coil_surface_distance": 1.2198430984073836
}