{
  "nfp": 4,
  "R0": 11.34443056562854,
  "R1": 4.981835400029924,
  "ncoils": 5,
  "order": 7,
  "nphi": 32,
  "ntheta": 32,
  "length_target": 35.03600895637689,
  "length_weight": 0.07823770693042266,
  "max_curvature_threshold": 6.767639182164991,
  "max_curvature_weight": 1.945066106333908e-05,
  "msc_threshold": 7.538229221556379,
  "msc_weight": 5.069640392927147e-05,
  "JF": 0.00031643935409047174,
  "Jf": 0.0003029729559137031,
  "BdotN": 0.004468813333230489,
  "lengths": [
    36.383547171438885,
    34.53837088947891,
    34.043021307862546,
    35.99180180557623,
    34.22394388192205
  ],
  "length": 175.18068505627863,
  "max_curvatures": [
    4.837290058458528,
    3.07767227437427,
    5.9158075631182685,
    4.450370248393208,
    6.522662056462983
  ],
  "max_max_curvature": 6.522662056462983,
  "coil_coil_distance": 0.8404466296920283,
  "cc_threshold": 0.875876474223516,
  "cc_weight": 0.01463139876717119,
  "gradient_norm": 0.0010210085906435335,
  "linking_number": 0,
  "directory": "ncoils_5_order_7_R1_5.0_length_target_3.5e+01_weight_0.078_max_curvature_6.8_weight_1.9e-05_msc_7.5_weight_5.1e-05_cc_0.88_weight_0.015",
  "mean_squared_curvatures": [
    0.5004840970883061,
    0.3080782261347309,
    0.4984841061386184,
    0.39274427988904076,
    0.7007006562538707
  ],
  "max_mean_squared_curvature": 0.7007006562538707,
  "message": "STOP: TOTAL NO. of ITERATIONS REACHED LIMIT",
  "success": false,
  "iterations": 700,
  "function_evaluations": 728,
  "coil_currents": [
    9708106.074992793,
    9325184.46007134,
    9653253.121119404,
    10455519.14492372,
    9439351.916981824
  ],
  "coil_surface_distance": 1.2604662484640248
}