{
  "nfp": 4,
  "ncoils": 6,
  "R0": 11.34443056562854,
  "R1": 4.359858687479199,
  "order": 11,
  "nphi": 32,
  "ntheta": 32,
  "length_target": 32.5869916471986,
  "length_weight": 0.8180175789501911,
  "max_curvature_threshold": 4.013580448484829,
  "max_curvature_weight": 2.5909892633372206e-05,
  "msc_threshold": 0.8697147156419718,
  "msc_weight": 7.612459219591988e-07,
  "JF": 0.0001716319189062973,
  "Jf": 0.00017151026077817438,
  "BdotN": 0.004204420498946814,
  "lengths": [
    34.32923219080168,
    33.734035776239914,
    32.294811402771586,
    32.39911997680039,
    32.1697892651513,
    30.595392028522653
  ],
  "length": 195.5223806402875,
  "max_curvatures": [
    4.108235961131427,
    3.1213866299420383,
    2.9393409937650405,
    4.1097397510075755,
    2.7804505496508263,
    3.217713249088366
  ],
  "max_max_curvature": 4.1097397510075755,
  "coil_coil_distance": 0.6631554431023003,
  "cc_threshold": 0.6634974176695867,
  "cc_weight": 2.4862512262053182,
  "gradient_norm": 0.007829643181435725,
  "linking_number": 0,
  "directory": "ncoils_6_order_11_R1_4.4_length_target_3.3e+01_weight_0.82_max_curvature_4.0_weight_2.6e-05_msc_0.87_weight_7.6e-07_cc_0.66_weight_2.5",
  "mean_squared_curvatures": [
    0.2673636769934095,
    0.23035956555628895,
    0.23119451398011903,
    0.3737433923301353,
    0.24777892814030622,
    0.35705763775012306
  ],
  "max_mean_squared_curvature": 0.3737433923301353,
  "message": "STOP: TOTAL NO. of ITERATIONS REACHED LIMIT",
  "success": false,
  "iterations": 700,
  "function_evaluations": 742,
  "coil_currents": [
    8252068.218091183,
    8186697.02994873,
    8073518.832140462,
    8018992.208046791,
    8015445.523894409,
    8034692.905967511
  ],
  "coil_surface_distance": 1.2633530924169079
}