{
  "nfp": 4,
  "R0": 11.34443056562854,
  "R1": 4.9601028427414136,
  "ncoils": 5,
  "order": 13,
  "nphi": 32,
  "ntheta": 32,
  "length_target": 42.849627419670455,
  "length_weight": 0.05267946849526282,
  "max_curvature_threshold": 1.0078757638436597,
  "max_curvature_weight": 2.454538299133565e-05,
  "msc_threshold": 1.5173721494498225,
  "msc_weight": 1.1308593407719462e-06,
  "JF": 0.0012652453109882112,
  "Jf": 0.0010899272308391224,
  "BdotN": 0.006969625780494771,
  "lengths": [
    36.689431513593696,
    37.471579313210775,
    36.41530425306189,
    45.83381642498946,
    57.83864643739428
  ],
  "length": 214.24877794225011,
  "max_curvatures": [
    2.0840233801077344,
    1.9858235138023335,
    1.0927763198777554,
    5.558900695876115,
    3.1854305405580625
  ],
  "max_max_curvature": 5.558900695876115,
  "coil_coil_distance": 0.9831047643994499,
  "cc_threshold": 0.9834365330290294,
  "cc_weight": 26.768065674044887,
  "gradient_norm": 0.012117245595689823,
  "linking_number": 0,
  "directory": "ncoils_5_order_13_R1_5.0_length_target_4.3e+01_weight_0.053_max_curvature_1.0_weight_2.5e-05_msc_1.5_weight_1.1e-06_cc_0.98_weight_2.7e+01",
  "mean_squared_curvatures": [
    0.3006406030371839,
    0.34202825929169084,
    0.19654854235540764,
    0.6099977350306077,
    0.8841893426315369
  ],
  "max_mean_squared_curvature": 0.8841893426315369,
  "message": "STOP: TOTAL NO. of ITERATIONS REACHED LIMIT",
  "success": false,
  "iterations": 700,
  "function_evaluations": 847,
  "coil_currents": [
    9529092.869402032,
    9473677.844016975,
    9408326.598040726,
    9466739.815969037,
    10703577.590660311
  ],
  "coil_surface_distance": 0.8341568111704932
}