{
  "nfp": 4,
  "R0": 11.34443056562854,
  "R1": 4.215724691152702,
  "ncoils": 3,
  "order": 10,
  "nphi": 32,
  "ntheta": 32,
  "length_target": 40.78991820405311,
  "length_weight": 0.20978744254234394,
  "max_curvature_threshold": 3.4965767261182044,
  "max_curvature_weight": 0.001955292285552279,
  "msc_threshold": 1.858048803172045,
  "msc_weight": 5.056099141885917e-07,
  "JF": 0.001948799448386994,
  "Jf": 0.001948218278229449,
  "BdotN": 0.008221939788035156,
  "lengths": [
    42.171701396603055,
    40.97173638914967,
    39.22835730094321
  ],
  "length": 122.37179508669593,
  "max_curvatures": [
    2.690570006983218,
    3.572177953990134,
    3.481927062966133
  ],
  "max_max_curvature": 3.572177953990134,
  "coil_coil_distance": 0.6998990616023069,
  "cc_threshold": 0.6999543405200094,
  "cc_weight": 299.8220589789554,
  "gradient_norm": 0.10674910732827203,
  "linking_number": 0,
  "directory": "ncoils_3_order_10_R1_4.2_length_target_4.1e+01_weight_0.21_max_curvature_3.5_weight_0.002_msc_1.9_weight_5.1e-07_cc_0.7_weight_3e+02",
  "mean_squared_curvatures": [
    0.15492190103289324,
    0.2698902517685924,
    0.4371533514481344
  ],
  "max_mean_squared_curvature": 0.4371533514481344,
  "message": "STOP: TOTAL NO. of ITERATIONS REACHED LIMIT",
  "success": false,
  "iterations": 700,
  "function_evaluations": 979,
  "coil_currents": [
    16335239.397039445,
    16397041.147217596,
    15849134.17383204
  ],
  "coil_surface_distance": 1.4884356831870156
}