{
  "nfp": 4,
  "R0": 11.34443056562854,
  "R1": 4.368558810700852,
  "ncoils": 6,
  "order": 14,
  "nphi": 32,
  "ntheta": 32,
  "length_target": 36.32739456568001,
  "length_weight": 36.71656069480132,
  "max_curvature_threshold": 5.812835133164591,
  "max_curvature_weight": 0.0001626392759964783,
  "msc_threshold": 0.991409413532929,
  "msc_weight": 7.565954256966995e-06,
  "JF": 0.0016940304671660892,
  "Jf": 0.0016898190322211717,
  "BdotN": 0.008863515745592403,
  "lengths": [
    37.18235201879086,
    36.549279551589116,
    36.192095107500926,
    36.65481697389342,
    34.874017281961926,
    36.51213654720381
  ],
  "length": 217.96469748094006,
  "max_curvatures": [
    5.930233633163102,
    3.035446165806046,
    6.0450527735388215,
    4.184201900207879,
    5.333092923268948,
    8.342285752132927
  ],
  "max_max_curvature": 8.342285752132927,
  "coil_coil_distance": 0.6034092000034632,
  "cc_threshold": 0.6036384690542909,
  "cc_weight": 98.2076509308874,
  "gradient_norm": 0.3137814930249751,
  "linking_number": 0,
  "directory": "ncoils_6_order_14_R1_4.4_length_target_3.6e+01_weight_3.7e+01_max_curvature_5.8_weight_0.00016_msc_0.99_weight_7.6e-06_cc_0.6_weight_9.8e+01",
  "mean_squared_curvatures": [
    0.48827596432394615,
    0.305690744780058,
    0.43044157547635437,
    0.4934508809980403,
    0.8043340136711602,
    0.4998751092520427
  ],
  "max_mean_squared_curvature": 0.8043340136711602,
  "message": "STOP: TOTAL NO. of ITERATIONS REACHED LIMIT",
  "success": false,
  "iterations": 700,
  "function_evaluations": 869,
  "coil_currents": [
    7977645.796854552,
    7978909.617172475,
    7934321.405662566,
    7859180.485232044,
    7957689.387098987,
    8873668.026068456
  ],
  "coil_surface_distance": 1.1611335163987508
}