{
  "nfp": 4,
  "R0": 11.34443056562854,
  "R1": 4.475079892077617,
  "ncoils": 4,
  "order": 13,
  "nphi": 32,
  "ntheta": 32,
  "length_target": 40.41340888965462,
  "length_weight": 0.010110510124880236,
  "max_curvature_threshold": 1.4730976124118509,
  "max_curvature_weight": 3.3972051115398656e-05,
  "msc_threshold": 5.093403597899418,
  "msc_weight": 3.959782183541703e-06,
  "JF": 0.00020686972212255074,
  "Jf": 0.00020558726865378332,
  "BdotN": 0.004500574446431325,
  "lengths": [
    40.697626037538214,
    38.90188865218522,
    38.58946569853968,
    43.46556071117762
  ],
  "length": 161.65454109944073,
  "max_curvatures": [
    1.6344716837944728,
    1.7277522981997224,
    1.5995440355320891,
    1.8628611472574044
  ],
  "max_max_curvature": 1.8628611472574044,
  "coil_coil_distance": 0.6556195233213941,
  "cc_threshold": 0.6561668879847126,
  "cc_weight": 5.751350598249779,
  "gradient_norm": 0.00044781327313965887,
  "linking_number": 0,
  "directory": "ncoils_4_order_13_R1_4.5_length_target_4e+01_weight_0.01_max_curvature_1.5_weight_3.4e-05_msc_5.1_weight_4e-06_cc_0.66_weight_5.8",
  "mean_squared_curvatures": [
    0.20387181112355507,
    0.31176799948708805,
    0.3058089486160558,
    0.4844995352227328
  ],
  "max_mean_squared_curvature": 0.4844995352227328,
  "message": "STOP: TOTAL NO. of ITERATIONS REACHED LIMIT",
  "success": false,
  "iterations": 700,
  "function_evaluations": 757,
  "coil_currents": [
    11885819.668302316,
    12007822.28389608,
    12065270.317934316,
    12622502.447956376
  ],
  "coil_surface_distance": 1.4652620059695076
}