{
  "nfp": 4,
  "R0": 11.34443056562854,
  "R1": 4.92757517665074,
  "ncoils": 4,
  "order": 6,
  "nphi": 32,
  "ntheta": 32,
  "length_target": 36.3405386810203,
  "length_weight": 4.111999595701758,
  "max_curvature_threshold": 1.2732939027231005,
  "max_curvature_weight": 2.056438399677806e-05,
  "msc_threshold": 2.5084052842973295,
  "msc_weight": 1.126687371570051e-06,
  "JF": 0.00121679433572801,
  "Jf": 0.0011618264242316731,
  "BdotN": 0.005638464330143268,
  "lengths": [
    38.28265500725423,
    36.72666271353348,
    35.09246280781731,
    35.260453352199285
  ],
  "length": 145.3622338808043,
  "max_curvatures": [
    1.2811716299440659,
    1.9825686120534958,
    5.8615349342413205,
    3.530983028081033
  ],
  "max_max_curvature": 5.8615349342413205,
  "coil_coil_distance": 0.7696335484176647,
  "cc_threshold": 0.7696366410321107,
  "cc_weight": 690.8500503467451,
  "gradient_norm": 0.006817951410892989,
  "linking_number": 0,
  "directory": "ncoils_4_order_6_R1_4.9_length_target_3.6e+01_weight_4.1_max_curvature_1.3_weight_2.1e-05_msc_2.5_weight_1.1e-06_cc_0.77_weight_6.9e+02",
  "mean_squared_curvatures": [
    0.12899433414750178,
    0.15246886452569922,
    0.2913138413431239,
    0.3191499589165443
  ],
  "max_mean_squared_curvature": 0.3191499589165443,
  "message": "STOP: TOTAL NO. of ITERATIONS REACHED LIMIT",
  "success": false,
  "iterations": 700,
  "function_evaluations": 1220,
  "coil_currents": [
    12281813.392267477,
    12076734.213712178,
    12185356.950669637,
    12037510.161439791
  ],
  "coil_surface_distance": 1.4391304791662853
}