{
  "nfp": 4,
  "R0": 11.34443056562854,
  "R1": 4.98776855210113,
  "ncoils": 4,
  "order": 15,
  "nphi": 32,
  "ntheta": 32,
  "length_target": 34.3699166072797,
  "length_weight": 9.63362155376374,
  "max_curvature_threshold": 7.340558676708047,
  "max_curvature_weight": 3.913536314662243e-06,
  "msc_threshold": 4.398190030416762,
  "msc_weight": 1.7405488632461523e-07,
  "JF": 0.003342803692625737,
  "Jf": 0.00301380645944267,
  "BdotN": 0.009169989742393476,
  "lengths": [
    35.68996989281145,
    34.975813370597784,
    33.92444044728914,
    32.88947697938297
  ],
  "length": 137.47970069008133,
  "max_curvatures": [
    5.609424253243622,
    4.840945847887808,
    7.352566961213722,
    9.123329048589802
  ],
  "max_max_curvature": 9.123329048589802,
  "coil_coil_distance": 1.045485738839281,
  "cc_threshold": 1.1064816043562629,
  "cc_weight": 0.04502252183371539,
  "gradient_norm": 0.0057629713426052345,
  "linking_number": 0,
  "directory": "ncoils_4_order_15_R1_5.0_length_target_3.4e+01_weight_9.6_max_curvature_7.3_weight_3.9e-06_msc_4.4_weight_1.7e-07_cc_1.1_weight_0.045",
  "mean_squared_curvatures": [
    0.2639417438551253,
    0.31203895204987725,
    0.6336285863815324,
    0.8813773601282118
  ],
  "max_mean_squared_curvature": 0.8813773601282118,
  "message": "STOP: TOTAL NO. of ITERATIONS REACHED LIMIT",
  "success": false,
  "iterations": 700,
  "function_evaluations": 801,
  "coil_currents": [
    12231707.51518175,
    12198910.914258394,
    12091663.531202883,
    12059132.757446058
  ],
  "coil_surface_distance": 1.1367495811040869
}