{
  "nfp": 4,
  "R0": 11.34443056562854,
  "R1": 4.469618579658393,
  "ncoils": 5,
  "order": 8,
  "nphi": 32,
  "ntheta": 32,
  "length_target": 35.969074381337734,
  "length_weight": 0.7941653183095085,
  "max_curvature_threshold": 7.648111757823486,
  "max_curvature_weight": 1.245137200731303e-06,
  "msc_threshold": 2.009106007699017,
  "msc_weight": 1.7127935101756794e-06,
  "JF": 0.000830257178325935,
  "Jf": 0.0008194269495421042,
  "BdotN": 0.004707798020461277,
  "lengths": [
    36.74120651503763,
    35.444644303228266,
    34.43667592708062,
    36.34066039158208,
    36.882219930839724
  ],
  "length": 179.8454070677683,
  "max_curvatures": [
    4.332658399645815,
    4.585977360632466,
    3.712174805590977,
    3.6894782329052473,
    6.9127417979093115
  ],
  "max_max_curvature": 6.9127417979093115,
  "coil_coil_distance": 0.9639937096877739,
  "cc_threshold": 0.9707124930569032,
  "cc_weight": 0.477617730783243,
  "gradient_norm": 0.0017476183602586374,
  "linking_number": 0,
  "directory": "ncoils_5_order_8_R1_4.5_length_target_3.6e+01_weight_0.79_max_curvature_7.6_weight_1.2e-06_msc_2.0_weight_1.7e-06_cc_0.97_weight_0.48",
  "mean_squared_curvatures": [
    0.3408953087368709,
    0.32060734757090203,
    0.3068800312299491,
    0.3681875797650591,
    0.4380373617776415
  ],
  "max_mean_squared_curvature": 0.4380373617776415,
  "message": "STOP: TOTAL NO. of ITERATIONS REACHED LIMIT",
  "success": false,
  "iterations": 700,
  "function_evaluations": 761,
  "coil_currents": [
    10031677.084817752,
    9592730.859305162,
    9561064.253652954,
    9822518.77467936,
    9573423.745633848
  ],
  "coil_surface_distance": 1.1993263945993409
}