{
  "nfp": 4,
  "R0": 11.34443056562854,
  "R1": 4.473589980355782,
  "ncoils": 5,
  "order": 13,
  "nphi": 32,
  "ntheta": 32,
  "length_target": 35.05509177978015,
  "length_weight": 0.7729147315595171,
  "max_curvature_threshold": 3.522509120820654,
  "max_curvature_weight": 1.5527739804021802e-06,
  "msc_threshold": 6.248436667498413,
  "msc_weight": 9.524445686127723e-07,
  "JF": 0.0006333754539908224,
  "Jf": 0.0006046073856951293,
  "BdotN": 0.004871011417950332,
  "lengths": [
    36.26283520521745,
    34.10852925735268,
    34.53017685841968,
    35.19074265551135,
    35.18409508091601
  ],
  "length": 175.27637905741716,
  "max_curvatures": [
    7.388962895358171,
    4.861894311010383,
    11.548266998158674,
    12.558545361057469,
    9.129807839904501
  ],
  "max_max_curvature": 12.558545361057469,
  "coil_coil_distance": 0.6237157257863459,
  "cc_threshold": 0.6237075168910308,
  "cc_weight": 4924.317592051645,
  "gradient_norm": 0.03039365265810981,
  "linking_number": 0,
  "directory": "ncoils_5_order_13_R1_4.5_length_target_3.5e+01_weight_0.77_max_curvature_3.5_weight_1.6e-06_msc_6.2_weight_9.5e-07_cc_0.62_weight_4.9e+03",
  "mean_squared_curvatures": [
    1.2533939101691387,
    0.6696101715311206,
    1.7789088184164863,
    2.6044682766481886,
    1.8926837734630213
  ],
  "max_mean_squared_curvature": 2.6044682766481886,
  "message": "STOP: TOTAL NO. of ITERATIONS REACHED LIMIT",
  "success": false,
  "iterations": 700,
  "function_evaluations": 1345,
  "coil_currents": [
    9706463.56128673,
    9641089.681521,
    9640163.26763135,
    9653630.87510367,
    9940067.332546331
  ],
  "coil_surface_distance": 1.102310599622133
}