{
  "nfp": 4,
  "ncoils": 6,
  "R0": 11.34443056562854,
  "R1": 4.438417178732312,
  "order": 13,
  "nphi": 32,
  "ntheta": 32,
  "length_target": 42.62417813048806,
  "length_weight": 2.6535913085239753,
  "max_curvature_threshold": 1.2948530772429336,
  "max_curvature_weight": 4.2671351359988284e-07,
  "msc_threshold": 1.3943187101644292,
  "msc_weight": 4.713734240502992e-06,
  "JF": 0.024942039447060114,
  "Jf": 0.02393803162509485,
  "BdotN": 0.05383348935566022,
  "lengths": [
    33.99879115604595,
    37.033581983579026,
    36.44978319286701,
    39.59084157406909,
    46.514264680612,
    62.15873932356877
  ],
  "length": 255.74600191074185,
  "max_curvatures": [
    34.51111585324308,
    49.86716945019884,
    35.75581775493656,
    35.303540187705565,
    34.54390047517327,
    61.911602386878634
  ],
  "max_max_curvature": 61.911602386878634,
  "coil_coil_distance": 1.0269247556597803,
  "cc_threshold": 1.0297601194068497,
  "cc_weight": 116.84337220219558,
  "gradient_norm": 0.2949132785416309,
  "linking_number": 0,
  "directory": "ncoils_6_order_13_R1_4.4_length_target_4.3e+01_weight_2.7_max_curvature_1.3_weight_4.3e-07_msc_1.4_weight_4.7e-06_cc_1.0_weight_1.2e+02",
  "mean_squared_curvatures": [
    7.7447791735890625,
    6.207367150166053,
    9.087843213864163,
    9.124183779219146,
    6.624646834043484,
    8.564058454289315
  ],
  "max_mean_squared_curvature": 9.124183779219146,
  "message": "STOP: TOTAL NO. of ITERATIONS REACHED LIMIT",
  "success": false,
  "iterations": 500,
  "function_evaluations": 590,
  "coil_currents": [
    8795802.955804795,
    8780040.378338752,
    9082538.22858201,
    9286320.254793834,
    9512589.917962737,
    3124122.9826069474
  ],
  "coil_surface_distance": 0.12687274104212898
}