{
  "nfp": 4,
  "ncoils": 6,
  "R0": 11.34443056562854,
  "R1": 4.5862471148130055,
  "order": 11,
  "nphi": 32,
  "ntheta": 32,
  "length_target": 40.28840495400648,
  "length_weight": 6.564140099079367,
  "max_curvature_threshold": 2.8822132192718324,
  "max_curvature_weight": 8.545813008137283e-07,
  "msc_threshold": 4.349824638023198,
  "msc_weight": 5.8758706239121284e-05,
  "JF": 0.0024493413497105984,
  "Jf": 0.0023163171216784803,
  "BdotN": 0.009053633066566362,
  "lengths": [
    40.4262290860652,
    41.020939875258335,
    40.66567873701103,
    39.22448258922923,
    39.34380139884236,
    41.05016991954846
  ],
  "length": 241.73130160595463,
  "max_curvatures": [
    11.250017950807866,
    54.49692881170658,
    17.317280724250928,
    17.023591636653187,
    19.20527444837621,
    27.20040057109899
  ],
  "max_max_curvature": 54.49692881170658,
  "coil_coil_distance": 0.7775511286592619,
  "cc_threshold": 0.7932064942754858,
  "cc_weight": 0.5649544717107865,
  "gradient_norm": 0.20832376963256757,
  "linking_number": 0,
  "directory": "ncoils_6_order_11_R1_4.6_length_target_4e+01_weight_6.6_max_curvature_2.9_weight_8.5e-07_msc_4.3_weight_5.9e-05_cc_0.79_weight_0.56",
  "mean_squared_curvatures": [
    1.1116380580473268,
    2.798260166181113,
    1.6676274193414427,
    1.8075600867018746,
    2.8282937245018354,
    2.1775940247422736
  ],
  "max_mean_squared_curvature": 2.8282937245018354,
  "message": "STOP: TOTAL NO. of ITERATIONS REACHED LIMIT",
  "success": false,
  "iterations": 500,
  "function_evaluations": 593,
  "coil_currents": [
    8036572.700821178,
    7910460.420445639,
    7939902.389579322,
    8003741.232636561,
    8066522.553730429,
    8624215.420875952
  ],
  "coil_surface_distance": 1.1267496492240945
}