{
  "nfp": 4,
  "R0": 11.34443056562854,
  "R1": 4.54364725785126,
  "ncoils": 6,
  "order": 11,
  "nphi": 32,
  "ntheta": 32,
  "length_target": 46.54648677474375,
  "length_weight": 1.7891922144508412,
  "max_curvature_threshold": 3.5403155911833664,
  "max_curvature_weight": 0.0006236753279296889,
  "msc_threshold": 6.1857637345550955,
  "msc_weight": 1.371541231051511e-05,
  "JF": 0.000789255855912644,
  "Jf": 0.0007889732858897859,
  "BdotN": 0.006880386938868441,
  "lengths": [
    48.80319280493745,
    48.438302068751454,
    52.51355381710687,
    42.56203711203237,
    39.18764075966123,
    47.7744687107157
  ],
  "length": 279.2791952732051,
  "max_curvatures": [
    3.2504616042005914,
    3.124131399643719,
    2.9462921531070605,
    3.109983181895995,
    3.0357839383340557,
    3.569933277469228
  ],
  "max_max_curvature": 3.569933277469228,
  "coil_coil_distance": 0.7141544641471227,
  "cc_threshold": 0.7144151024653281,
  "cc_weight": 4.919420013285724,
  "gradient_norm": 0.01774207260085073,
  "linking_number": 0,
  "directory": "ncoils_6_order_11_R1_4.5_length_target_4.7e+01_weight_1.8_max_curvature_3.5_weight_0.00062_msc_6.2_weight_1.4e-05_cc_0.71_weight_4.9",
  "mean_squared_curvatures": [
    0.46369560680688965,
    0.3558616033167527,
    0.40228231862673963,
    0.5035884735638336,
    0.5142298187536025,
    0.6081930527385296
  ],
  "max_mean_squared_curvature": 0.6081930527385296,
  "message": "STOP: TOTAL NO. of ITERATIONS REACHED LIMIT",
  "success": false,
  "iterations": 700,
  "function_evaluations": 812,
  "coil_currents": [
    8007459.57264315,
    7927133.926370415,
    7910290.714247975,
    7920538.6799794845,
    7879293.249412957,
    8936698.575435102
  ],
  "coil_surface_distance": 1.2587444038816753
}