{
  "nfp": 4,
  "R0": 11.34443056562854,
  "R1": 4.1723105538416885,
  "ncoils": 5,
  "order": 13,
  "nphi": 32,
  "ntheta": 32,
  "length_target": 41.99565890748052,
  "length_weight": 0.014773166139647433,
  "max_curvature_threshold": 0.3827537156907236,
  "max_curvature_weight": 0.003248974258083232,
  "msc_threshold": 0.7446510940507138,
  "msc_weight": 9.119449880180504e-06,
  "JF": 0.9025579784375272,
  "Jf": 0.815182053491458,
  "BdotN": 0.14543632811725007,
  "lengths": [
    42.69246945164139,
    40.814728923057146,
    41.10957262376302,
    41.1502557408211,
    45.58352475189493
  ],
  "length": 211.3505514911776,
  "max_curvatures": [
    2.1801875526041767,
    3.817998281018852,
    4.004844004520742,
    4.4424880150765516,
    2.9027639743744067
  ],
  "max_max_curvature": 4.4424880150765516,
  "coil_coil_distance": 0.18036291582830255,
  "cc_threshold": 0.7024324545633975,
  "cc_weight": 0.05267655777813146,
  "gradient_norm": 1.046181015029933,
  "linking_number": 0,
  "directory": "ncoils_5_order_13_R1_4.2_length_target_4.2e+01_weight_0.015_max_curvature_0.38_weight_0.0032_msc_0.74_weight_9.1e-06_cc_0.7_weight_0.053",
  "mean_squared_curvatures": [
    0.2803159623987178,
    0.3133220761640011,
    0.5156714831896979,
    0.45546617213527213,
    0.3126577885923304
  ],
  "max_mean_squared_curvature": 0.5156714831896979,
  "message": "ABNORMAL_TERMINATION_IN_LNSRCH",
  "success": false,
  "iterations": 22,
  "function_evaluations": 169,
  "coil_currents": [
    9291210.690383399,
    9348796.020075714,
    9464876.046847029,
    9601214.949224452,
    10875317.011558488
  ],
  "coil_surface_distance": 1.3866502409712358
}