{
  "nfp": 4,
  "ncoils": 6,
  "R0": 11.34443056562854,
  "R1": 4.8646858807546876,
  "order": 6,
  "nphi": 32,
  "ntheta": 32,
  "length_target": 38.42473677156609,
  "length_weight": 4.099051743849625,
  "max_curvature_threshold": 1.817999600675536,
  "max_curvature_weight": 1.3585953075682436e-05,
  "msc_threshold": 2.3276081474162225,
  "msc_weight": 4.989435806820764e-06,
  "JF": 0.0007040451060333257,
  "Jf": 0.0007005607613628515,
  "BdotN": 0.004599160451645814,
  "lengths": [
    41.68540923182677,
    42.630671360398864,
    38.20743790445443,
    36.45969079348505,
    37.270283129109664,
    34.29475867346699
  ],
  "length": 230.54825109274176,
  "max_curvatures": [
    1.3273355440398529,
    0.8625162060282976,
    1.9076816345854275,
    1.8483970215740482,
    2.8089446760550865,
    2.2850608892142645
  ],
  "max_max_curvature": 2.8089446760550865,
  "coil_coil_distance": 0.8390297988852579,
  "cc_threshold": 0.8405522317789366,
  "cc_weight": 0.6675300276426657,
  "gradient_norm": 0.01430801705874733,
  "linking_number": 0,
  "directory": "ncoils_6_order_6_R1_4.9_length_target_3.8e+01_weight_4.1_max_curvature_1.8_weight_1.4e-05_msc_2.3_weight_5e-06_cc_0.84_weight_0.67",
  "mean_squared_curvatures": [
    0.12376564043167183,
    0.10266623153555457,
    0.148572443542054,
    0.14480739294712394,
    0.28019187311019805,
    0.15321472384729692
  ],
  "max_mean_squared_curvature": 0.28019187311019805,
  "message": "STOP: TOTAL NO. of ITERATIONS REACHED LIMIT",
  "success": false,
  "iterations": 700,
  "function_evaluations": 773,
  "coil_currents": [
    7848819.745595229,
    8526027.034967951,
    7944089.027186638,
    7523125.02625655,
    8586681.167021982,
    8152672.717060737
  ],
  "coil_surface_distance": 1.2691141340937002
}