{
  "nfp": 4,
  "R0": 11.34443056562854,
  "R1": 4.63555024596554,
  "ncoils": 6,
  "order": 8,
  "nphi": 32,
  "ntheta": 32,
  "length_target": 33.05598658703648,
  "length_weight": 1.5947071612045518,
  "max_curvature_threshold": 7.260251680164685,
  "max_curvature_weight": 0.00015949558728853175,
  "msc_threshold": 5.737739736694129,
  "msc_weight": 2.0760771604227877e-06,
  "JF": 0.00017266507478378988,
  "Jf": 0.00017262039213795992,
  "BdotN": 0.004281877181896367,
  "lengths": [
    34.305857675459606,
    33.62570252185496,
    32.84208822498725,
    32.45645423595821,
    32.87424585038613,
    32.23160785812938
  ],
  "length": 198.33595636677552,
  "max_curvatures": [
    0.9121023014688499,
    0.9526655891891923,
    2.0666520252290344,
    6.262468539281211,
    1.611050043217962,
    3.923191118272266
  ],
  "max_max_curvature": 6.262468539281211,
  "coil_coil_distance": 0.6315014238524915,
  "cc_threshold": 0.6317768194887368,
  "cc_weight": 11.842874787950475,
  "gradient_norm": 0.0016376048561080627,
  "linking_number": 0,
  "directory": "ncoils_6_order_8_R1_4.6_length_target_3.3e+01_weight_1.6_max_curvature_7.3_weight_0.00016_msc_5.7_weight_2.1e-06_cc_0.63_weight_1.2e+01",
  "mean_squared_curvatures": [
    0.13939763768842087,
    0.12773645825829116,
    0.17123500092627214,
    0.4243050020048864,
    0.1811466103102191,
    0.3602180284944473
  ],
  "max_mean_squared_curvature": 0.4243050020048864,
  "message": "STOP: TOTAL NO. of ITERATIONS REACHED LIMIT",
  "success": false,
  "iterations": 700,
  "function_evaluations": 789,
  "coil_currents": [
    8109283.528477299,
    8050796.908597287,
    8033645.386918666,
    7986771.716619129,
    8011335.013237872,
    8389582.164238825
  ],
  "coil_surface_distance": 1.284655523932865
}