{
  "nfp": 4,
  "R0": 11.34443056562854,
  "R1": 4.516493833820182,
  "ncoils": 4,
  "order": 6,
  "nphi": 32,
  "ntheta": 32,
  "length_target": 28.04672971519699,
  "length_weight": 52.221077546357655,
  "max_curvature_threshold": 5.269932685500569,
  "max_curvature_weight": 0.000632119393496545,
  "msc_threshold": 7.631394306020366,
  "msc_weight": 3.3836790714207075e-05,
  "JF": 0.02381768296181692,
  "Jf": 0.0238078471651164,
  "BdotN": 0.024566659728891407,
  "lengths": [
    30.186576840406588,
    28.75086142725606,
    27.354490860822402,
    25.895034995503778
  ],
  "length": 112.18696412398882,
  "max_curvatures": [
    5.563495642167537,
    5.53774968326752,
    2.445613737917818,
    2.8696809734873914
  ],
  "max_max_curvature": 5.563495642167537,
  "coil_coil_distance": 1.0108371703700865,
  "cc_threshold": 1.0156743076186103,
  "cc_weight": 6.853908262510844,
  "gradient_norm": 0.02184497623706004,
  "linking_number": 0,
  "directory": "ncoils_4_order_6_R1_4.5_length_target_2.8e+01_weight_5.2e+01_max_curvature_5.3_weight_0.00063_msc_7.6_weight_3.4e-05_cc_1.0_weight_6.9",
  "mean_squared_curvatures": [
    0.16079479684688858,
    0.19681776899625167,
    0.258092344083735,
    0.2949440511998485
  ],
  "max_mean_squared_curvature": 0.2949440511998485,
  "message": "STOP: TOTAL NO. of ITERATIONS REACHED LIMIT",
  "success": false,
  "iterations": 700,
  "function_evaluations": 805,
  "coil_currents": [
    12853819.968720948,
    12707773.76117134,
    12422285.008250143,
    10597535.97994665
  ],
  "coil_surface_distance": 1.2631606826568982
}