{
  "nfp": 4,
  "R0": 11.34443056562854,
  "R1": 4.4334263527288105,
  "ncoils": 4,
  "order": 15,
  "nphi": 32,
  "ntheta": 32,
  "length_target": 43.68102620605292,
  "length_weight": 3.195867723448662,
  "max_curvature_threshold": 7.390101866578593,
  "max_curvature_weight": 0.0009779112031223806,
  "msc_threshold": 6.06456780016709,
  "msc_weight": 1.3476923445917945e-07,
  "JF": 0.0030052023574336163,
  "Jf": 0.002992233585464612,
  "BdotN": 0.010223192057972104,
  "lengths": [
    43.36810599147587,
    44.63401961188157,
    41.80496776775952,
    44.91770754172209
  ],
  "length": 174.72480091283904,
  "max_curvatures": [
    7.48688879642359,
    6.245649026229878,
    7.422138562750924,
    7.385951942080114
  ],
  "max_max_curvature": 7.48688879642359,
  "coil_coil_distance": 1.0358079278781456,
  "cc_threshold": 1.0379356517682443,
  "cc_weight": 9.948068497758822,
  "gradient_norm": 0.09806050635488248,
  "linking_number": 0,
  "directory": "ncoils_4_order_15_R1_4.4_length_target_4.4e+01_weight_3.2_max_curvature_7.4_weight_0.00098_msc_6.1_weight_1.3e-07_cc_1.0_weight_9.9",
  "mean_squared_curvatures": [
    1.075989913481234,
    0.9646977619441822,
    1.29027497918882,
    1.9919130519321309
  ],
  "max_mean_squared_curvature": 1.9919130519321309,
  "message": "STOP: TOTAL NO. of ITERATIONS REACHED LIMIT",
  "success": false,
  "iterations": 700,
  "function_evaluations": 799,
  "coil_currents": [
    11977384.965862451,
    11974709.716122426,
    12102897.52295681,
    12526422.513147391
  ],
  "coil_surface_distance": 1.2534712666555272
}