{
  "nfp": 4,
  "R0": 11.34443056562854,
  "R1": 4.180490640329639,
  "ncoils": 4,
  "order": 8,
  "nphi": 32,
  "ntheta": 32,
  "length_target": 41.247798947703586,
  "length_weight": 11.442213260589675,
  "max_curvature_threshold": 4.941244879115991,
  "max_curvature_weight": 0.009044224872399373,
  "msc_threshold": 4.703770182110189,
  "msc_weight": 1.0386229298416707e-07,
  "JF": 0.0009633850975752856,
  "Jf": 0.0009596691609714503,
  "BdotN": 0.006731671803203681,
  "lengths": [
    42.6955906029704,
    41.62157429156754,
    39.911448662345244,
    40.7626319936186
  ],
  "length": 164.9912455505018,
  "max_curvatures": [
    4.0054365587417085,
    3.4484388210873167,
    4.944343806151116,
    4.966808609206433
  ],
  "max_max_curvature": 4.966808609206433,
  "coil_coil_distance": 0.6024547891740862,
  "cc_threshold": 0.6080462522858675,
  "cc_weight": 1.0112421522368689,
  "gradient_norm": 0.014176310630698467,
  "linking_number": 0,
  "directory": "ncoils_4_order_8_R1_4.2_length_target_4.1e+01_weight_1.1e+01_max_curvature_4.9_weight_0.009_msc_4.7_weight_1e-07_cc_0.61_weight_1.0",
  "mean_squared_curvatures": [
    0.38354800182061105,
    0.40386836777664514,
    0.5751414753160751,
    0.8773409618422762
  ],
  "max_mean_squared_curvature": 0.8773409618422762,
  "message": "STOP: TOTAL NO. of ITERATIONS REACHED LIMIT",
  "success": false,
  "iterations": 700,
  "function_evaluations": 792,
  "coil_currents": [
    12342148.504399577,
    12156197.737677252,
    12159085.586286498,
    11923982.889725752
  ],
  "coil_surface_distance": 1.4144939951819218
}