{
  "nfp": 4,
  "R0": 11.34443056562854,
  "R1": 4.947608968278524,
  "ncoils": 4,
  "order": 14,
  "nphi": 32,
  "ntheta": 32,
  "length_target": 30.51310186403117,
  "length_weight": 2.846118808921759,
  "max_curvature_threshold": 5.733418243670115,
  "max_curvature_weight": 1.870557940396796e-05,
  "msc_threshold": 3.3568770136954647,
  "msc_weight": 4.906551771416966e-06,
  "JF": 0.006218947725288776,
  "Jf": 0.006208025106872938,
  "BdotN": 0.01327898947245389,
  "lengths": [
    31.915912459663843,
    30.829765467834466,
    29.866753971574955,
    29.440255004662365
  ],
  "length": 122.05268690373562,
  "max_curvatures": [
    6.549843186396048,
    9.480162934531227,
    7.4857421411993785,
    7.947220853011718
  ],
  "max_max_curvature": 9.480162934531227,
  "coil_coil_distance": 0.8999730214286691,
  "cc_threshold": 0.909721996903866,
  "cc_weight": 0.6408001689103271,
  "gradient_norm": 5.185819724627981,
  "linking_number": 0,
  "directory": "ncoils_4_order_14_R1_4.9_length_target_3.1e+01_weight_2.8_max_curvature_5.7_weight_1.9e-05_msc_3.4_weight_4.9e-06_cc_0.91_weight_0.64",
  "mean_squared_curvatures": [
    0.2156550014015425,
    0.1466884544438272,
    0.3219520772064074,
    0.36412877841651936
  ],
  "max_mean_squared_curvature": 0.36412877841651936,
  "message": "CONVERGENCE: REL_REDUCTION_OF_F_<=_FACTR*EPSMCH",
  "success": true,
  "iterations": 560,
  "function_evaluations": 770,
  "coil_currents": [
    12148925.623180518,
    12124086.31724677,
    12108934.076799158,
    12199468.700862639
  ],
  "coil_surface_distance": 1.3129904633964182
}