{
  "nfp": 4,
  "ncoils": 6,
  "R0": 11.34443056562854,
  "R1": 4.630489678233521,
  "order": 9,
  "nphi": 32,
  "ntheta": 32,
  "length_target": 31.21022748357553,
  "length_weight": 0.22492598465120375,
  "max_curvature_threshold": 2.8094576327931047,
  "max_curvature_weight": 6.585758181038385e-05,
  "msc_threshold": 2.6578675657723876,
  "msc_weight": 4.5967618374995415e-07,
  "JF": 0.0012580436617418665,
  "Jf": 0.0011244946155844723,
  "BdotN": 0.006516504836168197,
  "lengths": [
    32.695259321048326,
    29.811377100293786,
    32.33106564243896,
    30.359736707369137,
    32.03880160868263,
    30.027509019247788
  ],
  "length": 187.26374939908064,
  "max_curvatures": [
    3.4375969975709055,
    3.155380944755266,
    5.899576666837257,
    3.4868606072288366,
    3.431660532980496,
    3.316524171389877
  ],
  "max_max_curvature": 5.899576666837257,
  "coil_coil_distance": 0.8058650848252119,
  "cc_threshold": 0.8060634750911975,
  "cc_weight": 472.66100536818885,
  "gradient_norm": 0.03190772042427245,
  "linking_number": 0,
  "directory": "ncoils_6_order_9_R1_4.6_length_target_3.1e+01_weight_0.22_max_curvature_2.8_weight_6.6e-05_msc_2.7_weight_4.6e-07_cc_0.81_weight_4.7e+02",
  "mean_squared_curvatures": [
    0.6839624017550338,
    0.2925042727372112,
    1.234396319482171,
    0.5601011381469246,
    0.58459472249334,
    0.47300817166001863
  ],
  "max_mean_squared_curvature": 1.234396319482171,
  "message": "STOP: TOTAL NO. of ITERATIONS REACHED LIMIT",
  "success": false,
  "iterations": 500,
  "function_evaluations": 709,
  "coil_currents": [
    8291834.15506127,
    8285382.495471922,
    8215410.159586476,
    8164374.534154437,
    8035351.454461061,
    7589061.919353917
  ],
  "coil_surface_distance": 1.1233577289005316
}