{
  "nfp": 4,
  "R0": 11.34443056562854,
  "R1": 4.203233238928547,
  "ncoils": 3,
  "order": 8,
  "nphi": 32,
  "ntheta": 32,
  "length_target": 35.59879438665858,
  "length_weight": 3.3441666064191007,
  "max_curvature_threshold": 7.558059525386313,
  "max_curvature_weight": 5.4810965055277836e-05,
  "msc_threshold": 7.405840184428482,
  "msc_weight": 1.0065057357449808e-05,
  "JF": 0.015271062470884533,
  "Jf": 0.015124634415836,
  "BdotN": 0.016679196164432777,
  "lengths": [
    37.39135318337494,
    35.69111356630732,
    33.71447394721692
  ],
  "length": 106.79694069689918,
  "max_curvatures": [
    17.579990432966973,
    8.036670631411983,
    8.432650035045045
  ],
  "max_max_curvature": 17.579990432966973,
  "coil_coil_distance": 1.1041887079684742,
  "cc_threshold": 1.129462698118055,
  "cc_weight": 0.6332995163201978,
  "gradient_norm": 14.426603463960564,
  "linking_number": 0,
  "directory": "ncoils_3_order_8_R1_4.2_length_target_3.6e+01_weight_3.3_max_curvature_7.6_weight_5.5e-05_msc_7.4_weight_1e-05_cc_1.1_weight_0.63",
  "mean_squared_curvatures": [
    0.14218717098540848,
    0.5756612871467073,
    0.4072588238001952
  ],
  "max_mean_squared_curvature": 0.5756612871467073,
  "message": "STOP: TOTAL NO. of ITERATIONS REACHED LIMIT",
  "success": false,
  "iterations": 700,
  "function_evaluations": 845,
  "coil_currents": [
    16618193.444876844,
    16364514.401908707,
    15598706.871303529
  ],
  "coil_surface_distance": 1.1160836475344151
}