{
  "nfp": 4,
  "R0": 11.34443056562854,
  "R1": 4.854508948770678,
  "ncoils": 3,
  "order": 10,
  "nphi": 32,
  "ntheta": 32,
  "length_target": 44.25372798664057,
  "length_weight": 84.02095775082599,
  "max_curvature_threshold": 0.18637015498875448,
  "max_curvature_weight": 1.1359707647204109e-06,
  "msc_threshold": 1.2706918787712134,
  "msc_weight": 8.26183575347221e-06,
  "JF": 0.005794312716985733,
  "Jf": 0.005689911519740644,
  "BdotN": 0.012509905231821848,
  "lengths": [
    46.783687969678375,
    43.555973084640755,
    42.42173335613097
  ],
  "length": 132.7613944104501,
  "max_curvatures": [
    21.042347312158707,
    21.88960444781164,
    10.532101610370889
  ],
  "max_max_curvature": 21.88960444781164,
  "coil_coil_distance": 0.6834546153882336,
  "cc_threshold": 0.699316407587076,
  "cc_weight": 0.8252523840439561,
  "gradient_norm": 0.30468475870264544,
  "linking_number": 0,
  "directory": "ncoils_3_order_10_R1_4.9_length_target_4.4e+01_weight_8.4e+01_max_curvature_0.19_weight_1.1e-06_msc_1.3_weight_8.3e-06_cc_0.7_weight_0.83",
  "mean_squared_curvatures": [
    1.6036967914871574,
    0.6844175062843791,
    0.4154863826372829
  ],
  "max_mean_squared_curvature": 1.6036967914871574,
  "message": "STOP: TOTAL NO. of ITERATIONS REACHED LIMIT",
  "success": false,
  "iterations": 700,
  "function_evaluations": 923,
  "coil_currents": [
    16236207.668149138,
    16225940.311063677,
    16119266.738876268
  ],
  "coil_surface_distance": 1.5428974287219483
}