{
  "nfp": 4,
  "R0": 11.34443056562854,
  "R1": 4.996831173175225,
  "ncoils": 5,
  "order": 8,
  "nphi": 32,
  "ntheta": 32,
  "length_target": 43.621350120224946,
  "length_weight": 99.89750146823916,
  "max_curvature_threshold": 7.696296486148598,
  "max_curvature_weight": 2.7306720267980528e-06,
  "msc_threshold": 4.872835218070167,
  "msc_weight": 6.967225745350242e-06,
  "JF": 0.014874984648191755,
  "Jf": 0.01475837440057525,
  "BdotN": 0.02370626517001067,
  "lengths": [
    46.19255001296352,
    46.14604964922064,
    41.41726393356043,
    39.41691686761787,
    44.934291626623306
  ],
  "length": 218.10707208998576,
  "max_curvatures": [
    35.82212964699323,
    5.875257381555614,
    13.407249886943816,
    16.823253804767376,
    28.455738778127174
  ],
  "max_max_curvature": 35.82212964699323,
  "coil_coil_distance": 0.8540249133563972,
  "cc_threshold": 0.8545301946118804,
  "cc_weight": 37.56551233819927,
  "gradient_norm": 0.8864771929950134,
  "linking_number": 0,
  "directory": "ncoils_5_order_8_R1_5.0_length_target_4.4e+01_weight_1e+02_max_curvature_7.7_weight_2.7e-06_msc_4.9_weight_7e-06_cc_0.85_weight_3.8e+01",
  "mean_squared_curvatures": [
    2.600068999686525,
    0.7132696430104226,
    1.4410319358154702,
    2.165128944333521,
    2.055297127290587
  ],
  "max_mean_squared_curvature": 2.600068999686525,
  "message": "STOP: TOTAL NO. of ITERATIONS REACHED LIMIT",
  "success": false,
  "iterations": 700,
  "function_evaluations": 887,
  "coil_currents": [
    9499240.892999526,
    9454137.360960016,
    9372749.922262454,
    9372835.343147175,
    10882451.198719911
  ],
  "coil_surface_distance": 1.1236024229218928
}