{
  "nfp": 4,
  "R0": 11.34443056562854,
  "R1": 4.664835149453307,
  "ncoils": 5,
  "order": 5,
  "nphi": 32,
  "ntheta": 32,
  "length_target": 40.84140434506644,
  "length_weight": 0.566999395711794,
  "max_curvature_threshold": 3.761346044946398,
  "max_curvature_weight": 1.401643878305057e-05,
  "msc_threshold": 4.258648289064081,
  "msc_weight": 1.1458667376194192e-07,
  "JF": 0.00833679468393274,
  "Jf": 0.008039657073317434,
  "BdotN": 0.013651272324882216,
  "lengths": [
    42.81115472880947,
    43.09933337826822,
    38.85905668049777,
    38.36670891148039,
    41.0728781534031
  ],
  "length": 204.20913185245897,
  "max_curvatures": [
    20.91303193912837,
    4.833834509135792,
    6.361269300777793,
    10.663814046673481,
    10.32351342865018
  ],
  "max_max_curvature": 20.91303193912837,
  "coil_coil_distance": 0.9794363875856273,
  "cc_threshold": 0.9795562136262053,
  "cc_weight": 78.05815181646601,
  "gradient_norm": 0.060909970645628,
  "linking_number": 0,
  "directory": "ncoils_5_order_5_R1_4.7_length_target_4.1e+01_weight_0.57_max_curvature_3.8_weight_1.4e-05_msc_4.3_weight_1.1e-07_cc_0.98_weight_7.8e+01",
  "mean_squared_curvatures": [
    1.6667350202733546,
    0.6659373467665305,
    0.874232952394508,
    1.2519240959734448,
    0.7821491493652576
  ],
  "max_mean_squared_curvature": 1.6667350202733546,
  "message": "STOP: TOTAL NO. of ITERATIONS REACHED LIMIT",
  "success": false,
  "iterations": 700,
  "function_evaluations": 908,
  "coil_currents": [
    9384942.479108645,
    9508933.2950958,
    9148732.825630654,
    9348204.618777175,
    11190601.499476813
  ],
  "coil_surface_distance": 1.0092003835969774
}