{
  "nfp": 4,
  "R0": 11.34443056562854,
  "R1": 4.199065507018804,
  "ncoils": 5,
  "order": 12,
  "nphi": 32,
  "ntheta": 32,
  "length_target": 34.34555263618806,
  "length_weight": 35.1950148015931,
  "max_curvature_threshold": 1.7194578241080503,
  "max_curvature_weight": 0.0004851636195060605,
  "msc_threshold": 3.0642478272051337,
  "msc_weight": 7.485105990197573e-06,
  "JF": 0.0006056853208441268,
  "Jf": 0.0006014298263136456,
  "BdotN": 0.00553129547078501,
  "lengths": [
    35.33603556142323,
    34.742040888872296,
    34.36298714452216,
    33.65881424687085,
    33.628101521686105
  ],
  "length": 171.72797936337463,
  "max_curvatures": [
    1.7378194171919885,
    1.5216743208598338,
    1.871136938699034,
    1.8854431457518077,
    1.8278772432690205
  ],
  "max_max_curvature": 1.8854431457518077,
  "coil_coil_distance": 0.6097109890263767,
  "cc_threshold": 0.6160118655234087,
  "cc_weight": 0.4089988025475355,
  "gradient_norm": 0.16446362140105206,
  "linking_number": 0,
  "directory": "ncoils_5_order_12_R1_4.2_length_target_3.4e+01_weight_3.5e+01_max_curvature_1.7_weight_0.00049_msc_3.1_weight_7.5e-06_cc_0.62_weight_0.41",
  "mean_squared_curvatures": [
    0.23409413163691603,
    0.22815213926456168,
    0.27784739272450326,
    0.22331356280488626,
    0.24442367316863078
  ],
  "max_mean_squared_curvature": 0.27784739272450326,
  "message": "STOP: TOTAL NO. of ITERATIONS REACHED LIMIT",
  "success": false,
  "iterations": 700,
  "function_evaluations": 844,
  "coil_currents": [
    9668218.968445316,
    9632565.84228944,
    9587438.27563876,
    9634298.925565481,
    10058892.706150085
  ],
  "coil_surface_distance": 1.3524829610677929
}