{
  "nfp": 4,
  "R0": 11.34443056562854,
  "R1": 4.808385726188267,
  "ncoils": 4,
  "order": 13,
  "nphi": 32,
  "ntheta": 32,
  "length_target": 30.194559099619838,
  "length_weight": 0.023728195513372005,
  "max_curvature_threshold": 5.739370137108428,
  "max_curvature_weight": 0.0004889918768212093,
  "msc_threshold": 0.8468453761594159,
  "msc_weight": 2.4998913782654557e-07,
  "JF": 0.007166228442618868,
  "Jf": 0.0071461178782555,
  "BdotN": 0.01443891999828247,
  "lengths": [
    31.774158358749187,
    30.575347029010153,
    29.54208650596407,
    28.927092142713015
  ],
  "length": 120.81868403643642,
  "max_curvatures": [
    6.114745035015832,
    4.777196730357019,
    5.732432853112825,
    5.879793791162016
  ],
  "max_max_curvature": 6.114745035015832,
  "coil_coil_distance": 0.8592131870409649,
  "cc_threshold": 0.8595345673820454,
  "cc_weight": 34.95516836208725,
  "gradient_norm": 0.157870095376896,
  "linking_number": 0,
  "directory": "ncoils_4_order_13_R1_4.8_length_target_3e+01_weight_0.024_max_curvature_5.7_weight_0.00049_msc_0.85_weight_2.5e-07_cc_0.86_weight_3.5e+01",
  "mean_squared_curvatures": [
    0.16400760130281275,
    0.1340773719981188,
    0.24734082276977226,
    0.5043201008699117
  ],
  "max_mean_squared_curvature": 0.5043201008699117,
  "message": "CONVERGENCE: REL_REDUCTION_OF_F_<=_FACTR*EPSMCH",
  "success": true,
  "iterations": 474,
  "function_evaluations": 701,
  "coil_currents": [
    12273447.290789105,
    12204160.279911721,
    12153631.76404758,
    11950175.38334068
  ],
  "coil_surface_distance": 1.3449011049603126
}