{
  "nfp": 4,
  "R0": 11.34443056562854,
  "R1": 4.791696371529285,
  "ncoils": 5,
  "order": 12,
  "nphi": 32,
  "ntheta": 32,
  "length_target": 40.55219579053158,
  "length_weight": 15.559729030642973,
  "max_curvature_threshold": 0.5645579574768627,
  "max_curvature_weight": 0.0001950428423382458,
  "msc_threshold": 1.7058242946417002,
  "msc_weight": 1.518381056141991e-06,
  "JF": 0.0008945956570629732,
  "Jf": 0.0007820016231206452,
  "BdotN": 0.006858746598484812,
  "lengths": [
    42.01572526776352,
    41.53744124497105,
    40.82347198488421,
    38.15258829938331,
    40.23199832439805
  ],
  "length": 202.76122512140012,
  "max_curvatures": [
    0.9420687829157529,
    0.9804897467549711,
    1.2732716181503831,
    0.8559648655954566,
    1.2326358756391769
  ],
  "max_max_curvature": 1.2732716181503831,
  "coil_coil_distance": 0.5539779715653439,
  "cc_threshold": 0.6023063138374747,
  "cc_weight": 0.03578553598919107,
  "gradient_norm": 0.07939044412156307,
  "linking_number": 0,
  "directory": "ncoils_5_order_12_R1_4.8_length_target_4.1e+01_weight_1.6e+01_max_curvature_0.56_weight_0.0002_msc_1.7_weight_1.5e-06_cc_0.6_weight_0.036",
  "mean_squared_curvatures": [
    0.10890610121371154,
    0.10847031484689204,
    0.16029994959040045,
    0.13595860389158568,
    0.13895629494462688
  ],
  "max_mean_squared_curvature": 0.16029994959040045,
  "message": "STOP: TOTAL NO. of ITERATIONS REACHED LIMIT",
  "success": false,
  "iterations": 700,
  "function_evaluations": 834,
  "coil_currents": [
    9543329.495100917,
    9566014.400850015,
    9611437.010520125,
    9669307.813314557,
    10191325.998303466
  ],
  "coil_surface_distance": 1.328392568894313
}