{
  "nfp": 4,
  "R0": 11.34443056562854,
  "R1": 4.805156454051538,
  "ncoils": 4,
  "order": 13,
  "nphi": 32,
  "ntheta": 32,
  "length_target": 44.75742402433376,
  "length_weight": 11.889950402883203,
  "max_curvature_threshold": 3.031137300693124,
  "max_curvature_weight": 0.007241987438063285,
  "msc_threshold": 2.5593934677646355,
  "msc_weight": 1.3154309940926275e-05,
  "JF": 0.010083480307280972,
  "Jf": 0.010063643577096815,
  "BdotN": 0.018628447305148833,
  "lengths": [
    47.54386090521126,
    46.044236639555564,
    41.67200061456052,
    43.7699332894917
  ],
  "length": 179.03003144881905,
  "max_curvatures": [
    3.0779389031764643,
    2.9628287010729344,
    2.984106701827497,
    3.257334114949387
  ],
  "max_max_curvature": 3.257334114949387,
  "coil_coil_distance": 1.0825203841747697,
  "cc_threshold": 1.0834092103423272,
  "cc_weight": 118.97841812049968,
  "gradient_norm": 0.12326478570079441,
  "linking_number": 0,
  "directory": "ncoils_4_order_13_R1_4.8_length_target_4.5e+01_weight_1.2e+01_max_curvature_3.0_weight_0.0072_msc_2.6_weight_1.3e-05_cc_1.1_weight_1.2e+02",
  "mean_squared_curvatures": [
    0.4717504646073284,
    0.3827383889101214,
    0.3585760186767003,
    0.3935025739670614
  ],
  "max_mean_squared_curvature": 0.4717504646073284,
  "message": "STOP: TOTAL NO. of ITERATIONS REACHED LIMIT",
  "success": false,
  "iterations": 700,
  "function_evaluations": 914,
  "coil_currents": [
    12221135.709752727,
    12201179.662076352,
    12142823.954290392,
    12016275.391969614
  ],
  "coil_surface_distance": 1.233456477761901
}