{
  "nfp": 4,
  "R0": 11.34443056562854,
  "R1": 4.533451436078122,
  "ncoils": 6,
  "order": 11,
  "nphi": 32,
  "ntheta": 32,
  "length_target": 44.75840833301163,
  "length_weight": 5.175009074994543,
  "max_curvature_threshold": 3.7283959005504985,
  "max_curvature_weight": 1.7744974863649845e-06,
  "msc_threshold": 2.037506753470529,
  "msc_weight": 8.119915531963644e-07,
  "JF": 0.005280939747996637,
  "Jf": 0.005128657114720807,
  "BdotN": 0.011053814457419544,
  "lengths": [
    44.93801448978947,
    49.26983741799811,
    42.628252526221445,
    42.74224172876966,
    41.79170529841809,
    47.180555038220945
  ],
  "length": 268.55060649941777,
  "max_curvatures": [
    11.890367453001769,
    10.830576853398904,
    9.558027486148788,
    12.994643667695284,
    24.895502138974408,
    17.767783023239666
  ],
  "max_max_curvature": 24.895502138974408,
  "coil_coil_distance": 1.0529390284433648,
  "cc_threshold": 1.0577987641864028,
  "cc_weight": 1.4904961091056534,
  "gradient_norm": 0.03767153891101242,
  "linking_number": 0,
  "directory": "ncoils_6_order_11_R1_4.5_length_target_4.5e+01_weight_5.2_max_curvature_3.7_weight_1.8e-06_msc_2.0_weight_8.1e-07_cc_1.1_weight_1.5",
  "mean_squared_curvatures": [
    1.623622971538306,
    1.8094306511993157,
    1.3349705461982158,
    2.2135608065212913,
    1.868630948994651,
    1.8592656790014315
  ],
  "max_mean_squared_curvature": 2.2135608065212913,
  "message": "STOP: TOTAL NO. of ITERATIONS REACHED LIMIT",
  "success": false,
  "iterations": 700,
  "function_evaluations": 792,
  "coil_currents": [
    8192432.912632947,
    8057526.2728505805,
    8092967.116828342,
    8042715.692784484,
    7835975.448513457,
    8359797.27447927
  ],
  "coil_surface_distance": 1.0386472713351578
}