{
  "nfp": 4,
  "R0": 11.34443056562854,
  "R1": 4.1746841476406935,
  "ncoils": 5,
  "order": 9,
  "nphi": 32,
  "ntheta": 32,
  "length_target": 46.251146705796344,
  "length_weight": 0.24130009684409032,
  "max_curvature_threshold": 7.692177263273518,
  "max_curvature_weight": 0.00021010230441681542,
  "msc_threshold": 6.121581927105181,
  "msc_weight": 5.3954307965392824e-05,
  "JF": 15.380718255568997,
  "Jf": 14.996523456782237,
  "BdotN": 0.471038791257267,
  "lengths": [
    53.37497172655638,
    47.40820576968075,
    43.894216541515405,
    45.510562640857614,
    42.09653375313852
  ],
  "length": 232.28449043174868,
  "max_curvatures": [
    14.930362826012416,
    8.203269901305303,
    16.9576575395458,
    30.745402314399307,
    35.41393273913274
  ],
  "max_max_curvature": 35.41393273913274,
  "coil_coil_distance": 0.055841642427770476,
  "cc_threshold": 0.6867558455536696,
  "cc_weight": 0.3594718574487582,
  "gradient_norm": 10.04043927373521,
  "linking_number": 0,
  "directory": "ncoils_5_order_9_R1_4.2_length_target_4.6e+01_weight_0.24_max_curvature_7.7_weight_0.00021_msc_6.1_weight_5.4e-05_cc_0.69_weight_0.36",
  "mean_squared_curvatures": [
    1.0052224017692655,
    0.5434951507937448,
    1.1021667180233126,
    2.412936834026099,
    3.730360778356135
  ],
  "max_mean_squared_curvature": 3.730360778356135,
  "message": "ABNORMAL_TERMINATION_IN_LNSRCH",
  "success": false,
  "iterations": 18,
  "function_evaluations": 99,
  "coil_currents": [
    8617060.755530614,
    8911686.578827858,
    9326341.963599222,
    9599352.352288892,
    12126973.067842491
  ],
  "coil_surface_distance": 2.5874507716240673
}