{
  "nfp": 4,
  "R0": 11.34443056562854,
  "R1": 4.521300974876688,
  "ncoils": 6,
  "order": 9,
  "nphi": 32,
  "ntheta": 32,
  "length_target": 28.16551386517275,
  "length_weight": 0.03350848907520676,
  "max_curvature_threshold": 6.255855877382023,
  "max_curvature_weight": 0.00027164244496737756,
  "msc_threshold": 1.145796567076338,
  "msc_weight": 9.448615614331034e-06,
  "JF": 0.02530010937096105,
  "Jf": 0.024829457597852267,
  "BdotN": 0.050401891412949526,
  "lengths": [
    32.418696585265415,
    33.446401934241145,
    35.31581818535063,
    21.609618808620485,
    22.269652410398223,
    23.94447134662731
  ],
  "length": 169.00465927050323,
  "max_curvatures": [
    2.0663734882955787,
    4.121642689896367,
    6.184660998101653,
    6.802626310087876,
    10.28488235566652,
    9.357714909688445
  ],
  "max_max_curvature": 10.28488235566652,
  "coil_coil_distance": 1.1103800342128027,
  "cc_threshold": 1.1108928373109634,
  "cc_weight": 227.4671495480218,
  "gradient_norm": 0.06895133450469097,
  "linking_number": 0,
  "directory": "ncoils_6_order_9_R1_4.5_length_target_2.8e+01_weight_0.034_max_curvature_6.3_weight_0.00027_msc_1.1_weight_9.4e-06_cc_1.1_weight_2.3e+02",
  "mean_squared_curvatures": [
    0.1881651737687916,
    0.35281552859952026,
    0.5590582142319582,
    2.544588203049367,
    2.1702266722030865,
    3.3654064828417307
  ],
  "max_mean_squared_curvature": 3.3654064828417307,
  "message": "STOP: TOTAL NO. of ITERATIONS REACHED LIMIT",
  "success": false,
  "iterations": 700,
  "function_evaluations": 795,
  "coil_currents": [
    7779246.161679866,
    8023515.646810141,
    8474627.73170742,
    7867338.564398636,
    7898894.898657435,
    8537791.714835584
  ],
  "coil_surface_distance": 0.06074487591285753
}