{
  "nfp": 4,
  "R0": 11.34443056562854,
  "R1": 4.423991459368427,
  "ncoils": 5,
  "order": 7,
  "nphi": 32,
  "ntheta": 32,
  "length_target": 33.76141762462627,
  "length_weight": 75.73209752414941,
  "max_curvature_threshold": 2.3938789105323606,
  "max_curvature_weight": 1.1248809454738965e-06,
  "msc_threshold": 6.600736682669114,
  "msc_weight": 2.145210702938783e-05,
  "JF": 0.0011588383682702172,
  "Jf": 0.0011504687031295745,
  "BdotN": 0.008151117996338393,
  "lengths": [
    36.026554721774126,
    35.25752049150317,
    33.38362399938696,
    31.731673572761416,
    32.40784478676357
  ],
  "length": 168.80721757218927,
  "max_curvatures": [
    6.175638085606082,
    3.1500565033477557,
    1.3029153441554135,
    3.8971534345413197,
    6.402700774429403
  ],
  "max_max_curvature": 6.402700774429403,
  "coil_coil_distance": 0.7026100703658876,
  "cc_threshold": 0.7142126935074126,
  "cc_weight": 0.11084995205733274,
  "gradient_norm": 0.1663598834054774,
  "linking_number": 0,
  "directory": "ncoils_5_order_7_R1_4.4_length_target_3.4e+01_weight_7.6e+01_max_curvature_2.4_weight_1.1e-06_msc_6.6_weight_2.1e-05_cc_0.71_weight_0.11",
  "mean_squared_curvatures": [
    0.3056876396855356,
    0.16530672520035786,
    0.12254024962658035,
    0.24626079935625134,
    0.3705859836256813
  ],
  "max_mean_squared_curvature": 0.3705859836256813,
  "message": "STOP: TOTAL NO. of ITERATIONS REACHED LIMIT",
  "success": false,
  "iterations": 700,
  "function_evaluations": 852,
  "coil_currents": [
    9679384.332222305,
    9616112.296586469,
    9554777.890243147,
    9591593.309884576,
    10139546.889152586
  ],
  "coil_surface_distance": 1.2899285903334738
}