{
  "nfp": 4,
  "R0": 11.34443056562854,
  "R1": 4.457345892754513,
  "ncoils": 6,
  "order": 9,
  "nphi": 32,
  "ntheta": 32,
  "length_target": 35.90299175652089,
  "length_weight": 0.2622873523253708,
  "max_curvature_threshold": 2.7961227608886072,
  "max_curvature_weight": 0.00012163230119105214,
  "msc_threshold": 3.0438023973061417,
  "msc_weight": 1.6145722820781248e-06,
  "JF": 0.01599955931449456,
  "Jf": 0.015282593127839302,
  "BdotN": 0.022354827720215787,
  "lengths": [
    34.448225088232924,
    36.705205395725734,
    34.266218815982775,
    31.761767614983057,
    38.8430308178749,
    39.39252459623211
  ],
  "length": 215.4169723290315,
  "max_curvatures": [
    8.753710365439883,
    8.013444250434656,
    2.655973202452743,
    7.3753489728898725,
    4.097981918655895,
    4.944789729694684
  ],
  "max_max_curvature": 8.753710365439883,
  "coil_coil_distance": 0.9858304640173639,
  "cc_threshold": 0.9861320232170165,
  "cc_weight": 121.57175365929223,
  "gradient_norm": 0.11247417504866726,
  "linking_number": 0,
  "directory": "ncoils_6_order_9_R1_4.5_length_target_3.6e+01_weight_0.26_max_curvature_2.8_weight_0.00012_msc_3.0_weight_1.6e-06_cc_0.99_weight_1.2e+02",
  "mean_squared_curvatures": [
    0.47494979643950547,
    1.1360564948765144,
    0.3395142789216133,
    1.8563493104395197,
    0.9491551993170342,
    0.6778508011748684
  ],
  "max_mean_squared_curvature": 1.8563493104395197,
  "message": "STOP: TOTAL NO. of ITERATIONS REACHED LIMIT",
  "success": false,
  "iterations": 700,
  "function_evaluations": 883,
  "coil_currents": [
    8750679.390878132,
    9910255.078351077,
    8317335.039906359,
    1610060.917794306,
    8256256.37712124,
    11736827.914037965
  ],
  "coil_surface_distance": 0.18135487272708428
}