{
  "nfp": 4,
  "R0": 11.34443056562854,
  "R1": 4.385179645968549,
  "ncoils": 6,
  "order": 6,
  "nphi": 32,
  "ntheta": 32,
  "length_target": 28.511153003026497,
  "length_weight": 17.30436620749898,
  "max_curvature_threshold": 5.0184876930460405,
  "max_curvature_weight": 0.004971083091856177,
  "msc_threshold": 1.326210049794934,
  "msc_weight": 2.05273218380515e-06,
  "JF": 0.001369112316830983,
  "Jf": 0.0013656684458855793,
  "BdotN": 0.0068823871628344154,
  "lengths": [
    30.77615333904159,
    29.672176585346378,
    28.609923702647254,
    28.295524532595593,
    27.626892398619233,
    26.08646049317571
  ],
  "length": 171.06713105142575,
  "max_curvatures": [
    1.2568624505922572,
    0.7912495769682317,
    3.3767749921803243,
    5.014336129564787,
    1.758328461990596,
    2.586313089705698
  ],
  "max_max_curvature": 5.014336129564787,
  "coil_coil_distance": 0.9311494429673551,
  "cc_threshold": 0.9324112607378292,
  "cc_weight": 3.3149431338273287,
  "gradient_norm": 0.06502562500660816,
  "linking_number": 0,
  "directory": "ncoils_6_order_6_R1_4.4_length_target_2.9e+01_weight_1.7e+01_max_curvature_5.0_weight_0.005_msc_1.3_weight_2.1e-06_cc_0.93_weight_3.3",
  "mean_squared_curvatures": [
    0.1362095361049177,
    0.12163316222136228,
    0.19775901251444797,
    0.2968795614729971,
    0.194170036076599,
    0.26895031722450996
  ],
  "max_mean_squared_curvature": 0.2968795614729971,
  "message": "STOP: TOTAL NO. of ITERATIONS REACHED LIMIT",
  "success": false,
  "iterations": 700,
  "function_evaluations": 773,
  "coil_currents": [
    8595182.295716187,
    8374536.329651888,
    8204104.4510687245,
    8117959.55371454,
    8015951.257205384,
    7273680.8307323605
  ],
  "coil_surface_distance": 1.057568114083272
}