{
  "nfp": 4,
  "R0": 11.34443056562854,
  "R1": 4.349739953122003,
  "ncoils": 6,
  "order": 8,
  "nphi": 32,
  "ntheta": 32,
  "length_target": 31.25946826967081,
  "length_weight": 3.353928810988884,
  "max_curvature_threshold": 3.4255829688986466,
  "max_curvature_weight": 6.613857725779978e-05,
  "msc_threshold": 4.232813686327479,
  "msc_weight": 3.891059044022807e-07,
  "JF": 0.0021909566086879867,
  "Jf": 0.0018817934058649927,
  "BdotN": 0.007660004345074083,
  "lengths": [
    34.40777648055045,
    32.752607111302325,
    31.205677896894734,
    30.77029608292098,
    31.10588729691144,
    27.31477336709246
  ],
  "length": 187.55701823567242,
  "max_curvatures": [
    3.999341734976964,
    3.7465936084668354,
    3.1475899147419684,
    3.920239261836098,
    3.4615233075163916,
    4.184496328123357
  ],
  "max_max_curvature": 4.184496328123357,
  "coil_coil_distance": 0.9979933002367138,
  "cc_threshold": 1.0719991747404076,
  "cc_weight": 0.03149203372829753,
  "gradient_norm": 0.014947822408492855,
  "linking_number": 0,
  "directory": "ncoils_6_order_8_R1_4.3_length_target_3.1e+01_weight_3.4_max_curvature_3.4_weight_6.6e-05_msc_4.2_weight_3.9e-07_cc_1.1_weight_0.031",
  "mean_squared_curvatures": [
    0.31175543291674945,
    0.15458249947978153,
    0.22457670499128668,
    0.42157976823468,
    0.337227674107913,
    0.40425610361019215
  ],
  "max_mean_squared_curvature": 0.42157976823468,
  "message": "STOP: TOTAL NO. of ITERATIONS REACHED LIMIT",
  "success": false,
  "iterations": 700,
  "function_evaluations": 762,
  "coil_currents": [
    9739469.163529959,
    8783712.367214499,
    8266674.287147744,
    8005720.925235806,
    8008813.571368988,
    5777024.403592087
  ],
  "coil_surface_distance": 1.0867646295898965
}