{
  "nfp": 4,
  "R0": 11.34443056562854,
  "R1": 4.537976117241764,
  "ncoils": 5,
  "order": 13,
  "nphi": 32,
  "ntheta": 32,
  "length_target": 31.270174421923777,
  "length_weight": 0.02434540353688979,
  "max_curvature_threshold": 4.829394786046886,
  "max_curvature_weight": 3.451613143687885e-05,
  "msc_threshold": 2.8613202968878646,
  "msc_weight": 1.2441575528894653e-06,
  "JF": 0.00324824619269698,
  "Jf": 0.0031937703551928203,
  "BdotN": 0.010721197616823195,
  "lengths": [
    31.56123357757119,
    31.936670139715996,
    32.95328717135578,
    30.725122914564537,
    29.179759531001906
  ],
  "length": 156.3560733342094,
  "max_curvatures": [
    5.024524367407521,
    8.144920544161332,
    5.289629599552111,
    4.801245842818114,
    6.967198975710603
  ],
  "max_max_curvature": 8.144920544161332,
  "coil_coil_distance": 1.0933465278259824,
  "cc_threshold": 1.0947825296615648,
  "cc_weight": 26.016654244808908,
  "gradient_norm": 0.08584432761032836,
  "linking_number": 0,
  "directory": "ncoils_5_order_13_R1_4.5_length_target_3.1e+01_weight_0.024_max_curvature_4.8_weight_3.5e-05_msc_2.9_weight_1.2e-06_cc_1.1_weight_2.6e+01",
  "mean_squared_curvatures": [
    0.291285373606155,
    1.2180006150185057,
    0.45071114382441985,
    0.501506002014465,
    0.8245256556819245
  ],
  "max_mean_squared_curvature": 1.2180006150185057,
  "message": "STOP: TOTAL NO. of ITERATIONS REACHED LIMIT",
  "success": false,
  "iterations": 700,
  "function_evaluations": 791,
  "coil_currents": [
    9786292.238164697,
    9651112.619685393,
    9626695.044976477,
    9686263.967297139,
    9831050.847965375
  ],
  "coil_surface_distance": 0.6931245223511474
}