{
  "nfp": 4,
  "R0": 11.34443056562854,
  "R1": 4.621201847896776,
  "ncoils": 3,
  "order": 11,
  "nphi": 32,
  "ntheta": 32,
  "length_target": 33.572990613151426,
  "length_weight": 0.7235341698069497,
  "max_curvature_threshold": 7.769579596158808,
  "max_curvature_weight": 3.926252563460454e-06,
  "msc_threshold": 7.19978404445231,
  "msc_weight": 1.4873001748706381e-07,
  "JF": 0.02566941896905129,
  "Jf": 0.025650288581505882,
  "BdotN": 0.025994753308279633,
  "lengths": [
    35.00527403822532,
    33.45929747706513,
    32.25942262781127
  ],
  "length": 100.72399414310172,
  "max_curvatures": [
    26.293234136670797,
    18.41364869913753,
    20.080715942089117
  ],
  "max_max_curvature": 26.293234136670797,
  "coil_coil_distance": 0.6966819652420788,
  "cc_threshold": 0.6966203871188829,
  "cc_weight": 6627.087711673175,
  "gradient_norm": 0.03135685498803788,
  "linking_number": 0,
  "directory": "ncoils_3_order_11_R1_4.6_length_target_3.4e+01_weight_0.72_max_curvature_7.8_weight_3.9e-06_msc_7.2_weight_1.5e-07_cc_0.7_weight_6.6e+03",
  "mean_squared_curvatures": [
    0.2549265867954526,
    0.2871738135150399,
    0.4852730819421033
  ],
  "max_mean_squared_curvature": 0.4852730819421033,
  "message": "STOP: TOTAL NO. of ITERATIONS REACHED LIMIT",
  "success": false,
  "iterations": 700,
  "function_evaluations": 931,
  "coil_currents": [
    16448389.309643967,
    16448131.536148615,
    15684893.872296497
  ],
  "coil_surface_distance": 1.4459745934861483
}