{
  "nfp": 4,
  "R0": 11.34443056562854,
  "R1": 4.3381972207996125,
  "ncoils": 6,
  "order": 12,
  "nphi": 32,
  "ntheta": 32,
  "length_target": 29.305983235006057,
  "length_weight": 0.012876611333715504,
  "max_curvature_threshold": 6.813401205931642,
  "max_curvature_weight": 9.241907194909882e-05,
  "msc_threshold": 6.311317774986044,
  "msc_weight": 1.2334667844713666e-06,
  "JF": 0.0023019705927025827,
  "Jf": 0.0022733374779584713,
  "BdotN": 0.006956694300826384,
  "lengths": [
    28.392412499637075,
    28.786796324104934,
    30.114055478155798,
    31.358937360526443,
    28.439347786526458,
    28.760255591590457
  ],
  "length": 175.85180504054117,
  "max_curvatures": [
    8.021207848396879,
    8.682436248945672,
    6.487646395059409,
    6.539653798348733,
    5.68007379126108,
    5.0445780444715735
  ],
  "max_max_curvature": 8.682436248945672,
  "coil_coil_distance": 0.9291298792416686,
  "cc_threshold": 0.929350387124011,
  "cc_weight": 814.1570500788614,
  "gradient_norm": 0.10034467222485934,
  "linking_number": 0,
  "directory": "ncoils_6_order_12_R1_4.3_length_target_2.9e+01_weight_0.013_max_curvature_6.8_weight_9.2e-05_msc_6.3_weight_1.2e-06_cc_0.93_weight_8.1e+02",
  "mean_squared_curvatures": [
    0.4816301828636204,
    1.7186021980807082,
    1.1437257093148434,
    1.3047924447493566,
    0.4469300381119648,
    0.8559417268396565
  ],
  "max_mean_squared_curvature": 1.7186021980807082,
  "message": "STOP: TOTAL NO. of ITERATIONS REACHED LIMIT",
  "success": false,
  "iterations": 700,
  "function_evaluations": 961,
  "coil_currents": [
    8275800.701275632,
    8230010.874837341,
    8252815.206593756,
    8250788.269543101,
    7997351.91837516,
    7574647.747464091
  ],
  "coil_surface_distance": 0.6053342782637576
}