{
  "nfp": 4,
  "R0": 11.34443056562854,
  "R1": 4.619081997773856,
  "ncoils": 5,
  "order": 11,
  "nphi": 32,
  "ntheta": 32,
  "length_target": 40.868779988862634,
  "length_weight": 1.6156616760352607,
  "max_curvature_threshold": 0.8694029238411041,
  "max_curvature_weight": 3.429121116935275e-05,
  "msc_threshold": 5.689933347259549,
  "msc_weight": 1.3190233397726449e-06,
  "JF": 0.0020642598892447856,
  "Jf": 0.0019401087855100783,
  "BdotN": 0.00822338598482472,
  "lengths": [
    40.40482488171711,
    42.71753720601716,
    37.1533641912652,
    37.79221941952291,
    46.2761504487293
  ],
  "length": 204.34409614725166,
  "max_curvatures": [
    1.8086905885167557,
    2.8319323969094707,
    1.2207062414380663,
    1.2285921928414438,
    1.422609935303561
  ],
  "max_max_curvature": 2.8319323969094707,
  "coil_coil_distance": 1.0132694660933526,
  "cc_threshold": 1.0394474815201395,
  "cc_weight": 0.24468216759387912,
  "gradient_norm": 0.00965464928613362,
  "linking_number": 0,
  "directory": "ncoils_5_order_11_R1_4.6_length_target_4.1e+01_weight_1.6_max_curvature_0.87_weight_3.4e-05_msc_5.7_weight_1.3e-06_cc_1.0_weight_0.24",
  "mean_squared_curvatures": [
    0.28067506074569315,
    0.43100918752246786,
    0.22068702280413216,
    0.1979985438225998,
    0.3787522749013052
  ],
  "max_mean_squared_curvature": 0.43100918752246786,
  "message": "STOP: TOTAL NO. of ITERATIONS REACHED LIMIT",
  "success": false,
  "iterations": 700,
  "function_evaluations": 759,
  "coil_currents": [
    9973422.901439847,
    9716706.705081187,
    9803508.011375194,
    9503719.602473844,
    9584057.497719012
  ],
  "coil_surface_distance": 1.1712269890937923
}