{
  "nfp": 4,
  "ncoils": 6,
  "R0": 11.34443056562854,
  "R1": 4.536716215259635,
  "order": 16,
  "nphi": 32,
  "ntheta": 32,
  "length_target": 38.66518165796626,
  "length_weight": 0.5797109883982628,
  "max_curvature_threshold": 0.7828127945277021,
  "max_curvature_weight": 3.337834208202628e-05,
  "msc_threshold": 1.3709347045969218,
  "msc_weight": 1.1880704908522818e-05,
  "JF": 0.8876048415090906,
  "Jf": 0.8661322574335587,
  "BdotN": 0.2910995822948491,
  "lengths": [
    37.4598635470551,
    36.116011793015446,
    36.70769732516134,
    39.14819516854634,
    35.676473374106145,
    46.91208513711874
  ],
  "length": 232.0203263450031,
  "max_curvatures": [
    29.69219694093802,
    23.791096358158597,
    23.106379614107585,
    80.29569444715834,
    63.308170404220455,
    19.504512101193637
  ],
  "max_max_curvature": 80.29569444715834,
  "coil_coil_distance": 1.0314235849027855,
  "cc_threshold": 1.0357178869998689,
  "cc_weight": 4325.558799138046,
  "gradient_norm": 13.438458356875056,
  "linking_number": 0,
  "directory": "ncoils_6_order_16_R1_4.5_length_target_3.9e+01_weight_0.58_max_curvature_0.78_weight_3.3e-05_msc_1.4_weight_1.2e-05_cc_1.0_weight_4.3e+03",
  "mean_squared_curvatures": [
    3.840841454802491,
    3.3858628858609148,
    2.0856651722659896,
    9.558952593305243,
    10.197778366103467,
    4.460960783963067
  ],
  "max_mean_squared_curvature": 10.197778366103467,
  "message": "STOP: TOTAL NO. of ITERATIONS REACHED LIMIT",
  "success": false,
  "iterations": 500,
  "function_evaluations": 649,
  "coil_currents": [
    8134749.309687905,
    8224182.390951354,
    8444408.25419402,
    7856614.221975356,
    8222312.2566685695,
    7699148.284611881
  ],
  "coil_surface_distance": 0.05206442605815762
}