{
  "nfp": 4,
  "R0": 11.34443056562854,
  "R1": 4.657109781349135,
  "ncoils": 4,
  "order": 7,
  "nphi": 32,
  "ntheta": 32,
  "length_target": 33.461206106564084,
  "length_weight": 0.010152415666358255,
  "max_curvature_threshold": 4.0639901591697685,
  "max_curvature_weight": 7.468020429357115e-06,
  "msc_threshold": 6.907800363938443,
  "msc_weight": 9.762258995473447e-05,
  "JF": 0.001223011042619969,
  "Jf": 0.0012214748895956846,
  "BdotN": 0.005790157831860935,
  "lengths": [
    35.24022734789633,
    33.84348929495622,
    32.65620195928523,
    32.11799588716083
  ],
  "length": 133.8579144892986,
  "max_curvatures": [
    4.966335638598953,
    4.93109748679415,
    5.039833257431313,
    4.436670452960787
  ],
  "max_max_curvature": 5.039833257431313,
  "coil_coil_distance": 0.6412038112269587,
  "cc_threshold": 0.6417900339149618,
  "cc_weight": 2.6171152945523217,
  "gradient_norm": 0.00661257390522299,
  "linking_number": 0,
  "directory": "ncoils_4_order_7_R1_4.7_length_target_3.3e+01_weight_0.01_max_curvature_4.1_weight_7.5e-06_msc_6.9_weight_9.8e-05_cc_0.64_weight_2.6",
  "mean_squared_curvatures": [
    0.12242480155807503,
    0.15405160574213403,
    0.3741590023325611,
    0.3365994770179362
  ],
  "max_mean_squared_curvature": 0.3741590023325611,
  "message": "ABNORMAL_TERMINATION_IN_LNSRCH",
  "success": false,
  "iterations": 449,
  "function_evaluations": 640,
  "coil_currents": [
    12322310.71447917,
    12252536.860300926,
    12266428.99836984,
    11740138.14493914
  ],
  "coil_surface_distance": 1.4325194095202616
}