{
  "nfp": 4,
  "R0": 11.34443056562854,
  "R1": 4.735470470111097,
  "ncoils": 6,
  "order": 7,
  "nphi": 32,
  "ntheta": 32,
  "length_target": 39.555813082037666,
  "length_weight": 16.303700944831284,
  "max_curvature_threshold": 3.32029719430948,
  "max_curvature_weight": 0.00894512964475756,
  "msc_threshold": 4.114880280434405,
  "msc_weight": 1.7225356377930657e-05,
  "JF": 8.009927726034016,
  "Jf": 0.009925721039166181,
  "BdotN": 0.01568082146605358,
  "lengths": [
    41.32405019860048,
    40.03189426536858,
    38.18947029340953,
    37.09405145551695,
    36.779638983333676,
    43.91603101504328
  ],
  "length": 237.33513621127247,
  "max_curvatures": [
    0.8120468535572662,
    2.2686341070601888,
    3.2508118109959585,
    3.2375857491620166,
    1.8732429105674844,
    3.3573916373712787
  ],
  "max_max_curvature": 3.3573916373712787,
  "coil_coil_distance": 0.9820937252097734,
  "cc_threshold": 0.9821884397055551,
  "cc_weight": 237.82072514105144,
  "gradient_norm": 0.11629497405670469,
  "linking_number": 8,
  "directory": "ncoils_6_order_7_R1_4.7_length_target_4e+01_weight_1.6e+01_max_curvature_3.3_weight_0.0089_msc_4.1_weight_1.7e-05_cc_0.98_weight_2.4e+02",
  "mean_squared_curvatures": [
    0.12196127346127779,
    0.17190816346973675,
    0.26889985826946167,
    0.3114915960802375,
    0.200500706630512,
    0.32785733697855995
  ],
  "max_mean_squared_curvature": 0.32785733697855995,
  "message": "STOP: TOTAL NO. of ITERATIONS REACHED LIMIT",
  "success": false,
  "iterations": 700,
  "function_evaluations": 1004,
  "coil_currents": [
    8285374.520639138,
    7416660.763165281,
    8044658.608009034,
    8170138.149096134,
    7579133.681653868,
    9085448.99552562
  ],
  "coil_surface_distance": 1.1287664734367702
}