{
  "nfp": 4,
  "R0": 11.34443056562854,
  "R1": 4.989375614774958,
  "ncoils": 5,
  "order": 9,
  "nphi": 32,
  "ntheta": 32,
  "length_target": 36.187479015765035,
  "length_weight": 1.7931967954017307,
  "max_curvature_threshold": 2.4497486053490327,
  "max_curvature_weight": 1.7999811875893816e-05,
  "msc_threshold": 3.358396582113217,
  "msc_weight": 2.5716557698950015e-05,
  "JF": 0.001429695221786559,
  "Jf": 0.0013587436669903552,
  "BdotN": 0.006664971463718676,
  "lengths": [
    34.93681985554476,
    35.100890875342756,
    37.66911415154752,
    37.81610017290155,
    35.414858936925405
  ],
  "length": 180.93778399226198,
  "max_curvatures": [
    4.174245240465906,
    2.9648202671841357,
    5.824150589085681,
    6.023395104392947,
    2.9093234369946974
  ],
  "max_max_curvature": 6.023395104392947,
  "coil_coil_distance": 0.9278223159688959,
  "cc_threshold": 0.9278644335096148,
  "cc_weight": 264.3458499691528,
  "gradient_norm": 0.02240079973458454,
  "linking_number": 0,
  "directory": "ncoils_5_order_9_R1_5.0_length_target_3.6e+01_weight_1.8_max_curvature_2.4_weight_1.8e-05_msc_3.4_weight_2.6e-05_cc_0.93_weight_2.6e+02",
  "mean_squared_curvatures": [
    0.38817290486581135,
    0.3022924405062049,
    0.6989704172912152,
    1.0727093874261824,
    0.2924220951895972
  ],
  "max_mean_squared_curvature": 1.0727093874261824,
  "message": "STOP: TOTAL NO. of ITERATIONS REACHED LIMIT",
  "success": false,
  "iterations": 700,
  "function_evaluations": 940,
  "coil_currents": [
    9692415.261763275,
    9762803.51403572,
    9880214.050760334,
    9840161.891051477,
    9405820.000478275
  ],
  "coil_surface_distance": 1.1495237236943967
}