{
  "nfp": 4,
  "R0": 11.34443056562854,
  "R1": 4.403318520682439,
  "ncoils": 5,
  "order": 12,
  "nphi": 32,
  "ntheta": 32,
  "length_target": 43.29293364579574,
  "length_weight": 1.9157562295470025,
  "max_curvature_threshold": 2.963930980832446,
  "max_curvature_weight": 0.00117867386370381,
  "msc_threshold": 6.818143651188255,
  "msc_weight": 3.33583642232018e-05,
  "JF": 3.0215287087316933,
  "Jf": 2.986485170786245,
  "BdotN": 0.25143497221167416,
  "lengths": [
    51.72983753680104,
    45.69736116479851,
    40.67682495646649,
    38.89010865423402,
    39.44663892343161
  ],
  "length": 216.44077123573166,
  "max_curvatures": [
    2.434342302577941,
    2.326103952108841,
    2.4567077464177904,
    1.4953711570973822,
    3.328686268458342
  ],
  "max_max_curvature": 3.328686268458342,
  "coil_coil_distance": 0.08136864528765243,
  "cc_threshold": 0.7713984915852126,
  "cc_weight": 0.027884130145708955,
  "gradient_norm": 2.4212695567363434,
  "linking_number": 0,
  "directory": "ncoils_5_order_12_R1_4.4_length_target_4.3e+01_weight_1.9_max_curvature_3.0_weight_0.0012_msc_6.8_weight_3.3e-05_cc_0.77_weight_0.028",
  "mean_squared_curvatures": [
    0.22102918211167255,
    0.16187570551058988,
    0.18424684394799495,
    0.13694346500547178,
    0.20675828419750106
  ],
  "max_mean_squared_curvature": 0.22102918211167255,
  "message": "ABNORMAL_TERMINATION_IN_LNSRCH",
  "success": false,
  "iterations": 53,
  "function_evaluations": 213,
  "coil_currents": [
    9117197.621448021,
    9193829.103889387,
    9409254.8382073,
    9609990.466854688,
    11251142.687689684
  ],
  "coil_surface_distance": 1.4274385937492675
}