{
  "nfp": 4,
  "R0": 11.34443056562854,
  "R1": 4.800622589956169,
  "ncoils": 3,
  "order": 14,
  "nphi": 32,
  "ntheta": 32,
  "length_target": 45.67407432521808,
  "length_weight": 7.374821849639793,
  "max_curvature_threshold": 2.7442470685440497,
  "max_curvature_weight": 0.001326349388554566,
  "msc_threshold": 0.6198420677122463,
  "msc_weight": 2.6340297051134043e-06,
  "JF": 0.00744445614070885,
  "Jf": 0.00731776223062583,
  "BdotN": 0.018636705878232518,
  "lengths": [
    45.484463396832886,
    45.74658176892706,
    45.792981894506354
  ],
  "length": 137.0240270602663,
  "max_curvatures": [
    3.0926498942949383,
    3.381446921217921,
    2.9644271957700554
  ],
  "max_max_curvature": 3.381446921217921,
  "coil_coil_distance": 1.1066326972376492,
  "cc_threshold": 1.11670469230684,
  "cc_weight": 2.1199944274763016,
  "gradient_norm": 0.35622437887691305,
  "linking_number": 0,
  "directory": "ncoils_3_order_14_R1_4.8_length_target_4.6e+01_weight_7.4_max_curvature_2.7_weight_0.0013_msc_0.62_weight_2.6e-06_cc_1.1_weight_2.1",
  "mean_squared_curvatures": [
    0.47612747089785756,
    0.5115348823403492,
    0.6013376722427052
  ],
  "max_mean_squared_curvature": 0.6013376722427052,
  "message": "STOP: TOTAL NO. of ITERATIONS REACHED LIMIT",
  "success": false,
  "iterations": 700,
  "function_evaluations": 805,
  "coil_currents": [
    16260737.988983287,
    16159951.931687707,
    16160724.797418088
  ],
  "coil_surface_distance": 1.3804985173189062
}