{
  "nfp": 4,
  "R0": 11.34443056562854,
  "R1": 4.495128728694739,
  "ncoils": 5,
  "order": 11,
  "nphi": 32,
  "ntheta": 32,
  "length_target": 43.460472623174965,
  "length_weight": 7.27993697325311,
  "max_curvature_threshold": 1.7448456728274577,
  "max_curvature_weight": 0.00020994750593796135,
  "msc_threshold": 4.524925905989795,
  "msc_weight": 2.5679794090925426e-06,
  "JF": 0.00247572455968848,
  "Jf": 0.0023716609704359107,
  "BdotN": 0.008848664594261759,
  "lengths": [
    43.544618810848625,
    48.26330877460854,
    43.12649276478502,
    38.95335569754482,
    43.4147452304356
  ],
  "length": 217.30252127822263,
  "max_curvatures": [
    2.2431267388530256,
    3.365474506176805,
    2.3745002298566558,
    2.2039019973658034,
    2.6146102586300097
  ],
  "max_max_curvature": 3.365474506176805,
  "coil_coil_distance": 0.8287324360412255,
  "cc_threshold": 0.8293498822867935,
  "cc_weight": 37.69706539777018,
  "gradient_norm": 0.041599166809752536,
  "linking_number": 0,
  "directory": "ncoils_5_order_11_R1_4.5_length_target_4.3e+01_weight_7.3_max_curvature_1.7_weight_0.00021_msc_4.5_weight_2.6e-06_cc_0.83_weight_3.8e+01",
  "mean_squared_curvatures": [
    0.22512679129954052,
    0.38607377992445285,
    0.37401561419245866,
    0.37987603399062847,
    0.36447390576674304
  ],
  "max_mean_squared_curvature": 0.38607377992445285,
  "message": "STOP: TOTAL NO. of ITERATIONS REACHED LIMIT",
  "success": false,
  "iterations": 700,
  "function_evaluations": 854,
  "coil_currents": [
    9578271.952714326,
    9490748.495960567,
    9612499.450928397,
    9592592.044117,
    10307302.774368785
  ],
  "coil_surface_distance": 1.2622874451090313
}