{
  "nfp": 4,
  "R0": 11.34443056562854,
  "R1": 4.374034461567048,
  "ncoils": 4,
  "order": 5,
  "nphi": 32,
  "ntheta": 32,
  "length_target": 39.39441370509437,
  "length_weight": 1.8240799995105192,
  "max_curvature_threshold": 7.829805274274351,
  "max_curvature_weight": 0.0014671027281833852,
  "msc_threshold": 1.8431099173027081,
  "msc_weight": 1.716299282737931e-07,
  "JF": 0.004700430125407333,
  "Jf": 0.0046962214853538695,
  "BdotN": 0.01202915882934927,
  "lengths": [
    40.2727844835226,
    42.108294812438004,
    36.01659806654782,
    39.17895961018607
  ],
  "length": 157.5766369726945,
  "max_curvatures": [
    0.9178171061117143,
    4.2727150250356045,
    1.2012291883697988,
    7.8620436251816495
  ],
  "max_max_curvature": 7.8620436251816495,
  "coil_coil_distance": 1.135719312680371,
  "cc_threshold": 1.1364172505762453,
  "cc_weight": 12.09354423427289,
  "gradient_norm": 0.03764555602027482,
  "linking_number": 0,
  "directory": "ncoils_4_order_5_R1_4.4_length_target_3.9e+01_weight_1.8_max_curvature_7.8_weight_0.0015_msc_1.8_weight_1.7e-07_cc_1.1_weight_1.2e+01",
  "mean_squared_curvatures": [
    0.12710348487255582,
    0.23060260725295273,
    0.10026903927093238,
    0.40121470860483327
  ],
  "max_mean_squared_curvature": 0.40121470860483327,
  "message": "STOP: TOTAL NO. of ITERATIONS REACHED LIMIT",
  "success": false,
  "iterations": 700,
  "function_evaluations": 832,
  "coil_currents": [
    12492729.77281687,
    12669244.681314085,
    12356527.820620863,
    11062912.443337262
  ],
  "coil_surface_distance": 1.2926954823353636
}