{
  "nfp": 4,
  "R0": 11.34443056562854,
  "R1": 4.8855659505388775,
  "ncoils": 3,
  "order": 14,
  "nphi": 32,
  "ntheta": 32,
  "length_target": 32.66890504112824,
  "length_weight": 52.45729008885276,
  "max_curvature_threshold": 1.0706570106835682,
  "max_curvature_weight": 0.009976218098942965,
  "msc_threshold": 6.930525806399633,
  "msc_weight": 2.8952061434423087e-05,
  "JF": 0.03930421731888638,
  "Jf": 0.0390839830311274,
  "BdotN": 0.03167849283313943,
  "lengths": [
    33.87718245810277,
    32.41357317913826,
    31.71609391907178
  ],
  "length": 98.00684955631282,
  "max_curvatures": [
    1.1944235550771365,
    1.2253085132914427,
    1.230659425689482
  ],
  "max_max_curvature": 1.230659425689482,
  "coil_coil_distance": 0.8977082214413062,
  "cc_threshold": 0.9852379622385705,
  "cc_weight": 0.05793281119897176,
  "gradient_norm": 0.060748517096639504,
  "linking_number": 0,
  "directory": "ncoils_3_order_14_R1_4.9_length_target_3.3e+01_weight_5.2e+01_max_curvature_1.1_weight_0.01_msc_6.9_weight_2.9e-05_cc_0.99_weight_0.058",
  "mean_squared_curvatures": [
    0.09507864797170267,
    0.1293849299928077,
    0.18690291962015032
  ],
  "max_mean_squared_curvature": 0.18690291962015032,
  "message": "STOP: TOTAL NO. of ITERATIONS REACHED LIMIT",
  "success": false,
  "iterations": 700,
  "function_evaluations": 825,
  "coil_currents": [
    16268165.89207865,
    16247085.205011452,
    16066163.620998979
  ],
  "coil_surface_distance": 1.457821604808584
}