{
  "nfp": 4,
  "R0": 11.34443056562854,
  "R1": 4.894926310088954,
  "ncoils": 6,
  "order": 6,
  "nphi": 32,
  "ntheta": 32,
  "length_target": 39.312069446022576,
  "length_weight": 36.592066504598144,
  "max_curvature_threshold": 7.136683895165513,
  "max_curvature_weight": 0.0006201619140309867,
  "msc_threshold": 1.4331484245071684,
  "msc_weight": 7.639721556697216e-05,
  "JF": 0.006693803590982479,
  "Jf": 0.006677409713078832,
  "BdotN": 0.011549020525694294,
  "lengths": [
    41.858884179477,
    42.03969436585354,
    38.939449783425886,
    43.753745543535445,
    35.785739362017914,
    33.495304949222636
  ],
  "length": 235.87281818353242,
  "max_curvatures": [
    6.681701905746533,
    3.408936758693199,
    7.38845977350548,
    7.229028641770227,
    1.7197909723865465,
    3.948298750343466
  ],
  "max_max_curvature": 7.38845977350548,
  "coil_coil_distance": 0.9539711383697674,
  "cc_threshold": 0.9548113312089417,
  "cc_weight": 8.914678186292482,
  "gradient_norm": 0.3141257648722454,
  "linking_number": 0,
  "directory": "ncoils_6_order_6_R1_4.9_length_target_3.9e+01_weight_3.7e+01_max_curvature_7.1_weight_0.00062_msc_1.4_weight_7.6e-05_cc_0.95_weight_8.9",
  "mean_squared_curvatures": [
    0.2597840979916922,
    0.1658049635802209,
    0.23108081934878835,
    0.3600522705312366,
    0.18846877896548375,
    0.2685916990252938
  ],
  "max_mean_squared_curvature": 0.3600522705312366,
  "message": "STOP: TOTAL NO. of ITERATIONS REACHED LIMIT",
  "success": false,
  "iterations": 700,
  "function_evaluations": 826,
  "coil_currents": [
    8319561.355486362,
    8190462.24928241,
    8297315.4772831155,
    8845451.153153898,
    8130062.232695169,
    6798562.250188127
  ],
  "coil_surface_distance": 1.1575331685278047
}