{
  "nfp": 4,
  "ncoils": 6,
  "R0": 11.34443056562854,
  "R1": 4.3273495069381935,
  "order": 11,
  "nphi": 32,
  "ntheta": 32,
  "length_target": 43.53302467512475,
  "length_weight": 0.10876570228440348,
  "max_curvature_threshold": 2.341339987266853,
  "max_curvature_weight": 6.874051716701229e-06,
  "msc_threshold": 1.8467572275663664,
  "msc_weight": 1.4560540086035152e-06,
  "JF": 0.001378155114683919,
  "Jf": 0.0012193107416603511,
  "BdotN": 0.005694904945504538,
  "lengths": [
    40.265802506867416,
    42.76399767540819,
    39.617513839802044,
    41.256327400092474,
    41.26321813471536,
    56.03199160430828
  ],
  "length": 261.1988511611938,
  "max_curvatures": [
    5.546249016882581,
    6.971107969232469,
    5.1926534642941835,
    7.0247404874928785,
    6.934245415785616,
    8.80359011814327
  ],
  "max_max_curvature": 8.80359011814327,
  "coil_coil_distance": 0.9188011365105744,
  "cc_threshold": 0.9188244781442094,
  "cc_weight": 269.47011123600726,
  "gradient_norm": 0.019013936539414158,
  "linking_number": 0,
  "directory": "ncoils_6_order_11_R1_4.3_length_target_4.4e+01_weight_0.11_max_curvature_2.3_weight_6.9e-06_msc_1.8_weight_1.5e-06_cc_0.92_weight_2.7e+02",
  "mean_squared_curvatures": [
    0.9728455268707366,
    1.1706587355501612,
    0.7807032804594337,
    1.4479979190479284,
    1.3668487292443987,
    1.653474608665518
  ],
  "max_mean_squared_curvature": 1.653474608665518,
  "message": "STOP: TOTAL NO. of ITERATIONS REACHED LIMIT",
  "success": false,
  "iterations": 700,
  "function_evaluations": 1082,
  "coil_currents": [
    7842869.179390421,
    7898988.971708526,
    7876462.99143254,
    7965166.650559572,
    8067628.8589188075,
    8930298.066079214
  ],
  "coil_surface_distance": 0.8014709123959342
}