{
  "nfp": 4,
  "R0": 11.34443056562854,
  "R1": 4.6777811704816,
  "ncoils": 5,
  "order": 12,
  "nphi": 32,
  "ntheta": 32,
  "length_target": 32.3076725034464,
  "length_weight": 0.030780325514150154,
  "max_curvature_threshold": 3.657413077682776,
  "max_curvature_weight": 0.0007059547451750873,
  "msc_threshold": 7.7718143931025745,
  "msc_weight": 1.7592505233520606e-06,
  "JF": 0.0010823054789713118,
  "Jf": 0.0010803441391148381,
  "BdotN": 0.005696189804671794,
  "lengths": [
    32.81000519536828,
    31.98953533598562,
    33.03696025052731,
    32.842922802496894,
    30.8608964265806
  ],
  "length": 161.5403200109587,
  "max_curvatures": [
    3.731474113859073,
    3.5614028251927343,
    3.6825838050513995,
    3.6878650234168244,
    3.6737375510462438
  ],
  "max_max_curvature": 3.731474113859073,
  "coil_coil_distance": 0.974098467828152,
  "cc_threshold": 0.9752216781451521,
  "cc_weight": 7.796297004269871,
  "gradient_norm": 0.0033854608215730434,
  "linking_number": 0,
  "directory": "ncoils_5_order_12_R1_4.7_length_target_3.2e+01_weight_0.031_max_curvature_3.7_weight_0.00071_msc_7.8_weight_1.8e-06_cc_0.98_weight_7.8",
  "mean_squared_curvatures": [
    0.2262439957013143,
    0.315389158250899,
    0.3390968087314049,
    0.5475477965986613,
    0.6382955245724982
  ],
  "max_mean_squared_curvature": 0.6382955245724982,
  "message": "STOP: TOTAL NO. of ITERATIONS REACHED LIMIT",
  "success": false,
  "iterations": 700,
  "function_evaluations": 801,
  "coil_currents": [
    9768985.416657077,
    9700030.929692045,
    9696483.36683273,
    9694984.868802313,
    9720930.136104919
  ],
  "coil_surface_distance": 1.201556654079345
}