{
  "nfp": 4,
  "R0": 11.34443056562854,
  "R1": 4.251073450276519,
  "ncoils": 5,
  "order": 13,
  "nphi": 32,
  "ntheta": 32,
  "length_target": 37.00001489992907,
  "length_weight": 44.789784980069804,
  "max_curvature_threshold": 6.611821280553493,
  "max_curvature_weight": 0.00464237982358936,
  "msc_threshold": 1.0523286405426986,
  "msc_weight": 1.6261481002588185e-06,
  "JF": 0.001968233510394962,
  "Jf": 0.0019653418338550135,
  "BdotN": 0.010974749763943177,
  "lengths": [
    38.19481198052508,
    36.82959000072943,
    37.09438093324118,
    35.26419980385839,
    37.61735628955063
  ],
  "length": 185.0003390079047,
  "max_curvatures": [
    4.937457406543276,
    6.493665204264152,
    6.651168856191809,
    6.638295500296369,
    6.7052935384247645
  ],
  "max_max_curvature": 6.7052935384247645,
  "coil_coil_distance": 0.6414362941485341,
  "cc_threshold": 0.6416409248056517,
  "cc_weight": 324.3504571884666,
  "gradient_norm": 0.32145929635704545,
  "linking_number": 0,
  "directory": "ncoils_5_order_13_R1_4.3_length_target_3.7e+01_weight_4.5e+01_max_curvature_6.6_weight_0.0046_msc_1.1_weight_1.6e-06_cc_0.64_weight_3.2e+02",
  "mean_squared_curvatures": [
    0.7474097425801195,
    0.4719514635927838,
    0.7288825652905988,
    0.6864027549656797,
    0.8746048798996335
  ],
  "max_mean_squared_curvature": 0.8746048798996335,
  "message": "STOP: TOTAL NO. of ITERATIONS REACHED LIMIT",
  "success": false,
  "iterations": 700,
  "function_evaluations": 880,
  "coil_currents": [
    9690613.022213273,
    9651532.535452297,
    9675694.474545797,
    9659063.890069095,
    9904510.795808613
  ],
  "coil_surface_distance": 1.2602800667070113
}