{
  "nfp": 4,
  "R0": 11.34443056562854,
  "R1": 4.243575615237275,
  "ncoils": 5,
  "order": 15,
  "nphi": 32,
  "ntheta": 32,
  "length_target": 31.011179807862263,
  "length_weight": 18.12214867070629,
  "max_curvature_threshold": 0.8000259894931168,
  "max_curvature_weight": 1.3089769754943107e-05,
  "msc_threshold": 5.627867505339674,
  "msc_weight": 5.103961340758479e-06,
  "JF": 0.0007827713803786096,
  "Jf": 0.0007346348260178827,
  "BdotN": 0.004740750761471399,
  "lengths": [
    33.04896892689161,
    32.08991850866465,
    30.619377734142777,
    29.671809387680014,
    29.625835393802152
  ],
  "length": 155.0559099511812,
  "max_curvatures": [
    1.1734858342467183,
    1.2586248705175105,
    1.7176224227704622,
    2.6050487105913094,
    3.83595519895536
  ],
  "max_max_curvature": 3.83595519895536,
  "coil_coil_distance": 0.8115799294490499,
  "cc_threshold": 0.8465246943555661,
  "cc_weight": 0.035176506145440795,
  "gradient_norm": 0.003821335672545049,
  "linking_number": 0,
  "directory": "ncoils_5_order_15_R1_4.2_length_target_3.1e+01_weight_1.8e+01_max_curvature_0.8_weight_1.3e-05_msc_5.6_weight_5.1e-06_cc_0.85_weight_0.035",
  "mean_squared_curvatures": [
    0.15831103541512628,
    0.15073616037035734,
    0.1753595198797788,
    0.24307098601907526,
    0.2799578917237962
  ],
  "max_mean_squared_curvature": 0.2799578917237962,
  "message": "STOP: TOTAL NO. of ITERATIONS REACHED LIMIT",
  "success": false,
  "iterations": 700,
  "function_evaluations": 825,
  "coil_currents": [
    9698710.79849025,
    9645058.343515204,
    9593742.374852322,
    9620426.287542297,
    10023476.91368901
  ],
  "coil_surface_distance": 1.2071171366751932
}