{
  "nfp": 4,
  "R0": 11.34443056562854,
  "R1": 4.736323684789057,
  "ncoils": 6,
  "order": 7,
  "nphi": 32,
  "ntheta": 32,
  "length_target": 36.69238367417684,
  "length_weight": 33.44052457129842,
  "max_curvature_threshold": 0.39023028419696976,
  "max_curvature_weight": 3.1730358015599144e-05,
  "msc_threshold": 4.71775589485303,
  "msc_weight": 3.250116696655609e-06,
  "JF": 0.004150281645372853,
  "Jf": 0.0036584702866446707,
  "BdotN": 0.016864399690862005,
  "lengths": [
    37.77525721166112,
    38.221158185172726,
    39.58303529923895,
    35.78314219171063,
    32.48559068048965,
    36.306252384840114
  ],
  "length": 220.1544359531132,
  "max_curvatures": [
    2.668832631500454,
    3.261714531549481,
    5.596575973960004,
    3.420943272385047,
    3.0788726710037233,
    4.584158286461941
  ],
  "max_max_curvature": 5.596575973960004,
  "coil_coil_distance": 0.8740619003230731,
  "cc_threshold": 0.8744157279942697,
  "cc_weight": 23.13431534750357,
  "gradient_norm": 0.09332873858921129,
  "linking_number": 0,
  "directory": "ncoils_6_order_7_R1_4.7_length_target_3.7e+01_weight_3.3e+01_max_curvature_0.39_weight_3.2e-05_msc_4.7_weight_3.3e-06_cc_0.87_weight_2.3e+01",
  "mean_squared_curvatures": [
    0.1905317189854528,
    0.23773220442939536,
    0.33870834986181353,
    0.26396109137684437,
    0.28697276696176083,
    0.43662221881839974
  ],
  "max_mean_squared_curvature": 0.43662221881839974,
  "message": "STOP: TOTAL NO. of ITERATIONS REACHED LIMIT",
  "success": false,
  "iterations": 700,
  "function_evaluations": 836,
  "coil_currents": [
    8019098.519522834,
    7943524.593802456,
    8010896.455859614,
    7583809.628562096,
    7473699.542250002,
    9550385.978092082
  ],
  "coil_surface_distance": 1.0921254243461893
}