{
  "nfp": 4,
  "R0": 11.34443056562854,
  "R1": 4.498754751466149,
  "ncoils": 6,
  "order": 6,
  "nphi": 32,
  "ntheta": 32,
  "length_target": 30.435475388745136,
  "length_weight": 0.37740304998542906,
  "max_curvature_threshold": 4.5502636213742695,
  "max_curvature_weight": 4.912746135230242e-05,
  "msc_threshold": 1.7856842967585815,
  "msc_weight": 3.304893432550081e-06,
  "JF": 0.00068064223166409,
  "Jf": 0.0006785545700881811,
  "BdotN": 0.004267761506199825,
  "lengths": [
    34.734909616947874,
    33.43071183315096,
    29.240972738996465,
    29.967629105103033,
    28.58451553149755,
    26.654124171901262
  ],
  "length": 182.61286299759712,
  "max_curvatures": [
    1.7367787134705501,
    2.907680209813019,
    2.5348362680610754,
    1.2905747893054234,
    3.872791551346037,
    4.831733791807985
  ],
  "max_max_curvature": 4.831733791807985,
  "coil_coil_distance": 0.8790755117399562,
  "cc_threshold": 0.8802868445897636,
  "cc_weight": 2.3265654522861174,
  "gradient_norm": 0.0013858642352498533,
  "linking_number": 0,
  "directory": "ncoils_6_order_6_R1_4.5_length_target_3e+01_weight_0.38_max_curvature_4.6_weight_4.9e-05_msc_1.8_weight_3.3e-06_cc_0.88_weight_2.3",
  "mean_squared_curvatures": [
    0.1793538959307304,
    0.2290991448658419,
    0.21108989369208242,
    0.18089754472179267,
    0.3059887999642212,
    0.43036707020942866
  ],
  "max_mean_squared_curvature": 0.43036707020942866,
  "message": "STOP: TOTAL NO. of ITERATIONS REACHED LIMIT",
  "success": false,
  "iterations": 700,
  "function_evaluations": 747,
  "coil_currents": [
    9363810.746796798,
    10203926.739457294,
    7073750.826355985,
    8209704.590471333,
    8131815.863198867,
    5598405.951808803
  ],
  "coil_surface_distance": 1.1689599651983125
}