{
  "nfp": 4,
  "R0": 11.34443056562854,
  "R1": 4.931439117180163,
  "ncoils": 6,
  "order": 12,
  "nphi": 32,
  "ntheta": 32,
  "length_target": 31.41296892194905,
  "length_weight": 0.020285970290702355,
  "max_curvature_threshold": 1.0761481027561084,
  "max_curvature_weight": 6.71132525752577e-06,
  "msc_threshold": 6.8250997857126166,
  "msc_weight": 1.6804666435120066e-07,
  "JF": 0.0008347905007779555,
  "Jf": 0.0007676314513375634,
  "BdotN": 0.005686916083141327,
  "lengths": [
    33.67414948139896,
    32.221729961968755,
    31.78328403848611,
    31.91187982865539,
    30.517106615730995,
    28.370910522717654
  ],
  "length": 188.47906044895788,
  "max_curvatures": [
    1.8452488660169464,
    1.4197908611728327,
    3.042938396902076,
    3.1516210103934625,
    2.4088560858534076,
    3.6321522357396874
  ],
  "max_max_curvature": 3.6321522357396874,
  "coil_coil_distance": 0.9697283862042679,
  "cc_threshold": 0.9944384077050912,
  "cc_weight": 0.08205896565221137,
  "gradient_norm": 0.0008592520591797046,
  "linking_number": 0,
  "directory": "ncoils_6_order_12_R1_4.9_length_target_3.1e+01_weight_0.02_max_curvature_1.1_weight_6.7e-06_msc_6.8_weight_1.7e-07_cc_0.99_weight_0.082",
  "mean_squared_curvatures": [
    0.24257214931112317,
    0.20663516961129494,
    0.4312065244614821,
    0.40109665183190674,
    0.49652105084903286,
    0.7815977907285075
  ],
  "max_mean_squared_curvature": 0.7815977907285075,
  "message": "STOP: TOTAL NO. of ITERATIONS REACHED LIMIT",
  "success": false,
  "iterations": 700,
  "function_evaluations": 719,
  "coil_currents": [
    9582639.537629139,
    8573898.558289794,
    7959743.569400137,
    8557103.690374432,
    7858516.233099052,
    6049513.129296526
  ],
  "coil_surface_distance": 0.7918698264150984
}