{
  "nfp": 4,
  "R0": 11.34443056562854,
  "R1": 4.655358518555371,
  "ncoils": 6,
  "order": 11,
  "nphi": 32,
  "ntheta": 32,
  "length_target": 35.92970652982976,
  "length_weight": 0.3364541922065573,
  "max_curvature_threshold": 4.159955616079386,
  "max_curvature_weight": 0.000997748589316874,
  "msc_threshold": 6.726989115244828,
  "msc_weight": 9.152928911898934e-07,
  "JF": 0.00028276212904401466,
  "Jf": 0.00028273484880920856,
  "BdotN": 0.005353544659628415,
  "lengths": [
    34.79010922033652,
    34.64845648593318,
    36.55737108311006,
    34.93421922229577,
    36.15257240395641,
    38.49547577253218
  ],
  "length": 215.57820418816414,
  "max_curvatures": [
    3.323775355384818,
    2.506563973715453,
    4.1349615151488806,
    3.5652405166577354,
    4.013678621919365,
    4.018908601460222
  ],
  "max_max_curvature": 4.1349615151488806,
  "coil_coil_distance": 0.7308761399182324,
  "cc_threshold": 0.7309674578303027,
  "cc_weight": 177.787598493187,
  "gradient_norm": 0.002664718141814166,
  "linking_number": 0,
  "directory": "ncoils_6_order_11_R1_4.7_length_target_3.6e+01_weight_0.34_max_curvature_4.2_weight_0.001_msc_6.7_weight_9.2e-07_cc_0.73_weight_1.8e+02",
  "mean_squared_curvatures": [
    0.3808894768097661,
    0.3089133143342605,
    0.7929053632373689,
    0.5284406546502498,
    0.626813788810634,
    0.6156647392879763
  ],
  "max_mean_squared_curvature": 0.7929053632373689,
  "message": "STOP: TOTAL NO. of ITERATIONS REACHED LIMIT",
  "success": false,
  "iterations": 700,
  "function_evaluations": 894,
  "coil_currents": [
    8136550.283200336,
    8088328.581889303,
    8186162.185565276,
    7988206.742235616,
    7954175.46066045,
    8227991.464538097
  ],
  "coil_surface_distance": 1.2225958972489606
}