{
  "nfp": 4,
  "ncoils": 6,
  "R0": 11.34443056562854,
  "R1": 4.5280610509037285,
  "order": 14,
  "nphi": 32,
  "ntheta": 32,
  "length_target": 35.60291070019625,
  "length_weight": 6.063397432375724,
  "max_curvature_threshold": 2.651568095486076,
  "max_curvature_weight": 1.8440116173627244e-07,
  "msc_threshold": 2.193052678112537,
  "msc_weight": 1.1336871022304894e-05,
  "JF": 0.005371018991813176,
  "Jf": 0.005141804122008734,
  "BdotN": 0.01355987585314624,
  "lengths": [
    35.86756285845415,
    35.80493329071645,
    35.957492041035586,
    34.418571334886735,
    34.5180537050272,
    37.05163223837528
  ],
  "length": 213.6182454684954,
  "max_curvatures": [
    30.21911116022366,
    24.079599859203977,
    36.517662235781266,
    43.67695744471678,
    48.75192456987433,
    45.04764177135419
  ],
  "max_max_curvature": 48.75192456987433,
  "coil_coil_distance": 0.9649805876850256,
  "cc_threshold": 0.9877133830533907,
  "cc_weight": 1.1579111454064333,
  "gradient_norm": 0.3436184691485537,
  "linking_number": 0,
  "directory": "ncoils_6_order_14_R1_4.5_length_target_3.6e+01_weight_6.1_max_curvature_2.7_weight_1.8e-07_msc_2.2_weight_1.1e-05_cc_0.99_weight_1.2",
  "mean_squared_curvatures": [
    2.6640285601516656,
    1.9456521407196363,
    1.6081237671861184,
    2.678795403782253,
    3.162298188136175,
    2.5592479244044526
  ],
  "max_mean_squared_curvature": 3.162298188136175,
  "message": "STOP: TOTAL NO. of ITERATIONS REACHED LIMIT",
  "success": false,
  "iterations": 500,
  "function_evaluations": 632,
  "coil_currents": [
    8262866.854621157,
    8180900.837795308,
    8021676.820717872,
    7763513.585699404,
    8213425.644183499,
    8139030.97507184
  ],
  "coil_surface_distance": 1.0689551554736398
}