{
  "nfp": 4,
  "R0": 11.34443056562854,
  "R1": 4.329527538092095,
  "ncoils": 6,
  "order": 8,
  "nphi": 32,
  "ntheta": 32,
  "length_target": 28.358597637496853,
  "length_weight": 0.016128039362244828,
  "max_curvature_threshold": 6.655538600099081,
  "max_curvature_weight": 3.6019181460048724e-05,
  "msc_threshold": 4.749285209402204,
  "msc_weight": 2.872752127056157e-07,
  "JF": 0.0020687615320546357,
  "Jf": 0.0020639254897895087,
  "BdotN": 0.007864533709853884,
  "lengths": [
    30.233265286353443,
    29.272448546138463,
    29.24959373160197,
    27.738580539060706,
    27.607703261129032,
    26.05250911658618
  ],
  "length": 170.15410048086977,
  "max_curvatures": [
    6.9391708931112275,
    6.841336530620152,
    6.890415790679269,
    6.919812236866719,
    7.422372871957944,
    4.928296703678322
  ],
  "max_max_curvature": 7.422372871957944,
  "coil_coil_distance": 0.9880561136902684,
  "cc_threshold": 0.9894748191718743,
  "cc_weight": 11.90563042451866,
  "gradient_norm": 0.0038703117089071153,
  "linking_number": 0,
  "directory": "ncoils_6_order_8_R1_4.3_length_target_2.8e+01_weight_0.016_max_curvature_6.7_weight_3.6e-05_msc_4.7_weight_2.9e-07_cc_0.99_weight_1.2e+01",
  "mean_squared_curvatures": [
    0.3847352333464232,
    0.5856375064262339,
    0.4326708095271954,
    0.4180440811163156,
    1.321094690292697,
    0.6931676350657082
  ],
  "max_mean_squared_curvature": 1.321094690292697,
  "message": "STOP: TOTAL NO. of ITERATIONS REACHED LIMIT",
  "success": false,
  "iterations": 700,
  "function_evaluations": 745,
  "coil_currents": [
    8659815.833839279,
    8081826.447666401,
    8130069.503987645,
    8196338.443440798,
    7956917.909838359,
    7556446.579316601
  ],
  "coil_surface_distance": 0.7474622756715439
}