{
  "nfp": 4,
  "R0": 11.34443056562854,
  "R1": 4.863831317424012,
  "ncoils": 6,
  "order": 12,
  "nphi": 32,
  "ntheta": 32,
  "length_target": 34.319189260007576,
  "length_weight": 0.052941802587595406,
  "max_curvature_threshold": 3.580074542797883,
  "max_curvature_weight": 0.0001238431484263614,
  "msc_threshold": 3.0950435186130956,
  "msc_weight": 2.4280137765201944e-07,
  "JF": 0.022825205917016627,
  "Jf": 0.02254001286085193,
  "BdotN": 0.04271809839873433,
  "lengths": [
    32.46765524265678,
    34.94714655450379,
    36.9583787811082,
    29.545244287133134,
    39.956477517691056,
    32.04636836617753
  ],
  "length": 205.9212707492705,
  "max_curvatures": [
    3.2904522049482834,
    5.17548607005127,
    3.7195468426463707,
    7.355224633778422,
    8.71156616979081,
    5.970369909506226
  ],
  "max_max_curvature": 8.71156616979081,
  "coil_coil_distance": 1.1029238378420758,
  "cc_threshold": 1.1049563668858182,
  "cc_weight": 50.53876951625824,
  "gradient_norm": 0.42006786967262233,
  "linking_number": 0,
  "directory": "ncoils_6_order_12_R1_4.9_length_target_3.4e+01_weight_0.053_max_curvature_3.6_weight_0.00012_msc_3.1_weight_2.4e-07_cc_1.1_weight_5.1e+01",
  "mean_squared_curvatures": [
    0.27581859741979486,
    0.5368417666127935,
    0.30001817202461145,
    1.4688530109637776,
    1.5035848795543152,
    1.2247134206527397
  ],
  "max_mean_squared_curvature": 1.5035848795543152,
  "message": "STOP: TOTAL NO. of ITERATIONS REACHED LIMIT",
  "success": false,
  "iterations": 700,
  "function_evaluations": 773,
  "coil_currents": [
    8407907.404656624,
    8454328.119806489,
    8590100.342565479,
    7339821.924810663,
    7795596.223141899,
    7993660.703107923
  ],
  "coil_surface_distance": 0.07791243518695798
}