{
  "nfp": 4,
  "R0": 11.34443056562854,
  "R1": 4.966835680636569,
  "ncoils": 6,
  "order": 14,
  "nphi": 32,
  "ntheta": 32,
  "length_target": 33.28770758269907,
  "length_weight": 48.14165297067987,
  "max_curvature_threshold": 2.132460744497374,
  "max_curvature_weight": 6.064041413614621e-05,
  "msc_threshold": 1.6358219868699688,
  "msc_weight": 8.598976839309484e-07,
  "JF": 0.0009136288909694749,
  "Jf": 0.0008949028393560693,
  "BdotN": 0.006926985080407638,
  "lengths": [
    33.877323349378045,
    33.592078726536805,
    33.01825318494043,
    33.353701346775416,
    32.66342412466594,
    33.22128439514028
  ],
  "length": 199.7260651274369,
  "max_curvatures": [
    2.6158030029608863,
    2.2458983288382472,
    2.4956136495163435,
    2.775230103390442,
    2.08406826428165,
    3.5537412283025946
  ],
  "max_max_curvature": 3.5537412283025946,
  "coil_coil_distance": 0.5997724447670351,
  "cc_threshold": 0.6018050297314045,
  "cc_weight": 2.185099476003242,
  "gradient_norm": 0.20181658345286352,
  "linking_number": 0,
  "directory": "ncoils_6_order_14_R1_5.0_length_target_3.3e+01_weight_4.8e+01_max_curvature_2.1_weight_6.1e-05_msc_1.6_weight_8.6e-07_cc_0.6_weight_2.2",
  "mean_squared_curvatures": [
    0.3068887841292647,
    0.2820961586595448,
    0.2548916727683652,
    0.3007990308096862,
    0.210335068208872,
    0.34279843228049983
  ],
  "max_mean_squared_curvature": 0.34279843228049983,
  "message": "STOP: TOTAL NO. of ITERATIONS REACHED LIMIT",
  "success": false,
  "iterations": 700,
  "function_evaluations": 860,
  "coil_currents": [
    8078180.834133036,
    8029433.965440965,
    7992626.892202155,
    7993286.521565551,
    8034441.779904677,
    8453444.724842697
  ],
  "coil_surface_distance": 1.2198979287312306
}