{
  "nfp": 4,
  "R0": 11.34443056562854,
  "R1": 4.9006385372084,
  "ncoils": 6,
  "order": 15,
  "nphi": 32,
  "ntheta": 32,
  "length_target": 32.4339034626468,
  "length_weight": 0.027376766085269445,
  "max_curvature_threshold": 3.7708921899141865,
  "max_curvature_weight": 9.175225793511542e-05,
  "msc_threshold": 1.2430748061643482,
  "msc_weight": 2.982968337466158e-07,
  "JF": 0.021686352138830432,
  "Jf": 0.020208465751085033,
  "BdotN": 0.053212538329333994,
  "lengths": [
    31.245391119879898,
    33.51062975787493,
    33.55333168192124,
    37.739748454283976,
    28.520760444225274,
    30.042784531682006
  ],
  "length": 194.6126459898673,
  "max_curvatures": [
    4.02702038556185,
    5.340915142618177,
    5.251698659557102,
    6.154457139960968,
    8.24374498017141,
    15.790600028177732
  ],
  "max_max_curvature": 15.790600028177732,
  "coil_coil_distance": 1.0064340782550463,
  "cc_threshold": 1.0076912240021028,
  "cc_weight": 389.4089616882636,
  "gradient_norm": 1.7161860193849967,
  "linking_number": 0,
  "directory": "ncoils_6_order_15_R1_4.9_length_target_3.2e+01_weight_0.027_max_curvature_3.8_weight_9.2e-05_msc_1.2_weight_3e-07_cc_1.0_weight_3.9e+02",
  "mean_squared_curvatures": [
    0.41660113821578315,
    0.9747630989000274,
    0.9055091449863782,
    0.9574953393562674,
    3.8112062164927356,
    4.629311863104188
  ],
  "max_mean_squared_curvature": 4.629311863104188,
  "message": "STOP: TOTAL NO. of ITERATIONS REACHED LIMIT",
  "success": false,
  "iterations": 700,
  "function_evaluations": 849,
  "coil_currents": [
    7690115.6576995,
    7843834.917835043,
    8017754.03994942,
    8350465.677271055,
    7410554.420888388,
    9268690.00444568
  ],
  "coil_surface_distance": 0.0162021757960495
}