{
  "nfp": 4,
  "ncoils": 6,
  "R0": 11.34443056562854,
  "R1": 4.646767673625899,
  "order": 16,
  "nphi": 32,
  "ntheta": 32,
  "length_target": 36.29680394965788,
  "length_weight": 1.1590624396476379,
  "max_curvature_threshold": 1.0398330207720836,
  "max_curvature_weight": 1.1357174463552403e-07,
  "msc_threshold": 1.0198176295966808,
  "msc_weight": 2.5245911967329158e-06,
  "JF": 0.00094836988467719,
  "Jf": 0.0009323315391710349,
  "BdotN": 0.005302706371050823,
  "lengths": [
    36.058856767240954,
    35.78688649213898,
    36.824812636927234,
    35.26057548527785,
    35.901288738265805,
    37.94875589561785
  ],
  "length": 217.78117601546865,
  "max_curvatures": [
    7.192758116367301,
    11.923769443350487,
    31.150015757142675,
    10.712759664719737,
    18.02977855379692,
    31.202293698920226
  ],
  "max_max_curvature": 31.202293698920226,
  "coil_coil_distance": 0.8974062363723933,
  "cc_threshold": 0.9001944615231351,
  "cc_weight": 1.658189201999955,
  "gradient_norm": 0.01136992775789966,
  "linking_number": 0,
  "directory": "ncoils_6_order_16_R1_4.6_length_target_3.6e+01_weight_1.2_max_curvature_1.0_weight_1.1e-07_msc_1.0_weight_2.5e-06_cc_0.9_weight_1.7",
  "mean_squared_curvatures": [
    0.44786435198182223,
    0.5783292474005127,
    0.7433184100672815,
    0.4740658555771005,
    1.5009497789345014,
    2.1511999554844983
  ],
  "max_mean_squared_curvature": 2.1511999554844983,
  "message": "STOP: TOTAL NO. of ITERATIONS REACHED LIMIT",
  "success": false,
  "iterations": 500,
  "function_evaluations": 547,
  "coil_currents": [
    8139795.3359585935,
    7993676.948513664,
    7908608.1948095625,
    7800639.490180533,
    7938803.53229687,
    8799891.216329858
  ],
  "coil_surface_distance": 1.0756086318902178
}