RBC(1,0);RBC(-1,1);RBC(0,1);RBC(1,1);ZBS(1,0);ZBS(-1,1);ZBS(0,1);ZBS(1,1);mean_iota;aspect;growth_rate;quasisymmetry;well;effective_1o_time
-0.2;-0.05729377594104527;0.1536202106511834;-0.008062742779703903;0.09856453181270572;0.07540378417127247;0.1575976955974668;-0.01472240804165239;-0.2524560319934268;7.0501708767860665;0.13167845926340976;31.895504088423948;0.1919572148095039;0.0
-0.06666666666666668;-0.05729377594104527;0.1536202106511834;-0.008062742779703903;0.09856453181270572;0.07540378417127247;0.1575976955974668;-0.01472240804165239;-0.45883288676160894;7.036679090547896;0.13948640077390836;7.641962538410771;-0.015935690249614227;0.0
