{
  "nfp": 4,
  "R0": 11.34443056562854,
  "R1": 4.854628640684769,
  "ncoils": 4,
  "order": 8,
  "nphi": 32,
  "ntheta": 32,
  "length_target": 44.50488688333097,
  "length_weight": 0.07995089348053523,
  "max_curvature_threshold": 6.911315146997771,
  "max_curvature_weight": 1.3358897265829e-06,
  "msc_threshold": 6.811851119961914,
  "msc_weight": 5.772125885665458e-05,
  "JF": 0.00047687934812758284,
  "Jf": 0.0004691048213540078,
  "BdotN": 0.004749969732624676,
  "lengths": [
    46.12449601568862,
    40.97936269534161,
    40.29217426623829,
    50.6235795341506
  ],
  "length": 178.01961251141913,
  "max_curvatures": [
    14.209258904808923,
    17.370642658574546,
    7.839519817943705,
    8.194717332712552
  ],
  "max_max_curvature": 17.370642658574546,
  "coil_coil_distance": 0.7783849755622922,
  "cc_threshold": 0.7821500861744355,
  "cc_weight": 43.07870803454093,
  "gradient_norm": 0.15721669298488716,
  "linking_number": 0,
  "directory": "ncoils_4_order_8_R1_4.9_length_target_4.5e+01_weight_0.08_max_curvature_6.9_weight_1.3e-06_msc_6.8_weight_5.8e-05_cc_0.78_weight_4.3e+01",
  "mean_squared_curvatures": [
    1.3948458036296574,
    0.6901622395698447,
    0.5404877380924368,
    1.0271232882229575
  ],
  "max_mean_squared_curvature": 1.3948458036296574,
  "message": "STOP: TOTAL NO. of ITERATIONS REACHED LIMIT",
  "success": false,
  "iterations": 700,
  "function_evaluations": 1032,
  "coil_currents": [
    12083317.75314685,
    12006454.869918874,
    11941406.416715732,
    12550235.678307623
  ],
  "coil_surface_distance": 1.1301088286887944
}