{
  "nfp": 4,
  "R0": 11.34443056562854,
  "R1": 4.598486753238443,
  "ncoils": 4,
  "order": 10,
  "nphi": 32,
  "ntheta": 32,
  "length_target": 30.739404680061803,
  "length_weight": 32.62925773855807,
  "max_curvature_threshold": 6.514871605343812,
  "max_curvature_weight": 1.1206138187202426e-06,
  "msc_threshold": 6.359559250724001,
  "msc_weight": 7.443667345071918e-07,
  "JF": 0.005461213565362663,
  "Jf": 0.005458551576017696,
  "BdotN": 0.012268045805230917,
  "lengths": [
    32.323494388875034,
    31.08236125810048,
    29.980929090319314,
    29.570969526644305
  ],
  "length": 122.95775426393912,
  "max_curvatures": [
    8.825580308477964,
    21.97584978716182,
    12.26178401894582,
    5.808815728128422
  ],
  "max_max_curvature": 21.97584978716182,
  "coil_coil_distance": 0.8487918601554326,
  "cc_threshold": 0.849180029532019,
  "cc_weight": 26.396803653263582,
  "gradient_norm": 0.05736305715939822,
  "linking_number": 0,
  "directory": "ncoils_4_order_10_R1_4.6_length_target_3.1e+01_weight_3.3e+01_max_curvature_6.5_weight_1.1e-06_msc_6.4_weight_7.4e-07_cc_0.85_weight_2.6e+01",
  "mean_squared_curvatures": [
    0.2100981561221591,
    0.40159082197338963,
    0.3504826554781927,
    0.35657065347398753
  ],
  "max_mean_squared_curvature": 0.40159082197338963,
  "message": "STOP: TOTAL NO. of ITERATIONS REACHED LIMIT",
  "success": false,
  "iterations": 700,
  "function_evaluations": 820,
  "coil_currents": [
    12229149.422845095,
    12191781.68708312,
    12127434.68474815,
    12033048.923412718
  ],
  "coil_surface_distance": 1.3441396496543756
}