{
  "nfp": 4,
  "R0": 11.34443056562854,
  "R1": 4.682037040864393,
  "ncoils": 6,
  "order": 14,
  "nphi": 32,
  "ntheta": 32,
  "length_target": 43.86546198012435,
  "length_weight": 3.359039563974999,
  "max_curvature_threshold": 7.535204478192899,
  "max_curvature_weight": 0.0008332424350568888,
  "msc_threshold": 5.494039734941879,
  "msc_weight": 1.0327630558885105e-06,
  "JF": 0.007113739609167816,
  "Jf": 0.006483968760469644,
  "BdotN": 0.0161933976550023,
  "lengths": [
    49.86006005983076,
    44.92593861345355,
    43.588437432654715,
    38.28902710903077,
    40.85801550057522,
    45.67215993803398
  ],
  "length": 263.193638653579,
  "max_curvatures": [
    7.7864254684463,
    7.855039880916717,
    6.40399647280679,
    6.036146192554935,
    7.708755775600207,
    7.01915638453351
  ],
  "max_max_curvature": 7.855039880916717,
  "coil_coil_distance": 1.073130897508406,
  "cc_threshold": 1.13042926918504,
  "cc_weight": 0.16351998192370845,
  "gradient_norm": 0.1151517690590902,
  "linking_number": 0,
  "directory": "ncoils_6_order_14_R1_4.7_length_target_4.4e+01_weight_3.4_max_curvature_7.5_weight_0.00083_msc_5.5_weight_1e-06_cc_1.1_weight_0.16",
  "mean_squared_curvatures": [
    1.5913156332764524,
    0.9734838853133851,
    0.5814270240506885,
    0.5641913680798408,
    1.2273937901138408,
    1.0574006898373285
  ],
  "max_mean_squared_curvature": 1.5913156332764524,
  "message": "STOP: TOTAL NO. of ITERATIONS REACHED LIMIT",
  "success": false,
  "iterations": 700,
  "function_evaluations": 789,
  "coil_currents": [
    8692535.129957568,
    8795325.611992205,
    7528164.807335615,
    7409650.042880666,
    7728950.981548072,
    8426788.144374952
  ],
  "coil_surface_distance": 0.9895724072000536
}