{
  "nfp": 4,
  "R0": 11.34443056562854,
  "R1": 4.350955302501306,
  "ncoils": 5,
  "order": 7,
  "nphi": 32,
  "ntheta": 32,
  "length_target": 39.60679287051331,
  "length_weight": 1.0201280805299136,
  "max_curvature_threshold": 6.579343532220466,
  "max_curvature_weight": 0.006896041215463906,
  "msc_threshold": 1.5501258538172213,
  "msc_weight": 2.823235252300096e-07,
  "JF": 0.0009110472197107351,
  "Jf": 0.0009047771663992405,
  "BdotN": 0.005438051516848937,
  "lengths": [
    41.32483614779428,
    40.67290847702819,
    38.0420832777229,
    39.41019994011302,
    38.58434890629548
  ],
  "length": 198.03437674895386,
  "max_curvatures": [
    6.581404437471652,
    5.244194587605963,
    1.8288179891378604,
    4.179859965675338,
    5.60575480823422
  ],
  "max_max_curvature": 6.581404437471652,
  "coil_coil_distance": 0.9193736906266343,
  "cc_threshold": 0.9234375967850975,
  "cc_weight": 0.48495892692723586,
  "gradient_norm": 0.00974698926592648,
  "linking_number": 0,
  "directory": "ncoils_5_order_7_R1_4.4_length_target_4e+01_weight_1.0_max_curvature_6.6_weight_0.0069_msc_1.6_weight_2.8e-07_cc_0.92_weight_0.48",
  "mean_squared_curvatures": [
    0.38562473536322367,
    0.31393929111495567,
    0.19340731841445613,
    0.4113310320898674,
    0.38119041437103096
  ],
  "max_mean_squared_curvature": 0.4113310320898674,
  "message": "STOP: TOTAL NO. of ITERATIONS REACHED LIMIT",
  "success": false,
  "iterations": 700,
  "function_evaluations": 762,
  "coil_currents": [
    10064523.974477274,
    10018026.8667048,
    9912445.869621886,
    10051936.093375467,
    8534481.913909651
  ],
  "coil_surface_distance": 1.2576797748301285
}