{
  "nfp": 4,
  "R0": 11.34443056562854,
  "R1": 4.879455876441051,
  "ncoils": 6,
  "order": 12,
  "nphi": 32,
  "ntheta": 32,
  "length_target": 42.78676510034937,
  "length_weight": 34.568478717431184,
  "max_curvature_threshold": 2.9287413576130628,
  "max_curvature_weight": 0.0011596506345809636,
  "msc_threshold": 5.4980175640392375,
  "msc_weight": 1.6382284752109104e-07,
  "JF": 0.30166772566621725,
  "Jf": 0.2808267277846988,
  "BdotN": 0.0788334733275561,
  "lengths": [
    36.6123384416758,
    41.564394877516015,
    40.164204291829755,
    44.48591021444796,
    42.71553483638567,
    51.17718515526696
  ],
  "length": 256.71956781712214,
  "max_curvatures": [
    7.724899679073013,
    8.06957843496128,
    6.937663136000208,
    5.652414728088034,
    5.49641573701861,
    7.565871596979327
  ],
  "max_max_curvature": 8.06957843496128,
  "coil_coil_distance": 0.9193622986533293,
  "cc_threshold": 0.9207960592417572,
  "cc_weight": 544.01304826548,
  "gradient_norm": 54.73139856885304,
  "linking_number": 0,
  "directory": "ncoils_6_order_12_R1_4.9_length_target_4.3e+01_weight_3.5e+01_max_curvature_2.9_weight_0.0012_msc_5.5_weight_1.6e-07_cc_0.92_weight_5.4e+02",
  "mean_squared_curvatures": [
    1.6694603758509627,
    1.7309172310247016,
    1.8157101995588718,
    1.6711436035046685,
    1.2372345371253648,
    1.8829039478991794
  ],
  "max_mean_squared_curvature": 1.8829039478991794,
  "message": "STOP: TOTAL NO. of ITERATIONS REACHED LIMIT",
  "success": false,
  "iterations": 700,
  "function_evaluations": 972,
  "coil_currents": [
    7874710.542950857,
    7744474.845936459,
    7858458.907398866,
    7957116.402045083,
    7979124.235203626,
    9167529.784554191
  ],
  "coil_surface_distance": 0.7005573511616884
}