{
  "nfp": 4,
  "R0": 11.34443056562854,
  "R1": 4.515718862424686,
  "ncoils": 5,
  "order": 8,
  "nphi": 32,
  "ntheta": 32,
  "length_target": 33.56907534433443,
  "length_weight": 1.2552929774274746,
  "max_curvature_threshold": 4.174089786350519,
  "max_curvature_weight": 4.1455624683401946e-05,
  "msc_threshold": 5.115130451461855,
  "msc_weight": 2.6446727687324105e-06,
  "JF": 0.00025346426975833536,
  "Jf": 0.00025315751780146355,
  "BdotN": 0.00395695676806074,
  "lengths": [
    35.15541118225882,
    33.651582374710415,
    32.81650208592865,
    33.84136294262299,
    32.380505772367364
  ],
  "length": 167.84536435788823,
  "max_curvatures": [
    2.948637091965264,
    4.076725463552307,
    4.281519668818135,
    4.003302588442975,
    4.257015868350001
  ],
  "max_max_curvature": 4.281519668818135,
  "coil_coil_distance": 0.6758786079282503,
  "cc_threshold": 0.678236267200995,
  "cc_weight": 0.7179345534475686,
  "gradient_norm": 0.0007329762835794419,
  "linking_number": 0,
  "directory": "ncoils_5_order_8_R1_4.5_length_target_3.4e+01_weight_1.3_max_curvature_4.2_weight_4.1e-05_msc_5.1_weight_2.6e-06_cc_0.68_weight_0.72",
  "mean_squared_curvatures": [
    0.18833383429579922,
    0.2026432948301843,
    0.3689998038935399,
    0.3328356651763525,
    0.31385421009592646
  ],
  "max_mean_squared_curvature": 0.3689998038935399,
  "message": "STOP: TOTAL NO. of ITERATIONS REACHED LIMIT",
  "success": false,
  "iterations": 700,
  "function_evaluations": 767,
  "coil_currents": [
    9836310.468795959,
    9758067.096200442,
    9652647.151171297,
    9747093.213750152,
    9587296.788171232
  ],
  "coil_surface_distance": 1.3118027555690255
}