{
  "nfp": 4,
  "R0": 11.34443056562854,
  "R1": 4.335178751137184,
  "ncoils": 6,
  "order": 6,
  "nphi": 32,
  "ntheta": 32,
  "length_target": 39.433742062606285,
  "length_weight": 16.828594441202394,
  "max_curvature_threshold": 1.8499864679129394,
  "max_curvature_weight": 1.3436859951172822e-05,
  "msc_threshold": 5.792956558630428,
  "msc_weight": 4.172691120325339e-07,
  "JF": 0.010454798614004437,
  "Jf": 0.01024089164010244,
  "BdotN": 0.014824240931046244,
  "lengths": [
    40.66285483131239,
    42.098900985550394,
    38.45064502317112,
    37.30304545602383,
    36.85896700535301,
    41.22862070015002
  ],
  "length": 236.60303400156073,
  "max_curvatures": [
    5.214393260744218,
    2.832819209635221,
    7.966870972428372,
    6.5449247191694235,
    8.624460708742848,
    8.569930708852198
  ],
  "max_max_curvature": 8.624460708742848,
  "coil_coil_distance": 1.1637253223035067,
  "cc_threshold": 1.165282437568003,
  "cc_weight": 4.752467550253898,
  "gradient_norm": 0.2504570612968065,
  "linking_number": 0,
  "directory": "ncoils_6_order_6_R1_4.3_length_target_3.9e+01_weight_1.7e+01_max_curvature_1.8_weight_1.3e-05_msc_5.8_weight_4.2e-07_cc_1.2_weight_4.8",
  "mean_squared_curvatures": [
    0.4091674505961788,
    0.22111455110932915,
    0.48699190318968943,
    0.8959595416678786,
    0.5173130407715963,
    0.6484146201407389
  ],
  "max_mean_squared_curvature": 0.8959595416678786,
  "message": "STOP: TOTAL NO. of ITERATIONS REACHED LIMIT",
  "success": false,
  "iterations": 700,
  "function_evaluations": 784,
  "coil_currents": [
    8509636.79869655,
    7753367.140976925,
    7523153.386571253,
    8278416.727607255,
    7880602.455754243,
    8636238.208482854
  ],
  "coil_surface_distance": 1.0119114847462807
}