{
  "nfp": 4,
  "R0": 11.34443056562854,
  "R1": 4.543160639337579,
  "ncoils": 6,
  "order": 8,
  "nphi": 32,
  "ntheta": 32,
  "length_target": 28.36557189675062,
  "length_weight": 0.5202492841323202,
  "max_curvature_threshold": 5.941641175366247,
  "max_curvature_weight": 0.004795816146968956,
  "msc_threshold": 4.304478760470024,
  "msc_weight": 1.5121649943236996e-07,
  "JF": 0.002769021111730046,
  "Jf": 0.0022574194667234876,
  "BdotN": 0.007591028870792531,
  "lengths": [
    31.612772573198562,
    29.194932995189887,
    27.872344893751468,
    27.347785110187267,
    30.156083459777385,
    24.01085377011026
  ],
  "length": 170.19477280221483,
  "max_curvatures": [
    5.243114618082778,
    5.5691284231954645,
    4.874112782285716,
    5.95570239381742,
    2.8684880014553222,
    4.710046430241768
  ],
  "max_max_curvature": 5.95570239381742,
  "coil_coil_distance": 1.0049329161478366,
  "cc_threshold": 1.1044161782785018,
  "cc_weight": 0.01661541158757623,
  "gradient_norm": 0.01373584734389104,
  "linking_number": 0,
  "directory": "ncoils_6_order_8_R1_4.5_length_target_2.8e+01_weight_0.52_max_curvature_5.9_weight_0.0048_msc_4.3_weight_1.5e-07_cc_1.1_weight_0.017",
  "mean_squared_curvatures": [
    0.28089125063298176,
    0.1689342750759935,
    0.3026347537471014,
    0.9251044343354102,
    0.38727633552975715,
    0.3836085141190231
  ],
  "max_mean_squared_curvature": 0.9251044343354102,
  "message": "STOP: TOTAL NO. of ITERATIONS REACHED LIMIT",
  "success": false,
  "iterations": 700,
  "function_evaluations": 765,
  "coil_currents": [
    10584918.574387886,
    8872056.783375315,
    8004141.994372309,
    7446848.886787696,
    8056820.99807022,
    5616627.481095657
  ],
  "coil_surface_distance": 0.8872604671309194
}