{
  "nfp": 4,
  "R0": 11.34443056562854,
  "R1": 4.640908154747326,
  "ncoils": 6,
  "order": 9,
  "nphi": 32,
  "ntheta": 32,
  "length_target": 39.16481174279942,
  "length_weight": 0.010156494779946547,
  "max_curvature_threshold": 6.28267807726638,
  "max_curvature_weight": 4.170352720854545e-06,
  "msc_threshold": 1.2506316437338532,
  "msc_weight": 1.8986038069848829e-06,
  "JF": 0.09902195012921988,
  "Jf": 0.09756958761520541,
  "BdotN": 0.05949813393795207,
  "lengths": [
    38.337731856258536,
    40.34994602632068,
    50.10169173428864,
    47.53336869917386,
    29.089776561942912,
    29.60958180760264
  ],
  "length": 235.02209668558726,
  "max_curvatures": [
    15.265098998123936,
    11.243011588739668,
    23.917809733130234,
    81.9541348994016,
    29.798893659211735,
    76.7811609415469
  ],
  "max_max_curvature": 81.9541348994016,
  "coil_coil_distance": 1.12927868114599,
  "cc_threshold": 1.1296895959290052,
  "cc_weight": 432.49858911123016,
  "gradient_norm": 0.5188585766566622,
  "linking_number": 0,
  "directory": "ncoils_6_order_9_R1_4.6_length_target_3.9e+01_weight_0.01_max_curvature_6.3_weight_4.2e-06_msc_1.3_weight_1.9e-06_cc_1.1_weight_4.3e+02",
  "mean_squared_curvatures": [
    1.3210139358757162,
    0.6075841834626633,
    2.715406292373936,
    10.207087159786528,
    3.2831144965828907,
    11.600074149061134
  ],
  "max_mean_squared_curvature": 11.600074149061134,
  "message": "STOP: TOTAL NO. of ITERATIONS REACHED LIMIT",
  "success": false,
  "iterations": 700,
  "function_evaluations": 896,
  "coil_currents": [
    8208257.450326776,
    8578412.889772668,
    9103791.412993455,
    2929594.8849274367,
    7558405.129215757,
    12202952.95085299
  ],
  "coil_surface_distance": 0.05451585290796431
}