{
  "nfp": 4,
  "R0": 11.34443056562854,
  "R1": 4.735351372698932,
  "ncoils": 5,
  "order": 7,
  "nphi": 32,
  "ntheta": 32,
  "length_target": 37.29077158352324,
  "length_weight": 1.8808010731167828,
  "max_curvature_threshold": 0.20354991894569982,
  "max_curvature_weight": 0.002692436041895819,
  "msc_threshold": 7.275167179148836,
  "msc_weight": 1.640427394784908e-06,
  "JF": 0.013215422018696577,
  "Jf": 0.008455486651652138,
  "BdotN": 0.013307788325436477,
  "lengths": [
    41.107805922592426,
    38.860548064181124,
    35.464074175119954,
    35.999881042477426,
    35.02250801754358
  ],
  "length": 186.4548172219145,
  "max_curvatures": [
    0.6093986853716499,
    0.5302520767128671,
    0.756397521752287,
    0.6150161806132628,
    0.5607810912193948
  ],
  "max_max_curvature": 0.756397521752287,
  "coil_coil_distance": 1.140461398862252,
  "cc_threshold": 1.141786711036843,
  "cc_weight": 4.480753267677703,
  "gradient_norm": 0.03143282167746896,
  "linking_number": 0,
  "directory": "ncoils_5_order_7_R1_4.7_length_target_3.7e+01_weight_1.9_max_curvature_0.2_weight_0.0027_msc_7.3_weight_1.6e-06_cc_1.1_weight_4.5",
  "mean_squared_curvatures": [
    0.06907844611240065,
    0.07180040470841327,
    0.09365706627714719,
    0.10068882349155754,
    0.09986419349769242
  ],
  "max_mean_squared_curvature": 0.10068882349155754,
  "message": "STOP: TOTAL NO. of ITERATIONS REACHED LIMIT",
  "success": false,
  "iterations": 700,
  "function_evaluations": 768,
  "coil_currents": [
    12670272.85144975,
    12046833.78974153,
    8605987.193896696,
    9409177.419661358,
    5849143.463339746
  ],
  "coil_surface_distance": 1.0960851604436284
}