{
  "nfp": 4,
  "R0": 11.34443056562854,
  "R1": 4.608576534191815,
  "ncoils": 4,
  "order": 7,
  "nphi": 32,
  "ntheta": 32,
  "length_target": 40.0648416989969,
  "length_weight": 2.0000397394660605,
  "max_curvature_threshold": 0.7618686686070244,
  "max_curvature_weight": 1.192206770167979e-05,
  "msc_threshold": 4.609804178879365,
  "msc_weight": 3.411797312442548e-05,
  "JF": 0.0026994247554966862,
  "Jf": 0.0026586786925530334,
  "BdotN": 0.008404314506752384,
  "lengths": [
    41.10108835960373,
    40.39483012145749,
    40.73282770251251,
    38.032062787163746
  ],
  "length": 160.26080897073746,
  "max_curvatures": [
    1.6998244330566572,
    3.8597743483119897,
    1.4518580667958767,
    2.5797213595853137
  ],
  "max_max_curvature": 3.8597743483119897,
  "coil_coil_distance": 1.0134847835585996,
  "cc_threshold": 1.0157221385129818,
  "cc_weight": 5.9253577618077955,
  "gradient_norm": 0.055815315875402775,
  "linking_number": 0,
  "directory": "ncoils_4_order_7_R1_4.6_length_target_4e+01_weight_2.0_max_curvature_0.76_weight_1.2e-05_msc_4.6_weight_3.4e-05_cc_1.0_weight_5.9",
  "mean_squared_curvatures": [
    0.15563650137850532,
    0.20165091366410642,
    0.17402030516050604,
    0.2778026291091411
  ],
  "max_mean_squared_curvature": 0.2778026291091411,
  "message": "STOP: TOTAL NO. of ITERATIONS REACHED LIMIT",
  "success": false,
  "iterations": 700,
  "function_evaluations": 780,
  "coil_currents": [
    12426636.70578439,
    12212202.348968871,
    12513692.829408051,
    11428882.833927773
  ],
  "coil_surface_distance": 1.3480553993784463
}