{
  "nfp": 4,
  "R0": 11.34443056562854,
  "R1": 4.131857373615888,
  "ncoils": 3,
  "order": 9,
  "nphi": 32,
  "ntheta": 32,
  "length_target": 43.3867671724294,
  "length_weight": 79.26370147289178,
  "max_curvature_threshold": 3.849045012911915,
  "max_curvature_weight": 0.003217751410332097,
  "msc_threshold": 3.1078919918151975,
  "msc_weight": 1.4911354653884823e-07,
  "JF": 0.014775055488014674,
  "Jf": 0.014009365134584511,
  "BdotN": 0.020532419109598393,
  "lengths": [
    45.0057139102709,
    43.117357776637405,
    42.03783454545148
  ],
  "length": 130.1609062323598,
  "max_curvatures": [
    3.941406473354728,
    3.8415873536285434,
    4.053213159320263
  ],
  "max_max_curvature": 4.053213159320263,
  "coil_coil_distance": 1.0934118402760555,
  "cc_threshold": 1.1744020126419563,
  "cc_weight": 0.17284543937670496,
  "gradient_norm": 1.2063755020127984,
  "linking_number": 0,
  "directory": "ncoils_3_order_9_R1_4.1_length_target_4.3e+01_weight_7.9e+01_max_curvature_3.8_weight_0.0032_msc_3.1_weight_1.5e-07_cc_1.2_weight_0.17",
  "mean_squared_curvatures": [
    0.5556670984684694,
    0.6311367912795296,
    0.632120906323382
  ],
  "max_mean_squared_curvature": 0.632120906323382,
  "message": "STOP: TOTAL NO. of ITERATIONS REACHED LIMIT",
  "success": false,
  "iterations": 700,
  "function_evaluations": 871,
  "coil_currents": [
    16333982.54752361,
    16238652.288085874,
    16008779.882479597
  ],
  "coil_surface_distance": 1.2381903629978388
}