{
  "nfp": 4,
  "R0": 11.34443056562854,
  "R1": 4.326977120613571,
  "ncoils": 5,
  "order": 8,
  "nphi": 32,
  "ntheta": 32,
  "length_target": 39.79806941509567,
  "length_weight": 1.1140632406006636,
  "max_curvature_threshold": 1.2141995351491226,
  "max_curvature_weight": 1.3611062399811535e-06,
  "msc_threshold": 2.751500613973162,
  "msc_weight": 1.4323501025159862e-05,
  "JF": 0.0020661998527001712,
  "Jf": 0.0019872081119616564,
  "BdotN": 0.007765267271915962,
  "lengths": [
    40.81938919365889,
    41.955866127656094,
    38.044512890362306,
    37.82275145686167,
    40.34759243794572
  ],
  "length": 198.99011210648467,
  "max_curvatures": [
    10.345010685081887,
    10.13845599039879,
    2.4176420797928264,
    2.270935553400437,
    6.149069364051024
  ],
  "max_max_curvature": 10.345010685081887,
  "coil_coil_distance": 1.0266946640786108,
  "cc_threshold": 1.045359305201786,
  "cc_weight": 0.22610870922203605,
  "gradient_norm": 0.009737651122729132,
  "linking_number": 0,
  "directory": "ncoils_5_order_8_R1_4.3_length_target_4e+01_weight_1.1_max_curvature_1.2_weight_1.4e-06_msc_2.8_weight_1.4e-05_cc_1.0_weight_0.23",
  "mean_squared_curvatures": [
    0.48292985180340237,
    0.5810175091967338,
    0.22565863852237247,
    0.34896539023769896,
    0.7105994900336201
  ],
  "max_mean_squared_curvature": 0.7105994900336201,
  "message": "STOP: TOTAL NO. of ITERATIONS REACHED LIMIT",
  "success": false,
  "iterations": 700,
  "function_evaluations": 794,
  "coil_currents": [
    9902074.075994385,
    9580586.6542192,
    9600792.887143513,
    9704264.680572731,
    9793696.42015925
  ],
  "coil_surface_distance": 1.212134332047229
}