{
  "nfp": 4,
  "R0": 11.34443056562854,
  "R1": 4.31605101056421,
  "ncoils": 4,
  "order": 15,
  "nphi": 32,
  "ntheta": 32,
  "length_target": 45.52733958485692,
  "length_weight": 9.873980852259969,
  "max_curvature_threshold": 3.7002415406503197,
  "max_curvature_weight": 0.00018341710824894492,
  "msc_threshold": 3.0483080346962357,
  "msc_weight": 5.515545757492236e-07,
  "JF": 0.0046403868461087116,
  "Jf": 0.003631069093052873,
  "BdotN": 0.01056168455763044,
  "lengths": [
    45.5556872410797,
    44.45601426981719,
    42.67190877052388,
    49.42617532985522
  ],
  "length": 182.109785611276,
  "max_curvatures": [
    3.7848841117400642,
    3.9939779418252135,
    3.8136352782656404,
    4.37531739987317
  ],
  "max_max_curvature": 4.37531739987317,
  "coil_coil_distance": 1.01455443479123,
  "cc_threshold": 1.1778269427238583,
  "cc_weight": 0.017522323863073837,
  "gradient_norm": 0.16787735607647972,
  "linking_number": 0,
  "directory": "ncoils_4_order_15_R1_4.3_length_target_4.6e+01_weight_9.9_max_curvature_3.7_weight_0.00018_msc_3.0_weight_5.5e-07_cc_1.2_weight_0.018",
  "mean_squared_curvatures": [
    0.7135549941394419,
    0.7202437596563417,
    0.7394174504487633,
    0.8579614117812624
  ],
  "max_mean_squared_curvature": 0.8579614117812624,
  "message": "STOP: TOTAL NO. of ITERATIONS REACHED LIMIT",
  "success": false,
  "iterations": 700,
  "function_evaluations": 865,
  "coil_currents": [
    12026564.426635832,
    11972197.005519971,
    12093073.897350162,
    12489579.388583116
  ],
  "coil_surface_distance": 1.2452528247220838
}