{
  "nfp": 4,
  "R0": 11.34443056562854,
  "R1": 4.99611683346709,
  "ncoils": 5,
  "order": 12,
  "nphi": 32,
  "ntheta": 32,
  "length_target": 30.10096770478193,
  "length_weight": 0.1395373775611988,
  "max_curvature_threshold": 1.3319866565049439,
  "max_curvature_weight": 7.08817426044303e-05,
  "msc_threshold": 7.17768574060877,
  "msc_weight": 2.204097633893756e-06,
  "JF": 0.002300124397673568,
  "Jf": 0.0021918956988519556,
  "BdotN": 0.007603325981983244,
  "lengths": [
    33.229964898621326,
    32.16218738493913,
    30.642717358748747,
    29.430533326934807,
    25.040026225161434
  ],
  "length": 150.50542919440542,
  "max_curvatures": [
    1.679905639770587,
    2.2459294305505675,
    1.8809597454877638,
    2.0803144841217316,
    2.160263732198108
  ],
  "max_max_curvature": 2.2459294305505675,
  "coil_coil_distance": 1.0155423831560777,
  "cc_threshold": 1.0391936009835312,
  "cc_weight": 0.1792712883484846,
  "gradient_norm": 0.003325429462926944,
  "linking_number": 0,
  "directory": "ncoils_5_order_12_R1_5.0_length_target_3e+01_weight_0.14_max_curvature_1.3_weight_7.1e-05_msc_7.2_weight_2.2e-06_cc_1.0_weight_0.18",
  "mean_squared_curvatures": [
    0.187407196331122,
    0.2189180476951857,
    0.28252275213118727,
    0.40202638789300515,
    0.5356508470655895
  ],
  "max_mean_squared_curvature": 0.5356508470655895,
  "message": "STOP: TOTAL NO. of ITERATIONS REACHED LIMIT",
  "success": false,
  "iterations": 700,
  "function_evaluations": 743,
  "coil_currents": [
    11360598.315888904,
    10786788.912278116,
    10119494.953218577,
    10136557.298889399,
    6177975.237814084
  ],
  "coil_surface_distance": 0.9187356367024994
}