{
  "nfp": 4,
  "ncoils": 6,
  "R0": 11.34443056562854,
  "R1": 4.842640466214423,
  "order": 10,
  "nphi": 32,
  "ntheta": 32,
  "length_target": 39.89477533304916,
  "length_weight": 0.517217351770007,
  "max_curvature_threshold": 1.3836550018621103,
  "max_curvature_weight": 2.020696195264614e-05,
  "msc_threshold": 3.4119629254643615,
  "msc_weight": 7.771699231010695e-05,
  "JF": 0.00040946142127489156,
  "Jf": 0.00033782600508909223,
  "BdotN": 0.004600611407692619,
  "lengths": [
    43.06645019462335,
    40.14753084081923,
    39.838167498023545,
    37.9059713994125,
    36.68777456269995,
    41.72314923714313
  ],
  "length": 239.3690437327217,
  "max_curvatures": [
    6.117247299584431,
    3.9970249244318032,
    2.3234197213006764,
    1.7948823553568396,
    1.682011826041702,
    2.423664734873617
  ],
  "max_max_curvature": 6.117247299584431,
  "coil_coil_distance": 0.6099918333432718,
  "cc_threshold": 0.6137605845138386,
  "cc_weight": 1.5779206539647057,
  "gradient_norm": 0.006143218991293291,
  "linking_number": 0,
  "directory": "ncoils_6_order_10_R1_4.8_length_target_4e+01_weight_0.52_max_curvature_1.4_weight_2e-05_msc_3.4_weight_7.8e-05_cc_0.61_weight_1.6",
  "mean_squared_curvatures": [
    0.503041489300163,
    0.3566693028041245,
    0.2743822715462661,
    0.2322219709603021,
    0.24638482706972148,
    0.36886441685600785
  ],
  "max_mean_squared_curvature": 0.503041489300163,
  "message": "STOP: TOTAL NO. of ITERATIONS REACHED LIMIT",
  "success": false,
  "iterations": 700,
  "function_evaluations": 783,
  "coil_currents": [
    8018195.582814016,
    8135936.629152287,
    8074674.904260865,
    8004012.500783112,
    8025167.920005621,
    8323427.181073181
  ],
  "coil_surface_distance": 1.2715525150584894
}