{
  "nfp": 4,
  "R0": 11.34443056562854,
  "R1": 4.465189904753346,
  "ncoils": 4,
  "order": 10,
  "nphi": 32,
  "ntheta": 32,
  "length_target": 36.98834442144108,
  "length_weight": 2.9093382426483725,
  "max_curvature_threshold": 3.5377717276543645,
  "max_curvature_weight": 3.6562571543918402e-06,
  "msc_threshold": 6.506726227109198,
  "msc_weight": 1.4558785234081596e-05,
  "JF": 0.0020845574723574274,
  "Jf": 0.0020728741091472665,
  "BdotN": 0.007042259116293392,
  "lengths": [
    38.08286696773126,
    36.887991141615,
    36.83250641568956,
    36.1501940962346
  ],
  "length": 147.95355862127042,
  "max_curvatures": [
    9.704759460597682,
    6.708684452430362,
    2.8673532000174133,
    10.013977459482943
  ],
  "max_max_curvature": 10.013977459482943,
  "coil_coil_distance": 0.9896146611898201,
  "cc_threshold": 0.989755167679927,
  "cc_weight": 73.71349553087221,
  "gradient_norm": 0.02421803414788944,
  "linking_number": 0,
  "directory": "ncoils_4_order_10_R1_4.5_length_target_3.7e+01_weight_2.9_max_curvature_3.5_weight_3.7e-06_msc_6.5_weight_1.5e-05_cc_0.99_weight_7.4e+01",
  "mean_squared_curvatures": [
    0.45728376441131907,
    0.24458465539983268,
    0.2355768496382085,
    0.9735308168595678
  ],
  "max_mean_squared_curvature": 0.9735308168595678,
  "message": "STOP: TOTAL NO. of ITERATIONS REACHED LIMIT",
  "success": false,
  "iterations": 700,
  "function_evaluations": 837,
  "coil_currents": [
    12157590.863848587,
    12120923.370801084,
    12166376.788296843,
    12136523.695142567
  ],
  "coil_surface_distance": 1.3371890492507983
}