{
  "nfp": 4,
  "R0": 11.34443056562854,
  "R1": 4.57094501905918,
  "ncoils": 5,
  "order": 12,
  "nphi": 32,
  "ntheta": 32,
  "length_target": 41.94740472755052,
  "length_weight": 12.074133068884109,
  "max_curvature_threshold": 2.9836663299819053,
  "max_curvature_weight": 0.00014031677126882997,
  "msc_threshold": 4.57536705280697,
  "msc_weight": 1.2189582543799752e-05,
  "JF": 0.004779466434900532,
  "Jf": 0.0046921632140048165,
  "BdotN": 0.010853677717661884,
  "lengths": [
    41.555715162771904,
    42.11080908934987,
    51.20702563973698,
    37.98570981963614,
    36.87839270250794
  ],
  "length": 209.73765241400287,
  "max_curvatures": [
    3.7986026360225105,
    3.1200387109791263,
    4.224039363281388,
    4.590006977657755,
    3.586153388080252
  ],
  "max_max_curvature": 4.590006977657755,
  "coil_coil_distance": 1.0641559353034118,
  "cc_threshold": 1.0656215044911137,
  "cc_weight": 6.902415919602326,
  "gradient_norm": 0.2793340377400528,
  "linking_number": 0,
  "directory": "ncoils_5_order_12_R1_4.6_length_target_4.2e+01_weight_1.2e+01_max_curvature_3.0_weight_0.00014_msc_4.6_weight_1.2e-05_cc_1.1_weight_6.9",
  "mean_squared_curvatures": [
    0.9180936165876994,
    0.7223836014680335,
    0.701814941707499,
    0.88305390419007,
    0.7202195746190495
  ],
  "max_mean_squared_curvature": 0.9180936165876994,
  "message": "STOP: TOTAL NO. of ITERATIONS REACHED LIMIT",
  "success": false,
  "iterations": 700,
  "function_evaluations": 825,
  "coil_currents": [
    9729230.69597519,
    9731896.589869969,
    9985512.925527811,
    9798617.001559613,
    9336157.505156495
  ],
  "coil_surface_distance": 1.0757754324463236
}