{
  "nfp": 4,
  "R0": 11.34443056562854,
  "R1": 4.999137843125164,
  "ncoils": 6,
  "order": 13,
  "nphi": 32,
  "ntheta": 32,
  "length_target": 30.18492268705371,
  "length_weight": 9.386811362037957,
  "max_curvature_threshold": 7.818374530658042,
  "max_curvature_weight": 0.0002686307934579502,
  "msc_threshold": 7.266119523048405,
  "msc_weight": 1.2468460851746986e-07,
  "JF": 0.004176658886464608,
  "Jf": 0.004118021127244755,
  "BdotN": 0.0123881972978542,
  "lengths": [
    31.186826689848363,
    30.784688472822584,
    30.4235290575915,
    30.28270068783238,
    28.077452625772814,
    30.354751682985484
  ],
  "length": 181.10994921685315,
  "max_curvatures": [
    7.739545554350195,
    7.021149814147697,
    6.342668339295434,
    7.0966701063968705,
    7.627279532443714,
    7.80970623590216
  ],
  "max_max_curvature": 7.80970623590216,
  "coil_coil_distance": 1.062173447253543,
  "cc_threshold": 1.0687658273996452,
  "cc_weight": 2.6623815647089573,
  "gradient_norm": 0.0914597761176886,
  "linking_number": 0,
  "directory": "ncoils_6_order_13_R1_5.0_length_target_3e+01_weight_9.4_max_curvature_7.8_weight_0.00027_msc_7.3_weight_1.2e-07_cc_1.1_weight_2.7",
  "mean_squared_curvatures": [
    0.6630192514487699,
    0.526533123626733,
    0.4810875081339362,
    0.5243897303779349,
    0.8386708587756166,
    1.0141346592744305
  ],
  "max_mean_squared_curvature": 1.0141346592744305,
  "message": "STOP: TOTAL NO. of ITERATIONS REACHED LIMIT",
  "success": false,
  "iterations": 700,
  "function_evaluations": 775,
  "coil_currents": [
    8397329.054172603,
    8084326.306666528,
    7937250.024178271,
    7828269.801295331,
    7981945.401914272,
    8352294.1298620775
  ],
  "coil_surface_distance": 0.9804720830303804
}