{
  "nfp": 4,
  "R0": 11.34443056562854,
  "R1": 4.9665231029592025,
  "ncoils": 5,
  "order": 10,
  "nphi": 32,
  "ntheta": 32,
  "length_target": 40.454772163539424,
  "length_weight": 2.0068787165352417,
  "max_curvature_threshold": 5.634548679299842,
  "max_curvature_weight": 3.8675784800031465e-05,
  "msc_threshold": 0.653016484737654,
  "msc_weight": 2.686030498171583e-06,
  "JF": 0.0005722863061355202,
  "Jf": 0.0005712428608285698,
  "BdotN": 0.00443996865017638,
  "lengths": [
    40.73273954236274,
    40.74555994332187,
    41.15440985511691,
    39.164767298381385,
    40.476423636337856
  ],
  "length": 202.27390027552076,
  "max_curvatures": [
    4.35363417930403,
    1.9602884062635635,
    6.29949935341719,
    5.8559013918561025,
    5.190396366345269
  ],
  "max_max_curvature": 6.29949935341719,
  "coil_coil_distance": 0.7308012954671346,
  "cc_threshold": 0.7312052065531417,
  "cc_weight": 37.02562863929179,
  "gradient_norm": 0.012513493283405857,
  "linking_number": 0,
  "directory": "ncoils_5_order_10_R1_5.0_length_target_4e+01_weight_2.0_max_curvature_5.6_weight_3.9e-05_msc_0.65_weight_2.7e-06_cc_0.73_weight_3.7e+01",
  "mean_squared_curvatures": [
    0.24549721132525704,
    0.16665912456455462,
    0.4339410014547612,
    0.4557243455562391,
    0.6574194144473083
  ],
  "max_mean_squared_curvature": 0.6574194144473083,
  "message": "STOP: TOTAL NO. of ITERATIONS REACHED LIMIT",
  "success": false,
  "iterations": 700,
  "function_evaluations": 870,
  "coil_currents": [
    9898952.031276435,
    9874657.699901454,
    10038988.916281963,
    9598861.935757367,
    9169954.134871863
  ],
  "coil_surface_distance": 1.3580851505810572
}