{
  "nfp": 4,
  "ncoils": 6,
  "R0": 11.34443056562854,
  "R1": 4.567079812142987,
  "order": 9,
  "nphi": 32,
  "ntheta": 32,
  "length_target": 39.901760715503826,
  "length_weight": 0.5513651867416846,
  "max_curvature_threshold": 1.4712392848447493,
  "max_curvature_weight": 1.7794777057006042e-06,
  "msc_threshold": 1.1894315851530255,
  "msc_weight": 1.1288074913407659e-07,
  "JF": 0.00021470801013086455,
  "Jf": 0.00020228133801378963,
  "BdotN": 0.004511694170216619,
  "lengths": [
    38.077033302377856,
    38.752237325238575,
    41.09521716766252,
    37.50937870544604,
    42.41124704291144,
    41.565495379455164
  ],
  "length": 239.41060892309162,
  "max_curvatures": [
    2.9321634066079096,
    3.156582364365587,
    3.809581996613102,
    3.632005303033366,
    5.02586758613836,
    5.173276731203107
  ],
  "max_max_curvature": 5.173276731203107,
  "coil_coil_distance": 0.5421907087096635,
  "cc_threshold": 0.5421881085218353,
  "cc_weight": 263.9344373815116,
  "gradient_norm": 0.0014951901864896074,
  "linking_number": 0,
  "directory": "ncoils_6_order_9_R1_4.6_length_target_4e+01_weight_0.55_max_curvature_1.5_weight_1.8e-06_msc_1.2_weight_1.1e-07_cc_0.54_weight_2.6e+02",
  "mean_squared_curvatures": [
    0.3287655383025333,
    0.3422596551613113,
    0.5511986049471922,
    0.49470355595975657,
    0.6461020190309779,
    0.5929155014100673
  ],
  "max_mean_squared_curvature": 0.6461020190309779,
  "message": "STOP: TOTAL NO. of ITERATIONS REACHED LIMIT",
  "success": false,
  "iterations": 700,
  "function_evaluations": 1105,
  "coil_currents": [
    8151792.303201315,
    8112031.900443311,
    8186839.272564241,
    8081667.532748558,
    8122869.0394263,
    7926214.669705361
  ],
  "coil_surface_distance": 1.3446770294516412
}