{
  "nfp": 4,
  "R0": 11.34443056562854,
  "R1": 4.190390176531479,
  "ncoils": 5,
  "order": 6,
  "nphi": 32,
  "ntheta": 32,
  "length_target": 31.471813997121995,
  "length_weight": 31.745245297769895,
  "max_curvature_threshold": 4.954178816892362,
  "max_curvature_weight": 3.8113358817199287e-06,
  "msc_threshold": 3.4997808606905068,
  "msc_weight": 3.3284331525967103e-06,
  "JF": 0.0012491519853960345,
  "Jf": 0.0011623015267679202,
  "BdotN": 0.004925814467838833,
  "lengths": [
    33.88754434683078,
    32.40638701741469,
    30.951949053096115,
    30.267376928312537,
    29.845835128031275
  ],
  "length": 157.3590924736854,
  "max_curvatures": [
    2.578188856328705,
    0.7404354305210703,
    2.4205186071814,
    9.162422456840268,
    4.047273871267342
  ],
  "max_max_curvature": 9.162422456840268,
  "coil_coil_distance": 0.9093430762006276,
  "cc_threshold": 0.9485357192799115,
  "cc_weight": 0.04248116192413333,
  "gradient_norm": 0.012077641197149224,
  "linking_number": 0,
  "directory": "ncoils_5_order_6_R1_4.2_length_target_3.1e+01_weight_3.2e+01_max_curvature_5.0_weight_3.8e-06_msc_3.5_weight_3.3e-06_cc_0.95_weight_0.042",
  "mean_squared_curvatures": [
    0.1767469995123438,
    0.11592492438926928,
    0.18181117253193632,
    0.48913996523800957,
    0.29251830246304433
  ],
  "max_mean_squared_curvature": 0.48913996523800957,
  "message": "STOP: TOTAL NO. of ITERATIONS REACHED LIMIT",
  "success": false,
  "iterations": 700,
  "function_evaluations": 796,
  "coil_currents": [
    9756277.368019594,
    9698929.871214472,
    9654589.96388956,
    9658085.489126403,
    9813532.025839053
  ],
  "coil_surface_distance": 1.1605095436062784
}