{
  "nfp": 4,
  "R0": 11.34443056562854,
  "R1": 4.805163577260553,
  "ncoils": 3,
  "order": 9,
  "nphi": 32,
  "ntheta": 32,
  "length_target": 42.13772807132021,
  "length_weight": 0.12257638984553079,
  "max_curvature_threshold": 4.901414115245342,
  "max_curvature_weight": 0.00036167378099979665,
  "msc_threshold": 6.6204627130204905,
  "msc_weight": 4.124551271484895e-07,
  "JF": 0.24343531869808605,
  "Jf": 0.23842070900529483,
  "BdotN": 0.09636700480228257,
  "lengths": [
    43.32635169679367,
    39.12020636374707,
    43.943231095932454
  ],
  "length": 126.3897891564732,
  "max_curvatures": [
    6.375119991268273,
    2.8417017795956445,
    5.056735177475603
  ],
  "max_max_curvature": 6.375119991268273,
  "coil_coil_distance": 0.0786664542210173,
  "cc_threshold": 0.6621305499074609,
  "cc_weight": 0.012020494184904624,
  "gradient_norm": 0.8667985872086175,
  "linking_number": 0,
  "directory": "ncoils_3_order_9_R1_4.8_length_target_4.2e+01_weight_0.12_max_curvature_4.9_weight_0.00036_msc_6.6_weight_4.1e-07_cc_0.66_weight_0.012",
  "mean_squared_curvatures": [
    0.38941521396253026,
    0.2012766165988203,
    0.43982027694519465
  ],
  "max_mean_squared_curvature": 0.43982027694519465,
  "message": "ABNORMAL_TERMINATION_IN_LNSRCH",
  "success": false,
  "iterations": 29,
  "function_evaluations": 136,
  "coil_currents": [
    16053537.801609157,
    16077672.814033363,
    16450204.102446564
  ],
  "coil_surface_distance": 1.6602888034328103
}