{
  "nfp": 4,
  "R0": 11.34443056562854,
  "R1": 4.72832396419148,
  "ncoils": 6,
  "order": 9,
  "nphi": 32,
  "ntheta": 32,
  "length_target": 38.96654878154982,
  "length_weight": 0.016850001243841034,
  "max_curvature_threshold": 5.362218618893323,
  "max_curvature_weight": 0.0002538117557398209,
  "msc_threshold": 1.0255384764585145,
  "msc_weight": 3.9482894388992174e-05,
  "JF": 0.0010873028063752169,
  "Jf": 0.0010840305805649142,
  "BdotN": 0.005867655082213941,
  "lengths": [
    35.43812678587285,
    38.597271898170966,
    34.45957605043722,
    35.91557353316585,
    37.945627329378866,
    51.44480041554729
  ],
  "length": 233.80097601257305,
  "max_curvatures": [
    3.926057824444427,
    4.8756402564412165,
    5.324993168115927,
    4.912678509741757,
    5.482663025503919,
    5.544803945833349
  ],
  "max_max_curvature": 5.544803945833349,
  "coil_coil_distance": 0.8394434072476893,
  "cc_threshold": 0.839495193140583,
  "cc_weight": 142.36859616431508,
  "gradient_norm": 0.02381648880639196,
  "linking_number": 0,
  "directory": "ncoils_6_order_9_R1_4.7_length_target_3.9e+01_weight_0.017_max_curvature_5.4_weight_0.00025_msc_1.0_weight_3.9e-05_cc_0.84_weight_1.4e+02",
  "mean_squared_curvatures": [
    0.43806136727644907,
    0.6580851612204609,
    0.6325328122405212,
    0.5449014473452299,
    1.1419813403985932,
    1.3386692473026816
  ],
  "max_mean_squared_curvature": 1.3386692473026816,
  "message": "STOP: TOTAL NO. of ITERATIONS REACHED LIMIT",
  "success": false,
  "iterations": 700,
  "function_evaluations": 1141,
  "coil_currents": [
    7985488.666305001,
    8011360.609412915,
    7830920.817892615,
    7783303.454931571,
    7983064.573139165,
    8987276.596407808
  ],
  "coil_surface_distance": 1.117840611596943
}