{
  "nfp": 4,
  "R0": 11.34443056562854,
  "R1": 4.3106414390223176,
  "ncoils": 6,
  "order": 14,
  "nphi": 32,
  "ntheta": 32,
  "length_target": 39.823931118075755,
  "length_weight": 0.6567051343258201,
  "max_curvature_threshold": 3.4878822543765677,
  "max_curvature_weight": 0.0026142524704885948,
  "msc_threshold": 5.2154890060199985,
  "msc_weight": 2.582500216020918e-06,
  "JF": 0.0009421023842344261,
  "Jf": 0.0009238548846549552,
  "BdotN": 0.005637113685769364,
  "lengths": [
    38.2558256080747,
    38.171772314709656,
    39.543505835681096,
    39.42707740471243,
    43.03517064815614,
    40.510469320389014
  ],
  "length": 238.94382113172304,
  "max_curvatures": [
    3.515978554292562,
    3.5171082186933758,
    3.5034702503340447,
    3.5023729754733863,
    2.8519858852032995,
    3.5163473297489487
  ],
  "max_max_curvature": 3.5171082186933758,
  "coil_coil_distance": 0.9273788471212067,
  "cc_threshold": 0.9361962922744718,
  "cc_weight": 0.2898297193960499,
  "gradient_norm": 0.006126465551555629,
  "linking_number": 0,
  "directory": "ncoils_6_order_14_R1_4.3_length_target_4e+01_weight_0.66_max_curvature_3.5_weight_0.0026_msc_5.2_weight_2.6e-06_cc_0.94_weight_0.29",
  "mean_squared_curvatures": [
    0.5344617362362252,
    0.5094577440063845,
    0.43454090445449284,
    0.5295447553113604,
    0.4907611102054709,
    0.7259459427164298
  ],
  "max_mean_squared_curvature": 0.7259459427164298,
  "message": "STOP: TOTAL NO. of ITERATIONS REACHED LIMIT",
  "success": false,
  "iterations": 700,
  "function_evaluations": 780,
  "coil_currents": [
    8317758.0249071885,
    8066625.031577084,
    7805366.824004565,
    7889364.539679061,
    8096965.812625332,
    8405334.485295847
  ],
  "coil_surface_distance": 1.1110204701894553
}