{
  "nfp": 4,
  "R0": 11.34443056562854,
  "R1": 4.3192444725892205,
  "ncoils": 5,
  "order": 14,
  "nphi": 32,
  "ntheta": 32,
  "length_target": 31.07901884850474,
  "length_weight": 0.17448271274399296,
  "max_curvature_threshold": 2.880213560278843,
  "max_curvature_weight": 1.1270976991462538e-06,
  "msc_threshold": 3.776290527101461,
  "msc_weight": 1.2695348188127927e-07,
  "JF": 0.0004685392397186835,
  "Jf": 0.00046813837151041065,
  "BdotN": 0.004516306040638596,
  "lengths": [
    32.42677844867479,
    31.586090152440466,
    31.010455821846634,
    30.710564455757957,
    29.66165315558861
  ],
  "length": 155.39554203430845,
  "max_curvatures": [
    4.222884194974979,
    16.009075651689873,
    4.185932659778721,
    1.5433352534846632,
    5.130049317856029
  ],
  "max_max_curvature": 16.009075651689873,
  "coil_coil_distance": 0.5559418568567764,
  "cc_threshold": 0.5578300110920825,
  "cc_weight": 0.9972750921272829,
  "gradient_norm": 0.8842619565566333,
  "linking_number": 0,
  "directory": "ncoils_5_order_14_R1_4.3_length_target_3.1e+01_weight_0.17_max_curvature_2.9_weight_1.1e-06_msc_3.8_weight_1.3e-07_cc_0.56_weight_1.0",
  "mean_squared_curvatures": [
    0.13459143991737332,
    0.17291324954878814,
    0.26345736811838405,
    0.24831665664257235,
    0.49133196977330135
  ],
  "max_mean_squared_curvature": 0.49133196977330135,
  "message": "STOP: TOTAL NO. of ITERATIONS REACHED LIMIT",
  "success": false,
  "iterations": 700,
  "function_evaluations": 812,
  "coil_currents": [
    9855469.007041642,
    9798062.172564149,
    9699944.930587253,
    9727822.083371472,
    9500116.524524562
  ],
  "coil_surface_distance": 1.2968314411283586
}