{
  "nfp": 4,
  "ncoils": 6,
  "R0": 11.34443056562854,
  "R1": 4.422632267060684,
  "order": 5,
  "nphi": 32,
  "ntheta": 32,
  "length_target": 41.437662579793404,
  "length_weight": 0.34221376534040954,
  "max_curvature_threshold": 0.5261609832510233,
  "max_curvature_weight": 5.246182445515792e-07,
  "msc_threshold": 2.3733971883065115,
  "msc_weight": 1.965133793876533e-06,
  "JF": 0.34078726208139515,
  "Jf": 0.3341038366552136,
  "BdotN": 0.10600049887712366,
  "lengths": [
    40.35218880210635,
    40.91422717092547,
    39.044139470519305,
    41.11102340462804,
    42.02967703423882,
    45.06209693724972
  ],
  "length": 248.51335281966772,
  "max_curvatures": [
    2.601559551010442,
    9.786031801716584,
    1.1651070393064373,
    2.960958753622857,
    2.721280821358033,
    33.53521984346845
  ],
  "max_max_curvature": 33.53521984346845,
  "coil_coil_distance": 0.40949123317202607,
  "cc_threshold": 0.42579595688139943,
  "cc_weight": 50.016103056160745,
  "gradient_norm": 2.226164331044887,
  "linking_number": 0,
  "directory": "ncoils_6_order_5_R1_4.4_length_target_4.1e+01_weight_0.34_max_curvature_0.53_weight_5.2e-07_msc_2.4_weight_2e-06_cc_0.43_weight_5e+01",
  "mean_squared_curvatures": [
    0.16724953638010673,
    0.40735378973807534,
    0.09775286918146489,
    0.17442860386448994,
    0.1823576686268119,
    1.1931848294637362
  ],
  "max_mean_squared_curvature": 1.1931848294637362,
  "message": "CONVERGENCE: REL_REDUCTION_OF_F_<=_FACTR*EPSMCH",
  "success": true,
  "iterations": 77,
  "function_evaluations": 159,
  "coil_currents": [
    7930584.542316249,
    8297969.61041919,
    7719355.996691781,
    7985288.29864872,
    8002375.870641792,
    8645840.399371348
  ],
  "coil_surface_distance": 0.8872399887750088
}