{
  "nfp": 4,
  "R0": 11.34443056562854,
  "R1": 4.677827598881805,
  "ncoils": 5,
  "order": 13,
  "nphi": 32,
  "ntheta": 32,
  "length_target": 36.5824140323633,
  "length_weight": 19.800201027739686,
  "max_curvature_threshold": 7.270810879822745,
  "max_curvature_weight": 1.3507734088077126e-05,
  "msc_threshold": 1.3092731237540391,
  "msc_weight": 6.205459360057325e-07,
  "JF": 0.00177193859826288,
  "Jf": 0.0016245012511908051,
  "BdotN": 0.0068868962054994005,
  "lengths": [
    36.08466762618912,
    37.191153465158905,
    39.05712223042771,
    35.1467678465644,
    35.43232647963121
  ],
  "length": 182.91203764797135,
  "max_curvatures": [
    5.323007196041252,
    6.580751404843231,
    8.854736670105476,
    8.325806846667293,
    9.434038974655053
  ],
  "max_max_curvature": 9.434038974655053,
  "coil_coil_distance": 0.8974615130149118,
  "cc_threshold": 0.9583247180175745,
  "cc_weight": 0.05656378710784739,
  "gradient_norm": 0.021205078248676023,
  "linking_number": 0,
  "directory": "ncoils_5_order_13_R1_4.7_length_target_3.7e+01_weight_2e+01_max_curvature_7.3_weight_1.4e-05_msc_1.3_weight_6.2e-07_cc_0.96_weight_0.057",
  "mean_squared_curvatures": [
    0.41078105458049563,
    0.6879478601386786,
    1.3157812188004514,
    0.995745221521706,
    0.8469554719888355
  ],
  "max_mean_squared_curvature": 1.3157812188004514,
  "message": "STOP: TOTAL NO. of ITERATIONS REACHED LIMIT",
  "success": false,
  "iterations": 700,
  "function_evaluations": 829,
  "coil_currents": [
    9715368.466603741,
    9655439.525707986,
    9653459.409626463,
    9690051.61408608,
    9867095.702064805
  ],
  "coil_surface_distance": 1.1552348156580607
}