{
  "nfp": 4,
  "R0": 11.34443056562854,
  "R1": 4.764394105428531,
  "ncoils": 6,
  "order": 8,
  "nphi": 32,
  "ntheta": 32,
  "length_target": 38.77608716195499,
  "length_weight": 83.84566880526272,
  "max_curvature_threshold": 5.77144421759855,
  "max_curvature_weight": 0.0016815933226850283,
  "msc_threshold": 2.3100483399223166,
  "msc_weight": 3.9245900146863576e-05,
  "JF": 0.016202883736903817,
  "Jf": 0.0161318163318548,
  "BdotN": 0.030246012025300296,
  "lengths": [
    41.32718541912876,
    41.698269312148675,
    40.27605869135099,
    36.6080373873074,
    34.579536084070476,
    38.167863283639306
  ],
  "length": 232.65695017764563,
  "max_curvatures": [
    4.892616184277998,
    4.342836171550858,
    4.904819692736668,
    6.140084788149447,
    6.13884601599838,
    5.220858536409452
  ],
  "max_max_curvature": 6.140084788149447,
  "coil_coil_distance": 0.9793900443301443,
  "cc_threshold": 0.9825330240695327,
  "cc_weight": 7.569786055426895,
  "gradient_norm": 0.9434011708220054,
  "linking_number": 0,
  "directory": "ncoils_6_order_8_R1_4.8_length_target_3.9e+01_weight_8.4e+01_max_curvature_5.8_weight_0.0017_msc_2.3_weight_3.9e-05_cc_0.98_weight_7.6",
  "mean_squared_curvatures": [
    0.5460367343223049,
    0.3467227477361143,
    0.3975910142087163,
    0.6968105657770954,
    0.7829923814468949,
    0.6069527081494444
  ],
  "max_mean_squared_curvature": 0.7829923814468949,
  "message": "STOP: TOTAL NO. of ITERATIONS REACHED LIMIT",
  "success": false,
  "iterations": 700,
  "function_evaluations": 836,
  "coil_currents": [
    8094606.459392287,
    7967525.743807746,
    8199914.788005654,
    7987336.8455401175,
    7907596.479720588,
    8424434.40162269
  ],
  "coil_surface_distance": 1.0791700409309144
}