{
  "nfp": 4,
  "ncoils": 6,
  "R0": 11.34443056562854,
  "R1": 4.570338229251934,
  "order": 7,
  "nphi": 32,
  "ntheta": 32,
  "length_target": 33.567071008883026,
  "length_weight": 0.7303128034153106,
  "max_curvature_threshold": 1.8254350405286908,
  "max_curvature_weight": 4.841429200434297e-07,
  "msc_threshold": 1.0266694013109543,
  "msc_weight": 1.1792375546182508e-06,
  "JF": 0.00014895032789293442,
  "Jf": 0.000148014836841624,
  "BdotN": 0.004633119919778439,
  "lengths": [
    34.88689191319238,
    34.27703498387558,
    32.95002922211939,
    32.407694209245804,
    33.13833986347648,
    33.7425155787367
  ],
  "length": 201.40250577064637,
  "max_curvatures": [
    3.238575071484042,
    1.4922240625164085,
    1.155788256613995,
    6.788154998402532,
    3.5663937890652178,
    1.7893595419459842
  ],
  "max_max_curvature": 6.788154998402532,
  "coil_coil_distance": 0.46370626270919485,
  "cc_threshold": 0.4612282962937703,
  "cc_weight": 1.9189879110947112,
  "gradient_norm": 0.001168784153974838,
  "linking_number": 0,
  "directory": "ncoils_6_order_7_R1_4.6_length_target_3.4e+01_weight_0.73_max_curvature_1.8_weight_4.8e-07_msc_1.0_weight_1.2e-06_cc_0.46_weight_1.9",
  "mean_squared_curvatures": [
    0.2071114686505398,
    0.14085994536734248,
    0.13705547628577158,
    0.3408524716145558,
    0.2362846547616409,
    0.1817782185729242
  ],
  "max_mean_squared_curvature": 0.3408524716145558,
  "message": "STOP: TOTAL NO. of ITERATIONS REACHED LIMIT",
  "success": false,
  "iterations": 500,
  "function_evaluations": 545,
  "coil_currents": [
    8108893.684892342,
    8051759.843718893,
    7995859.930289051,
    7998966.697599669,
    8055495.729636069,
    8370438.831953056
  ],
  "coil_surface_distance": 1.3474563679900928
}