{
  "nfp": 4,
  "R0": 11.34443056562854,
  "R1": 4.800729938262674,
  "ncoils": 4,
  "order": 10,
  "nphi": 32,
  "ntheta": 32,
  "length_target": 45.6612514526431,
  "length_weight": 0.2674534956559796,
  "max_curvature_threshold": 5.723468725866878,
  "max_curvature_weight": 9.793701480308791e-06,
  "msc_threshold": 2.152831514134496,
  "msc_weight": 3.345536170698081e-05,
  "JF": 0.0005346114640724152,
  "Jf": 0.000527281268821422,
  "BdotN": 0.004338142760660873,
  "lengths": [
    49.68896624462983,
    45.561483993112056,
    45.40272920490593,
    41.99202291566845
  ],
  "length": 182.64520235831628,
  "max_curvatures": [
    6.527165733057522,
    7.0940113420318145,
    3.0135137987475242,
    7.259769800390434
  ],
  "max_max_curvature": 7.259769800390434,
  "coil_coil_distance": 0.8061793628336196,
  "cc_threshold": 0.809833886173092,
  "cc_weight": 0.12315690185227718,
  "gradient_norm": 0.0022600375883689156,
  "linking_number": 0,
  "directory": "ncoils_4_order_10_R1_4.8_length_target_4.6e+01_weight_0.27_max_curvature_5.7_weight_9.8e-06_msc_2.2_weight_3.3e-05_cc_0.81_weight_0.12",
  "mean_squared_curvatures": [
    0.9906780100530578,
    0.783123723397645,
    0.1798173166935208,
    1.3369016301937144
  ],
  "max_mean_squared_curvature": 1.3369016301937144,
  "message": "STOP: TOTAL NO. of ITERATIONS REACHED LIMIT",
  "success": false,
  "iterations": 700,
  "function_evaluations": 776,
  "coil_currents": [
    12651780.360821102,
    12048902.442716056,
    12901073.171423024,
    10979658.743128896
  ],
  "coil_surface_distance": 1.4224845910618555
}