{
  "nfp": 4,
  "R0": 11.34443056562854,
  "R1": 4.598872154867136,
  "ncoils": 5,
  "order": 13,
  "nphi": 32,
  "ntheta": 32,
  "length_target": 30.897716793041038,
  "length_weight": 2.1425592544033325,
  "max_curvature_threshold": 3.4590247041670477,
  "max_curvature_weight": 9.524379715253437e-05,
  "msc_threshold": 4.167870002035789,
  "msc_weight": 2.2020534049418017e-07,
  "JF": 0.0004565796129378728,
  "Jf": 0.00045590348112951553,
  "BdotN": 0.004380096528841175,
  "lengths": [
    32.54938306304507,
    31.6196537100909,
    30.5555073890984,
    29.96536237681179,
    29.798674690357426
  ],
  "length": 154.48858122940356,
  "max_curvatures": [
    3.292049416212896,
    3.2391690285321353,
    3.222313271973599,
    3.53643351908923,
    3.52498112964551
  ],
  "max_max_curvature": 3.53643351908923,
  "coil_coil_distance": 0.7503218759314361,
  "cc_threshold": 0.7530730461220574,
  "cc_weight": 0.7705587791707033,
  "gradient_norm": 0.0009704675473265985,
  "linking_number": 0,
  "directory": "ncoils_5_order_13_R1_4.6_length_target_3.1e+01_weight_2.1_max_curvature_3.5_weight_9.5e-05_msc_4.2_weight_2.2e-07_cc_0.75_weight_0.77",
  "mean_squared_curvatures": [
    0.16055043644007772,
    0.18175573442090323,
    0.19712457562117092,
    0.3400128671190539,
    0.41463319012778566
  ],
  "max_mean_squared_curvature": 0.41463319012778566,
  "message": "STOP: TOTAL NO. of ITERATIONS REACHED LIMIT",
  "success": false,
  "iterations": 700,
  "function_evaluations": 784,
  "coil_currents": [
    9781177.166499529,
    9710764.636899156,
    9659497.144992273,
    9650286.107688513,
    9779689.662009612
  ],
  "coil_surface_distance": 1.2784518322512561
}