{
  "nfp": 4,
  "R0": 11.34443056562854,
  "R1": 4.74878480139945,
  "ncoils": 6,
  "order": 6,
  "nphi": 32,
  "ntheta": 32,
  "length_target": 46.00939135545077,
  "length_weight": 0.05784602209938788,
  "max_curvature_threshold": 4.412935714497555,
  "max_curvature_weight": 7.990655169392091e-06,
  "msc_threshold": 6.083855608408081,
  "msc_weight": 8.710575383951087e-05,
  "JF": 0.015501729144293246,
  "Jf": 0.015261039675963537,
  "BdotN": 0.0200626151134023,
  "lengths": [
    45.149855877906745,
    58.09249837215896,
    38.0435832669524,
    43.08945066439982,
    42.311064166312235,
    49.355742684966
  ],
  "length": 276.04219503269616,
  "max_curvatures": [
    7.977255161426924,
    11.935672335161817,
    20.332002640155824,
    4.564438190635676,
    4.335009117303254,
    18.595631199862517
  ],
  "max_max_curvature": 20.332002640155824,
  "coil_coil_distance": 1.0388406700928055,
  "cc_threshold": 1.039352726423778,
  "cc_weight": 36.2680182465655,
  "gradient_norm": 0.09998842251426641,
  "linking_number": 0,
  "directory": "ncoils_6_order_6_R1_4.7_length_target_4.6e+01_weight_0.058_max_curvature_4.4_weight_8e-06_msc_6.1_weight_8.7e-05_cc_1.0_weight_3.6e+01",
  "mean_squared_curvatures": [
    0.7139500402632465,
    1.7953691333988788,
    0.8416155059806786,
    0.45400999022095956,
    0.3581494016094615,
    1.4850458690361827
  ],
  "max_mean_squared_curvature": 1.7953691333988788,
  "message": "STOP: TOTAL NO. of ITERATIONS REACHED LIMIT",
  "success": false,
  "iterations": 700,
  "function_evaluations": 975,
  "coil_currents": [
    8031900.87995023,
    8316663.141787507,
    7649399.263461515,
    7998048.594317376,
    7887099.002353306,
    8698303.836219147
  ],
  "coil_surface_distance": 1.0003387193418471
}