{
  "nfp": 4,
  "R0": 11.34443056562854,
  "R1": 4.623596690951441,
  "ncoils": 5,
  "order": 15,
  "nphi": 32,
  "ntheta": 32,
  "length_target": 30.46429458169576,
  "length_weight": 89.4227338390444,
  "max_curvature_threshold": 1.6582538695782305,
  "max_curvature_weight": 4.287247749298685e-06,
  "msc_threshold": 7.056333992776598,
  "msc_weight": 5.253620297584178e-05,
  "JF": 0.0015936976547969509,
  "Jf": 0.0015567396399072916,
  "BdotN": 0.009081547292389807,
  "lengths": [
    32.65064954376484,
    31.647431514327955,
    30.458649370101156,
    28.98995389306121,
    28.57487700672841
  ],
  "length": 152.32156132798357,
  "max_curvatures": [
    6.6436854569213715,
    4.397101870709552,
    5.376024155968202,
    5.7951149784980425,
    5.68658646520122
  ],
  "max_max_curvature": 6.6436854569213715,
  "coil_coil_distance": 0.704086581903788,
  "cc_threshold": 0.7747418249963676,
  "cc_weight": 0.018817794052065788,
  "gradient_norm": 0.14807635240847714,
  "linking_number": 0,
  "directory": "ncoils_5_order_15_R1_4.6_length_target_3e+01_weight_8.9e+01_max_curvature_1.7_weight_4.3e-06_msc_7.1_weight_5.3e-05_cc_0.77_weight_0.019",
  "mean_squared_curvatures": [
    0.4402112597647966,
    0.2052906198308824,
    0.3536242736657308,
    0.3537639006832653,
    0.3964208384108034
  ],
  "max_mean_squared_curvature": 0.4402112597647966,
  "message": "STOP: TOTAL NO. of ITERATIONS REACHED LIMIT",
  "success": false,
  "iterations": 700,
  "function_evaluations": 898,
  "coil_currents": [
    9711438.647877157,
    9659816.972347239,
    9625563.498397056,
    9644421.749711571,
    9940173.849756062
  ],
  "coil_surface_distance": 1.2451774781777383
}