{
  "nfp": 4,
  "ncoils": 6,
  "R0": 11.34443056562854,
  "R1": 4.302888015752386,
  "order": 14,
  "nphi": 32,
  "ntheta": 32,
  "length_target": 34.27540317032795,
  "length_weight": 0.22331335416889742,
  "max_curvature_threshold": 4.3973367159453804,
  "max_curvature_weight": 3.879987667797979e-06,
  "msc_threshold": 3.3327865993668637,
  "msc_weight": 2.5659274819549398e-06,
  "JF": 0.005010160732790561,
  "Jf": 0.004785567625808644,
  "BdotN": 0.02312242708154345,
  "lengths": [
    33.44037228154115,
    32.35668055375903,
    30.986603176657383,
    34.98109209124518,
    37.72208395099143,
    36.166693941178224
  ],
  "length": 205.65352599537238,
  "max_curvatures": [
    12.338960516757783,
    12.141136411027198,
    8.05971019474341,
    18.04467679976068,
    17.890039145207048,
    14.795120823048654
  ],
  "max_max_curvature": 18.04467679976068,
  "coil_coil_distance": 0.9271123374270733,
  "cc_threshold": 0.9276036945446939,
  "cc_weight": 186.80825504705206,
  "gradient_norm": 0.05034332698157364,
  "linking_number": 0,
  "directory": "ncoils_6_order_14_R1_4.3_length_target_3.4e+01_weight_0.22_max_curvature_4.4_weight_3.9e-06_msc_3.3_weight_2.6e-06_cc_0.93_weight_1.9e+02",
  "mean_squared_curvatures": [
    3.3149847501972323,
    2.789437917958536,
    1.6283895217768214,
    3.412571068820307,
    3.3206937923074253,
    3.1387591553149696
  ],
  "max_mean_squared_curvature": 3.412571068820307,
  "message": "STOP: TOTAL NO. of ITERATIONS REACHED LIMIT",
  "success": false,
  "iterations": 700,
  "function_evaluations": 862,
  "coil_currents": [
    8392439.718740609,
    8373851.992900157,
    8312345.437567345,
    8333464.867486036,
    6862639.769743208,
    8306672.931651726
  ],
  "coil_surface_distance": 0.04821452208347917
}