{
  "nfp": 4,
  "R0": 11.34443056562854,
  "R1": 4.685193459622399,
  "ncoils": 4,
  "order": 8,
  "nphi": 32,
  "ntheta": 32,
  "length_target": 41.551979094810754,
  "length_weight": 2.482966957845256,
  "max_curvature_threshold": 1.8524816814107998,
  "max_curvature_weight": 0.00018124518063638307,
  "msc_threshold": 0.6383939652546071,
  "msc_weight": 4.95788254994847e-05,
  "JF": 0.0019441286118409681,
  "Jf": 0.0019243389600148793,
  "BdotN": 0.009561395136793868,
  "lengths": [
    41.47589570843961,
    41.52829383771356,
    42.05013383286987,
    41.15397945835295
  ],
  "length": 166.20830283737598,
  "max_curvatures": [
    2.13988705624258,
    1.9664811899551222,
    2.2877657813739343,
    2.651176424971733
  ],
  "max_max_curvature": 2.651176424971733,
  "coil_coil_distance": 0.9102038908890676,
  "cc_threshold": 0.910473226880633,
  "cc_weight": 24.674418771449353,
  "gradient_norm": 0.022798207552136133,
  "linking_number": 0,
  "directory": "ncoils_4_order_8_R1_4.7_length_target_4.2e+01_weight_2.5_max_curvature_1.9_weight_0.00018_msc_0.64_weight_5e-05_cc_0.91_weight_2.5e+01",
  "mean_squared_curvatures": [
    0.1771405008539462,
    0.23456405541222305,
    0.17639923635403848,
    0.2823968448968735
  ],
  "max_mean_squared_curvature": 0.2823968448968735,
  "message": "STOP: TOTAL NO. of ITERATIONS REACHED LIMIT",
  "success": false,
  "iterations": 700,
  "function_evaluations": 811,
  "coil_currents": [
    12477411.104232376,
    12363191.802392995,
    12333983.30682731,
    11406828.5046364
  ],
  "coil_surface_distance": 1.326622486208966
}