{
  "nfp": 4,
  "R0": 11.34443056562854,
  "R1": 4.879234285082227,
  "ncoils": 5,
  "order": 10,
  "nphi": 32,
  "ntheta": 32,
  "length_target": 35.2500501086876,
  "length_weight": 0.06098576028947725,
  "max_curvature_threshold": 4.316046959014108,
  "max_curvature_weight": 1.1898210647228473e-05,
  "msc_threshold": 2.152218791845338,
  "msc_weight": 7.084662210426316e-06,
  "JF": 0.0003707384653638505,
  "Jf": 0.00036899563137078096,
  "BdotN": 0.004451164795681945,
  "lengths": [
    34.51495382907034,
    33.52627753042966,
    36.28410564260183,
    36.20220617864208,
    35.72237305258415
  ],
  "length": 176.24991623332807,
  "max_curvatures": [
    4.153333708696346,
    3.919605892175859,
    5.456631099133638,
    5.579192872156817,
    4.427754054613315
  ],
  "max_max_curvature": 5.579192872156817,
  "coil_coil_distance": 0.641700664996924,
  "cc_threshold": 0.6417548568863302,
  "cc_weight": 923.2472165613693,
  "gradient_norm": 0.005538133812479923,
  "linking_number": 0,
  "directory": "ncoils_5_order_10_R1_4.9_length_target_3.5e+01_weight_0.061_max_curvature_4.3_weight_1.2e-05_msc_2.2_weight_7.1e-06_cc_0.64_weight_9.2e+02",
  "mean_squared_curvatures": [
    0.33085626433393056,
    0.3381597893252183,
    0.7132310999458384,
    0.7469217052306821,
    0.820242791322702
  ],
  "max_mean_squared_curvature": 0.820242791322702,
  "message": "STOP: TOTAL NO. of ITERATIONS REACHED LIMIT",
  "success": false,
  "iterations": 700,
  "function_evaluations": 1423,
  "coil_currents": [
    9924604.592097724,
    9869691.905508831,
    9775733.539350139,
    9692405.847062489,
    9318978.8340699
  ],
  "coil_surface_distance": 1.2349365644442325
}