{
  "nfp": 4,
  "R0": 11.34443056562854,
  "R1": 4.998508879081756,
  "ncoils": 4,
  "order": 13,
  "nphi": 32,
  "ntheta": 32,
  "length_target": 43.28505028369184,
  "length_weight": 1.651067887808215,
  "max_curvature_threshold": 2.3894301126013104,
  "max_curvature_weight": 1.586455175219284e-05,
  "msc_threshold": 4.67961750591656,
  "msc_weight": 5.906777202766844e-06,
  "JF": 0.0005422035843139684,
  "Jf": 0.0005272015283566255,
  "BdotN": 0.00472345581873901,
  "lengths": [
    44.25910291358751,
    43.515342888241676,
    41.78260049569685,
    43.58392072329944
  ],
  "length": 173.14096702082549,
  "max_curvatures": [
    3.092992774261395,
    3.0951308924314866,
    4.022188254140361,
    4.497690585651351
  ],
  "max_max_curvature": 4.497690585651351,
  "coil_coil_distance": 0.8060104325031038,
  "cc_threshold": 0.8193620403533359,
  "cc_weight": 0.18937218040369724,
  "gradient_norm": 0.036966436727277216,
  "linking_number": 0,
  "directory": "ncoils_4_order_13_R1_5.0_length_target_4.3e+01_weight_1.7_max_curvature_2.4_weight_1.6e-05_msc_4.7_weight_5.9e-06_cc_0.82_weight_0.19",
  "mean_squared_curvatures": [
    0.482936277937789,
    0.4019391758899514,
    0.5860509573099063,
    0.6855772150454419
  ],
  "max_mean_squared_curvature": 0.6855772150454419,
  "message": "STOP: TOTAL NO. of ITERATIONS REACHED LIMIT",
  "success": false,
  "iterations": 700,
  "function_evaluations": 785,
  "coil_currents": [
    12271356.633245973,
    12148828.275337653,
    12135940.095839785,
    12025289.713665672
  ],
  "coil_surface_distance": 1.418654271516367
}