{
  "nfp": 4,
  "R0": 11.34443056562854,
  "R1": 4.633454433832478,
  "ncoils": 6,
  "order": 11,
  "nphi": 32,
  "ntheta": 32,
  "length_target": 43.594623306587174,
  "length_weight": 0.011941605435389057,
  "max_curvature_threshold": 1.225656170801435,
  "max_curvature_weight": 0.0042557792469764735,
  "msc_threshold": 5.523783678925389,
  "msc_weight": 1.7780755882361242e-07,
  "JF": 0.000306005366498529,
  "Jf": 0.00030320435024335554,
  "BdotN": 0.0051713526609281826,
  "lengths": [
    35.45941626785048,
    44.85366727968123,
    42.28926666180004,
    38.45118903453834,
    46.899237596176796,
    53.61234749721129
  ],
  "length": 261.56512433725817,
  "max_curvatures": [
    1.2214707082865912,
    1.2498769209131502,
    1.2363543201656597,
    1.0738070926227468,
    1.2703085200658562,
    1.2393843465265648
  ],
  "max_max_curvature": 1.2703085200658562,
  "coil_coil_distance": 0.6519143447457539,
  "cc_threshold": 0.6522846118154108,
  "cc_weight": 9.52782432423439,
  "gradient_norm": 0.002720147412629208,
  "linking_number": 0,
  "directory": "ncoils_6_order_11_R1_4.6_length_target_4.4e+01_weight_0.012_max_curvature_1.2_weight_0.0043_msc_5.5_weight_1.8e-07_cc_0.65_weight_9.5",
  "mean_squared_curvatures": [
    0.25273065376561016,
    0.3970025032270365,
    0.36016786847536836,
    0.2516273510586759,
    0.39138740987885307,
    0.4818220836051416
  ],
  "max_mean_squared_curvature": 0.4818220836051416,
  "message": "STOP: TOTAL NO. of ITERATIONS REACHED LIMIT",
  "success": false,
  "iterations": 700,
  "function_evaluations": 827,
  "coil_currents": [
    8132253.930337985,
    8068051.676632303,
    7871469.874682481,
    7764611.184028646,
    7953576.855577821,
    8791451.196829848
  ],
  "coil_surface_distance": 1.2035350991294997
}