{
  "nfp": 4,
  "ncoils": 6,
  "R0": 11.34443056562854,
  "R1": 4.292125046888064,
  "order": 12,
  "nphi": 32,
  "ntheta": 32,
  "length_target": 35.20714338416791,
  "length_weight": 1.3001640882492074,
  "max_curvature_threshold": 3.0229631059634703,
  "max_curvature_weight": 9.931902558604465e-05,
  "msc_threshold": 3.647800347410867,
  "msc_weight": 1.5428716509312566e-07,
  "JF": 0.0008982206884234475,
  "Jf": 0.0008927622821425046,
  "BdotN": 0.005916665283906602,
  "lengths": [
    35.67245557785569,
    35.514355331976255,
    35.88729459865927,
    33.53776114571859,
    34.38196149822452,
    36.2492334326355
  ],
  "length": 211.2430615850698,
  "max_curvatures": [
    3.176582591062262,
    3.3836544315878476,
    3.352659683398506,
    3.0218726597275976,
    3.344030243022593,
    2.990911188785891
  ],
  "max_max_curvature": 3.3836544315878476,
  "coil_coil_distance": 0.906716716009538,
  "cc_threshold": 0.9080884094221806,
  "cc_weight": 2.8303496456425545,
  "gradient_norm": 0.007774357056248749,
  "linking_number": 0,
  "directory": "ncoils_6_order_12_R1_4.3_length_target_3.5e+01_weight_1.3_max_curvature_3.0_weight_9.9e-05_msc_3.6_weight_1.5e-07_cc_0.91_weight_2.8",
  "mean_squared_curvatures": [
    0.5502371112532564,
    0.47252798527011375,
    0.46168058572061427,
    0.3824546249239346,
    0.6215701798757881,
    0.4530029367068588
  ],
  "max_mean_squared_curvature": 0.6215701798757881,
  "message": "STOP: TOTAL NO. of ITERATIONS REACHED LIMIT",
  "success": false,
  "iterations": 700,
  "function_evaluations": 759,
  "coil_currents": [
    8199031.262034694,
    8048213.276371195,
    7940341.259860368,
    7799458.725777215,
    7953880.144667216,
    8640490.049378395
  ],
  "coil_surface_distance": 1.1142845481835624
}