{
  "nfp": 4,
  "R0": 11.34443056562854,
  "R1": 4.287889793177422,
  "ncoils": 6,
  "order": 10,
  "nphi": 32,
  "ntheta": 32,
  "length_target": 30.380692039820072,
  "length_weight": 2.3077880573973366,
  "max_curvature_threshold": 0.7189609817993825,
  "max_curvature_weight": 5.4659925970944e-06,
  "msc_threshold": 5.442329387928688,
  "msc_weight": 3.2239241842561133e-06,
  "JF": 0.0005498595066078876,
  "Jf": 0.0005292121946645903,
  "BdotN": 0.004347110410383936,
  "lengths": [
    32.005789246453936,
    31.300185699233744,
    32.65293704022986,
    29.76067559248045,
    29.56825844119082,
    26.996601252692876
  ],
  "length": 182.28444727228168,
  "max_curvatures": [
    0.7968107343761958,
    1.1319563697923432,
    1.6967341235890623,
    2.270711433577502,
    2.251294046283713,
    2.5294438032034785
  ],
  "max_max_curvature": 2.5294438032034785,
  "coil_coil_distance": 0.8447697479144892,
  "cc_threshold": 0.8467714360230667,
  "cc_weight": 1.7500695598422318,
  "gradient_norm": 0.015234945384925539,
  "linking_number": 0,
  "directory": "ncoils_6_order_10_R1_4.3_length_target_3e+01_weight_2.3_max_curvature_0.72_weight_5.5e-06_msc_5.4_weight_3.2e-06_cc_0.85_weight_1.8",
  "mean_squared_curvatures": [
    0.1399307023851365,
    0.1687328111102632,
    0.22082494398845803,
    0.31988211934518557,
    0.39630594652484297,
    0.3566130076908791
  ],
  "max_mean_squared_curvature": 0.39630594652484297,
  "message": "STOP: TOTAL NO. of ITERATIONS REACHED LIMIT",
  "success": false,
  "iterations": 700,
  "function_evaluations": 741,
  "coil_currents": [
    8431666.26689089,
    8272194.746661665,
    8189701.76283222,
    8292473.540679396,
    8318059.354993441,
    7077319.046031468
  ],
  "coil_surface_distance": 1.1110308566506604
}