{
  "nfp": 4,
  "R0": 11.34443056562854,
  "R1": 4.324094474847448,
  "ncoils": 4,
  "order": 7,
  "nphi": 32,
  "ntheta": 32,
  "length_target": 34.45285782107653,
  "length_weight": 16.012094517902266,
  "max_curvature_threshold": 3.5599973432748806,
  "max_curvature_weight": 6.629916752898649e-06,
  "msc_threshold": 2.249001980858422,
  "msc_weight": 2.8999362812170206e-07,
  "JF": 0.001382117756387834,
  "Jf": 0.001323068956816874,
  "BdotN": 0.006652185406534852,
  "lengths": [
    36.11213022113231,
    34.60415429901673,
    33.76183143450081,
    33.333559608179755
  ],
  "length": 137.81167556282958,
  "max_curvatures": [
    1.2797719616658882,
    1.0570887375974038,
    1.95944466469567,
    5.807410289759133
  ],
  "max_max_curvature": 5.807410289759133,
  "coil_coil_distance": 0.7187657218992889,
  "cc_threshold": 0.7909128383602786,
  "cc_weight": 0.03064508768423365,
  "gradient_norm": 0.06218817757073998,
  "linking_number": 0,
  "directory": "ncoils_4_order_7_R1_4.3_length_target_3.4e+01_weight_1.6e+01_max_curvature_3.6_weight_6.6e-06_msc_2.2_weight_2.9e-07_cc_0.79_weight_0.031",
  "mean_squared_curvatures": [
    0.12097300589735352,
    0.12236505658491617,
    0.18783953332209416,
    0.44893653260436583
  ],
  "max_mean_squared_curvature": 0.44893653260436583,
  "message": "STOP: TOTAL NO. of ITERATIONS REACHED LIMIT",
  "success": false,
  "iterations": 700,
  "function_evaluations": 811,
  "coil_currents": [
    12162089.66816379,
    12136273.67824432,
    12051053.841959512,
    12231997.529721461
  ],
  "coil_surface_distance": 1.3939003534198453
}