{
  "nfp": 4,
  "R0": 11.34443056562854,
  "R1": 4.667423073355367,
  "ncoils": 3,
  "order": 10,
  "nphi": 32,
  "ntheta": 32,
  "length_target": 38.69796178864967,
  "length_weight": 3.3301910121376057,
  "max_curvature_threshold": 7.311980367706433,
  "max_curvature_weight": 0.0011182155611597694,
  "msc_threshold": 3.750552683982659,
  "msc_weight": 4.9645470320178665e-06,
  "JF": 0.006027877915139292,
  "Jf": 0.006026004624030764,
  "BdotN": 0.011191236799708421,
  "lengths": [
    40.18386311589493,
    38.53212572368477,
    37.378029731471074
  ],
  "length": 116.09401857105077,
  "max_curvatures": [
    4.050817090612826,
    7.4779593506146504,
    7.3620744732960555
  ],
  "max_max_curvature": 7.4779593506146504,
  "coil_coil_distance": 1.0077408685144753,
  "cc_threshold": 1.0079754826310647,
  "cc_weight": 183.31018559102753,
  "gradient_norm": 0.03262679728353758,
  "linking_number": 0,
  "directory": "ncoils_3_order_10_R1_4.7_length_target_3.9e+01_weight_3.3_max_curvature_7.3_weight_0.0011_msc_3.8_weight_5e-06_cc_1.0_weight_1.8e+02",
  "mean_squared_curvatures": [
    0.17238143989157154,
    0.48787321828448316,
    0.49870167443506835
  ],
  "max_mean_squared_curvature": 0.49870167443506835,
  "message": "STOP: TOTAL NO. of ITERATIONS REACHED LIMIT",
  "success": false,
  "iterations": 700,
  "function_evaluations": 853,
  "coil_currents": [
    16443277.140402852,
    16225645.559762241,
    15912492.017923988
  ],
  "coil_surface_distance": 1.2151201683481172
}