{
  "nfp": 4,
  "ncoils": 6,
  "R0": 11.34443056562854,
  "R1": 4.473496424741258,
  "order": 13,
  "nphi": 32,
  "ntheta": 32,
  "length_target": 35.22454449251254,
  "length_weight": 0.942760452554627,
  "max_curvature_threshold": 1.446737162616856,
  "max_curvature_weight": 2.9466259542768285e-05,
  "msc_threshold": 2.9044213136272723,
  "msc_weight": 3.1519741211075085e-06,
  "JF": 0.00016877542812718135,
  "Jf": 0.00016123506724765368,
  "BdotN": 0.004242789101876584,
  "lengths": [
    36.607280945530896,
    35.53656311624701,
    35.08605565977613,
    37.98974596153152,
    33.47678794306026,
    32.650907546598695
  ],
  "length": 211.3473411727445,
  "max_curvatures": [
    1.6196838960541065,
    1.5161764053774447,
    1.6689131148653997,
    2.1365502036539032,
    1.542224473062442,
    1.6587749597023351
  ],
  "max_max_curvature": 2.1365502036539032,
  "coil_coil_distance": 0.5477347535679157,
  "cc_threshold": 0.5478038743289957,
  "cc_weight": 15.995911409569386,
  "gradient_norm": 0.0022495494398399904,
  "linking_number": 0,
  "directory": "ncoils_6_order_13_R1_4.5_length_target_3.5e+01_weight_0.94_max_curvature_1.4_weight_2.9e-05_msc_2.9_weight_3.2e-06_cc_0.55_weight_1.6e+01",
  "mean_squared_curvatures": [
    0.38825400783569125,
    0.24225714516966143,
    0.30346010687374964,
    0.48354709487173864,
    0.3118938707918863,
    0.3579841689244567
  ],
  "max_mean_squared_curvature": 0.48354709487173864,
  "message": "STOP: TOTAL NO. of ITERATIONS REACHED LIMIT",
  "success": false,
  "iterations": 700,
  "function_evaluations": 786,
  "coil_currents": [
    8210858.507340917,
    8094223.215625906,
    8069942.420322659,
    8060993.66408967,
    8049068.349428801,
    8096328.561281122
  ],
  "coil_surface_distance": 1.2925854402334596
}