{
  "nfp": 4,
  "R0": 11.34443056562854,
  "R1": 4.80057707233902,
  "ncoils": 6,
  "order": 10,
  "nphi": 32,
  "ntheta": 32,
  "length_target": 30.519393628698165,
  "length_weight": 6.512354877630648,
  "max_curvature_threshold": 2.06799263777741,
  "max_curvature_weight": 0.0001839680771626323,
  "msc_threshold": 2.397420711980815,
  "msc_weight": 8.29658893330862e-07,
  "JF": 0.00023633537610031108,
  "Jf": 0.00023617605080819483,
  "BdotN": 0.00464731640329415,
  "lengths": [
    32.34320208906045,
    31.70108761031012,
    30.877462578709526,
    30.08595997105225,
    29.102978101095033,
    29.00582274989077
  ],
  "length": 183.11651310011814,
  "max_curvatures": [
    1.3588495613043399,
    1.6485769313012222,
    2.118842052798541,
    1.393822881535687,
    2.130777689972767,
    2.106281871507215
  ],
  "max_max_curvature": 2.130777689972767,
  "coil_coil_distance": 0.6533542848041153,
  "cc_threshold": 0.6534074319531827,
  "cc_weight": 79.2487229166852,
  "gradient_norm": 0.01984309939520723,
  "linking_number": 0,
  "directory": "ncoils_6_order_10_R1_4.8_length_target_3.1e+01_weight_6.5_max_curvature_2.1_weight_0.00018_msc_2.4_weight_8.3e-07_cc_0.65_weight_7.9e+01",
  "mean_squared_curvatures": [
    0.13667632090260043,
    0.15048872829853135,
    0.19186964832920667,
    0.18282573001333338,
    0.24321695171468194,
    0.35165021903397287
  ],
  "max_mean_squared_curvature": 0.35165021903397287,
  "message": "STOP: TOTAL NO. of ITERATIONS REACHED LIMIT",
  "success": false,
  "iterations": 700,
  "function_evaluations": 806,
  "coil_currents": [
    8131170.547700309,
    8125352.659378116,
    8067012.8681722665,
    8032436.717522049,
    8060059.241003265,
    8165382.684313074
  ],
  "coil_surface_distance": 1.2467238350018004
}