{
  "nfp": 4,
  "R0": 11.34443056562854,
  "R1": 4.506475040741254,
  "ncoils": 5,
  "order": 15,
  "nphi": 32,
  "ntheta": 32,
  "length_target": 41.57206925955577,
  "length_weight": 0.33145550998966344,
  "max_curvature_threshold": 1.569998193345949,
  "max_curvature_weight": 4.2987571067240906e-05,
  "msc_threshold": 4.508163977452021,
  "msc_weight": 7.27412638324733e-05,
  "JF": 0.0002520546018550074,
  "Jf": 0.00023456147832695012,
  "BdotN": 0.0045636782440453055,
  "lengths": [
    41.33447338718877,
    41.22558111947766,
    39.8147905150148,
    41.350733368695806,
    44.13474743383984
  ],
  "length": 207.8603258242169,
  "max_curvatures": [
    1.9359331566206694,
    1.8338611696212488,
    1.9299274903535633,
    2.063295080363126,
    2.157808662106952
  ],
  "max_max_curvature": 2.157808662106952,
  "coil_coil_distance": 0.6605475876007756,
  "cc_threshold": 0.6605258824076582,
  "cc_weight": 3229.3683478458593,
  "gradient_norm": 0.0015378398386798884,
  "linking_number": 0,
  "directory": "ncoils_5_order_15_R1_4.5_length_target_4.2e+01_weight_0.33_max_curvature_1.6_weight_4.3e-05_msc_4.5_weight_7.3e-05_cc_0.66_weight_3.2e+03",
  "mean_squared_curvatures": [
    0.6619757355084419,
    0.5685715932863822,
    0.5835077448927294,
    0.7443732888741251,
    0.7897811586263115
  ],
  "max_mean_squared_curvature": 0.7897811586263115,
  "message": "STOP: TOTAL NO. of ITERATIONS REACHED LIMIT",
  "success": false,
  "iterations": 700,
  "function_evaluations": 1169,
  "coil_currents": [
    9622242.05805121,
    9646732.05767939,
    9617071.188417062,
    9630219.274712132,
    10065150.13922929
  ],
  "coil_surface_distance": 1.0499272943170153
}