{
  "nfp": 4,
  "R0": 11.34443056562854,
  "R1": 4.594811247985006,
  "ncoils": 6,
  "order": 7,
  "nphi": 32,
  "ntheta": 32,
  "length_target": 40.4864592040328,
  "length_weight": 0.01474319541542176,
  "max_curvature_threshold": 2.3137107007678788,
  "max_curvature_weight": 7.644171173731509e-05,
  "msc_threshold": 7.593262682019405,
  "msc_weight": 1.5142738065693615e-07,
  "JF": 0.000385913505585344,
  "Jf": 0.0003804710449615045,
  "BdotN": 0.004599857314353965,
  "lengths": [
    36.1464313181477,
    36.0859728658365,
    36.94571082016237,
    37.85093659499337,
    45.445570683282135,
    50.44645880685109
  ],
  "length": 242.9210810892732,
  "max_curvatures": [
    1.7088763625467518,
    1.4716890629341406,
    1.5497915609817368,
    2.466939826159448,
    2.7773173937515976,
    1.5277414354626353
  ],
  "max_max_curvature": 2.7773173937515976,
  "coil_coil_distance": 0.804376657343554,
  "cc_threshold": 0.8046448913984585,
  "cc_weight": 2.876516189263507,
  "gradient_norm": 0.0014987495695495236,
  "linking_number": 0,
  "directory": "ncoils_6_order_7_R1_4.6_length_target_4e+01_weight_0.015_max_curvature_2.3_weight_7.6e-05_msc_7.6_weight_1.5e-07_cc_0.8_weight_2.9",
  "mean_squared_curvatures": [
    0.19259827741161742,
    0.16020990767717452,
    0.28136721705136214,
    0.39467518242733196,
    0.5003028987411198,
    0.2535649870404193
  ],
  "max_mean_squared_curvature": 0.5003028987411198,
  "message": "STOP: TOTAL NO. of ITERATIONS REACHED LIMIT",
  "success": false,
  "iterations": 700,
  "function_evaluations": 836,
  "coil_currents": [
    8066753.687245816,
    8009947.830219,
    7758750.596141977,
    7669453.224830226,
    7580734.953638592,
    9495774.42601347
  ],
  "coil_surface_distance": 1.236698725208988
}