{
  "nfp": 4,
  "R0": 11.34443056562854,
  "R1": 4.612236410082094,
  "ncoils": 5,
  "order": 6,
  "nphi": 32,
  "ntheta": 32,
  "length_target": 42.85795901007045,
  "length_weight": 0.0552133484655626,
  "max_curvature_threshold": 0.4443751039283871,
  "max_curvature_weight": 5.5287477865842126e-05,
  "msc_threshold": 0.7728873988606215,
  "msc_weight": 1.2094787493346444e-06,
  "JF": 8.001424052340209,
  "Jf": 0.0013228542611537775,
  "BdotN": 0.005829829928346575,
  "lengths": [
    44.6499354795972,
    42.578787911086316,
    38.6167788480055,
    38.80965952681239,
    49.6380309475835
  ],
  "length": 214.29319271308492,
  "max_curvatures": [
    1.103777374354456,
    1.5049346096743323,
    0.8828623802684671,
    0.8437938333220706,
    0.9185144831517248
  ],
  "max_max_curvature": 1.5049346096743323,
  "coil_coil_distance": 0.9335158163534253,
  "cc_threshold": 0.9387538329020062,
  "cc_weight": 0.24786462518542357,
  "gradient_norm": 0.004141982151320529,
  "linking_number": 8,
  "directory": "ncoils_5_order_6_R1_4.6_length_target_4.3e+01_weight_0.055_max_curvature_0.44_weight_5.5e-05_msc_0.77_weight_1.2e-06_cc_0.94_weight_0.25",
  "mean_squared_curvatures": [
    0.13659871839487486,
    0.16368831487971483,
    0.1430675087629668,
    0.14807481405627437,
    0.14071332121656052
  ],
  "max_mean_squared_curvature": 0.16368831487971483,
  "message": "STOP: TOTAL NO. of ITERATIONS REACHED LIMIT",
  "success": false,
  "iterations": 700,
  "function_evaluations": 759,
  "coil_currents": [
    11804243.817071525,
    9642088.525330845,
    8707849.190997697,
    9214504.981523134,
    9212728.203165881
  ],
  "coil_surface_distance": 1.3003478388003147
}