{
  "nfp": 4,
  "R0": 11.34443056562854,
  "R1": 4.711397713608958,
  "ncoils": 5,
  "order": 8,
  "nphi": 32,
  "ntheta": 32,
  "length_target": 32.40501955873415,
  "length_weight": 7.495430396616958,
  "max_curvature_threshold": 3.9413789391029415,
  "max_curvature_weight": 7.489570364022628e-06,
  "msc_threshold": 3.776265202802245,
  "msc_weight": 8.85391174250718e-07,
  "JF": 0.0002985944632636301,
  "Jf": 0.000297327486301624,
  "BdotN": 0.004284927095388865,
  "lengths": [
    34.334663421637984,
    33.10578773345626,
    32.08395903617529,
    31.52341171746519,
    30.977290901613454
  ],
  "length": 162.0251128103482,
  "max_curvatures": [
    1.7975857822514347,
    4.2326331714311465,
    3.3706989923885726,
    5.808887467335916,
    4.346870711419547
  ],
  "max_max_curvature": 5.808887467335916,
  "coil_coil_distance": 0.5474048124503131,
  "cc_threshold": 0.5474487651504371,
  "cc_weight": 4.038468570242192,
  "gradient_norm": 0.0018850971810672114,
  "linking_number": 0,
  "directory": "ncoils_5_order_8_R1_4.7_length_target_3.2e+01_weight_7.5_max_curvature_3.9_weight_7.5e-06_msc_3.8_weight_8.9e-07_cc_0.55_weight_4.0",
  "mean_squared_curvatures": [
    0.15711450669507218,
    0.17170061959218755,
    0.22943797314787048,
    0.3360051235009976,
    0.3127446371324583
  ],
  "max_mean_squared_curvature": 0.3360051235009976,
  "message": "STOP: TOTAL NO. of ITERATIONS REACHED LIMIT",
  "success": false,
  "iterations": 700,
  "function_evaluations": 794,
  "coil_currents": [
    9744455.137278615,
    9695358.026181921,
    9649652.881152296,
    9652572.626019772,
    9839376.04745648
  ],
  "coil_surface_distance": 1.3588085933639062
}