{
  "nfp": 4,
  "R0": 11.34443056562854,
  "R1": 4.674239610486545,
  "ncoils": 5,
  "order": 13,
  "nphi": 32,
  "ntheta": 32,
  "length_target": 39.13100413318396,
  "length_weight": 13.035164008041844,
  "max_curvature_threshold": 7.7369353253834054,
  "max_curvature_weight": 4.561711387513131e-05,
  "msc_threshold": 6.495189245009503,
  "msc_weight": 4.1922464976217026e-06,
  "JF": 0.0007856561080002341,
  "Jf": 0.0007831086658364188,
  "BdotN": 0.005379064596246832,
  "lengths": [
    38.88360071143392,
    41.015329380495466,
    37.977692003195564,
    36.3282030617972,
    41.450554847155814
  ],
  "length": 195.65538000407795,
  "max_curvatures": [
    8.391104593282924,
    6.358282110790444,
    4.5843885322236675,
    8.039387430137554,
    8.522191012198462
  ],
  "max_max_curvature": 8.522191012198462,
  "coil_coil_distance": 0.617013262002486,
  "cc_threshold": 0.6174343851490967,
  "cc_weight": 25.649665860005207,
  "gradient_norm": 0.13201469580841277,
  "linking_number": 0,
  "directory": "ncoils_5_order_13_R1_4.7_length_target_3.9e+01_weight_1.3e+01_max_curvature_7.7_weight_4.6e-05_msc_6.5_weight_4.2e-06_cc_0.62_weight_2.6e+01",
  "mean_squared_curvatures": [
    0.49533254411520816,
    0.9079223032915964,
    0.5060741690957706,
    0.9989136503404468,
    0.9708117391393908
  ],
  "max_mean_squared_curvature": 0.9989136503404468,
  "message": "STOP: TOTAL NO. of ITERATIONS REACHED LIMIT",
  "success": false,
  "iterations": 700,
  "function_evaluations": 839,
  "coil_currents": [
    9659083.153936468,
    9554035.152047647,
    9606656.889683235,
    9731791.55358231,
    10029847.968839414
  ],
  "coil_surface_distance": 1.3248992613045651
}