{
  "nfp": 4,
  "R0": 11.34443056562854,
  "R1": 4.786050442708249,
  "ncoils": 5,
  "order": 8,
  "nphi": 32,
  "ntheta": 32,
  "length_target": 28.102955507488097,
  "length_weight": 0.7605889725038697,
  "max_curvature_threshold": 7.663697456010117,
  "max_curvature_weight": 6.649870019135243e-05,
  "msc_threshold": 5.081741455331343,
  "msc_weight": 6.50993628021453e-06,
  "JF": 0.0028899338542117646,
  "Jf": 0.0028894824588147653,
  "BdotN": 0.008895855982931624,
  "lengths": [
    30.2516931271963,
    29.24688729376183,
    28.253585843953026,
    27.285583012315783,
    25.477414774384407
  ],
  "length": 140.51516405161135,
  "max_curvatures": [
    9.05154821187713,
    7.774286013770557,
    7.963849610456274,
    7.964884051447471,
    6.859957173858684
  ],
  "max_max_curvature": 9.05154821187713,
  "coil_coil_distance": 0.731578853430452,
  "cc_threshold": 0.7319041105460653,
  "cc_weight": 21.48485655045024,
  "gradient_norm": 0.41132819839861107,
  "linking_number": 0,
  "directory": "ncoils_5_order_8_R1_4.8_length_target_2.8e+01_weight_0.76_max_curvature_7.7_weight_6.6e-05_msc_5.1_weight_6.5e-06_cc_0.73_weight_2.1e+01",
  "mean_squared_curvatures": [
    0.13254860435139995,
    0.23039412420663272,
    0.2509939638816646,
    0.409010367538581,
    0.4487130146894206
  ],
  "max_mean_squared_curvature": 0.4487130146894206,
  "message": "STOP: TOTAL NO. of ITERATIONS REACHED LIMIT",
  "success": false,
  "iterations": 700,
  "function_evaluations": 896,
  "coil_currents": [
    10385894.639152756,
    10248254.090510877,
    9899195.761040643,
    9939365.1712323,
    8108705.056152508
  ],
  "coil_surface_distance": 1.1247792406788375
}