{
  "nfp": 4,
  "R0": 11.34443056562854,
  "R1": 4.321658893461398,
  "ncoils": 6,
  "order": 10,
  "nphi": 32,
  "ntheta": 32,
  "length_target": 29.15131810410198,
  "length_weight": 1.3630652247048591,
  "max_curvature_threshold": 1.1517865230188185,
  "max_curvature_weight": 4.647273357322528e-05,
  "msc_threshold": 6.572577919360988,
  "msc_weight": 1.973258224860011e-06,
  "JF": 0.001140073941708085,
  "Jf": 0.0010632181406961556,
  "BdotN": 0.005640165375203216,
  "lengths": [
    31.283692646066893,
    30.321506229440548,
    29.561094326599967,
    29.083883962681764,
    28.9072459267568,
    25.75059096348555
  ],
  "length": 174.90801405503151,
  "max_curvatures": [
    1.4102826726720832,
    0.9444766401201974,
    1.5287594050869533,
    2.1574387431918645,
    1.9185765904474168,
    1.6647357173942168
  ],
  "max_max_curvature": 2.1574387431918645,
  "coil_coil_distance": 0.9430499255141329,
  "cc_threshold": 0.9674255350329287,
  "cc_weight": 0.09557045503668747,
  "gradient_norm": 0.0027307189861365652,
  "linking_number": 0,
  "directory": "ncoils_6_order_10_R1_4.3_length_target_2.9e+01_weight_1.4_max_curvature_1.2_weight_4.6e-05_msc_6.6_weight_2e-06_cc_0.97_weight_0.096",
  "mean_squared_curvatures": [
    0.16310843862404484,
    0.13494330502021726,
    0.1810413794053246,
    0.2805346761038987,
    0.3404877180574808,
    0.3729921302718166
  ],
  "max_mean_squared_curvature": 0.3729921302718166,
  "message": "STOP: TOTAL NO. of ITERATIONS REACHED LIMIT",
  "success": false,
  "iterations": 700,
  "function_evaluations": 738,
  "coil_currents": [
    9091731.243481964,
    8621759.659941804,
    8334068.908591945,
    8177759.839603405,
    8154039.022272382,
    6202056.044197582
  ],
  "coil_surface_distance": 0.999802554095608
}