{
  "nfp": 4,
  "R0": 11.34443056562854,
  "R1": 4.607614655019553,
  "ncoils": 6,
  "order": 9,
  "nphi": 32,
  "ntheta": 32,
  "length_target": 40.31898065974213,
  "length_weight": 0.05156665014296233,
  "max_curvature_threshold": 0.2587052303694531,
  "max_curvature_weight": 0.007890316217953967,
  "msc_threshold": 3.163133590452814,
  "msc_weight": 4.0141114801854613e-07,
  "JF": 4.0318090147569565,
  "Jf": 3.789411112837349,
  "BdotN": 0.2814725071965802,
  "lengths": [
    45.23830959941885,
    45.03958244024398,
    39.103783717884205,
    37.073471463504205,
    37.3848509732124,
    37.557375687031616
  ],
  "length": 241.39737388129527,
  "max_curvatures": [
    2.1302151860586225,
    1.8735114636374328,
    2.5365848312988075,
    1.3624179427878513,
    2.231861413768052,
    1.9394951488251284
  ],
  "max_max_curvature": 2.5365848312988075,
  "coil_coil_distance": 0.07679214065279877,
  "cc_threshold": 1.0099986280645472,
  "cc_weight": 0.027554615134200214,
  "gradient_norm": 1.9727863532046743,
  "linking_number": 8,
  "directory": "ncoils_6_order_9_R1_4.6_length_target_4e+01_weight_0.052_max_curvature_0.26_weight_0.0079_msc_3.2_weight_4e-07_cc_1.0_weight_0.028",
  "mean_squared_curvatures": [
    0.19894644792471303,
    0.2911048963042285,
    0.27048365915260325,
    0.24334262548116817,
    0.3263819395581449,
    0.24645229787988587
  ],
  "max_mean_squared_curvature": 0.3263819395581449,
  "message": "ABNORMAL_TERMINATION_IN_LNSRCH",
  "success": false,
  "iterations": 23,
  "function_evaluations": 104,
  "coil_currents": [
    7516460.2594455695,
    7569228.386084774,
    7724445.653976825,
    7909533.587852776,
    8035284.380199282,
    9826462.450529858
  ],
  "coil_surface_distance": 1.289583340181958
}