{
  "nfp": 4,
  "R0": 11.34443056562854,
  "R1": 4.487019977123833,
  "ncoils": 5,
  "order": 8,
  "nphi": 32,
  "ntheta": 32,
  "length_target": 45.898555462102806,
  "length_weight": 0.041944434984022,
  "max_curvature_threshold": 5.558147396585347,
  "max_curvature_weight": 2.0476220490164008e-05,
  "msc_threshold": 4.239682230369926,
  "msc_weight": 6.369652716470436e-06,
  "JF": 0.0011843008736462512,
  "Jf": 0.00116280290343991,
  "BdotN": 0.005980635441167653,
  "lengths": [
    41.52065578014604,
    40.06082704702219,
    39.66541076363889,
    51.53111876761684,
    56.716033229960374
  ],
  "length": 229.49404558838432,
  "max_curvatures": [
    5.834233479047796,
    6.237088218682681,
    5.335325060277036,
    6.852256201762352,
    9.014152008371342
  ],
  "max_max_curvature": 9.014152008371342,
  "coil_coil_distance": 0.960731744192243,
  "cc_threshold": 0.9609436256489516,
  "cc_weight": 7.475862601407206,
  "gradient_norm": 0.007635155454539308,
  "linking_number": 0,
  "directory": "ncoils_5_order_8_R1_4.5_length_target_4.6e+01_weight_0.042_max_curvature_5.6_weight_2e-05_msc_4.2_weight_6.4e-06_cc_0.96_weight_7.5",
  "mean_squared_curvatures": [
    0.64139376666568,
    0.5472862483033903,
    0.6259387950828706,
    1.1676096097979543,
    0.786638806379542
  ],
  "max_mean_squared_curvature": 1.1676096097979543,
  "message": "STOP: TOTAL NO. of ITERATIONS REACHED LIMIT",
  "success": false,
  "iterations": 700,
  "function_evaluations": 881,
  "coil_currents": [
    9666655.842670618,
    9719820.470795644,
    9299882.867375292,
    9431788.80248758,
    10463266.73475995
  ],
  "coil_surface_distance": 1.2820465731284545
}