{
  "nfp": 4,
  "R0": 11.34443056562854,
  "R1": 4.862089906678528,
  "ncoils": 6,
  "order": 8,
  "nphi": 32,
  "ntheta": 32,
  "length_target": 43.55026435184342,
  "length_weight": 30.94880900281423,
  "max_curvature_threshold": 0.25524802639757516,
  "max_curvature_weight": 3.207612146235634e-06,
  "msc_threshold": 3.950807619087515,
  "msc_weight": 3.560093262181837e-07,
  "JF": 0.026251205323005407,
  "Jf": 0.025571626326425807,
  "BdotN": 0.026466032874276037,
  "lengths": [
    45.51135279167515,
    47.60551547980722,
    45.1240092316192,
    46.98649046077227,
    41.51180790115387,
    34.56343573116797
  ],
  "length": 261.3026115961957,
  "max_curvatures": [
    16.345991135688195,
    7.71880232850156,
    18.363121015622898,
    22.95476843794361,
    13.474270073684517,
    28.667786475621373
  ],
  "max_max_curvature": 28.667786475621373,
  "coil_coil_distance": 1.1773550578822733,
  "cc_threshold": 1.1794328662685258,
  "cc_weight": 16.881988058058553,
  "gradient_norm": 1.0726150712923357,
  "linking_number": 0,
  "directory": "ncoils_6_order_8_R1_4.9_length_target_4.4e+01_weight_3.1e+01_max_curvature_0.26_weight_3.2e-06_msc_4.0_weight_3.6e-07_cc_1.2_weight_1.7e+01",
  "mean_squared_curvatures": [
    0.9633343877327416,
    0.5678843276003503,
    1.3546313382371418,
    2.237245468704705,
    1.2307169396147044,
    3.367162728699964
  ],
  "max_mean_squared_curvature": 3.367162728699964,
  "message": "STOP: TOTAL NO. of ITERATIONS REACHED LIMIT",
  "success": false,
  "iterations": 700,
  "function_evaluations": 817,
  "coil_currents": [
    8161054.2769831205,
    7760382.345771432,
    8563782.98858118,
    9102508.49975467,
    8917466.594708689,
    6076220.012289993
  ],
  "coil_surface_distance": 0.08408157273466695
}