{
  "nfp": 4,
  "R0": 11.34443056562854,
  "R1": 4.365696447651909,
  "ncoils": 5,
  "order": 13,
  "nphi": 32,
  "ntheta": 32,
  "length_target": 35.1449766344692,
  "length_weight": 2.4466160993825246,
  "max_curvature_threshold": 5.83381894728315,
  "max_curvature_weight": 0.0012881791081678024,
  "msc_threshold": 2.863508062572404,
  "msc_weight": 1.3385526927445965e-06,
  "JF": 0.00021296958565319963,
  "Jf": 0.00020996719895848286,
  "BdotN": 0.00437740533221495,
  "lengths": [
    36.67218876831184,
    36.037975301076244,
    34.6065933608735,
    34.44633571870142,
    33.96203995975198
  ],
  "length": 175.725133108715,
  "max_curvatures": [
    5.589086737567856,
    3.918403561598069,
    4.681249105700663,
    4.734542318048776,
    5.778329800427543
  ],
  "max_max_curvature": 5.778329800427543,
  "coil_coil_distance": 0.6514952335385126,
  "cc_threshold": 0.690357173637026,
  "cc_weight": 0.020897278097290507,
  "gradient_norm": 0.015665432912840074,
  "linking_number": 0,
  "directory": "ncoils_5_order_13_R1_4.4_length_target_3.5e+01_weight_2.4_max_curvature_5.8_weight_0.0013_msc_2.9_weight_1.3e-06_cc_0.69_weight_0.021",
  "mean_squared_curvatures": [
    0.5297514009137962,
    0.3882242136977065,
    0.34196982408088233,
    0.42986245325738,
    0.6383648589015338
  ],
  "max_mean_squared_curvature": 0.6383648589015338,
  "message": "STOP: TOTAL NO. of ITERATIONS REACHED LIMIT",
  "success": false,
  "iterations": 700,
  "function_evaluations": 784,
  "coil_currents": [
    9695680.832779858,
    9667967.103952743,
    9636300.86072202,
    9702580.144619383,
    9878885.77601508
  ],
  "coil_surface_distance": 1.3268999848985856
}