{
  "nfp": 4,
  "R0": 11.34443056562854,
  "R1": 4.289696771636128,
  "ncoils": 6,
  "order": 12,
  "nphi": 32,
  "ntheta": 32,
  "length_target": 33.57815069706667,
  "length_weight": 0.3649131694212723,
  "max_curvature_threshold": 1.631503157117702,
  "max_curvature_weight": 1.307448458132926e-06,
  "msc_threshold": 7.3739350436789515,
  "msc_weight": 2.808425305089629e-07,
  "JF": 0.002497649949475498,
  "Jf": 0.0023527836190876087,
  "BdotN": 0.011653663442805058,
  "lengths": [
    33.69993462289787,
    32.54092839354928,
    32.70874964497046,
    33.098248872395914,
    32.83262782361636,
    36.59195934697949
  ],
  "length": 201.47244870440937,
  "max_curvatures": [
    8.321348409963297,
    10.136939180319509,
    9.177398054710023,
    6.9518427510166925,
    4.817872590151477,
    5.827062021927114
  ],
  "max_max_curvature": 10.136939180319509,
  "coil_coil_distance": 1.0592952064557966,
  "cc_threshold": 1.082866917714058,
  "cc_weight": 0.3666716953873844,
  "gradient_norm": 0.04173626212879858,
  "linking_number": 0,
  "directory": "ncoils_6_order_12_R1_4.3_length_target_3.4e+01_weight_0.36_max_curvature_1.6_weight_1.3e-06_msc_7.4_weight_2.8e-07_cc_1.1_weight_0.37",
  "mean_squared_curvatures": [
    0.22438416349414597,
    0.805136787486593,
    0.6945108282807545,
    0.7655397915512256,
    0.3801907692988387,
    0.6833978010411487
  ],
  "max_mean_squared_curvature": 0.805136787486593,
  "message": "STOP: TOTAL NO. of ITERATIONS REACHED LIMIT",
  "success": false,
  "iterations": 700,
  "function_evaluations": 829,
  "coil_currents": [
    8842255.673303002,
    8036081.572648572,
    8413451.343675682,
    7823067.190043893,
    7274299.537936768,
    8192259.400481164
  ],
  "coil_surface_distance": 0.9905371742450728
}