{
  "nfp": 4,
  "R0": 11.34443056562854,
  "R1": 4.288217337111772,
  "ncoils": 3,
  "order": 12,
  "nphi": 32,
  "ntheta": 32,
  "length_target": 30.604812279426156,
  "length_weight": 0.24031865265101038,
  "max_curvature_threshold": 7.02044793470724,
  "max_curvature_weight": 0.00017367795607353472,
  "msc_threshold": 7.1505427948207405,
  "msc_weight": 2.6475113392851536e-07,
  "JF": 0.08884925667214999,
  "Jf": 0.08852728085058173,
  "BdotN": 0.04923324703020257,
  "lengths": [
    31.98183860415755,
    30.51134782396384,
    29.372724997477548
  ],
  "length": 91.86591142559894,
  "max_curvatures": [
    8.480637115474224,
    7.810694319022013,
    8.004847138204305
  ],
  "max_max_curvature": 8.480637115474224,
  "coil_coil_distance": 0.9462148715617603,
  "cc_threshold": 0.9521226892848069,
  "cc_weight": 0.29370386780598967,
  "gradient_norm": 109.47030743379537,
  "linking_number": 0,
  "directory": "ncoils_3_order_12_R1_4.3_length_target_3.1e+01_weight_0.24_max_curvature_7.0_weight_0.00017_msc_7.2_weight_2.6e-07_cc_0.95_weight_0.29",
  "mean_squared_curvatures": [
    0.1369300119305456,
    0.13211255480162665,
    0.3185751189321261
  ],
  "max_mean_squared_curvature": 0.3185751189321261,
  "message": "STOP: TOTAL NO. of ITERATIONS REACHED LIMIT",
  "success": false,
  "iterations": 700,
  "function_evaluations": 1067,
  "coil_currents": [
    16531374.550772376,
    16503860.710537048,
    15546179.456779659
  ],
  "coil_surface_distance": 1.389135269466077
}