{
  "nfp": 4,
  "R0": 11.34443056562854,
  "R1": 4.699164665291694,
  "ncoils": 5,
  "order": 7,
  "nphi": 32,
  "ntheta": 32,
  "length_target": 38.11060978126475,
  "length_weight": 1.0139581236009219,
  "max_curvature_threshold": 4.874763164394483,
  "max_curvature_weight": 8.517122314150594e-05,
  "msc_threshold": 4.9815220325730545,
  "msc_weight": 3.345793916706481e-07,
  "JF": 0.0040640414920558735,
  "Jf": 0.004029999837233005,
  "BdotN": 0.011376353356513281,
  "lengths": [
    40.48467525221435,
    39.5260530425518,
    37.151618694791345,
    37.07172815490588,
    36.32013198517148
  ],
  "length": 190.55420712963488,
  "max_curvatures": [
    5.528397493230733,
    4.925963991190932,
    1.110436194838627,
    6.287007970305811,
    4.42935401456013
  ],
  "max_max_curvature": 6.287007970305811,
  "coil_coil_distance": 1.1412613691219455,
  "cc_threshold": 1.1433972889343558,
  "cc_weight": 2.5633830820005294,
  "gradient_norm": 0.04254429813407927,
  "linking_number": 0,
  "directory": "ncoils_5_order_7_R1_4.7_length_target_3.8e+01_weight_1.0_max_curvature_4.9_weight_8.5e-05_msc_5.0_weight_3.3e-07_cc_1.1_weight_2.6",
  "mean_squared_curvatures": [
    0.4002472682167896,
    0.35159202597827083,
    0.1332874764832948,
    0.7648411083194877,
    0.5438101353643756
  ],
  "max_mean_squared_curvature": 0.7648411083194877,
  "message": "STOP: TOTAL NO. of ITERATIONS REACHED LIMIT",
  "success": false,
  "iterations": 700,
  "function_evaluations": 759,
  "coil_currents": [
    10028994.740576282,
    9600344.096725937,
    9382844.95281615,
    9330371.801377013,
    10238859.126593702
  ],
  "coil_surface_distance": 0.843273626799851
}