{
  "nfp": 4,
  "ncoils": 6,
  "R0": 11.34443056562854,
  "R1": 4.206532617085271,
  "order": 12,
  "nphi": 32,
  "ntheta": 32,
  "length_target": 39.05934089818261,
  "length_weight": 9.08349570222295,
  "max_curvature_threshold": 3.818264557971393,
  "max_curvature_weight": 6.914464577808823e-05,
  "msc_threshold": 4.811119363157086,
  "msc_weight": 5.082958545712066e-06,
  "JF": 0.0004696613914041317,
  "Jf": 0.00046072585346203465,
  "BdotN": 0.004408146486623258,
  "lengths": [
    38.562635266088286,
    38.72429051962841,
    38.94728384868171,
    37.34550222728996,
    37.288518074429916,
    43.48808203902621
  ],
  "length": 234.35631197514448,
  "max_curvatures": [
    3.8706634384485676,
    4.296529743109443,
    4.028970152310522,
    3.764651285838397,
    4.378246495747755,
    4.63377860884397
  ],
  "max_max_curvature": 4.63377860884397,
  "coil_coil_distance": 0.5147808866202599,
  "cc_threshold": 0.5147969299406938,
  "cc_weight": 204.45839284768095,
  "gradient_norm": 0.07883353606694936,
  "linking_number": 0,
  "directory": "ncoils_6_order_12_R1_4.2_length_target_3.9e+01_weight_9.1_max_curvature_3.8_weight_6.9e-05_msc_4.8_weight_5.1e-06_cc_0.51_weight_2e+02",
  "mean_squared_curvatures": [
    0.5394610088372294,
    0.47598882258830016,
    0.45459736308514465,
    0.4502391344910093,
    0.7818677941758481,
    0.9862494864737223
  ],
  "max_mean_squared_curvature": 0.9862494864737223,
  "message": "STOP: TOTAL NO. of ITERATIONS REACHED LIMIT",
  "success": false,
  "iterations": 700,
  "function_evaluations": 925,
  "coil_currents": [
    8016487.512087316,
    8014968.867261779,
    7992809.109756368,
    7943025.716707856,
    8073970.556679827,
    8540152.955595933
  ],
  "coil_surface_distance": 1.2578276996702489
}