{
  "nfp": 4,
  "R0": 11.34443056562854,
  "R1": 4.672328360091037,
  "ncoils": 6,
  "order": 12,
  "nphi": 32,
  "ntheta": 32,
  "length_target": 43.87715242021584,
  "length_weight": 0.0922801396002791,
  "max_curvature_threshold": 3.848871322888735,
  "max_curvature_weight": 3.18799319764472e-06,
  "msc_threshold": 2.797682819242701,
  "msc_weight": 2.861308167031066e-06,
  "JF": 0.0011829693869438405,
  "Jf": 0.0011254301099508654,
  "BdotN": 0.007890777478372241,
  "lengths": [
    47.96231510490924,
    44.13097126065283,
    42.129707533292674,
    40.51284358885535,
    40.41423463445054,
    48.11424077469085
  ],
  "length": 263.26431289685144,
  "max_curvatures": [
    5.414144388602339,
    6.459382972434893,
    12.997945693422277,
    7.404742938191058,
    4.801279279652557,
    5.202977596301243
  ],
  "max_max_curvature": 12.997945693422277,
  "coil_coil_distance": 0.9954908046703153,
  "cc_threshold": 1.0222518788902966,
  "cc_weight": 0.1740643420011723,
  "gradient_norm": 0.005010068779611034,
  "linking_number": 0,
  "directory": "ncoils_6_order_12_R1_4.7_length_target_4.4e+01_weight_0.092_max_curvature_3.8_weight_3.2e-06_msc_2.8_weight_2.9e-06_cc_1.0_weight_0.17",
  "mean_squared_curvatures": [
    0.8191102523433105,
    1.199949459242383,
    1.7009655754601691,
    0.5602058223069648,
    0.35399947137109233,
    0.7496453112927725
  ],
  "max_mean_squared_curvature": 1.7009655754601691,
  "message": "STOP: TOTAL NO. of ITERATIONS REACHED LIMIT",
  "success": false,
  "iterations": 700,
  "function_evaluations": 741,
  "coil_currents": [
    9198008.458423644,
    8127559.626800616,
    6894135.305422995,
    7861588.805672151,
    7761174.4949630005,
    8738948.026806675
  ],
  "coil_surface_distance": 1.0618483930943072
}