{
  "nfp": 4,
  "R0": 11.34443056562854,
  "R1": 4.289012629080103,
  "ncoils": 5,
  "order": 13,
  "nphi": 32,
  "ntheta": 32,
  "length_target": 31.192568677864674,
  "length_weight": 86.10733866027763,
  "max_curvature_threshold": 2.4114746494510158,
  "max_curvature_weight": 0.00349619978786082,
  "msc_threshold": 3.981825484106655,
  "msc_weight": 8.444786002540403e-05,
  "JF": 0.0033629316101068864,
  "Jf": 0.003351111970806182,
  "BdotN": 0.013308815142090527,
  "lengths": [
    32.57390091072965,
    31.87643655219091,
    31.659959299767067,
    30.351140664688444,
    29.501339547708568
  ],
  "length": 155.96277697508464,
  "max_curvatures": [
    2.512300618383945,
    2.633971312685665,
    2.581496229728407,
    1.8338002509222422,
    2.2314333856183737
  ],
  "max_max_curvature": 2.633971312685665,
  "coil_coil_distance": 0.8312226236648083,
  "cc_threshold": 0.8313245523833392,
  "cc_weight": 496.6171861259569,
  "gradient_norm": 0.10666104745208384,
  "linking_number": 0,
  "directory": "ncoils_5_order_13_R1_4.3_length_target_3.1e+01_weight_8.6e+01_max_curvature_2.4_weight_0.0035_msc_4.0_weight_8.4e-05_cc_0.83_weight_5e+02",
  "mean_squared_curvatures": [
    0.1852451721419457,
    0.1676902660266061,
    0.21075831293121128,
    0.18354598456937987,
    0.30477660987005273
  ],
  "max_mean_squared_curvature": 0.30477660987005273,
  "message": "STOP: TOTAL NO. of ITERATIONS REACHED LIMIT",
  "success": false,
  "iterations": 700,
  "function_evaluations": 883,
  "coil_currents": [
    9778028.032752417,
    9718070.477876572,
    9591573.17793428,
    9597507.745048663,
    9896235.284477144
  ],
  "coil_surface_distance": 1.208008164421587
}