{
  "nfp": 4,
  "R0": 11.34443056562854,
  "R1": 4.992248322139908,
  "ncoils": 5,
  "order": 5,
  "nphi": 32,
  "ntheta": 32,
  "length_target": 35.21744234080286,
  "length_weight": 1.6036111199762593,
  "max_curvature_threshold": 3.9737798826777837,
  "max_curvature_weight": 2.1242992378392803e-06,
  "msc_threshold": 5.056777604434221,
  "msc_weight": 1.744716098954382e-07,
  "JF": 0.00042711484570958854,
  "Jf": 0.0004268896935564175,
  "BdotN": 0.00444257428411215,
  "lengths": [
    36.20583038048475,
    35.666980813710545,
    36.33070374030434,
    35.96387378437105,
    31.919989303434814
  ],
  "length": 176.0873780223055,
  "max_curvatures": [
    0.6582480158779365,
    1.208129367220122,
    3.855308699651831,
    1.8813061323358604,
    4.47018715819839
  ],
  "max_max_curvature": 4.47018715819839,
  "coil_coil_distance": 0.7180322149958268,
  "cc_threshold": 0.7186641197720945,
  "cc_weight": 0.4275290568544966,
  "gradient_norm": 0.004275316090567085,
  "linking_number": 0,
  "directory": "ncoils_5_order_5_R1_5.0_length_target_3.5e+01_weight_1.6_max_curvature_4.0_weight_2.1e-06_msc_5.1_weight_1.7e-07_cc_0.72_weight_0.43",
  "mean_squared_curvatures": [
    0.0967766998108647,
    0.10613941254066515,
    0.20701441306943114,
    0.14239210969625035,
    0.2909911315093711
  ],
  "max_mean_squared_curvature": 0.2909911315093711,
  "message": "STOP: TOTAL NO. of ITERATIONS REACHED LIMIT",
  "success": false,
  "iterations": 700,
  "function_evaluations": 770,
  "coil_currents": [
    10121435.74385744,
    10047077.212503323,
    9805650.276192872,
    9857303.791997818,
    8749947.693537623
  ],
  "coil_surface_distance": 1.370300970467959
}