{
  "nfp": 4,
  "R0": 11.34443056562854,
  "R1": 4.10443961992315,
  "ncoils": 5,
  "order": 10,
  "nphi": 32,
  "ntheta": 32,
  "length_target": 33.54021214484018,
  "length_weight": 35.20285622564101,
  "max_curvature_threshold": 4.44842993753676,
  "max_curvature_weight": 0.00042592218385458603,
  "msc_threshold": 4.001629593918985,
  "msc_weight": 3.6429062870146786e-06,
  "JF": 0.0012346095679092479,
  "Jf": 0.0011602158941914904,
  "BdotN": 0.007533364031891,
  "lengths": [
    35.305249330943404,
    34.95944722650759,
    34.15442781517259,
    32.27222463477059,
    31.009680881802446
  ],
  "length": 167.70102988919663,
  "max_curvatures": [
    2.287521435145198,
    2.276705620734451,
    2.6974466729382747,
    2.010612310732118,
    4.586713803949697
  ],
  "max_max_curvature": 4.586713803949697,
  "coil_coil_distance": 0.7698350933261499,
  "cc_threshold": 0.844966561309447,
  "cc_weight": 0.03272726621158531,
  "gradient_norm": 0.02113105117602258,
  "linking_number": 0,
  "directory": "ncoils_5_order_10_R1_4.1_length_target_3.4e+01_weight_3.5e+01_max_curvature_4.4_weight_0.00043_msc_4.0_weight_3.6e-06_cc_0.84_weight_0.033",
  "mean_squared_curvatures": [
    0.17691438936470788,
    0.17080319868942034,
    0.2522407857680603,
    0.1837827363846784,
    0.3935862428818596
  ],
  "max_mean_squared_curvature": 0.3935862428818596,
  "message": "STOP: TOTAL NO. of ITERATIONS REACHED LIMIT",
  "success": false,
  "iterations": 700,
  "function_evaluations": 835,
  "coil_currents": [
    9728736.839215059,
    9678737.852244973,
    9598588.297396848,
    9560096.11944278,
    10015255.609789424
  ],
  "coil_surface_distance": 1.2071691692234492
}