{
  "nfp": 4,
  "R0": 11.34443056562854,
  "R1": 4.611771344892787,
  "ncoils": 4,
  "order": 9,
  "nphi": 32,
  "ntheta": 32,
  "length_target": 46.23395823449887,
  "length_weight": 72.9194729962017,
  "max_curvature_threshold": 3.169160159525826,
  "max_curvature_weight": 0.0003961490242785518,
  "msc_threshold": 2.235524406756605,
  "msc_weight": 5.4864167020862075e-05,
  "JF": 0.008644016103692644,
  "Jf": 0.008444508019250847,
  "BdotN": 0.01982601443300035,
  "lengths": [
    49.3611676204459,
    47.92759893287891,
    43.12358665818434,
    44.5232318854844
  ],
  "length": 184.93558509699352,
  "max_curvatures": [
    3.5231298030085725,
    3.2126782512468326,
    3.6164612923371355,
    4.771752678443547
  ],
  "max_max_curvature": 4.771752678443547,
  "coil_coil_distance": 0.9645853427204021,
  "cc_threshold": 0.969472598000902,
  "cc_weight": 5.871421859258779,
  "gradient_norm": 0.5207934525458621,
  "linking_number": 0,
  "directory": "ncoils_4_order_9_R1_4.6_length_target_4.6e+01_weight_7.3e+01_max_curvature_3.2_weight_0.0004_msc_2.2_weight_5.5e-05_cc_0.97_weight_5.9",
  "mean_squared_curvatures": [
    0.35240529426510375,
    0.36993854405732696,
    0.8200351529403782,
    0.6982789145619118
  ],
  "max_mean_squared_curvature": 0.8200351529403782,
  "message": "STOP: TOTAL NO. of ITERATIONS REACHED LIMIT",
  "success": false,
  "iterations": 700,
  "function_evaluations": 871,
  "coil_currents": [
    12059552.136402022,
    12022304.154593127,
    12177767.89878102,
    12321790.528312914
  ],
  "coil_surface_distance": 1.2823145390108923
}