{
  "nfp": 4,
  "R0": 11.34443056562854,
  "R1": 4.366985607211118,
  "ncoils": 6,
  "order": 7,
  "nphi": 32,
  "ntheta": 32,
  "length_target": 36.9976299296011,
  "length_weight": 0.29021060733871273,
  "max_curvature_threshold": 2.4114384239878963,
  "max_curvature_weight": 1.3810154084504847e-06,
  "msc_threshold": 1.176805706567023,
  "msc_weight": 5.138592829773904e-07,
  "JF": 0.005523550291886133,
  "Jf": 0.00546478292207168,
  "BdotN": 0.013668097372621769,
  "lengths": [
    38.193970099825286,
    36.53513348281712,
    35.0220600520567,
    35.46116879041707,
    34.88727359705661,
    41.88617486307814
  ],
  "length": 221.98578088525093,
  "max_curvatures": [
    19.63089020164614,
    1.1636936809108607,
    1.4556835584683614,
    12.296638457166107,
    3.2975668746154554,
    11.990939241442273
  ],
  "max_max_curvature": 19.63089020164614,
  "coil_coil_distance": 1.1974006530272956,
  "cc_threshold": 1.1983319395396048,
  "cc_weight": 7.313493509689772,
  "gradient_norm": 0.014614882793093045,
  "linking_number": 0,
  "directory": "ncoils_6_order_7_R1_4.4_length_target_3.7e+01_weight_0.29_max_curvature_2.4_weight_1.4e-06_msc_1.2_weight_5.1e-07_cc_1.2_weight_7.3",
  "mean_squared_curvatures": [
    2.190845170289594,
    0.1683543273286994,
    0.14862643177564655,
    1.2390499364085799,
    0.2489892839753223,
    1.362824256374864
  ],
  "max_mean_squared_curvature": 2.190845170289594,
  "message": "STOP: TOTAL NO. of ITERATIONS REACHED LIMIT",
  "success": false,
  "iterations": 700,
  "function_evaluations": 768,
  "coil_currents": [
    9573737.25575519,
    7974427.346516812,
    6594587.398806325,
    8374623.450386228,
    7187156.7189367395,
    8876882.547687784
  ],
  "coil_surface_distance": 0.9866990252719418
}