{
  "nfp": 4,
  "R0": 11.34443056562854,
  "R1": 4.977791991633697,
  "ncoils": 6,
  "order": 6,
  "nphi": 32,
  "ntheta": 32,
  "length_target": 42.02600867790378,
  "length_weight": 1.45578243654813,
  "max_curvature_threshold": 1.5890080559152242,
  "max_curvature_weight": 0.00034859406298482236,
  "msc_threshold": 4.386249638629935,
  "msc_weight": 1.2158152368483394e-06,
  "JF": 5.326020808052776,
  "Jf": 5.300416154542406,
  "BdotN": 0.3010811971281267,
  "lengths": [
    45.974081930376784,
    44.094166441520436,
    41.53306963209957,
    40.54638782031469,
    40.168922246559234,
    39.79854599253984
  ],
  "length": 252.11517406341056,
  "max_curvatures": [
    1.9143791658092575,
    3.5457263942082387,
    1.8875859257232992,
    3.4360819335811694,
    6.240386855023534,
    11.84418169088604
  ],
  "max_max_curvature": 11.84418169088604,
  "coil_coil_distance": 0.1414667070312961,
  "cc_threshold": 0.8892207360158639,
  "cc_weight": 0.021480521164477455,
  "gradient_norm": 4.7625245910137295,
  "linking_number": 0,
  "directory": "ncoils_6_order_6_R1_5.0_length_target_4.2e+01_weight_1.5_max_curvature_1.6_weight_0.00035_msc_4.4_weight_1.2e-06_cc_0.89_weight_0.021",
  "mean_squared_curvatures": [
    0.21986260946769437,
    0.20395578484620425,
    0.2270657464413129,
    0.3642124812680229,
    0.6210638031927497,
    0.8050921059736559
  ],
  "max_mean_squared_curvature": 0.8050921059736559,
  "message": "ABNORMAL_TERMINATION_IN_LNSRCH",
  "success": false,
  "iterations": 32,
  "function_evaluations": 128,
  "coil_currents": [
    7539329.291214307,
    7418746.780147388,
    7545884.6370493155,
    7803459.385102929,
    7989640.34323626,
    10284354.281338885
  ],
  "coil_surface_distance": 0.7906566507248797
}