{
  "nfp": 4,
  "ncoils": 6,
  "R0": 11.34443056562854,
  "R1": 4.638384276627415,
  "order": 7,
  "nphi": 32,
  "ntheta": 32,
  "length_target": 43.13237416626065,
  "length_weight": 0.20204170606179603,
  "max_curvature_threshold": 0.7871461397137118,
  "max_curvature_weight": 7.865163592329231e-06,
  "msc_threshold": 1.3924869602602359,
  "msc_weight": 3.90112705660161e-05,
  "JF": 3.842640113803841,
  "Jf": 3.8168178708534723,
  "BdotN": 0.29009267679716694,
  "lengths": [
    50.617096042245144,
    46.684454229149466,
    42.31106522570823,
    39.38803886819724,
    39.12158066527253,
    40.396843196363776
  ],
  "length": 258.51907822693636,
  "max_curvatures": [
    5.91220521287991,
    9.066447788147025,
    18.797786517002837,
    9.707379045386157,
    6.916777913078251,
    13.016369859846524
  ],
  "max_max_curvature": 18.797786517002837,
  "coil_coil_distance": 0.08218016466729872,
  "cc_threshold": 0.5501864678217739,
  "cc_weight": 0.27029545014169104,
  "gradient_norm": 2.4079072368271266,
  "linking_number": 0,
  "directory": "ncoils_6_order_7_R1_4.6_length_target_4.3e+01_weight_0.2_max_curvature_0.79_weight_7.9e-06_msc_1.4_weight_3.9e-05_cc_0.55_weight_0.27",
  "mean_squared_curvatures": [
    0.4827350052891406,
    0.46078999162267903,
    1.2841326591158673,
    0.48902989610030256,
    0.33945365074557493,
    0.9113029466299671
  ],
  "max_mean_squared_curvature": 1.2841326591158673,
  "message": "ABNORMAL_TERMINATION_IN_LNSRCH",
  "success": false,
  "iterations": 26,
  "function_evaluations": 179,
  "coil_currents": [
    7321408.318325425,
    7382400.492029097,
    7613665.707138335,
    7849470.823166595,
    8012795.943179119,
    10401673.434250511
  ],
  "coil_surface_distance": 1.2090026774670788
}