{
  "nfp": 4,
  "R0": 11.34443056562854,
  "R1": 4.278059023620888,
  "ncoils": 3,
  "order": 9,
  "nphi": 32,
  "ntheta": 32,
  "length_target": 41.35617602366737,
  "length_weight": 74.34404053589657,
  "max_curvature_threshold": 3.244513758212394,
  "max_curvature_weight": 0.0008484111133504677,
  "msc_threshold": 1.0584223238809558,
  "msc_weight": 1.590893280822229e-05,
  "JF": 0.006528938444150201,
  "Jf": 0.005825911407707493,
  "BdotN": 0.011796666255961652,
  "lengths": [
    42.57754103581958,
    41.626783103454095,
    39.86407151097317
  ],
  "length": 124.06839565024683,
  "max_curvatures": [
    2.6229497121970686,
    2.99771605174563,
    3.6524920450149785
  ],
  "max_max_curvature": 3.6524920450149785,
  "coil_coil_distance": 0.49399765913190585,
  "cc_threshold": 0.824948822290903,
  "cc_weight": 0.011241637799603355,
  "gradient_norm": 0.20171525163446172,
  "linking_number": 0,
  "directory": "ncoils_3_order_9_R1_4.3_length_target_4.1e+01_weight_7.4e+01_max_curvature_3.2_weight_0.00085_msc_1.1_weight_1.6e-05_cc_0.82_weight_0.011",
  "mean_squared_curvatures": [
    0.21747383672842702,
    0.414356145520121,
    0.5381256708729869
  ],
  "max_mean_squared_curvature": 0.5381256708729869,
  "message": "STOP: TOTAL NO. of ITERATIONS REACHED LIMIT",
  "success": false,
  "iterations": 700,
  "function_evaluations": 856,
  "coil_currents": [
    16212111.077035157,
    16174388.141448904,
    16194915.499605022
  ],
  "coil_surface_distance": 1.550741053071854
}