{
  "nfp": 4,
  "ncoils": 6,
  "R0": 11.34443056562854,
  "R1": 4.599572486496374,
  "order": 7,
  "nphi": 32,
  "ntheta": 32,
  "length_target": 42.74600317563538,
  "length_weight": 0.7629602251214592,
  "max_curvature_threshold": 3.0036476551887454,
  "max_curvature_weight": 6.012087234265326e-05,
  "msc_threshold": 4.540522827807289,
  "msc_weight": 4.8715151298024155e-06,
  "JF": 0.00042052966951031795,
  "Jf": 0.0004170090064619755,
  "BdotN": 0.004618237446803089,
  "lengths": [
    42.34804623003911,
    43.192948458614914,
    42.538048960184334,
    41.121025226125084,
    42.50248366262742,
    44.77511736141432
  ],
  "length": 256.47766989900515,
  "max_curvatures": [
    2.7828303677510116,
    2.2860749485794853,
    3.338846529300486,
    2.474108472806657,
    1.6125741657623074,
    3.517642325033105
  ],
  "max_max_curvature": 3.517642325033105,
  "coil_coil_distance": 0.5523811143250401,
  "cc_threshold": 0.5520562313622349,
  "cc_weight": 41.583835280538935,
  "gradient_norm": 0.03459621733412308,
  "linking_number": 0,
  "directory": "ncoils_6_order_7_R1_4.6_length_target_4.3e+01_weight_0.76_max_curvature_3.0_weight_6e-05_msc_4.5_weight_4.9e-06_cc_0.55_weight_4.2e+01",
  "mean_squared_curvatures": [
    0.2390105900309112,
    0.2595251122295471,
    0.23805384015288109,
    0.22982148034620511,
    0.23071251652947367,
    0.630538252122493
  ],
  "max_mean_squared_curvature": 0.630538252122493,
  "message": "STOP: TOTAL NO. of ITERATIONS REACHED LIMIT",
  "success": false,
  "iterations": 700,
  "function_evaluations": 1017,
  "coil_currents": [
    8358762.5002534855,
    8099785.780086847,
    8290795.407829572,
    8267623.372229778,
    8232524.808466373,
    7331922.849223025
  ],
  "coil_surface_distance": 1.2881517325898473
}