{
  "nfp": 4,
  "R0": 11.34443056562854,
  "R1": 4.427763722792088,
  "ncoils": 4,
  "order": 10,
  "nphi": 32,
  "ntheta": 32,
  "length_target": 41.66596964040163,
  "length_weight": 0.6327102168572567,
  "max_curvature_threshold": 1.3802085582498118,
  "max_curvature_weight": 0.0017806567436446964,
  "msc_threshold": 6.167219039848174,
  "msc_weight": 6.989528914628506e-05,
  "JF": 0.005913920103998652,
  "Jf": 0.005894935942182205,
  "BdotN": 0.01588134350711291,
  "lengths": [
    43.49847318763662,
    41.42380830030748,
    39.51701149087843,
    42.224857072476084
  ],
  "length": 166.66415005129863,
  "max_curvatures": [
    1.5153882391086189,
    1.4400262813222242,
    1.347518624056205,
    1.4718596575534675
  ],
  "max_max_curvature": 1.5153882391086189,
  "coil_coil_distance": 1.1300426920124405,
  "cc_threshold": 1.1310236175419917,
  "cc_weight": 14.734488472847197,
  "gradient_norm": 0.019230808220423834,
  "linking_number": 0,
  "directory": "ncoils_4_order_10_R1_4.4_length_target_4.2e+01_weight_0.63_max_curvature_1.4_weight_0.0018_msc_6.2_weight_7e-05_cc_1.1_weight_1.5e+01",
  "mean_squared_curvatures": [
    0.33234058210503675,
    0.24920957021459142,
    0.22842293667442967,
    0.35442979783354583
  ],
  "max_mean_squared_curvature": 0.35442979783354583,
  "message": "STOP: TOTAL NO. of ITERATIONS REACHED LIMIT",
  "success": false,
  "iterations": 700,
  "function_evaluations": 771,
  "coil_currents": [
    12233855.712730715,
    12146398.81625498,
    12094966.038403535,
    12106194.150699854
  ],
  "coil_surface_distance": 1.079603173590507
}