{
  "nfp": 4,
  "R0": 11.34443056562854,
  "R1": 4.668185089758744,
  "ncoils": 5,
  "order": 9,
  "nphi": 32,
  "ntheta": 32,
  "length_target": 41.49882699785146,
  "length_weight": 50.68192372214071,
  "max_curvature_threshold": 0.41270353168187623,
  "max_curvature_weight": 3.1599962419116963e-06,
  "msc_threshold": 6.540589465657252,
  "msc_weight": 1.625818244876072e-05,
  "JF": 0.002440632043756047,
  "Jf": 0.0023039073790456673,
  "BdotN": 0.00995426734036451,
  "lengths": [
    44.14404505012689,
    42.265174495974264,
    41.59143840071064,
    38.90285868116337,
    40.59065896996564
  ],
  "length": 207.4941755979408,
  "max_curvatures": [
    9.517504441017072,
    7.651648785702525,
    7.881803385111903,
    5.589698582837035,
    10.634707350565488
  ],
  "max_max_curvature": 10.634707350565488,
  "coil_coil_distance": 0.7756639796172251,
  "cc_threshold": 0.8081052856146402,
  "cc_weight": 0.16351407439026314,
  "gradient_norm": 0.04531015680203756,
  "linking_number": 0,
  "directory": "ncoils_5_order_9_R1_4.7_length_target_4.1e+01_weight_5.1e+01_max_curvature_0.41_weight_3.2e-06_msc_6.5_weight_1.6e-05_cc_0.81_weight_0.16",
  "mean_squared_curvatures": [
    0.636388002251916,
    0.4320534893032805,
    0.3961583438469671,
    0.2978117079992382,
    0.5295836730240813
  ],
  "max_mean_squared_curvature": 0.636388002251916,
  "message": "STOP: TOTAL NO. of ITERATIONS REACHED LIMIT",
  "success": false,
  "iterations": 700,
  "function_evaluations": 849,
  "coil_currents": [
    9677119.912674256,
    9664304.656319397,
    9701248.827183113,
    9624049.255789949,
    9914692.066122368
  ],
  "coil_surface_distance": 1.2808969354550384
}