{
  "nfp": 4,
  "R0": 11.34443056562854,
  "R1": 4.523065296327645,
  "ncoils": 4,
  "order": 10,
  "nphi": 32,
  "ntheta": 32,
  "length_target": 39.441827887730355,
  "length_weight": 0.29581819406018517,
  "max_curvature_threshold": 5.690306950968866,
  "max_curvature_weight": 8.42291659315336e-05,
  "msc_threshold": 4.904774971277079,
  "msc_weight": 1.6739723801240115e-05,
  "JF": 0.005340080211906645,
  "Jf": 0.005306450878192824,
  "BdotN": 0.012936338932409797,
  "lengths": [
    42.4296377864459,
    40.656049699277006,
    38.70067387108669,
    35.98250660448107
  ],
  "length": 157.76886796129065,
  "max_curvatures": [
    5.132590242403913,
    7.018357948801881,
    2.71279071479503,
    6.581004084923245
  ],
  "max_max_curvature": 7.018357948801881,
  "coil_coil_distance": 1.1971809794586659,
  "cc_threshold": 1.1994365094864632,
  "cc_weight": 2.8915344603665973,
  "gradient_norm": 0.02451892400772964,
  "linking_number": 0,
  "directory": "ncoils_4_order_10_R1_4.5_length_target_3.9e+01_weight_0.3_max_curvature_5.7_weight_8.4e-05_msc_4.9_weight_1.7e-05_cc_1.2_weight_2.9",
  "mean_squared_curvatures": [
    0.7973749228944232,
    1.192471390334555,
    0.2767054558074332,
    0.8589127791972414
  ],
  "max_mean_squared_curvature": 1.192471390334555,
  "message": "STOP: TOTAL NO. of ITERATIONS REACHED LIMIT",
  "success": false,
  "iterations": 700,
  "function_evaluations": 768,
  "coil_currents": [
    13122259.350178516,
    12525635.810080307,
    12528949.425200747,
    10404570.132629514
  ],
  "coil_surface_distance": 1.2668258619953743
}