{
  "nfp": 4,
  "R0": 11.34443056562854,
  "R1": 4.2226640270872515,
  "ncoils": 5,
  "order": 11,
  "nphi": 32,
  "ntheta": 32,
  "length_target": 28.26506415677451,
  "length_weight": 0.1598105520028956,
  "max_curvature_threshold": 4.004256705672282,
  "max_curvature_weight": 0.0005214409129745551,
  "msc_threshold": 5.758657296600456,
  "msc_weight": 6.974693528047118e-07,
  "JF": 0.0019746672597456285,
  "Jf": 0.001974177243449084,
  "BdotN": 0.007700346150404609,
  "lengths": [
    30.269951694485325,
    29.320881790560414,
    28.134034660403188,
    27.28666900943536,
    26.31567433258009
  ],
  "length": 141.32721148746438,
  "max_curvatures": [
    4.27170896573321,
    4.019888224040293,
    3.97808954191175,
    4.0785837474910025,
    3.8383862645109317
  ],
  "max_max_curvature": 4.27170896573321,
  "coil_coil_distance": 0.7264914281567685,
  "cc_threshold": 0.7325037773550191,
  "cc_weight": 0.08891934377698406,
  "gradient_norm": 1.6294780993913425,
  "linking_number": 0,
  "directory": "ncoils_5_order_11_R1_4.2_length_target_2.8e+01_weight_0.16_max_curvature_4.0_weight_0.00052_msc_5.8_weight_7e-07_cc_0.73_weight_0.089",
  "mean_squared_curvatures": [
    0.1426281112547908,
    0.1606880096684372,
    0.19966185695615385,
    0.3059558363460152,
    0.336380305301474
  ],
  "max_mean_squared_curvature": 0.336380305301474,
  "message": "STOP: TOTAL NO. of ITERATIONS REACHED LIMIT",
  "success": false,
  "iterations": 700,
  "function_evaluations": 1159,
  "coil_currents": [
    10059222.528853664,
    9976851.727637408,
    9869313.539953897,
    9759437.073397154,
    8916589.848246962
  ],
  "coil_surface_distance": 1.2509614850099275
}