{
  "nfp": 4,
  "ncoils": 6,
  "R0": 11.34443056562854,
  "R1": 4.529106344484571,
  "order": 8,
  "nphi": 32,
  "ntheta": 32,
  "length_target": 31.531534051433923,
  "length_weight": 0.8062736484948939,
  "max_curvature_threshold": 3.0007997487863616,
  "max_curvature_weight": 9.018931257565153e-06,
  "msc_threshold": 2.5544701877774267,
  "msc_weight": 1.2041778349302205e-05,
  "JF": 0.000814175358042231,
  "Jf": 0.0007974760457128801,
  "BdotN": 0.005019070384716999,
  "lengths": [
    33.91873639174495,
    31.769769727971294,
    31.70189075074177,
    30.891165323332572,
    30.785867760675245,
    30.1220269621257
  ],
  "length": 189.18945691659155,
  "max_curvatures": [
    5.1067383956907895,
    3.8645799456387233,
    4.2266097959541575,
    3.197273927425933,
    4.7973292170015975,
    4.702550010598992
  ],
  "max_max_curvature": 5.1067383956907895,
  "coil_coil_distance": 0.8838533918183669,
  "cc_threshold": 0.8850114046097985,
  "cc_weight": 49.45299492569406,
  "gradient_norm": 0.04329511109774768,
  "linking_number": 0,
  "directory": "ncoils_6_order_8_R1_4.5_length_target_3.2e+01_weight_0.81_max_curvature_3.0_weight_9e-06_msc_2.6_weight_1.2e-05_cc_0.89_weight_4.9e+01",
  "mean_squared_curvatures": [
    0.9383306471866353,
    0.29469104404584456,
    0.33657913135062684,
    0.42669012141344165,
    0.8340793563286856,
    1.0221387641160904
  ],
  "max_mean_squared_curvature": 1.0221387641160904,
  "message": "CONVERGENCE: REL_REDUCTION_OF_F_<=_FACTR*EPSMCH",
  "success": true,
  "iterations": 625,
  "function_evaluations": 720,
  "coil_currents": [
    8223452.058594779,
    8143961.477448919,
    8087912.631568786,
    8017897.464238784,
    7939383.901705647,
    8168807.1845321655
  ],
  "coil_surface_distance": 1.0471958394898537
}