{
  "nfp": 4,
  "R0": 11.34443056562854,
  "R1": 4.791495638641973,
  "ncoils": 6,
  "order": 10,
  "nphi": 32,
  "ntheta": 32,
  "length_target": 44.36620342481944,
  "length_weight": 2.2860245410947133,
  "max_curvature_threshold": 1.3142415608269629,
  "max_curvature_weight": 2.3094218442497634e-05,
  "msc_threshold": 2.8263876716801777,
  "msc_weight": 7.824104594325539e-06,
  "JF": 0.07306137066993287,
  "Jf": 0.06947301437454606,
  "BdotN": 0.10490165031405316,
  "lengths": [
    47.530065936496925,
    46.09308342010156,
    53.724213173496075,
    43.33978498021137,
    36.21779361558232,
    39.29218177052906
  ],
  "length": 266.1971228964173,
  "max_curvatures": [
    6.2361385446008875,
    5.5803145150452265,
    13.44846364163934,
    24.008955852876703,
    54.50333231461486,
    12.512873421975616
  ],
  "max_max_curvature": 54.50333231461486,
  "coil_coil_distance": 0.8843553430413257,
  "cc_threshold": 0.8877160498421737,
  "cc_weight": 59.532860092544425,
  "gradient_norm": 0.26061821650207734,
  "linking_number": 0,
  "directory": "ncoils_6_order_10_R1_4.8_length_target_4.4e+01_weight_2.3_max_curvature_1.3_weight_2.3e-05_msc_2.8_weight_7.8e-06_cc_0.89_weight_6e+01",
  "mean_squared_curvatures": [
    0.9522185349719738,
    1.116159079857353,
    1.250353015388759,
    2.3839558995277392,
    4.872525024409395,
    2.9778170795564547
  ],
  "max_mean_squared_curvature": 4.872525024409395,
  "message": "STOP: TOTAL NO. of ITERATIONS REACHED LIMIT",
  "success": false,
  "iterations": 700,
  "function_evaluations": 815,
  "coil_currents": [
    8909824.763217777,
    9072307.80879438,
    9701178.052825201,
    8867082.566284204,
    8746969.403387344,
    3284052.1235801727
  ],
  "coil_surface_distance": 0.0038770111745867458
}