{
  "nfp": 4,
  "R0": 11.34443056562854,
  "R1": 4.855429129329936,
  "ncoils": 4,
  "order": 12,
  "nphi": 32,
  "ntheta": 32,
  "length_target": 46.0120218662177,
  "length_weight": 25.163499825522926,
  "max_curvature_threshold": 6.731368483590731,
  "max_curvature_weight": 0.0026167467476362147,
  "msc_threshold": 4.674864131549566,
  "msc_weight": 1.2992679944290278e-05,
  "JF": 0.0033443598561041558,
  "Jf": 0.0033000254223263,
  "BdotN": 0.014152348629458304,
  "lengths": [
    46.836207097686895,
    52.64221162934602,
    41.19856149419982,
    43.371717681102986
  ],
  "length": 184.0486979023357,
  "max_curvatures": [
    6.742650951184942,
    6.770904864983502,
    6.867854136031664,
    7.07888157501577
  ],
  "max_max_curvature": 7.07888157501577,
  "coil_coil_distance": 0.8820915570990971,
  "cc_threshold": 0.9075648043272453,
  "cc_weight": 0.13059514050082244,
  "gradient_norm": 0.43251162257844245,
  "linking_number": 0,
  "directory": "ncoils_4_order_12_R1_4.9_length_target_4.6e+01_weight_2.5e+01_max_curvature_6.7_weight_0.0026_msc_4.7_weight_1.3e-05_cc_0.91_weight_0.13",
  "mean_squared_curvatures": [
    0.8108426738064834,
    1.0546675857948076,
    0.9581763913056891,
    0.6488715835816072
  ],
  "max_mean_squared_curvature": 1.0546675857948076,
  "message": "STOP: TOTAL NO. of ITERATIONS REACHED LIMIT",
  "success": false,
  "iterations": 700,
  "function_evaluations": 851,
  "coil_currents": [
    12290201.540248893,
    12153582.786066772,
    12059111.683627937,
    12078518.708145477
  ],
  "coil_surface_distance": 1.3726490688203468
}