{
  "nfp": 4,
  "R0": 11.34443056562854,
  "R1": 4.251740815461136,
  "ncoils": 5,
  "order": 11,
  "nphi": 32,
  "ntheta": 32,
  "length_target": 45.670895419300166,
  "length_weight": 8.095131774336512,
  "max_curvature_threshold": 1.2141195612983062,
  "max_curvature_weight": 8.501305025594366e-06,
  "msc_threshold": 0.6640936980647795,
  "msc_weight": 7.630907415020102e-06,
  "JF": 0.00615919911452715,
  "Jf": 0.005576341989327599,
  "BdotN": 0.01800169468331608,
  "lengths": [
    45.7178984302649,
    45.315780273890574,
    50.53348366335019,
    40.738509071931816,
    46.049677566506844
  ],
  "length": 228.35534900594433,
  "max_curvatures": [
    12.005178065396661,
    8.07801951705592,
    9.286026109626757,
    13.847949080249004,
    15.900685807265203
  ],
  "max_max_curvature": 15.900685807265203,
  "coil_coil_distance": 0.8263813288132983,
  "cc_threshold": 0.8314863748916584,
  "cc_weight": 2.9667443691629014,
  "gradient_norm": 0.8367052723302619,
  "linking_number": 0,
  "directory": "ncoils_5_order_11_R1_4.3_length_target_4.6e+01_weight_8.1_max_curvature_1.2_weight_8.5e-06_msc_0.66_weight_7.6e-06_cc_0.83_weight_3.0",
  "mean_squared_curvatures": [
    0.9366681649146459,
    0.7868158338837424,
    1.3646095271973993,
    1.6862634632023057,
    1.1923181353213543
  ],
  "max_mean_squared_curvature": 1.6862634632023057,
  "message": "CONVERGENCE: REL_REDUCTION_OF_F_<=_FACTR*EPSMCH",
  "success": true,
  "iterations": 347,
  "function_evaluations": 436,
  "coil_currents": [
    9581719.79836454,
    9524649.352038085,
    9770279.496237548,
    9747288.212473841,
    9957477.858975068
  ],
  "coil_surface_distance": 1.2101502475488441
}