{
  "nfp": 4,
  "R0": 11.34443056562854,
  "R1": 4.926697959617456,
  "ncoils": 5,
  "order": 7,
  "nphi": 32,
  "ntheta": 32,
  "length_target": 35.440216935919665,
  "length_weight": 58.377198546797835,
  "max_curvature_threshold": 3.4956628890470354,
  "max_curvature_weight": 5.7590062269721595e-05,
  "msc_threshold": 4.620445107011255,
  "msc_weight": 2.8602442558498513e-06,
  "JF": 0.011230486236350446,
  "Jf": 0.011121393377163903,
  "BdotN": 0.018308744321062113,
  "lengths": [
    38.55403443799913,
    38.061216435187305,
    33.37875255516052,
    31.71716971100339,
    35.49007308733179
  ],
  "length": 177.20124622668212,
  "max_curvatures": [
    3.014122656951287,
    1.9603177446807742,
    5.523160953847057,
    2.116662909290457,
    5.693207274035294
  ],
  "max_max_curvature": 5.693207274035294,
  "coil_coil_distance": 1.0955801999909949,
  "cc_threshold": 1.0985655643373284,
  "cc_weight": 4.863585247994356,
  "gradient_norm": 0.15889664294679096,
  "linking_number": 0,
  "directory": "ncoils_5_order_7_R1_4.9_length_target_3.5e+01_weight_5.8e+01_max_curvature_3.5_weight_5.8e-05_msc_4.6_weight_2.9e-06_cc_1.1_weight_4.9",
  "mean_squared_curvatures": [
    0.19766899114980327,
    0.14645059835539062,
    0.26516491068495684,
    0.20791882934279354,
    0.29697958099974586
  ],
  "max_mean_squared_curvature": 0.29697958099974586,
  "message": "STOP: TOTAL NO. of ITERATIONS REACHED LIMIT",
  "success": false,
  "iterations": 700,
  "function_evaluations": 810,
  "coil_currents": [
    9850107.070770593,
    9943609.537008531,
    9437176.018267864,
    9502802.800500097,
    9847719.291542001
  ],
  "coil_surface_distance": 1.137064231082657
}