{
  "nfp": 4,
  "R0": 11.34443056562854,
  "R1": 4.7793896840091525,
  "ncoils": 6,
  "order": 6,
  "nphi": 32,
  "ntheta": 32,
  "length_target": 32.48273566637906,
  "length_weight": 0.04141453587570801,
  "max_curvature_threshold": 3.0558127337359187,
  "max_curvature_weight": 0.0008089220295348853,
  "msc_threshold": 5.169355100923261,
  "msc_weight": 2.616972413235085e-05,
  "JF": 0.00544572746757077,
  "Jf": 0.00531957922002214,
  "BdotN": 0.01429244123073525,
  "lengths": [
    44.493984702628296,
    30.2588460455398,
    33.156922640795386,
    35.59496271327568,
    27.51050921226659,
    23.885360024015213
  ],
  "length": 194.90058533852095,
  "max_curvatures": [
    3.0653996286529153,
    3.0821129353059233,
    2.8125103794422612,
    2.290385801939072,
    3.0851173275657935,
    3.193067371927647
  ],
  "max_max_curvature": 3.193067371927647,
  "coil_coil_distance": 1.1661174439767028,
  "cc_threshold": 1.1959409616196472,
  "cc_weight": 0.5338563683161401,
  "gradient_norm": 0.004104752108137577,
  "linking_number": 0,
  "directory": "ncoils_6_order_6_R1_4.8_length_target_3.2e+01_weight_0.041_max_curvature_3.1_weight_0.00081_msc_5.2_weight_2.6e-05_cc_1.2_weight_0.53",
  "mean_squared_curvatures": [
    0.24652462133309283,
    0.41070632948172575,
    0.32547232082779676,
    0.2320799595567869,
    0.44353868922654427,
    1.077486612822799
  ],
  "max_mean_squared_curvature": 1.077486612822799,
  "message": "STOP: TOTAL NO. of ITERATIONS REACHED LIMIT",
  "success": false,
  "iterations": 700,
  "function_evaluations": 727,
  "coil_currents": [
    16295453.323840754,
    5689875.659226748,
    7363934.116671255,
    9352731.370948637,
    5802406.822769693,
    4077013.424631998
  ],
  "coil_surface_distance": 0.6052037664206085
}