{
  "nfp": 4,
  "ncoils": 6,
  "R0": 11.34443056562854,
  "R1": 4.68485884965733,
  "order": 14,
  "nphi": 32,
  "ntheta": 32,
  "length_target": 39.85617108595412,
  "length_weight": 2.2717782767619137,
  "max_curvature_threshold": 1.062879220076991,
  "max_curvature_weight": 2.2649902031329881e-07,
  "msc_threshold": 4.237010533691306,
  "msc_weight": 9.15566242873222e-05,
  "JF": 0.0020714911671975995,
  "Jf": 0.001994456375784222,
  "BdotN": 0.00869803609286505,
  "lengths": [
    36.842312015710725,
    36.97442719892316,
    38.77863988200789,
    37.524290528281334,
    41.67531992356317,
    47.34507367751812
  ],
  "length": 239.1400632260044,
  "max_curvatures": [
    17.785095827589753,
    32.52651604249768,
    15.940027407516556,
    21.102583290861205,
    20.335649873351194,
    38.49136817605401
  ],
  "max_max_curvature": 38.49136817605401,
  "coil_coil_distance": 0.6085694913647807,
  "cc_threshold": 0.6082725069198538,
  "cc_weight": 6685.602462400313,
  "gradient_norm": 0.4198649774802442,
  "linking_number": 0,
  "directory": "ncoils_6_order_14_R1_4.7_length_target_4e+01_weight_2.3_max_curvature_1.1_weight_2.3e-07_msc_4.2_weight_9.2e-05_cc_0.61_weight_6.7e+03",
  "mean_squared_curvatures": [
    2.27145012253939,
    3.7962006247695355,
    4.033367891225896,
    3.083120275646764,
    4.136650018813086,
    4.123886398134672
  ],
  "max_mean_squared_curvature": 4.136650018813086,
  "message": "STOP: TOTAL NO. of ITERATIONS REACHED LIMIT",
  "success": false,
  "iterations": 500,
  "function_evaluations": 831,
  "coil_currents": [
    7914382.006211029,
    7949416.153056249,
    7998677.106065662,
    8026549.070940225,
    8055673.558322756,
    8636716.82349316
  ],
  "coil_surface_distance": 1.0651263518584415
}