{
  "nfp": 4,
  "R0": 11.34443056562854,
  "R1": 4.328349128551255,
  "ncoils": 5,
  "order": 7,
  "nphi": 32,
  "ntheta": 32,
  "length_target": 37.282154170972944,
  "length_weight": 0.4411973038261228,
  "max_curvature_threshold": 2.550366836354778,
  "max_curvature_weight": 0.0014573835280816344,
  "msc_threshold": 4.916962311355083,
  "msc_weight": 3.0223658856818917e-05,
  "JF": 0.0007853079287590451,
  "Jf": 0.000756384604792572,
  "BdotN": 0.00468204876164872,
  "lengths": [
    39.99368882755791,
    38.82350358941799,
    35.98621734341161,
    36.87744714269022,
    34.73081889991175
  ],
  "length": 186.4116758029895,
  "max_curvatures": [
    2.552672674722179,
    2.620362141039623,
    2.2299436907105687,
    2.603208525401491,
    2.5830919947930435
  ],
  "max_max_curvature": 2.620362141039623,
  "coil_coil_distance": 0.9444709976307806,
  "cc_threshold": 0.9799603402374613,
  "cc_weight": 0.09813849278501793,
  "gradient_norm": 0.009620865835252089,
  "linking_number": 0,
  "directory": "ncoils_5_order_7_R1_4.3_length_target_3.7e+01_weight_0.44_max_curvature_2.6_weight_0.0015_msc_4.9_weight_3e-05_cc_0.98_weight_0.098",
  "mean_squared_curvatures": [
    0.29162994581531754,
    0.2899564533425642,
    0.4134403195785333,
    0.35565963291313735,
    0.2844271423132475
  ],
  "max_mean_squared_curvature": 0.4134403195785333,
  "message": "STOP: TOTAL NO. of ITERATIONS REACHED LIMIT",
  "success": false,
  "iterations": 700,
  "function_evaluations": 743,
  "coil_currents": [
    10242274.360626418,
    9646933.069143334,
    9319937.771820346,
    9914762.645698763,
    9457506.87080022
  ],
  "coil_surface_distance": 1.16746938285188
}