{
  "nfp": 4,
  "R0": 11.34443056562854,
  "R1": 4.742330292283644,
  "ncoils": 4,
  "order": 14,
  "nphi": 32,
  "ntheta": 32,
  "length_target": 38.05758045603471,
  "length_weight": 0.011862072286398602,
  "max_curvature_threshold": 1.7234046900435962,
  "max_curvature_weight": 0.00039406222841168354,
  "msc_threshold": 2.6687695869660493,
  "msc_weight": 5.1260507276562384e-05,
  "JF": 0.0012039352243398205,
  "Jf": 0.001194502063103248,
  "BdotN": 0.005838361668119601,
  "lengths": [
    37.661419246632,
    36.525199971536466,
    36.920636472969946,
    41.128158753892016
  ],
  "length": 152.23541444503041,
  "max_curvatures": [
    1.7880880286778482,
    1.906847229501949,
    1.7999623310567525,
    1.906873963215535
  ],
  "max_max_curvature": 1.906873963215535,
  "coil_coil_distance": 0.9953964627839551,
  "cc_threshold": 0.9980735053852564,
  "cc_weight": 5.259753017868448,
  "gradient_norm": 0.001805485902954116,
  "linking_number": 0,
  "directory": "ncoils_4_order_14_R1_4.7_length_target_3.8e+01_weight_0.012_max_curvature_1.7_weight_0.00039_msc_2.7_weight_5.1e-05_cc_1.0_weight_5.3",
  "mean_squared_curvatures": [
    0.2730366849388837,
    0.2946626525725548,
    0.3901868793922216,
    0.6809032254967539
  ],
  "max_mean_squared_curvature": 0.6809032254967539,
  "message": "STOP: TOTAL NO. of ITERATIONS REACHED LIMIT",
  "success": false,
  "iterations": 700,
  "function_evaluations": 762,
  "coil_currents": [
    12140088.081488524,
    12274833.16166719,
    12194174.471321758,
    11972319.00361161
  ],
  "coil_surface_distance": 1.0250673987396557
}