{
  "nfp": 4,
  "R0": 11.34443056562854,
  "R1": 4.9140287924614166,
  "ncoils": 5,
  "order": 12,
  "nphi": 32,
  "ntheta": 32,
  "length_target": 37.75219366602438,
  "length_weight": 0.016940796999583074,
  "max_curvature_threshold": 6.709886798240615,
  "max_curvature_weight": 2.235406521882047e-06,
  "msc_threshold": 3.089993430012774,
  "msc_weight": 6.070326424375978e-06,
  "JF": 0.008433065889100465,
  "Jf": 0.008256800383639178,
  "BdotN": 0.01871067878750748,
  "lengths": [
    35.06886076570463,
    35.70946522468613,
    38.95685306032705,
    40.483102573940705,
    38.546210493542645
  ],
  "length": 188.76449211820116,
  "max_curvatures": [
    8.982521291396806,
    20.69602435339552,
    19.438314936238143,
    20.939308136347826,
    35.972604427647816
  ],
  "max_max_curvature": 35.972604427647816,
  "coil_coil_distance": 1.1495572294166256,
  "cc_threshold": 1.150905049102609,
  "cc_weight": 59.988991798217675,
  "gradient_norm": 0.03915366623795254,
  "linking_number": 0,
  "directory": "ncoils_5_order_12_R1_4.9_length_target_3.8e+01_weight_0.017_max_curvature_6.7_weight_2.2e-06_msc_3.1_weight_6.1e-06_cc_1.2_weight_6e+01",
  "mean_squared_curvatures": [
    0.8276992016760827,
    3.389172771540886,
    1.334199934601228,
    1.648412493989805,
    6.173462537159299
  ],
  "max_mean_squared_curvature": 6.173462537159299,
  "message": "STOP: TOTAL NO. of ITERATIONS REACHED LIMIT",
  "success": false,
  "iterations": 700,
  "function_evaluations": 852,
  "coil_currents": [
    10195255.489391414,
    10315627.72085848,
    10546430.311790993,
    10837828.113246005,
    6686273.082802184
  ],
  "coil_surface_distance": 0.014994228873989745
}