{
  "nfp": 4,
  "R0": 11.34443056562854,
  "R1": 4.572815917843698,
  "ncoils": 6,
  "order": 14,
  "nphi": 32,
  "ntheta": 32,
  "length_target": 44.64059985391923,
  "length_weight": 0.9188138065141548,
  "max_curvature_threshold": 1.1582202294049793,
  "max_curvature_weight": 0.0015575693217368147,
  "msc_threshold": 0.8449317380104767,
  "msc_weight": 5.849764599640912e-07,
  "JF": 0.012969893050286771,
  "Jf": 0.012060426564281865,
  "BdotN": 0.02173822436398781,
  "lengths": [
    43.858329163914746,
    46.669861115470276,
    42.39788769901198,
    45.20379911151505,
    44.844404485507795,
    44.870861850363674
  ],
  "length": 267.84514342578353,
  "max_curvatures": [
    1.3208254488674631,
    1.521136195926597,
    1.7182720927354391,
    1.9717717998108892,
    1.5071251480498984,
    1.5513087531665308
  ],
  "max_max_curvature": 1.9717717998108892,
  "coil_coil_distance": 1.1836577874597807,
  "cc_threshold": 1.19116850292595,
  "cc_weight": 7.3435884970128225,
  "gradient_norm": 0.0785311189427914,
  "linking_number": 0,
  "directory": "ncoils_6_order_14_R1_4.6_length_target_4.5e+01_weight_0.92_max_curvature_1.2_weight_0.0016_msc_0.84_weight_5.8e-07_cc_1.2_weight_7.3",
  "mean_squared_curvatures": [
    0.44565607666647084,
    0.45113391527016866,
    0.517886465065136,
    0.7004426431240309,
    0.38933597425117483,
    0.3814180240720522
  ],
  "max_mean_squared_curvature": 0.7004426431240309,
  "message": "STOP: TOTAL NO. of ITERATIONS REACHED LIMIT",
  "success": false,
  "iterations": 700,
  "function_evaluations": 750,
  "coil_currents": [
    8872927.244852459,
    7029014.252870239,
    9068453.132710652,
    8126055.164138817,
    7529130.865140556,
    7955834.058376357
  ],
  "coil_surface_distance": 0.9272689196478705
}