{
  "nfp": 4,
  "R0": 11.34443056562854,
  "R1": 4.866548416273616,
  "ncoils": 4,
  "order": 8,
  "nphi": 32,
  "ntheta": 32,
  "length_target": 29.362666518255296,
  "length_weight": 2.1463185011079884,
  "max_curvature_threshold": 0.5662590685334785,
  "max_curvature_weight": 1.0350093907277683e-05,
  "msc_threshold": 4.233690329590824,
  "msc_weight": 2.070849638530229e-06,
  "JF": 0.0112002976645356,
  "Jf": 0.011174109449068189,
  "BdotN": 0.018704990119606735,
  "lengths": [
    31.056167306094817,
    29.86123239898491,
    28.670769031247396,
    27.863357045638203
  ],
  "length": 117.45152578196533,
  "max_curvatures": [
    4.693678369377195,
    5.17345889726417,
    3.064431220930799,
    2.755602671864472
  ],
  "max_max_curvature": 5.17345889726417,
  "coil_coil_distance": 0.8357191400797351,
  "cc_threshold": 0.8359615997158476,
  "cc_weight": 18.585162446648596,
  "gradient_norm": 241.60742132792902,
  "linking_number": 0,
  "directory": "ncoils_4_order_8_R1_4.9_length_target_2.9e+01_weight_2.1_max_curvature_0.57_weight_1e-05_msc_4.2_weight_2.1e-06_cc_0.84_weight_1.9e+01",
  "mean_squared_curvatures": [
    0.11909044196174297,
    0.14278195906679853,
    0.21304842058039056,
    0.2745591432002762
  ],
  "max_mean_squared_curvature": 0.2745591432002762,
  "message": "STOP: TOTAL NO. of ITERATIONS REACHED LIMIT",
  "success": false,
  "iterations": 700,
  "function_evaluations": 996,
  "coil_currents": [
    12425680.944366323,
    12367484.85208643,
    12237592.255061526,
    11550656.666574799
  ],
  "coil_surface_distance": 1.3425160044360283
}