{
  "nfp": 4,
  "R0": 11.34443056562854,
  "R1": 4.616062741125975,
  "ncoils": 3,
  "order": 7,
  "nphi": 32,
  "ntheta": 32,
  "length_target": 37.75668530156255,
  "length_weight": 0.594608924008067,
  "max_curvature_threshold": 2.6612995978919094,
  "max_curvature_weight": 6.370187677041536e-05,
  "msc_threshold": 6.127134614453021,
  "msc_weight": 4.201720929332714e-06,
  "JF": 0.0054095411412878,
  "Jf": 0.005361877153174845,
  "BdotN": 0.011132565108509525,
  "lengths": [
    39.64754381646878,
    37.45786397629261,
    36.165866205307374
  ],
  "length": 113.27127399806875,
  "max_curvatures": [
    3.628879754810349,
    3.986041524345435,
    4.974471254195243
  ],
  "max_max_curvature": 4.974471254195243,
  "coil_coil_distance": 0.8125980023220946,
  "cc_threshold": 0.814456205955338,
  "cc_weight": 4.5431118667364645,
  "gradient_norm": 0.006142003245431027,
  "linking_number": 0,
  "directory": "ncoils_3_order_7_R1_4.6_length_target_3.8e+01_weight_0.59_max_curvature_2.7_weight_6.4e-05_msc_6.1_weight_4.2e-06_cc_0.81_weight_4.5",
  "mean_squared_curvatures": [
    0.11382443397095268,
    0.24079562021736192,
    0.3831844621316886
  ],
  "max_mean_squared_curvature": 0.3831844621316886,
  "message": "STOP: TOTAL NO. of ITERATIONS REACHED LIMIT",
  "success": false,
  "iterations": 700,
  "function_evaluations": 770,
  "coil_currents": [
    16705921.097283795,
    16312924.571131742,
    15562569.049673542
  ],
  "coil_surface_distance": 1.409412975047198
}