{
  "nfp": 4,
  "R0": 11.34443056562854,
  "R1": 4.308558705320966,
  "ncoils": 5,
  "order": 13,
  "nphi": 32,
  "ntheta": 32,
  "length_target": 43.839690339432956,
  "length_weight": 2.50326833431944,
  "max_curvature_threshold": 6.060632656365663,
  "max_curvature_weight": 0.0001428058539016953,
  "msc_threshold": 0.7996254030767928,
  "msc_weight": 6.548354994169739e-07,
  "JF": 0.0006662643964607187,
  "Jf": 0.0006644269734981214,
  "BdotN": 0.004998099542152796,
  "lengths": [
    43.110285254161596,
    49.63660878918379,
    41.27487214770738,
    37.731675068293605,
    47.445620126371786
  ],
  "length": 219.19906138571815,
  "max_curvatures": [
    6.239091623540095,
    5.394202452514652,
    5.667931032383825,
    6.4800675770643,
    6.2114024950052045
  ],
  "max_max_curvature": 6.4800675770643,
  "coil_coil_distance": 0.8024097244654212,
  "cc_threshold": 0.8025477744661876,
  "cc_weight": 36.634402944699865,
  "gradient_norm": 0.054890800761180636,
  "linking_number": 0,
  "directory": "ncoils_5_order_13_R1_4.3_length_target_4.4e+01_weight_2.5_max_curvature_6.1_weight_0.00014_msc_0.8_weight_6.5e-07_cc_0.8_weight_3.7e+01",
  "mean_squared_curvatures": [
    0.768844775989487,
    0.7497334427016773,
    0.8433765581633381,
    0.7240188852933598,
    1.1809539344567457
  ],
  "max_mean_squared_curvature": 1.1809539344567457,
  "message": "STOP: TOTAL NO. of ITERATIONS REACHED LIMIT",
  "success": false,
  "iterations": 700,
  "function_evaluations": 847,
  "coil_currents": [
    9598586.343967611,
    9632331.461850038,
    9575935.089581264,
    9581954.985451927,
    10192606.837238237
  ],
  "coil_surface_distance": 1.299824537952654
}