{
  "nfp": 4,
  "R0": 11.34443056562854,
  "R1": 4.385012729534189,
  "ncoils": 4,
  "order": 10,
  "nphi": 32,
  "ntheta": 32,
  "length_target": 33.367883228356746,
  "length_weight": 0.23379385550661505,
  "max_curvature_threshold": 1.1794110621809664,
  "max_curvature_weight": 0.003641942435873072,
  "msc_threshold": 7.925084924744139,
  "msc_weight": 2.1054144578944432e-07,
  "JF": 0.006667530338532101,
  "Jf": 0.006640284373902163,
  "BdotN": 0.014932765489689984,
  "lengths": [
    34.008972816696335,
    33.37851144925089,
    34.127918266625535,
    31.95683479142174
  ],
  "length": 133.47223732399448,
  "max_curvatures": [
    1.2103984975433195,
    1.2452600606553454,
    1.281838032660443,
    1.232888077711432
  ],
  "max_max_curvature": 1.281838032660443,
  "coil_coil_distance": 1.1816216296810875,
  "cc_threshold": 1.1840909659317542,
  "cc_weight": 13.304935868339317,
  "gradient_norm": 0.006997831320823343,
  "linking_number": 0,
  "directory": "ncoils_4_order_10_R1_4.4_length_target_3.3e+01_weight_0.23_max_curvature_1.2_weight_0.0036_msc_7.9_weight_2.1e-07_cc_1.2_weight_1.3e+01",
  "mean_squared_curvatures": [
    0.14856419002158625,
    0.22889313963401037,
    0.2893052528504736,
    0.31914241315178354
  ],
  "max_mean_squared_curvature": 0.31914241315178354,
  "message": "STOP: TOTAL NO. of ITERATIONS REACHED LIMIT",
  "success": false,
  "iterations": 700,
  "function_evaluations": 778,
  "coil_currents": [
    12472230.475322144,
    12590702.031663861,
    12373357.426652487,
    11145124.784450583
  ],
  "coil_surface_distance": 1.2057820206498304
}