{
  "nfp": 4,
  "R0": 11.34443056562854,
  "R1": 4.626232417565297,
  "ncoils": 5,
  "order": 14,
  "nphi": 32,
  "ntheta": 32,
  "length_target": 43.173501676397755,
  "length_weight": 0.012282042620116092,
  "max_curvature_threshold": 7.835402316454924,
  "max_curvature_weight": 3.391063371382358e-05,
  "msc_threshold": 7.800479407545992,
  "msc_weight": 1.2939125779847567e-07,
  "JF": 0.0016644728558024941,
  "Jf": 0.0016145243468440405,
  "BdotN": 0.008436540217297655,
  "lengths": [
    51.61506650330425,
    40.336759589182954,
    36.157025921535244,
    39.91097261285449,
    47.85064375814551
  ],
  "length": 215.87046838502246,
  "max_curvatures": [
    12.530487148931666,
    9.435458089230595,
    2.1366734392447224,
    7.529421575861622,
    7.009345136612285
  ],
  "max_max_curvature": 12.530487148931666,
  "coil_coil_distance": 1.1024659097105423,
  "cc_threshold": 1.1034664346876615,
  "cc_weight": 6.290633280787944,
  "gradient_norm": 0.018549426900814833,
  "linking_number": 0,
  "directory": "ncoils_5_order_14_R1_4.6_length_target_4.3e+01_weight_0.012_max_curvature_7.8_weight_3.4e-05_msc_7.8_weight_1.3e-07_cc_1.1_weight_6.3",
  "mean_squared_curvatures": [
    3.2989164005954126,
    1.7071245450441954,
    0.3084391107320674,
    0.8549124444346664,
    0.9716033871657969
  ],
  "max_mean_squared_curvature": 3.2989164005954126,
  "message": "STOP: TOTAL NO. of ITERATIONS REACHED LIMIT",
  "success": false,
  "iterations": 700,
  "function_evaluations": 792,
  "coil_currents": [
    9860453.954632709,
    9737646.59216118,
    9315965.890276043,
    9586458.47028065,
    10080889.810738504
  ],
  "coil_surface_distance": 0.7447326198627213
}