{
  "nfp": 4,
  "ncoils": 6,
  "R0": 11.34443056562854,
  "R1": 4.425108757839389,
  "order": 8,
  "nphi": 32,
  "ntheta": 32,
  "length_target": 39.35548493869031,
  "length_weight": 6.0549109571590956,
  "max_curvature_threshold": 1.733849425699122,
  "max_curvature_weight": 1.3320535449678577e-05,
  "msc_threshold": 3.1513097150961933,
  "msc_weight": 3.106612341320288e-05,
  "JF": 0.0005273939655644881,
  "Jf": 0.0005075520150737612,
  "BdotN": 0.005963503339704451,
  "lengths": [
    38.877999591711344,
    40.035382096561676,
    42.3962977405336,
    37.16635722296412,
    37.232751340666006,
    40.42438819377951
  ],
  "length": 236.13317618621625,
  "max_curvatures": [
    2.3891285539566236,
    1.9808003910601002,
    4.156585239061881,
    2.5985259366432083,
    2.6397452707913382,
    4.354659929902852
  ],
  "max_max_curvature": 4.354659929902852,
  "coil_coil_distance": 0.5243417927993492,
  "cc_threshold": 0.5242802966247878,
  "cc_weight": 294.3390463292634,
  "gradient_norm": 0.0365103060977724,
  "linking_number": 0,
  "directory": "ncoils_6_order_8_R1_4.4_length_target_3.9e+01_weight_6.1_max_curvature_1.7_weight_1.3e-05_msc_3.2_weight_3.1e-05_cc_0.52_weight_2.9e+02",
  "mean_squared_curvatures": [
    0.28616466062286594,
    0.18390395652281,
    0.32972083563771015,
    0.2525404574608977,
    0.22627161086999661,
    0.3129702077600164
  ],
  "max_mean_squared_curvature": 0.32972083563771015,
  "message": "STOP: TOTAL NO. of ITERATIONS REACHED LIMIT",
  "success": false,
  "iterations": 700,
  "function_evaluations": 1050,
  "coil_currents": [
    8151771.128119543,
    8051674.585831845,
    8144151.729380635,
    8007017.847029914,
    7827844.564248031,
    8398954.863479115
  ],
  "coil_surface_distance": 1.3317242681959902
}