{
  "nfp": 4,
  "ncoils": 6,
  "R0": 11.34443056562854,
  "R1": 4.614483865807536,
  "order": 13,
  "nphi": 32,
  "ntheta": 32,
  "length_target": 36.53892565980594,
  "length_weight": 0.16443562638692788,
  "max_curvature_threshold": 1.365924641531531,
  "max_curvature_weight": 7.542726063925788e-05,
  "msc_threshold": 1.0026048360786586,
  "msc_weight": 5.094608745001011e-05,
  "JF": 0.0005671463238474117,
  "Jf": 0.00045013258769779533,
  "BdotN": 0.004653034672653745,
  "lengths": [
    31.462649402586727,
    34.7669911383317,
    33.91291904524156,
    34.42505144818296,
    45.44592575653128,
    39.220050905404754
  ],
  "length": 219.233587696279,
  "max_curvatures": [
    1.6974500750736319,
    1.8343808051431598,
    2.1459925836103175,
    1.9415306438955893,
    2.1224514151648197,
    2.4054995824619567
  ],
  "max_max_curvature": 2.4054995824619567,
  "coil_coil_distance": 0.771274619311894,
  "cc_threshold": 0.771272889577499,
  "cc_weight": 64.89960726935044,
  "gradient_norm": 0.007082777757872513,
  "linking_number": 0,
  "directory": "ncoils_6_order_13_R1_4.6_length_target_3.7e+01_weight_0.16_max_curvature_1.4_weight_7.5e-05_msc_1.0_weight_5.1e-05_cc_0.77_weight_6.5e+01",
  "mean_squared_curvatures": [
    0.21144458943108346,
    0.4523757237849253,
    0.5854385740323618,
    0.6345465649632702,
    0.6856318791846352,
    0.6419341247302427
  ],
  "max_mean_squared_curvature": 0.6856318791846352,
  "message": "STOP: TOTAL NO. of ITERATIONS REACHED LIMIT",
  "success": false,
  "iterations": 700,
  "function_evaluations": 848,
  "coil_currents": [
    8185266.534672646,
    8184990.65717954,
    8148164.33156842,
    8085725.840255039,
    7997162.48527648,
    7980104.869136952
  ],
  "coil_surface_distance": 0.08921564177602749
}