{
  "nfp": 4,
  "R0": 11.34443056562854,
  "R1": 4.853814098921347,
  "ncoils": 3,
  "order": 15,
  "nphi": 32,
  "ntheta": 32,
  "length_target": 45.34415414131048,
  "length_weight": 1.4973909912762042,
  "max_curvature_threshold": 0.9492380677833823,
  "max_curvature_weight": 1.2516474947321595e-06,
  "msc_threshold": 3.168075844065748,
  "msc_weight": 5.211182927399928e-06,
  "JF": 0.0021147757520537914,
  "Jf": 0.002078305215588068,
  "BdotN": 0.006138980584177764,
  "lengths": [
    44.9477398462992,
    44.12264795782545,
    46.96208557884309
  ],
  "length": 136.03247338296774,
  "max_curvatures": [
    7.814531450755606,
    14.402235379668138,
    13.70519475997283
  ],
  "max_max_curvature": 14.402235379668138,
  "coil_coil_distance": 0.9069031007327509,
  "cc_threshold": 0.9080924613463524,
  "cc_weight": 25.854307346104743,
  "gradient_norm": 0.023585332214413505,
  "linking_number": 0,
  "directory": "ncoils_3_order_15_R1_4.9_length_target_4.5e+01_weight_1.5_max_curvature_0.95_weight_1.3e-06_msc_3.2_weight_5.2e-06_cc_0.91_weight_2.6e+01",
  "mean_squared_curvatures": [
    0.527688888104736,
    0.9158344492114621,
    0.909696213816448
  ],
  "max_mean_squared_curvature": 0.9158344492114621,
  "message": "STOP: TOTAL NO. of ITERATIONS REACHED LIMIT",
  "success": false,
  "iterations": 700,
  "function_evaluations": 827,
  "coil_currents": [
    16005305.869798213,
    16098576.723265076,
    16477532.125025794
  ],
  "coil_surface_distance": 1.3408621565891952
}