{
  "nfp": 4,
  "R0": 11.34443056562854,
  "R1": 4.987678125162057,
  "ncoils": 4,
  "order": 10,
  "nphi": 32,
  "ntheta": 32,
  "length_target": 44.577263056024435,
  "length_weight": 34.23966911268897,
  "max_curvature_threshold": 1.7103086207443223,
  "max_curvature_weight": 3.8795383495528116e-05,
  "msc_threshold": 1.5710173139142922,
  "msc_weight": 4.444086926105184e-05,
  "JF": 0.004843877462596584,
  "Jf": 0.004685270872845054,
  "BdotN": 0.014427828421309513,
  "lengths": [
    47.73134951741076,
    46.62515709194068,
    39.5548929339943,
    44.39809095843006
  ],
  "length": 178.3094905017758,
  "max_curvatures": [
    2.947231226059814,
    3.1155255920550693,
    3.590409220297661,
    5.127782782213243
  ],
  "max_max_curvature": 5.127782782213243,
  "coil_coil_distance": 0.883964045814511,
  "cc_threshold": 0.8843920002067136,
  "cc_weight": 25.409520416637474,
  "gradient_norm": 0.369355882530603,
  "linking_number": 0,
  "directory": "ncoils_4_order_10_R1_5.0_length_target_4.5e+01_weight_3.4e+01_max_curvature_1.7_weight_3.9e-05_msc_1.6_weight_4.4e-05_cc_0.88_weight_2.5e+01",
  "mean_squared_curvatures": [
    0.19475555450461504,
    0.3328681700329173,
    0.541392576086773,
    0.7648595684118819
  ],
  "max_mean_squared_curvature": 0.7648595684118819,
  "message": "STOP: TOTAL NO. of ITERATIONS REACHED LIMIT",
  "success": false,
  "iterations": 700,
  "function_evaluations": 884,
  "coil_currents": [
    12010266.13762458,
    12107729.550427983,
    12013215.50132151,
    12450203.528715007
  ],
  "coil_surface_distance": 1.3263887201932238
}