{
  "nfp": 4,
  "ncoils": 6,
  "R0": 11.34443056562854,
  "R1": 4.357166242360036,
  "order": 12,
  "nphi": 32,
  "ntheta": 32,
  "length_target": 37.11156735214078,
  "length_weight": 1.2616198488312511,
  "max_curvature_threshold": 4.154850158940314,
  "max_curvature_weight": 9.896928631213552e-06,
  "msc_threshold": 4.229537028742063,
  "msc_weight": 3.9680537154456633e-07,
  "JF": 0.000546893022698797,
  "Jf": 0.00048026487938604266,
  "BdotN": 0.004504726658120135,
  "lengths": [
    35.76349607828596,
    35.397326758121494,
    36.70065213568631,
    35.31168194400346,
    35.36167106049814,
    44.13480994102603
  ],
  "length": 222.66963791762137,
  "max_curvatures": [
    11.153235100622595,
    4.3019519603452,
    4.215519459802211,
    4.429281913874769,
    5.056675588194739,
    7.21860246808837
  ],
  "max_max_curvature": 11.153235100622595,
  "coil_coil_distance": 0.7354142403738317,
  "cc_threshold": 0.7354761221765388,
  "cc_weight": 125.69143093424404,
  "gradient_norm": 0.01459599040325019,
  "linking_number": 0,
  "directory": "ncoils_6_order_12_R1_4.4_length_target_3.7e+01_weight_1.3_max_curvature_4.2_weight_9.9e-06_msc_4.2_weight_4e-07_cc_0.74_weight_1.3e+02",
  "mean_squared_curvatures": [
    1.6215543684702134,
    0.6061363877131956,
    0.5364435743664812,
    0.5629613225362105,
    0.6900139092770495,
    1.384313537215685
  ],
  "max_mean_squared_curvature": 1.6215543684702134,
  "message": "STOP: TOTAL NO. of ITERATIONS REACHED LIMIT",
  "success": false,
  "iterations": 700,
  "function_evaluations": 905,
  "coil_currents": [
    8005071.202260544,
    7993608.011060368,
    7986643.0587738445,
    7918864.383192498,
    8075119.449735283,
    8602108.613066547
  ],
  "coil_surface_distance": 0.7593211506296162
}