{
  "nfp": 4,
  "R0": 11.34443056562854,
  "R1": 4.632036850364513,
  "ncoils": 5,
  "order": 13,
  "nphi": 32,
  "ntheta": 32,
  "length_target": 31.927257072026375,
  "length_weight": 3.8304727144232062,
  "max_curvature_threshold": 5.059986213615406,
  "max_curvature_weight": 0.0001012241993200175,
  "msc_threshold": 1.4381028241780585,
  "msc_weight": 5.183175266731503e-07,
  "JF": 0.005286676458742422,
  "Jf": 0.0052601561747214086,
  "BdotN": 0.012314585548432863,
  "lengths": [
    32.02946332022886,
    31.784691239165507,
    32.6205991538071,
    33.621245767057424,
    29.580496588039
  ],
  "length": 159.6364960682979,
  "max_curvatures": [
    5.112850294174538,
    3.5347221183293143,
    6.312276321221329,
    5.909621381008786,
    6.288293409326943
  ],
  "max_max_curvature": 6.312276321221329,
  "coil_coil_distance": 1.1122944604918115,
  "cc_threshold": 1.1129289945207272,
  "cc_weight": 61.06573030623229,
  "gradient_norm": 0.025552866169197448,
  "linking_number": 0,
  "directory": "ncoils_5_order_13_R1_4.6_length_target_3.2e+01_weight_3.8_max_curvature_5.1_weight_0.0001_msc_1.4_weight_5.2e-07_cc_1.1_weight_6.1e+01",
  "mean_squared_curvatures": [
    0.40902104844632864,
    0.27505396854033354,
    1.3096594738229,
    0.9498619184212992,
    0.8477538008446527
  ],
  "max_mean_squared_curvature": 1.3096594738229,
  "message": "STOP: TOTAL NO. of ITERATIONS REACHED LIMIT",
  "success": false,
  "iterations": 700,
  "function_evaluations": 783,
  "coil_currents": [
    9751876.505923856,
    9765426.137714222,
    9764869.984776929,
    9792334.017933486,
    9506908.07174059
  ],
  "coil_surface_distance": 1.0290051565883247
}