{
  "nfp": 4,
  "R0": 11.34443056562854,
  "R1": 4.11387304050886,
  "ncoils": 5,
  "order": 14,
  "nphi": 32,
  "ntheta": 32,
  "length_target": 30.293198078674482,
  "length_weight": 7.6930100430017445,
  "max_curvature_threshold": 2.9506110077296777,
  "max_curvature_weight": 0.00046559074307607186,
  "msc_threshold": 1.766333995080089,
  "msc_weight": 7.704429865098113e-06,
  "JF": 0.001538575483230266,
  "Jf": 0.0014605261926264625,
  "BdotN": 0.0062849748118633435,
  "lengths": [
    31.90129164185688,
    30.973687374892833,
    30.069440423177753,
    29.749644196425766,
    28.771562366874058
  ],
  "length": 151.46562600322727,
  "max_curvatures": [
    2.909334616316974,
    2.6413650514440095,
    2.589343617961701,
    2.9684193928319544,
    3.120250428534975
  ],
  "max_max_curvature": 3.120250428534975,
  "coil_coil_distance": 0.900233155921607,
  "cc_threshold": 0.9413412751346726,
  "cc_weight": 0.045347632923047394,
  "gradient_norm": 0.06360833336298947,
  "linking_number": 0,
  "directory": "ncoils_5_order_14_R1_4.1_length_target_3e+01_weight_7.7_max_curvature_3.0_weight_0.00047_msc_1.8_weight_7.7e-06_cc_0.94_weight_0.045",
  "mean_squared_curvatures": [
    0.31007025241145486,
    0.23888403433752115,
    0.3649815444802762,
    0.36553035599478145,
    0.39617209827030986
  ],
  "max_mean_squared_curvature": 0.39617209827030986,
  "message": "STOP: TOTAL NO. of ITERATIONS REACHED LIMIT",
  "success": false,
  "iterations": 700,
  "function_evaluations": 832,
  "coil_currents": [
    9973322.735657724,
    9852844.827163292,
    9700378.18093872,
    9772345.13183346,
    9282523.842495881
  ],
  "coil_surface_distance": 1.1278104816167596
}