{
  "nfp": 4,
  "R0": 11.34443056562854,
  "R1": 4.146191915121358,
  "ncoils": 4,
  "order": 12,
  "nphi": 32,
  "ntheta": 32,
  "length_target": 46.602695436736326,
  "length_weight": 0.014189812465360883,
  "max_curvature_threshold": 6.672743029436169,
  "max_curvature_weight": 0.000703075811066406,
  "msc_threshold": 1.825524089047097,
  "msc_weight": 5.927517909079637e-06,
  "JF": 12.808649134992743,
  "Jf": 11.145838648432944,
  "BdotN": 0.4111913444667142,
  "lengths": [
    49.90666694354286,
    41.95877063175512,
    40.28269067031651,
    40.20714366696748
  ],
  "length": 172.35527191258197,
  "max_curvatures": [
    8.137623730431121,
    6.498281647151938,
    11.716346090231397,
    11.922066533041056
  ],
  "max_max_curvature": 11.922066533041056,
  "coil_coil_distance": 0.05481652806391163,
  "cc_threshold": 0.8830586247343242,
  "cc_weight": 0.13928685442832325,
  "gradient_norm": 11.75816875233045,
  "linking_number": 0,
  "directory": "ncoils_4_order_12_R1_4.1_length_target_4.7e+01_weight_0.014_max_curvature_6.7_weight_0.0007_msc_1.8_weight_5.9e-06_cc_0.88_weight_0.14",
  "mean_squared_curvatures": [
    1.2028807133983546,
    1.1073946078395116,
    1.228519063471642,
    1.1723901574938038
  ],
  "max_mean_squared_curvature": 1.228519063471642,
  "message": "ABNORMAL_TERMINATION_IN_LNSRCH",
  "success": false,
  "iterations": 5,
  "function_evaluations": 55,
  "coil_currents": [
    11896394.407717923,
    12018688.513086282,
    12120835.489786671,
    12545496.30749821
  ],
  "coil_surface_distance": 1.9375412247450121
}