{
  "nfp": 4,
  "ncoils": 6,
  "R0": 11.34443056562854,
  "R1": 4.7566314555608535,
  "order": 14,
  "nphi": 32,
  "ntheta": 32,
  "length_target": 32.12009224616135,
  "length_weight": 7.93238793406455,
  "max_curvature_threshold": 1.5460991644384108,
  "max_curvature_weight": 3.6754251173998224e-06,
  "msc_threshold": 2.147036619794577,
  "msc_weight": 1.2370333206771752e-07,
  "JF": 0.0002669898310732562,
  "Jf": 0.0002588612424778772,
  "BdotN": 0.004111150743759286,
  "lengths": [
    33.91303221042582,
    33.129399205130234,
    32.04779372538279,
    32.010119119036865,
    30.957898470391147,
    30.66231654369992
  ],
  "length": 192.72055927406677,
  "max_curvatures": [
    3.5584155787535887,
    2.344138835884012,
    1.8944497302877217,
    3.9325325583354678,
    2.5151450562404007,
    4.352908250411305
  ],
  "max_max_curvature": 4.352908250411305,
  "coil_coil_distance": 0.5886391872651705,
  "cc_threshold": 0.5910234772381163,
  "cc_weight": 1.093072265116266,
  "gradient_norm": 0.0019016623515417661,
  "linking_number": 0,
  "directory": "ncoils_6_order_14_R1_4.8_length_target_3.2e+01_weight_7.9_max_curvature_1.5_weight_3.7e-06_msc_2.1_weight_1.2e-07_cc_0.59_weight_1.1",
  "mean_squared_curvatures": [
    0.41900004460069595,
    0.22016188597637673,
    0.2471360943695645,
    0.37389407345175985,
    0.23333513541102868,
    0.35659714141444837
  ],
  "max_mean_squared_curvature": 0.41900004460069595,
  "message": "STOP: TOTAL NO. of ITERATIONS REACHED LIMIT",
  "success": false,
  "iterations": 700,
  "function_evaluations": 804,
  "coil_currents": [
    8023922.368723929,
    7980548.030141238,
    7954888.216234288,
    7972244.007006038,
    8018857.256118796,
    8630954.83986479
  ],
  "coil_surface_distance": 1.283152947859173
}