{
  "nfp": 4,
  "R0": 11.34443056562854,
  "R1": 4.660369595102845,
  "ncoils": 6,
  "order": 6,
  "nphi": 32,
  "ntheta": 32,
  "length_target": 37.05683840011378,
  "length_weight": 0.024026168805551938,
  "max_curvature_threshold": 2.283407354074659,
  "max_curvature_weight": 8.277144865623268e-06,
  "msc_threshold": 0.8789634592078437,
  "msc_weight": 1.1594159867868803e-06,
  "JF": 4.001857227974157,
  "Jf": 0.0018270399944743543,
  "BdotN": 0.007352047137826261,
  "lengths": [
    42.39565262175441,
    38.13131923391464,
    35.276301339240305,
    36.732397403801244,
    34.81998363075368,
    34.98837393426442
  ],
  "length": 222.3440281637287,
  "max_curvatures": [
    5.048728918494804,
    3.7828374087041063,
    2.8290346548479843,
    5.153611841218448,
    1.2310017672584659,
    3.619393944470392
  ],
  "max_max_curvature": 5.153611841218448,
  "coil_coil_distance": 1.0669102465001388,
  "cc_threshold": 1.0726371866952076,
  "cc_weight": 0.5416727115598726,
  "gradient_norm": 0.002466202890215113,
  "linking_number": 4,
  "directory": "ncoils_6_order_6_R1_4.7_length_target_3.7e+01_weight_0.024_max_curvature_2.3_weight_8.3e-06_msc_0.88_weight_1.2e-06_cc_1.1_weight_0.54",
  "mean_squared_curvatures": [
    0.5834051682422365,
    0.2713213856313795,
    0.24047605753412857,
    0.40070673996841083,
    0.15127869794461457,
    0.5589511865700568
  ],
  "max_mean_squared_curvature": 0.5834051682422365,
  "message": "STOP: TOTAL NO. of ITERATIONS REACHED LIMIT",
  "success": false,
  "iterations": 700,
  "function_evaluations": 750,
  "coil_currents": [
    10368257.056853417,
    10692511.981345948,
    8645925.603678662,
    9779051.042216627,
    8122431.790211895,
    973237.2437825352
  ],
  "coil_surface_distance": 0.5767292927854255
}