{
  "nfp": 4,
  "ncoils": 6,
  "R0": 11.34443056562854,
  "R1": 4.261127941395593,
  "order": 10,
  "nphi": 32,
  "ntheta": 32,
  "length_target": 32.40681780538861,
  "length_weight": 1.3880542719779612,
  "max_curvature_threshold": 4.995229647764937,
  "max_curvature_weight": 3.8009567065778545e-05,
  "msc_threshold": 4.362157530124402,
  "msc_weight": 7.834311377251475e-07,
  "JF": 0.0014950859099715998,
  "Jf": 0.001482550252412732,
  "BdotN": 0.006672374059781096,
  "lengths": [
    35.15862891884023,
    35.3050965622801,
    34.86425447858452,
    31.42382249668703,
    31.185176361194966,
    26.503855490423657
  ],
  "length": 194.4408343080105,
  "max_curvatures": [
    4.236249771192759,
    5.820884172458607,
    4.946664841006934,
    3.090593895581693,
    5.836887885499234,
    4.96637728764041
  ],
  "max_max_curvature": 5.836887885499234,
  "coil_coil_distance": 0.9478663273432568,
  "cc_threshold": 0.9510748721513644,
  "cc_weight": 4.28130682671736,
  "gradient_norm": 0.006491126426058644,
  "linking_number": 0,
  "directory": "ncoils_6_order_10_R1_4.3_length_target_3.2e+01_weight_1.4_max_curvature_5.0_weight_3.8e-05_msc_4.4_weight_7.8e-07_cc_0.95_weight_4.3",
  "mean_squared_curvatures": [
    0.32219536526168907,
    0.5706253118849346,
    0.5891977183755737,
    0.2738567210412635,
    0.7924700816809396,
    0.4616523541787904
  ],
  "max_mean_squared_curvature": 0.7924700816809396,
  "message": "STOP: TOTAL NO. of ITERATIONS REACHED LIMIT",
  "success": false,
  "iterations": 700,
  "function_evaluations": 744,
  "coil_currents": [
    9078912.476327175,
    9607886.402747504,
    7832867.345904335,
    7671482.789440222,
    8447283.26846006,
    5942982.435209788
  ],
  "coil_surface_distance": 1.0728179121157342
}