{
  "nfp": 4,
  "R0": 11.34443056562854,
  "R1": 4.378924100148232,
  "ncoils": 5,
  "order": 10,
  "nphi": 32,
  "ntheta": 32,
  "length_target": 29.686439213218016,
  "length_weight": 0.03381388542172801,
  "max_curvature_threshold": 3.7718046633549385,
  "max_curvature_weight": 1.6038897867137117e-05,
  "msc_threshold": 7.5050877225827515,
  "msc_weight": 7.61227345089761e-07,
  "JF": 0.0017800143441149604,
  "Jf": 0.0016069715851224184,
  "BdotN": 0.00588955277107619,
  "lengths": [
    31.635246906343117,
    30.665693916209122,
    29.704708512965738,
    29.077237758797196,
    27.353929056402265
  ],
  "length": 148.43681615071745,
  "max_curvatures": [
    3.9311668374885387,
    3.7885687093927194,
    4.906937587825859,
    5.1675853625401205,
    3.5471942072652642
  ],
  "max_max_curvature": 5.1675853625401205,
  "coil_coil_distance": 0.896812677819214,
  "cc_threshold": 0.9890401442560852,
  "cc_weight": 0.010578447993093824,
  "gradient_norm": 0.06527843128535854,
  "linking_number": 0,
  "directory": "ncoils_5_order_10_R1_4.4_length_target_3e+01_weight_0.034_max_curvature_3.8_weight_1.6e-05_msc_7.5_weight_7.6e-07_cc_0.99_weight_0.011",
  "mean_squared_curvatures": [
    0.1640622763636342,
    0.2635057861254146,
    0.4291479757175469,
    0.432682816833251,
    0.5295027241705454
  ],
  "max_mean_squared_curvature": 0.5295027241705454,
  "message": "CONVERGENCE: REL_REDUCTION_OF_F_<=_FACTR*EPSMCH",
  "success": true,
  "iterations": 509,
  "function_evaluations": 619,
  "coil_currents": [
    10306971.561513154,
    10064015.160330122,
    9806647.804247491,
    9848070.194719903,
    8555709.997278415
  ],
  "coil_surface_distance": 0.9823978632839452
}