{
  "nfp": 4,
  "R0": 11.34443056562854,
  "R1": 4.9737620889048895,
  "ncoils": 6,
  "order": 15,
  "nphi": 32,
  "ntheta": 32,
  "length_target": 37.87400889673421,
  "length_weight": 31.050572410104756,
  "max_curvature_threshold": 0.28124443079930117,
  "max_curvature_weight": 0.0036208965535085695,
  "msc_threshold": 7.6884813739953435,
  "msc_weight": 8.995501865543616e-07,
  "JF": 0.005606754270448393,
  "Jf": 0.0028712733085370936,
  "BdotN": 0.014149462228395606,
  "lengths": [
    39.25160950689016,
    37.969664089932785,
    38.78326853883633,
    37.37381397257672,
    35.408081197617875,
    38.45743845476968
  ],
  "length": 227.24387576062358,
  "max_curvatures": [
    0.5551725021617203,
    0.5473497352252644,
    0.7138623343310554,
    0.6039578375295547,
    0.4952031898362258,
    0.6727471675286368
  ],
  "max_max_curvature": 0.7138623343310554,
  "coil_coil_distance": 0.7811639984894052,
  "cc_threshold": 0.8054877866453053,
  "cc_weight": 0.2728522152078693,
  "gradient_norm": 0.10793176090197786,
  "linking_number": 0,
  "directory": "ncoils_6_order_15_R1_5.0_length_target_3.8e+01_weight_3.1e+01_max_curvature_0.28_weight_0.0036_msc_7.7_weight_9e-07_cc_0.81_weight_0.27",
  "mean_squared_curvatures": [
    0.06628732664273607,
    0.07211061612221471,
    0.08975274401763601,
    0.09148826244038048,
    0.07950772601851053,
    0.10161246156337005
  ],
  "max_mean_squared_curvature": 0.10161246156337005,
  "message": "STOP: TOTAL NO. of ITERATIONS REACHED LIMIT",
  "success": false,
  "iterations": 700,
  "function_evaluations": 837,
  "coil_currents": [
    8090840.677337262,
    7978548.029507771,
    7917883.524899177,
    7965344.954165642,
    7910179.36762121,
    8718618.164558016
  ],
  "coil_surface_distance": 1.1074634482402448
}