{
  "nfp": 4,
  "R0": 11.34443056562854,
  "R1": 4.208101945908772,
  "ncoils": 4,
  "order": 13,
  "nphi": 32,
  "ntheta": 32,
  "length_target": 46.72674601542079,
  "length_weight": 12.441283527410562,
  "max_curvature_threshold": 0.7756045755358412,
  "max_curvature_weight": 8.69556362345561e-06,
  "msc_threshold": 6.855297477511465,
  "msc_weight": 1.1030661794019642e-06,
  "JF": 0.001312656601935366,
  "Jf": 0.0012074771645855242,
  "BdotN": 0.006595315582762332,
  "lengths": [
    46.85324942669641,
    49.79835636345725,
    43.74300573261279,
    46.51227523249897
  ],
  "length": 186.90688675526545,
  "max_curvatures": [
    5.198454075083422,
    8.526641314087792,
    3.5771456591011006,
    3.2966158851196665
  ],
  "max_max_curvature": 8.526641314087792,
  "coil_coil_distance": 0.7663012128469221,
  "cc_threshold": 0.7818181342832496,
  "cc_weight": 0.21141856992723582,
  "gradient_norm": 0.03167895664267831,
  "linking_number": 0,
  "directory": "ncoils_4_order_13_R1_4.2_length_target_4.7e+01_weight_1.2e+01_max_curvature_0.78_weight_8.7e-06_msc_6.9_weight_1.1e-06_cc_0.78_weight_0.21",
  "mean_squared_curvatures": [
    0.31985312520447207,
    0.5021695038295768,
    0.28349272809708365,
    0.3123505948334345
  ],
  "max_mean_squared_curvature": 0.5021695038295768,
  "message": "STOP: TOTAL NO. of ITERATIONS REACHED LIMIT",
  "success": false,
  "iterations": 700,
  "function_evaluations": 876,
  "coil_currents": [
    11991440.373976769,
    11942885.338569744,
    11973777.513523359,
    12673311.492019214
  ],
  "coil_surface_distance": 1.3440963880847525
}