{
  "nfp": 4,
  "R0": 11.34443056562854,
  "R1": 4.746532263733922,
  "ncoils": 5,
  "order": 12,
  "nphi": 32,
  "ntheta": 32,
  "length_target": 42.44324027147039,
  "length_weight": 0.21419825264796394,
  "max_curvature_threshold": 5.817237076341351,
  "max_curvature_weight": 0.00018690893969099253,
  "msc_threshold": 3.3754004738967787,
  "msc_weight": 1.3016883895473025e-07,
  "JF": 0.0004992273308971943,
  "Jf": 0.0004967210709284022,
  "BdotN": 0.004580278247236167,
  "lengths": [
    38.84616108358898,
    41.63351974762715,
    42.878570955071986,
    39.93318854892222,
    48.925206467699674
  ],
  "length": 212.21664680291,
  "max_curvatures": [
    2.047270730955766,
    5.222378365485011,
    5.87763390174428,
    5.735877459908333,
    5.847588021957582
  ],
  "max_max_curvature": 5.87763390174428,
  "coil_coil_distance": 0.8663939982233446,
  "cc_threshold": 0.8684875263197687,
  "cc_weight": 0.4266895032964282,
  "gradient_norm": 0.0029710318336987718,
  "linking_number": 0,
  "directory": "ncoils_5_order_12_R1_4.7_length_target_4.2e+01_weight_0.21_max_curvature_5.8_weight_0.00019_msc_3.4_weight_1.3e-07_cc_0.87_weight_0.43",
  "mean_squared_curvatures": [
    0.23423805844642948,
    0.6395615454159214,
    0.6588076728956717,
    0.35642387548933,
    0.8230085288672786
  ],
  "max_mean_squared_curvature": 0.8230085288672786,
  "message": "STOP: TOTAL NO. of ITERATIONS REACHED LIMIT",
  "success": false,
  "iterations": 700,
  "function_evaluations": 752,
  "coil_currents": [
    9865896.554714404,
    9474943.660465619,
    9763709.689791309,
    9525087.410760261,
    9951777.402357489
  ],
  "coil_surface_distance": 1.2577334298350011
}