{
  "nfp": 4,
  "R0": 11.34443056562854,
  "R1": 4.923241230775929,
  "ncoils": 5,
  "order": 13,
  "nphi": 32,
  "ntheta": 32,
  "length_target": 46.54507518731195,
  "length_weight": 20.083867186331805,
  "max_curvature_threshold": 0.6453946488687929,
  "max_curvature_weight": 5.943959936226294e-05,
  "msc_threshold": 1.414164862921837,
  "msc_weight": 5.172783806713846e-07,
  "JF": 0.015223041110135822,
  "Jf": 0.013326521778843218,
  "BdotN": 0.021100797172165172,
  "lengths": [
    48.64816239263577,
    46.97238697853882,
    45.50540659352665,
    41.03407786855811,
    50.565958812504974
  ],
  "length": 232.72599264576434,
  "max_curvatures": [
    5.556270467993737,
    5.88531692761879,
    4.882141244130545,
    8.815967602249263,
    6.651292216250369
  ],
  "max_max_curvature": 8.815967602249263,
  "coil_coil_distance": 0.6361509646611452,
  "cc_threshold": 0.6359325482923841,
  "cc_weight": 585.1227604705085,
  "gradient_norm": 0.41739914802666755,
  "linking_number": 0,
  "directory": "ncoils_5_order_13_R1_4.9_length_target_4.7e+01_weight_2e+01_max_curvature_0.65_weight_5.9e-05_msc_1.4_weight_5.2e-07_cc_0.64_weight_5.9e+02",
  "mean_squared_curvatures": [
    0.46837159573520026,
    0.5493679774953653,
    0.5669825756495216,
    0.7047117003709684,
    0.676684997630842
  ],
  "max_mean_squared_curvature": 0.7047117003709684,
  "message": "STOP: TOTAL NO. of ITERATIONS REACHED LIMIT",
  "success": false,
  "iterations": 700,
  "function_evaluations": 961,
  "coil_currents": [
    9389944.04701018,
    9348339.233734801,
    9532569.957478812,
    9556119.361150827,
    10754442.11871446
  ],
  "coil_surface_distance": 1.2502030749904123
}