{
  "nfp": 4,
  "R0": 11.34443056562854,
  "R1": 4.24316784398451,
  "ncoils": 5,
  "order": 6,
  "nphi": 32,
  "ntheta": 32,
  "length_target": 32.70878736642185,
  "length_weight": 0.06349133980833241,
  "max_curvature_threshold": 2.5664997766953195,
  "max_curvature_weight": 0.001032243117483938,
  "msc_threshold": 4.208428094018505,
  "msc_weight": 5.350337992645089e-06,
  "JF": 0.003377897386062896,
  "Jf": 0.0031129612534615864,
  "BdotN": 0.010154971056632708,
  "lengths": [
    36.789138368434706,
    33.86644157391329,
    31.940800701892442,
    30.454076089938457,
    30.494963345769747
  ],
  "length": 163.54542007994866,
  "max_curvatures": [
    2.610542810661827,
    2.6834213948574854,
    2.5935000040122325,
    2.62105498379659,
    2.662042753039599
  ],
  "max_max_curvature": 2.6834213948574854,
  "coil_coil_distance": 1.1092862626437667,
  "cc_threshold": 1.1658763245190835,
  "cc_weight": 0.07293978842788831,
  "gradient_norm": 0.001003130052138779,
  "linking_number": 0,
  "directory": "ncoils_5_order_6_R1_4.2_length_target_3.3e+01_weight_0.063_max_curvature_2.6_weight_0.001_msc_4.2_weight_5.4e-06_cc_1.2_weight_0.073",
  "mean_squared_curvatures": [
    0.2986813434667647,
    0.369752751106803,
    0.29310864220164756,
    0.4041542189664679,
    0.30919962208830115
  ],
  "max_mean_squared_curvature": 0.4041542189664679,
  "message": "STOP: TOTAL NO. of ITERATIONS REACHED LIMIT",
  "success": false,
  "iterations": 700,
  "function_evaluations": 718,
  "coil_currents": [
    12246218.332124995,
    9704862.429564552,
    10493765.90209895,
    7692662.961942835,
    8443905.092357747
  ],
  "coil_surface_distance": 0.9378024465529751
}