{
  "nfp": 4,
  "R0": 11.34443056562854,
  "R1": 4.42359277057227,
  "ncoils": 5,
  "order": 13,
  "nphi": 32,
  "ntheta": 32,
  "length_target": 46.933556294277736,
  "length_weight": 7.697421271674136,
  "max_curvature_threshold": 3.1862838237810633,
  "max_curvature_weight": 1.9289080861727844e-05,
  "msc_threshold": 2.2760444393056645,
  "msc_weight": 1.2696868495879153e-07,
  "JF": 0.010006060812495892,
  "Jf": 0.009175021354403,
  "BdotN": 0.022711538313917295,
  "lengths": [
    47.50997960303721,
    47.559082525722545,
    43.72685623219371,
    42.79248468982176,
    53.08011808122883
  ],
  "length": 234.66852113200406,
  "max_curvatures": [
    9.979722171925998,
    11.025541913435537,
    9.05010691096836,
    11.155621112472035,
    19.695146991236612
  ],
  "max_max_curvature": 19.695146991236612,
  "coil_coil_distance": 0.6091289807742822,
  "cc_threshold": 0.6092984759556564,
  "cc_weight": 173.0857338385438,
  "gradient_norm": 223.82017355474366,
  "linking_number": 0,
  "directory": "ncoils_5_order_13_R1_4.4_length_target_4.7e+01_weight_7.7_max_curvature_3.2_weight_1.9e-05_msc_2.3_weight_1.3e-07_cc_0.61_weight_1.7e+02",
  "mean_squared_curvatures": [
    1.1781945554165838,
    1.73478618305476,
    1.2400606054667322,
    2.0815779299053703,
    1.7705135339536793
  ],
  "max_mean_squared_curvature": 2.0815779299053703,
  "message": "CONVERGENCE: REL_REDUCTION_OF_F_<=_FACTR*EPSMCH",
  "success": true,
  "iterations": 476,
  "function_evaluations": 660,
  "coil_currents": [
    9428348.651763927,
    9440999.510897938,
    9604763.270226872,
    9568365.433216896,
    10538937.85198345
  ],
  "coil_surface_distance": 1.1983110145619227
}