{
  "nfp": 4,
  "R0": 11.34443056562854,
  "R1": 4.877951142063125,
  "ncoils": 6,
  "order": 8,
  "nphi": 32,
  "ntheta": 32,
  "length_target": 44.660204814411856,
  "length_weight": 0.42754084094469036,
  "max_curvature_threshold": 0.8785658039887965,
  "max_curvature_weight": 0.00044142067220628004,
  "msc_threshold": 7.45817542067594,
  "msc_weight": 1.7197369002800472e-07,
  "JF": 0.02428241662739985,
  "Jf": 0.01859526772205412,
  "BdotN": 0.0262416544968188,
  "lengths": [
    44.53332164760161,
    55.81645928002557,
    38.87553917811266,
    37.658376141435895,
    49.16540515337801,
    41.91140516879714
  ],
  "length": 267.9605065693509,
  "max_curvatures": [
    2.393342192659839,
    3.1690475951790247,
    1.818492999822216,
    1.8352611141706157,
    5.345073201456565,
    5.213647361786145
  ],
  "max_max_curvature": 5.345073201456565,
  "coil_coil_distance": 1.0917985435168747,
  "cc_threshold": 1.092151247037557,
  "cc_weight": 165.4691320887103,
  "gradient_norm": 0.39473413685679487,
  "linking_number": 0,
  "directory": "ncoils_6_order_8_R1_4.9_length_target_4.5e+01_weight_0.43_max_curvature_0.88_weight_0.00044_msc_7.5_weight_1.7e-07_cc_1.1_weight_1.7e+02",
  "mean_squared_curvatures": [
    0.3903403824189769,
    0.38984096476063423,
    0.21161077877723888,
    0.17549747741009122,
    0.7122691841123585,
    0.4874603089494346
  ],
  "max_mean_squared_curvature": 0.7122691841123585,
  "message": "STOP: TOTAL NO. of ITERATIONS REACHED LIMIT",
  "success": false,
  "iterations": 700,
  "function_evaluations": 1039,
  "coil_currents": [
    9353186.119484844,
    10116704.163428728,
    9272042.056094006,
    9465968.231816217,
    9756817.693518192,
    616696.4537470937
  ],
  "coil_surface_distance": 0.208602680475295
}