{
  "nfp": 4,
  "R0": 11.34443056562854,
  "R1": 4.3808464654522075,
  "ncoils": 4,
  "order": 14,
  "nphi": 32,
  "ntheta": 32,
  "length_target": 38.17043810835473,
  "length_weight": 46.90217357730119,
  "max_curvature_threshold": 6.633326279100703,
  "max_curvature_weight": 3.463004895573318e-06,
  "msc_threshold": 6.521042137594307,
  "msc_weight": 1.7039283433499634e-06,
  "JF": 0.0031054623395399155,
  "Jf": 0.0030099823988041724,
  "BdotN": 0.008988548852311077,
  "lengths": [
    37.82474488263383,
    38.941863912283274,
    38.505224486455575,
    37.410405085025175
  ],
  "length": 152.68223836639785,
  "max_curvatures": [
    12.121210912121983,
    20.744357637979213,
    20.516629444990024,
    12.15189255949765
  ],
  "max_max_curvature": 20.744357637979213,
  "coil_coil_distance": 0.771864814791036,
  "cc_threshold": 0.787027832563758,
  "cc_weight": 0.894702231332279,
  "gradient_norm": 0.7637937817971778,
  "linking_number": 0,
  "directory": "ncoils_4_order_14_R1_4.4_length_target_3.8e+01_weight_4.7e+01_max_curvature_6.6_weight_3.5e-06_msc_6.5_weight_1.7e-06_cc_0.79_weight_0.89",
  "mean_squared_curvatures": [
    1.4193481548137037,
    2.3648822462311045,
    2.3706708092577173,
    1.7405593607626457
  ],
  "max_mean_squared_curvature": 2.3706708092577173,
  "message": "STOP: TOTAL NO. of ITERATIONS REACHED LIMIT",
  "success": false,
  "iterations": 700,
  "function_evaluations": 895,
  "coil_currents": [
    12143929.454989625,
    12113941.209602054,
    12116562.46383872,
    12206981.589658685
  ],
  "coil_surface_distance": 1.3779345838224066
}