{
  "nfp": 4,
  "R0": 11.34443056562854,
  "R1": 4.489851601092522,
  "ncoils": 5,
  "order": 13,
  "nphi": 32,
  "ntheta": 32,
  "length_target": 29.739266636788233,
  "length_weight": 0.138123110421095,
  "max_curvature_threshold": 6.28832278090676,
  "max_curvature_weight": 5.4924958468224836e-05,
  "msc_threshold": 4.87723231112934,
  "msc_weight": 1.2992996350238144e-05,
  "JF": 0.001136716167169239,
  "Jf": 0.001136566472124179,
  "BdotN": 0.006477592222467108,
  "lengths": [
    31.119686124153304,
    30.31642173150932,
    29.774302308352986,
    29.025975541766993,
    28.46075861944292
  ],
  "length": 148.69714432522554,
  "max_curvatures": [
    6.201027482314635,
    5.98549476133232,
    7.132350059360079,
    6.109461683249217,
    3.441456514708879
  ],
  "max_max_curvature": 7.132350059360079,
  "coil_coil_distance": 0.7795221728917547,
  "cc_threshold": 0.7796567124730293,
  "cc_weight": 166.55396040606402,
  "gradient_norm": 0.0674763496960861,
  "linking_number": 0,
  "directory": "ncoils_5_order_13_R1_4.5_length_target_3e+01_weight_0.14_max_curvature_6.3_weight_5.5e-05_msc_4.9_weight_1.3e-05_cc_0.78_weight_1.7e+02",
  "mean_squared_curvatures": [
    0.3357909114482218,
    0.22874301699710642,
    0.4161789922116926,
    0.34508661383588873,
    0.462781903694403
  ],
  "max_mean_squared_curvature": 0.462781903694403,
  "message": "STOP: TOTAL NO. of ITERATIONS REACHED LIMIT",
  "success": false,
  "iterations": 700,
  "function_evaluations": 936,
  "coil_currents": [
    9829185.270682305,
    9776173.955128716,
    9675241.14861257,
    9689182.903129458,
    9611631.44053603
  ],
  "coil_surface_distance": 1.1150131264956844
}