{
  "nfp": 4,
  "R0": 11.34443056562854,
  "R1": 4.2063823098555675,
  "ncoils": 6,
  "order": 14,
  "nphi": 32,
  "ntheta": 32,
  "length_target": 30.300086111574892,
  "length_weight": 3.925585179823192,
  "max_curvature_threshold": 2.0088445054841473,
  "max_curvature_weight": 3.6527793940764015e-06,
  "msc_threshold": 5.866409728442126,
  "msc_weight": 9.807422511583125e-05,
  "JF": 0.0004178136638260236,
  "Jf": 0.0004144520343147867,
  "BdotN": 0.005065400916543145,
  "lengths": [
    31.43972507163349,
    30.95525664784906,
    30.89720630836926,
    29.94258387450953,
    29.2885356498958,
    29.27717152634617
  ],
  "length": 181.8004790786033,
  "max_curvatures": [
    3.5610567089234286,
    3.1676399549859324,
    3.838611851866906,
    3.2355268048280394,
    3.417165553745298,
    3.347453270885665
  ],
  "max_max_curvature": 3.838611851866906,
  "coil_coil_distance": 0.6870680140262649,
  "cc_threshold": 0.6870482710009446,
  "cc_weight": 595.4815845864123,
  "gradient_norm": 0.005412284023159191,
  "linking_number": 0,
  "directory": "ncoils_6_order_14_R1_4.2_length_target_3e+01_weight_3.9_max_curvature_2.0_weight_3.7e-06_msc_5.9_weight_9.8e-05_cc_0.69_weight_6e+02",
  "mean_squared_curvatures": [
    0.3972771567755926,
    0.39270383970510203,
    0.5500902085517129,
    0.3780877133125517,
    0.5034408943095265,
    0.5185554384085774
  ],
  "max_mean_squared_curvature": 0.5500902085517129,
  "message": "STOP: TOTAL NO. of ITERATIONS REACHED LIMIT",
  "success": false,
  "iterations": 700,
  "function_evaluations": 886,
  "coil_currents": [
    8144821.713166266,
    8058373.568823587,
    8053955.75380944,
    7951328.224651451,
    7968123.761116158,
    8404811.696522176
  ],
  "coil_surface_distance": 1.2352643233388312
}