{
  "nfp": 4,
  "R0": 11.34443056562854,
  "R1": 4.900107410603332,
  "ncoils": 4,
  "order": 6,
  "nphi": 32,
  "ntheta": 32,
  "length_target": 29.430212874871984,
  "length_weight": 38.351444172788064,
  "max_curvature_threshold": 7.275216370893976,
  "max_curvature_weight": 0.002264833076165919,
  "msc_threshold": 3.5346973300394664,
  "msc_weight": 1.0663618193949447e-05,
  "JF": 0.012880395250517483,
  "Jf": 0.01286019839516986,
  "BdotN": 0.01839738954484619,
  "lengths": [
    31.202272156744684,
    29.818561389611467,
    28.746517573880443,
    27.953537876052025
  ],
  "length": 117.72088899628862,
  "max_curvatures": [
    7.2709343368474455,
    7.305776612698035,
    2.356856925843722,
    2.795495085272433
  ],
  "max_max_curvature": 7.305776612698035,
  "coil_coil_distance": 1.080269961409648,
  "cc_threshold": 1.082879460251769,
  "cc_weight": 4.4020125388052715,
  "gradient_norm": 0.004614506299595082,
  "linking_number": 0,
  "directory": "ncoils_4_order_6_R1_4.9_length_target_2.9e+01_weight_3.8e+01_max_curvature_7.3_weight_0.0023_msc_3.5_weight_1.1e-05_cc_1.1_weight_4.4",
  "mean_squared_curvatures": [
    0.17929913070314113,
    0.21330124402147102,
    0.19970232200500118,
    0.2699032324414944
  ],
  "max_mean_squared_curvature": 0.2699032324414944,
  "message": "STOP: TOTAL NO. of ITERATIONS REACHED LIMIT",
  "success": false,
  "iterations": 700,
  "function_evaluations": 816,
  "coil_currents": [
    12564100.527149739,
    12397768.32848294,
    12183157.81754466,
    11436388.044911742
  ],
  "coil_surface_distance": 1.232240220468075
}