{
  "nfp": 4,
  "ncoils": 6,
  "R0": 11.34443056562854,
  "R1": 4.610309156929322,
  "order": 8,
  "nphi": 32,
  "ntheta": 32,
  "length_target": 37.61621652293785,
  "length_weight": 0.48727715581794345,
  "max_curvature_threshold": 2.703195122510105,
  "max_curvature_weight": 1.1910941476092423e-07,
  "msc_threshold": 0.7496273468967605,
  "msc_weight": 9.401299116646509e-05,
  "JF": 0.003208095464613329,
  "Jf": 0.0029594670743150883,
  "BdotN": 0.010521694795020556,
  "lengths": [
    36.010442006941076,
    32.74305052417947,
    32.04363943971852,
    40.72787576864403,
    46.93687170876768,
    37.23204593418956
  ],
  "length": 225.69392538244034,
  "max_curvatures": [
    5.706093631420088,
    9.227727042055113,
    3.7900866381558607,
    16.196796431573976,
    15.907451778138448,
    19.906124915183266
  ],
  "max_max_curvature": 19.906124915183266,
  "coil_coil_distance": 0.8124185786916113,
  "cc_threshold": 0.8125253803029431,
  "cc_weight": 1286.6489207591796,
  "gradient_norm": 0.19154671516269312,
  "linking_number": 0,
  "directory": "ncoils_6_order_8_R1_4.6_length_target_3.8e+01_weight_0.49_max_curvature_2.7_weight_1.2e-07_msc_0.75_weight_9.4e-05_cc_0.81_weight_1.3e+03",
  "mean_squared_curvatures": [
    0.6607171843161814,
    0.9638397081867152,
    0.38316042896940633,
    1.7709606285972659,
    1.8363940972068276,
    2.4243180092144816
  ],
  "max_mean_squared_curvature": 2.4243180092144816,
  "message": "STOP: TOTAL NO. of ITERATIONS REACHED LIMIT",
  "success": false,
  "iterations": 500,
  "function_evaluations": 838,
  "coil_currents": [
    8039311.529774926,
    8028016.217507641,
    7936348.201204437,
    8125429.0385399135,
    8117807.884397982,
    8334501.846664183
  ],
  "coil_surface_distance": 1.0497559812586599
}