{
  "nfp": 4,
  "R0": 11.34443056562854,
  "R1": 4.196150522388671,
  "ncoils": 4,
  "order": 5,
  "nphi": 32,
  "ntheta": 32,
  "length_target": 30.078241943286585,
  "length_weight": 47.40919992489797,
  "max_curvature_threshold": 4.6093369454172315,
  "max_curvature_weight": 0.0012306125833791406,
  "msc_threshold": 3.065138632728274,
  "msc_weight": 1.1318721191964086e-05,
  "JF": 0.00794575075811967,
  "Jf": 0.007943676780316222,
  "BdotN": 0.013874027176037577,
  "lengths": [
    32.010735447677575,
    30.77611887915632,
    29.493767417456368,
    28.032365229916998
  ],
  "length": 120.31298697420726,
  "max_curvatures": [
    0.6256411468705697,
    1.27851013711375,
    2.0054488847795633,
    2.8738906688043726
  ],
  "max_max_curvature": 2.8738906688043726,
  "coil_coil_distance": 0.7471719712861229,
  "cc_threshold": 0.7529486403647896,
  "cc_weight": 0.23409649047194533,
  "gradient_norm": 0.00494701360213557,
  "linking_number": 0,
  "directory": "ncoils_4_order_5_R1_4.2_length_target_3e+01_weight_4.7e+01_max_curvature_4.6_weight_0.0012_msc_3.1_weight_1.1e-05_cc_0.75_weight_0.23",
  "mean_squared_curvatures": [
    0.09332131001671397,
    0.11410923554348945,
    0.16577777497285637,
    0.28340788114372634
  ],
  "max_mean_squared_curvature": 0.28340788114372634,
  "message": "STOP: TOTAL NO. of ITERATIONS REACHED LIMIT",
  "success": false,
  "iterations": 700,
  "function_evaluations": 792,
  "coil_currents": [
    12556017.171030689,
    12507189.518735984,
    12311523.30737168,
    11206684.72095073
  ],
  "coil_surface_distance": 1.3712801368418082
}