{
  "nfp": 4,
  "R0": 11.34443056562854,
  "R1": 4.979014946330096,
  "ncoils": 5,
  "order": 15,
  "nphi": 32,
  "ntheta": 32,
  "length_target": 37.618739830332544,
  "length_weight": 24.449161099980547,
  "max_curvature_threshold": 1.1977799424757098,
  "max_curvature_weight": 5.310233768503325e-05,
  "msc_threshold": 4.225769287602039,
  "msc_weight": 1.8137031555058186e-06,
  "JF": 0.00819872908380441,
  "Jf": 0.006951405162632727,
  "BdotN": 0.013707170841848141,
  "lengths": [
    39.11713456308221,
    38.08178347009571,
    38.61674220508188,
    37.118289418945594,
    35.15977507687245
  ],
  "length": 188.09372473407785,
  "max_curvatures": [
    1.9606792665273904,
    1.8329705490713573,
    2.9839537362192354,
    2.0547098158280215,
    3.6819905240958364
  ],
  "max_max_curvature": 3.6819905240958364,
  "coil_coil_distance": 1.0978154605990398,
  "cc_threshold": 1.1758510463179803,
  "cc_weight": 0.06747698208618755,
  "gradient_norm": 0.015295349330003597,
  "linking_number": 0,
  "directory": "ncoils_5_order_15_R1_5.0_length_target_3.8e+01_weight_2.4e+01_max_curvature_1.2_weight_5.3e-05_msc_4.2_weight_1.8e-06_cc_1.2_weight_0.067",
  "mean_squared_curvatures": [
    0.1332772428163653,
    0.14816710019594656,
    0.20321965026656783,
    0.14224660997545566,
    0.2729793582720392
  ],
  "max_mean_squared_curvature": 0.2729793582720392,
  "message": "STOP: TOTAL NO. of ITERATIONS REACHED LIMIT",
  "success": false,
  "iterations": 700,
  "function_evaluations": 836,
  "coil_currents": [
    9819050.03362789,
    9685268.232030341,
    9627977.378919736,
    9615660.501085557,
    9833458.57242556
  ],
  "coil_surface_distance": 1.0617225126093843
}