{
  "nfp": 4,
  "R0": 11.34443056562854,
  "R1": 4.84724849158137,
  "ncoils": 4,
  "order": 13,
  "nphi": 32,
  "ntheta": 32,
  "length_target": 30.767492555391986,
  "length_weight": 3.2712983765312953,
  "max_curvature_threshold": 4.542856768542419,
  "max_curvature_weight": 1.0629922019288189e-05,
  "msc_threshold": 2.775121998277296,
  "msc_weight": 1.8029342001474442e-05,
  "JF": 0.005269524242932374,
  "Jf": 0.005269263870769131,
  "BdotN": 0.01252651353661083,
  "lengths": [
    32.324461779397275,
    31.061324534106106,
    30.07617943098589,
    29.60818325129194
  ],
  "length": 123.07014899578121,
  "max_curvatures": [
    3.007290125380419,
    6.056403158108623,
    7.271198919863339,
    4.401122329907168
  ],
  "max_max_curvature": 7.271198919863339,
  "coil_coil_distance": 0.7607981404016617,
  "cc_threshold": 0.7607994602540732,
  "cc_weight": 4314.504392176515,
  "gradient_norm": 8.646883539048366,
  "linking_number": 0,
  "directory": "ncoils_4_order_13_R1_4.8_length_target_3.1e+01_weight_3.3_max_curvature_4.5_weight_1.1e-05_msc_2.8_weight_1.8e-05_cc_0.76_weight_4.3e+03",
  "mean_squared_curvatures": [
    0.15447781510882735,
    0.17409835175403468,
    0.2114752760107916,
    0.40269101181927086
  ],
  "max_mean_squared_curvature": 0.40269101181927086,
  "message": "STOP: TOTAL NO. of ITERATIONS REACHED LIMIT",
  "success": false,
  "iterations": 700,
  "function_evaluations": 967,
  "coil_currents": [
    12177980.310404098,
    12169890.27455858,
    12135279.146612668,
    12098264.986513734
  ],
  "coil_surface_distance": 1.3903114569129966
}