{
  "nfp": 4,
  "R0": 11.34443056562854,
  "R1": 4.840682938105692,
  "ncoils": 6,
  "order": 10,
  "nphi": 32,
  "ntheta": 32,
  "length_target": 34.444567357100084,
  "length_weight": 42.19342956114804,
  "max_curvature_threshold": 6.2544419193502545,
  "max_curvature_weight": 0.00149518099369168,
  "msc_threshold": 0.6006863450187474,
  "msc_weight": 8.568247754150488e-07,
  "JF": 0.01220775584445679,
  "Jf": 0.01213131839927754,
  "BdotN": 0.020625667534849467,
  "lengths": [
    34.08609658543744,
    36.48876672994772,
    33.25255845632739,
    33.025167491118125,
    32.814200964953294,
    37.0013227848371
  ],
  "length": 206.6681130126211,
  "max_curvatures": [
    2.5132052833617764,
    1.4639270576349837,
    5.745768649639162,
    6.320569228604821,
    2.3845472337595135,
    6.286541031647645
  ],
  "max_max_curvature": 6.320569228604821,
  "coil_coil_distance": 1.1163391394982718,
  "cc_threshold": 1.119320701785501,
  "cc_weight": 14.648207993921455,
  "gradient_norm": 0.6870805584980674,
  "linking_number": 0,
  "directory": "ncoils_6_order_10_R1_4.8_length_target_3.4e+01_weight_4.2e+01_max_curvature_6.3_weight_0.0015_msc_0.6_weight_8.6e-07_cc_1.1_weight_1.5e+01",
  "mean_squared_curvatures": [
    0.19457347969847383,
    0.12870933891570685,
    0.3729885005018938,
    0.5366603365317559,
    0.2586680932323777,
    0.6564169770204199
  ],
  "max_mean_squared_curvature": 0.6564169770204199,
  "message": "STOP: TOTAL NO. of ITERATIONS REACHED LIMIT",
  "success": false,
  "iterations": 700,
  "function_evaluations": 785,
  "coil_currents": [
    7837343.024089268,
    7559792.896765673,
    7904667.783583439,
    8043988.886734098,
    7783820.474267453,
    9451801.65264915
  ],
  "coil_surface_distance": 0.9294894691469494
}