{
  "nfp": 4,
  "R0": 11.34443056562854,
  "R1": 4.54154432571488,
  "ncoils": 6,
  "order": 9,
  "nphi": 32,
  "ntheta": 32,
  "length_target": 36.92991421390633,
  "length_weight": 74.09730688009287,
  "max_curvature_threshold": 1.8782935948041564,
  "max_curvature_weight": 2.6511674573834055e-05,
  "msc_threshold": 3.8377496346384885,
  "msc_weight": 1.0222627010942512e-05,
  "JF": 0.00655644802355549,
  "Jf": 0.006231878958328354,
  "BdotN": 0.017373186445696635,
  "lengths": [
    37.802689478723345,
    37.93359783409337,
    38.17306068553752,
    36.54945750012698,
    34.78507254505722,
    36.33600636430796
  ],
  "length": 221.57988440784638,
  "max_curvatures": [
    5.987443731008754,
    4.52001048523291,
    4.906212716012254,
    7.68890768278968,
    9.336834315773181,
    9.978355359076609
  ],
  "max_max_curvature": 9.978355359076609,
  "coil_coil_distance": 0.8289669308808283,
  "cc_threshold": 0.829265552831801,
  "cc_weight": 63.43066494202105,
  "gradient_norm": 0.6988960634985243,
  "linking_number": 0,
  "directory": "ncoils_6_order_9_R1_4.5_length_target_3.7e+01_weight_7.4e+01_max_curvature_1.9_weight_2.7e-05_msc_3.8_weight_1e-05_cc_0.83_weight_6.3e+01",
  "mean_squared_curvatures": [
    0.37612800282695846,
    0.323540007392035,
    0.48890231044040466,
    0.5323014909374849,
    0.6900283563743195,
    0.6115928373883899
  ],
  "max_mean_squared_curvature": 0.6900283563743195,
  "message": "STOP: TOTAL NO. of ITERATIONS REACHED LIMIT",
  "success": false,
  "iterations": 700,
  "function_evaluations": 881,
  "coil_currents": [
    7893061.821244258,
    7846896.826002514,
    7867850.08064228,
    7904817.200067223,
    7979918.046554083,
    9088870.743578725
  ],
  "coil_surface_distance": 1.025378316105947
}