{
  "nfp": 4,
  "R0": 11.34443056562854,
  "R1": 4.256516103595913,
  "ncoils": 6,
  "order": 7,
  "nphi": 32,
  "ntheta": 32,
  "length_target": 46.49506555299991,
  "length_weight": 22.46479755674262,
  "max_curvature_threshold": 3.065599556991878,
  "max_curvature_weight": 0.003591156492781661,
  "msc_threshold": 7.155720173328813,
  "msc_weight": 2.429463534428039e-05,
  "JF": 0.004053045806288543,
  "Jf": 0.003655915518671099,
  "BdotN": 0.010594426388584974,
  "lengths": [
    46.00228915968037,
    49.00580501108672,
    46.3753800356354,
    46.42142211063295,
    42.810985341178494,
    48.35513142210715
  ],
  "length": 278.9710130803211,
  "max_curvatures": [
    2.8989524979694683,
    2.8895144859094093,
    3.212110576696249,
    1.074994416359386,
    2.411638957248703,
    2.3677274921723925
  ],
  "max_max_curvature": 3.212110576696249,
  "coil_coil_distance": 0.895938129068912,
  "cc_threshold": 0.991730792189512,
  "cc_weight": 0.039995957588022504,
  "gradient_norm": 0.31808042217527666,
  "linking_number": 0,
  "directory": "ncoils_6_order_7_R1_4.3_length_target_4.6e+01_weight_2.2e+01_max_curvature_3.1_weight_0.0036_msc_7.2_weight_2.4e-05_cc_0.99_weight_0.04",
  "mean_squared_curvatures": [
    0.14845034451824846,
    0.18930552500982437,
    0.26012380125609685,
    0.1255543084712918,
    0.11843336122879868,
    0.21144574704190194
  ],
  "max_mean_squared_curvature": 0.26012380125609685,
  "message": "STOP: TOTAL NO. of ITERATIONS REACHED LIMIT",
  "success": false,
  "iterations": 700,
  "function_evaluations": 920,
  "coil_currents": [
    8046448.454971932,
    7778302.931108248,
    7669491.317315353,
    7799304.025647657,
    7577617.097948166,
    9710250.891097732
  ],
  "coil_surface_distance": 1.0470238524823567
}