{
  "nfp": 4,
  "R0": 11.34443056562854,
  "R1": 4.669628906149849,
  "ncoils": 5,
  "order": 12,
  "nphi": 32,
  "ntheta": 32,
  "length_target": 34.89166366718639,
  "length_weight": 0.011388967023943935,
  "max_curvature_threshold": 5.661704798894255,
  "max_curvature_weight": 0.0013042915281867272,
  "msc_threshold": 5.220287574440048,
  "msc_weight": 5.306880290497047e-06,
  "JF": 0.007134557337183524,
  "Jf": 0.007124467114353299,
  "BdotN": 0.01487272418566882,
  "lengths": [
    32.72506779196087,
    32.5730442493915,
    35.23073338771851,
    39.19068088020312,
    34.74566858303869
  ],
  "length": 174.4651948923127,
  "max_curvatures": [
    5.627784909011957,
    5.727073709050374,
    5.887647238192574,
    5.083695132177705,
    5.053439077298171
  ],
  "max_max_curvature": 5.887647238192574,
  "coil_coil_distance": 1.1453657274711768,
  "cc_threshold": 1.1456203367515538,
  "cc_weight": 63.030191081426466,
  "gradient_norm": 0.03789643170004858,
  "linking_number": 0,
  "directory": "ncoils_5_order_12_R1_4.7_length_target_3.5e+01_weight_0.011_max_curvature_5.7_weight_0.0013_msc_5.2_weight_5.3e-06_cc_1.1_weight_6.3e+01",
  "mean_squared_curvatures": [
    1.1170284870874219,
    0.9089355665743698,
    1.246761506632331,
    0.9329131784104144,
    0.9989446997623457
  ],
  "max_mean_squared_curvature": 1.246761506632331,
  "message": "STOP: TOTAL NO. of ITERATIONS REACHED LIMIT",
  "success": false,
  "iterations": 700,
  "function_evaluations": 815,
  "coil_currents": [
    9896415.531353788,
    9810493.817538122,
    9780677.463611748,
    9854305.995818682,
    9239521.909766741
  ],
  "coil_surface_distance": 1.0162908722293762
}