{
  "nfp": 4,
  "ncoils": 6,
  "R0": 11.34443056562854,
  "R1": 4.601565343691084,
  "order": 13,
  "nphi": 32,
  "ntheta": 32,
  "length_target": 34.19652004347882,
  "length_weight": 3.02182611371468,
  "max_curvature_threshold": 2.298563380716327,
  "max_curvature_weight": 1.0767574890667846e-06,
  "msc_threshold": 1.6523924705504056,
  "msc_weight": 6.049844205765724e-06,
  "JF": 0.00026808877387748763,
  "Jf": 0.00026386296032457075,
  "BdotN": 0.003972513193973565,
  "lengths": [
    35.02524156717988,
    34.51245842292259,
    34.298916652747025,
    33.877646053630215,
    33.96413400566871,
    33.50085343530903
  ],
  "length": 205.17925013745747,
  "max_curvatures": [
    6.302092841751084,
    7.501803335567567,
    3.1469000107712453,
    4.964967370040022,
    4.852745808377526,
    6.814880214816247
  ],
  "max_max_curvature": 7.501803335567567,
  "coil_coil_distance": 0.4411678914580804,
  "cc_threshold": 0.41366529636358046,
  "cc_weight": 898.3386580244052,
  "gradient_norm": 0.010291523875988102,
  "linking_number": 0,
  "directory": "ncoils_6_order_13_R1_4.6_length_target_3.4e+01_weight_3.0_max_curvature_2.3_weight_1.1e-06_msc_1.7_weight_6e-06_cc_0.41_weight_9e+02",
  "mean_squared_curvatures": [
    0.6840113247140207,
    0.44633137839162557,
    0.2849310437561174,
    0.3774534819035616,
    0.31757644624034587,
    0.6714958000994614
  ],
  "max_mean_squared_curvature": 0.6840113247140207,
  "message": "STOP: TOTAL NO. of ITERATIONS REACHED LIMIT",
  "success": false,
  "iterations": 500,
  "function_evaluations": 613,
  "coil_currents": [
    8021831.110022436,
    8035710.3423555605,
    7977744.722727216,
    7996882.036996296,
    8037635.795707777,
    8511610.710279793
  ],
  "coil_surface_distance": 1.3437530156042279
}