{
  "nfp": 4,
  "R0": 11.34443056562854,
  "R1": 4.176125169734644,
  "ncoils": 4,
  "order": 13,
  "nphi": 32,
  "ntheta": 32,
  "length_target": 41.8943137833884,
  "length_weight": 2.1495083567389637,
  "max_curvature_threshold": 7.011393784129055,
  "max_curvature_weight": 0.00012392617588764262,
  "msc_threshold": 4.960209809359985,
  "msc_weight": 9.914492803402151e-06,
  "JF": 0.0005584591486346131,
  "Jf": 0.0005511282767402601,
  "BdotN": 0.004281596030576217,
  "lengths": [
    41.46601441959048,
    42.541570391389314,
    40.855393285134866,
    42.71553851971418
  ],
  "length": 167.57851661582885,
  "max_curvatures": [
    7.089217437759155,
    7.377010076447609,
    6.027337033288264,
    7.000120113982046
  ],
  "max_max_curvature": 7.377010076447609,
  "coil_coil_distance": 0.7784676055346526,
  "cc_threshold": 0.7866381537919378,
  "cc_weight": 0.5803984313773076,
  "gradient_norm": 0.08442359640155753,
  "linking_number": 0,
  "directory": "ncoils_4_order_13_R1_4.2_length_target_4.2e+01_weight_2.1_max_curvature_7.0_weight_0.00012_msc_5.0_weight_9.9e-06_cc_0.79_weight_0.58",
  "mean_squared_curvatures": [
    0.9731251812084143,
    0.8016447242724634,
    0.8117320155326995,
    0.8590060139005433
  ],
  "max_mean_squared_curvature": 0.9731251812084143,
  "message": "STOP: TOTAL NO. of ITERATIONS REACHED LIMIT",
  "success": false,
  "iterations": 700,
  "function_evaluations": 790,
  "coil_currents": [
    12146141.478598082,
    12065141.357283456,
    12087485.509201882,
    12282646.373005658
  ],
  "coil_surface_distance": 1.3378029398083755
}