{
  "nfp": 4,
  "R0": 11.34443056562854,
  "R1": 4.7376156639310665,
  "ncoils": 6,
  "order": 12,
  "nphi": 32,
  "ntheta": 32,
  "length_target": 40.31278849641919,
  "length_weight": 8.91499248300914,
  "max_curvature_threshold": 2.2605241971011987,
  "max_curvature_weight": 2.0447003866395654e-06,
  "msc_threshold": 0.8272544665024001,
  "msc_weight": 9.594151845810764e-05,
  "JF": 0.0019629703043052243,
  "Jf": 0.0018448841125499802,
  "BdotN": 0.008927811584471687,
  "lengths": [
    39.184789423426125,
    40.54834481782869,
    42.574075209294236,
    39.06568488325472,
    37.679032132555776,
    42.82556022329449
  ],
  "length": 241.877486689654,
  "max_curvatures": [
    8.94114292319107,
    8.759860895074103,
    10.773359273399144,
    10.47224298207563,
    6.845214990651757,
    13.806339563131004
  ],
  "max_max_curvature": 13.806339563131004,
  "coil_coil_distance": 0.7271576474503761,
  "cc_threshold": 0.728368848056741,
  "cc_weight": 57.61275470652594,
  "gradient_norm": 0.23852133120151803,
  "linking_number": 0,
  "directory": "ncoils_6_order_12_R1_4.7_length_target_4e+01_weight_8.9_max_curvature_2.3_weight_2e-06_msc_0.83_weight_9.6e-05_cc_0.73_weight_5.8e+01",
  "mean_squared_curvatures": [
    0.9066121092365094,
    1.1945168873828702,
    1.3610793235901786,
    0.8960193508283729,
    0.8820426676347162,
    1.35361365741042
  ],
  "max_mean_squared_curvature": 1.3610793235901786,
  "message": "STOP: TOTAL NO. of ITERATIONS REACHED LIMIT",
  "success": false,
  "iterations": 700,
  "function_evaluations": 865,
  "coil_currents": [
    7814776.853996317,
    7794124.283512664,
    7859052.220679098,
    7752976.287008188,
    7806453.97994893,
    9554031.092943884
  ],
  "coil_surface_distance": 1.1643006958032116
}