{
  "nfp": 4,
  "R0": 11.34443056562854,
  "R1": 4.957349824802786,
  "ncoils": 5,
  "order": 8,
  "nphi": 32,
  "ntheta": 32,
  "length_target": 42.8205882849967,
  "length_weight": 43.21172589513876,
  "max_curvature_threshold": 5.548627745705732,
  "max_curvature_weight": 1.928018447275809e-05,
  "msc_threshold": 2.0509106040802343,
  "msc_weight": 1.5970370515208275e-05,
  "JF": 0.0027809937593834665,
  "Jf": 0.0027629523302214803,
  "BdotN": 0.008571332414600761,
  "lengths": [
    43.67689061817019,
    42.90938200811823,
    42.968126443548094,
    39.49545917640858,
    45.05304576827427
  ],
  "length": 214.10290401451937,
  "max_curvatures": [
    6.653440003706875,
    3.99401797034127,
    7.476947617647917,
    2.9067301389725615,
    6.95416384512672
  ],
  "max_max_curvature": 7.476947617647917,
  "coil_coil_distance": 0.8302479088297239,
  "cc_threshold": 0.8361092472435049,
  "cc_weight": 0.42727495578459235,
  "gradient_norm": 0.03715103536151561,
  "linking_number": 0,
  "directory": "ncoils_5_order_8_R1_5.0_length_target_4.3e+01_weight_4.3e+01_max_curvature_5.5_weight_1.9e-05_msc_2.1_weight_1.6e-05_cc_0.84_weight_0.43",
  "mean_squared_curvatures": [
    0.22888864103102521,
    0.2920068345321891,
    0.8188095202426725,
    0.23832466902579957,
    0.503518570775496
  ],
  "max_mean_squared_curvature": 0.8188095202426725,
  "message": "STOP: TOTAL NO. of ITERATIONS REACHED LIMIT",
  "success": false,
  "iterations": 700,
  "function_evaluations": 856,
  "coil_currents": [
    9543902.076182839,
    9469845.313674534,
    9595274.339785013,
    9445600.446899137,
    10526792.54154756
  ],
  "coil_surface_distance": 1.2520175094433745
}