{
  "nfp": 4,
  "R0": 11.34443056562854,
  "R1": 4.215684781748048,
  "ncoils": 3,
  "order": 10,
  "nphi": 32,
  "ntheta": 32,
  "length_target": 44.08428127664496,
  "length_weight": 58.43499943189517,
  "max_curvature_threshold": 3.952263145198439,
  "max_curvature_weight": 4.464591014957904e-05,
  "msc_threshold": 4.716452854493511,
  "msc_weight": 5.210664829406117e-06,
  "JF": 0.01420139039168629,
  "Jf": 0.012765956090014921,
  "BdotN": 0.01939912318070851,
  "lengths": [
    46.809077183801236,
    43.57778128304789,
    41.86649447686086
  ],
  "length": 132.25335294370998,
  "max_curvatures": [
    9.03795177902966,
    5.1304575341623675,
    13.006600127186893
  ],
  "max_max_curvature": 13.006600127186893,
  "coil_coil_distance": 1.0406738241275353,
  "cc_threshold": 1.1418228400521635,
  "cc_weight": 0.11417407127217798,
  "gradient_norm": 0.8106378504639624,
  "linking_number": 0,
  "directory": "ncoils_3_order_10_R1_4.2_length_target_4.4e+01_weight_5.8e+01_max_curvature_4.0_weight_4.5e-05_msc_4.7_weight_5.2e-06_cc_1.1_weight_0.11",
  "mean_squared_curvatures": [
    0.9838756696014148,
    0.6207446376069031,
    2.0132130073501333
  ],
  "max_mean_squared_curvature": 2.0132130073501333,
  "message": "STOP: TOTAL NO. of ITERATIONS REACHED LIMIT",
  "success": false,
  "iterations": 700,
  "function_evaluations": 868,
  "coil_currents": [
    16240650.204590999,
    16149146.779880613,
    16191617.73361747
  ],
  "coil_surface_distance": 1.4250308365544795
}