{
  "nfp": 4,
  "R0": 11.34443056562854,
  "R1": 4.512710896906697,
  "ncoils": 5,
  "order": 6,
  "nphi": 32,
  "ntheta": 32,
  "length_target": 37.282622063053246,
  "length_weight": 0.033372308739108326,
  "max_curvature_threshold": 5.009852616792333,
  "max_curvature_weight": 0.0007164060101521878,
  "msc_threshold": 6.610521559041294,
  "msc_weight": 5.5103225362300616e-05,
  "JF": 0.004390434690285661,
  "Jf": 0.004389719198263158,
  "BdotN": 0.012749672321004104,
  "lengths": [
    34.67548793716601,
    34.85515229245881,
    37.71988838058796,
    39.616557960202925,
    39.54786993856369
  ],
  "length": 186.4149565089794,
  "max_curvatures": [
    4.571987803908064,
    4.191338727794061,
    3.8193985633423364,
    3.1130772607602744,
    3.902525231458756
  ],
  "max_max_curvature": 4.571987803908064,
  "coil_coil_distance": 1.1023948911451182,
  "cc_threshold": 1.1024381292339411,
  "cc_weight": 317.6689797060413,
  "gradient_norm": 0.07583925842412728,
  "linking_number": 0,
  "directory": "ncoils_5_order_6_R1_4.5_length_target_3.7e+01_weight_0.033_max_curvature_5.0_weight_0.00072_msc_6.6_weight_5.5e-05_cc_1.1_weight_3.2e+02",
  "mean_squared_curvatures": [
    0.31643603406193144,
    0.4489088304443698,
    0.310959397016402,
    0.34947676031805897,
    0.6357077295079672
  ],
  "max_mean_squared_curvature": 0.6357077295079672,
  "message": "STOP: TOTAL NO. of ITERATIONS REACHED LIMIT",
  "success": false,
  "iterations": 700,
  "function_evaluations": 1214,
  "coil_currents": [
    9778222.71029169,
    9787616.749829631,
    9581110.990275027,
    9399249.218287574,
    10035215.049405165
  ],
  "coil_surface_distance": 1.0708759678964435
}