{
  "nfp": 4,
  "R0": 11.34443056562854,
  "R1": 4.485136133183849,
  "ncoils": 5,
  "order": 10,
  "nphi": 32,
  "ntheta": 32,
  "length_target": 38.93866716360437,
  "length_weight": 0.1255638021609405,
  "max_curvature_threshold": 4.545360924261288,
  "max_curvature_weight": 1.428107795725381e-05,
  "msc_threshold": 6.608376586506224,
  "msc_weight": 1.7742877389441623e-06,
  "JF": 0.0004074794848340985,
  "Jf": 0.00040589271402279167,
  "BdotN": 0.00399816182473876,
  "lengths": [
    39.628380147439316,
    39.625422899538435,
    38.26465673699979,
    38.10736435362498,
    39.06767278210333
  ],
  "length": 194.69349691970584,
  "max_curvatures": [
    5.141358959104468,
    5.091927430779485,
    4.60709412621405,
    5.225834659028249,
    4.065154110255506
  ],
  "max_max_curvature": 5.225834659028249,
  "coil_coil_distance": 0.8476981348478954,
  "cc_threshold": 0.8491014797388907,
  "cc_weight": 0.9845684669455305,
  "gradient_norm": 0.000837498181364614,
  "linking_number": 0,
  "directory": "ncoils_5_order_10_R1_4.5_length_target_3.9e+01_weight_0.13_max_curvature_4.5_weight_1.4e-05_msc_6.6_weight_1.8e-06_cc_0.85_weight_0.98",
  "mean_squared_curvatures": [
    0.5967212788521606,
    0.3825982019619811,
    0.22428926182370604,
    0.485373731167419,
    0.9239132144655772
  ],
  "max_mean_squared_curvature": 0.9239132144655772,
  "message": "STOP: TOTAL NO. of ITERATIONS REACHED LIMIT",
  "success": false,
  "iterations": 700,
  "function_evaluations": 744,
  "coil_currents": [
    9896565.026460484,
    9479769.466203177,
    9657705.105725752,
    9824087.770057203,
    9723287.34964247
  ],
  "coil_surface_distance": 1.2965182146181982
}