{
  "nfp": 4,
  "R0": 11.34443056562854,
  "R1": 4.18945743185918,
  "ncoils": 6,
  "order": 10,
  "nphi": 32,
  "ntheta": 32,
  "length_target": 45.86130809098009,
  "length_weight": 1.12562320910915,
  "max_curvature_threshold": 5.922908361701021,
  "max_curvature_weight": 1.1782164549488113e-06,
  "msc_threshold": 3.651258666834034,
  "msc_weight": 6.182738106475874e-07,
  "JF": 0.012627089503738862,
  "Jf": 0.012257932526928191,
  "BdotN": 0.04487973339976574,
  "lengths": [
    37.61092725186591,
    39.621972717435284,
    58.60123798904417,
    42.67541437884309,
    47.68817542839545,
    48.975428538416026
  ],
  "length": 275.1731563039999,
  "max_curvatures": [
    22.408366095064626,
    24.57404107766929,
    36.29276211000643,
    28.413269268807586,
    46.22734402001477,
    25.053777644451113
  ],
  "max_max_curvature": 46.22734402001477,
  "coil_coil_distance": 0.7909007706539029,
  "cc_threshold": 0.7913885805322238,
  "cc_weight": 77.44309754314239,
  "gradient_norm": 0.39104750974826974,
  "linking_number": 0,
  "directory": "ncoils_6_order_10_R1_4.2_length_target_4.6e+01_weight_1.1_max_curvature_5.9_weight_1.2e-06_msc_3.7_weight_6.2e-07_cc_0.79_weight_7.7e+01",
  "mean_squared_curvatures": [
    2.3561204684255395,
    3.69986391101581,
    2.9658901461475,
    7.573385071570962,
    8.8501456428528,
    6.5997747587838145
  ],
  "max_mean_squared_curvature": 8.8501456428528,
  "message": "STOP: TOTAL NO. of ITERATIONS REACHED LIMIT",
  "success": false,
  "iterations": 700,
  "function_evaluations": 809,
  "coil_currents": [
    10372166.994277265,
    10428894.392506741,
    10015140.832982777,
    3634223.955269682,
    6688096.697088371,
    7442891.845964253
  ],
  "coil_surface_distance": 0.0876936226824165
}