{
  "nfp": 4,
  "R0": 11.34443056562854,
  "R1": 4.762033025212622,
  "ncoils": 6,
  "order": 9,
  "nphi": 32,
  "ntheta": 32,
  "length_target": 37.00629285513091,
  "length_weight": 0.7109529435970703,
  "max_curvature_threshold": 3.420367116442064,
  "max_curvature_weight": 0.004286558250042051,
  "msc_threshold": 2.5379120658939245,
  "msc_weight": 4.901148455080759e-07,
  "JF": 0.0002502280463372074,
  "Jf": 0.00024755890716322176,
  "BdotN": 0.004577698194861577,
  "lengths": [
    38.57092343147763,
    36.75213880048923,
    35.916557236163676,
    36.41549447636221,
    35.869883604558225,
    38.512888783039315
  ],
  "length": 222.0378863320903,
  "max_curvatures": [
    2.9755543443851327,
    2.835157325978127,
    3.427478142078778,
    3.253562413678134,
    2.271399032828201,
    3.323819595530226
  ],
  "max_max_curvature": 3.427478142078778,
  "coil_coil_distance": 0.7714853372359876,
  "cc_threshold": 0.7806631390286803,
  "cc_weight": 0.07579889890914242,
  "gradient_norm": 0.0022023212225399423,
  "linking_number": 0,
  "directory": "ncoils_6_order_9_R1_4.8_length_target_3.7e+01_weight_0.71_max_curvature_3.4_weight_0.0043_msc_2.5_weight_4.9e-07_cc_0.78_weight_0.076",
  "mean_squared_curvatures": [
    0.2648876924851861,
    0.18284033040835804,
    0.45425523077176566,
    0.3001948428722524,
    0.21881165448350678,
    0.2705903489766136
  ],
  "max_mean_squared_curvature": 0.45425523077176566,
  "message": "STOP: TOTAL NO. of ITERATIONS REACHED LIMIT",
  "success": false,
  "iterations": 700,
  "function_evaluations": 742,
  "coil_currents": [
    8183601.322437623,
    8025760.870991194,
    7849342.699495218,
    7953076.8174819965,
    7927462.337004957,
    8642170.670678094
  ],
  "coil_surface_distance": 1.1926073673527053
}