{
  "nfp": 4,
  "R0": 11.34443056562854,
  "R1": 4.157929016969521,
  "ncoils": 6,
  "order": 9,
  "nphi": 32,
  "ntheta": 32,
  "length_target": 33.42847624289264,
  "length_weight": 35.27769537335136,
  "max_curvature_threshold": 5.38816259924109,
  "max_curvature_weight": 2.6337578185906392e-06,
  "msc_threshold": 3.431198066135966,
  "msc_weight": 4.412232766377832e-05,
  "JF": 0.0019238076380469226,
  "Jf": 0.0015807366569486894,
  "BdotN": 0.009091216146639873,
  "lengths": [
    34.37186540603166,
    33.64758533055169,
    33.072392940780986,
    33.62827376995239,
    34.06070270456071,
    31.79007664728306
  ],
  "length": 200.5708967991605,
  "max_curvatures": [
    6.181332568632536,
    9.09176937047491,
    11.872330233828553,
    7.984302256967659,
    9.424192414713717,
    11.698263598975016
  ],
  "max_max_curvature": 11.872330233828553,
  "coil_coil_distance": 0.8671348720561216,
  "cc_threshold": 0.9666434051699448,
  "cc_weight": 0.012647106835314484,
  "gradient_norm": 0.03121469536112319,
  "linking_number": 0,
  "directory": "ncoils_6_order_9_R1_4.2_length_target_3.3e+01_weight_3.5e+01_max_curvature_5.4_weight_2.6e-06_msc_3.4_weight_4.4e-05_cc_0.97_weight_0.013",
  "mean_squared_curvatures": [
    0.436403020648253,
    0.6765791522376011,
    0.5748117645876019,
    0.5960732080702719,
    0.5293555422409443,
    0.9200497899026873
  ],
  "max_mean_squared_curvature": 0.9200497899026873,
  "message": "STOP: TOTAL NO. of ITERATIONS REACHED LIMIT",
  "success": false,
  "iterations": 700,
  "function_evaluations": 841,
  "coil_currents": [
    8156294.182285217,
    8087676.396031718,
    8001858.260984973,
    7986148.831775786,
    7968578.165833045,
    8380858.881178342
  ],
  "coil_surface_distance": 0.9941264312105236
}