{
  "nfp": 4,
  "ncoils": 6,
  "R0": 11.34443056562854,
  "R1": 4.455598069042061,
  "order": 12,
  "nphi": 32,
  "ntheta": 32,
  "length_target": 31.451641639666747,
  "length_weight": 5.242411627530195,
  "max_curvature_threshold": 0.7583390596504651,
  "max_curvature_weight": 6.034000311717528e-05,
  "msc_threshold": 3.179975058211129,
  "msc_weight": 1.7766790551272055e-06,
  "JF": 0.0002948651050977812,
  "Jf": 0.00026888657496476625,
  "BdotN": 0.004539893904621607,
  "lengths": [
    33.224008136997675,
    32.56705630016996,
    31.88768127920996,
    31.114258307674795,
    29.819326395884083,
    30.097710997504272
  ],
  "length": 188.71004141744072,
  "max_curvatures": [
    0.8742235857309837,
    0.9242356856857916,
    1.2905454617323322,
    1.0622000879751117,
    1.4601751271938825,
    1.2773356655612824
  ],
  "max_max_curvature": 1.4601751271938825,
  "coil_coil_distance": 0.6949709067005657,
  "cc_threshold": 0.6951007779850762,
  "cc_weight": 52.72832448457887,
  "gradient_norm": 0.021666437381336362,
  "linking_number": 0,
  "directory": "ncoils_6_order_12_R1_4.5_length_target_3.1e+01_weight_5.2_max_curvature_0.76_weight_6e-05_msc_3.2_weight_1.8e-06_cc_0.7_weight_5.3e+01",
  "mean_squared_curvatures": [
    0.1763186244024204,
    0.14316040535105107,
    0.17563089215447028,
    0.19217200429469317,
    0.22980246480709807,
    0.20134045179542617
  ],
  "max_mean_squared_curvature": 0.22980246480709807,
  "message": "STOP: TOTAL NO. of ITERATIONS REACHED LIMIT",
  "success": false,
  "iterations": 700,
  "function_evaluations": 795,
  "coil_currents": [
    8061971.391089956,
    8001775.74484379,
    7931081.629594868,
    7882222.760893777,
    7984559.658410318,
    8719803.533256374
  ],
  "coil_surface_distance": 1.2152784170674988
}