{
  "nfp": 4,
  "ncoils": 6,
  "R0": 11.34443056562854,
  "R1": 4.404365149558982,
  "order": 13,
  "nphi": 32,
  "ntheta": 32,
  "length_target": 39.24927629697179,
  "length_weight": 0.2435784857920862,
  "max_curvature_threshold": 4.664897585151112,
  "max_curvature_weight": 2.101208609016112e-06,
  "msc_threshold": 0.7927449811021693,
  "msc_weight": 2.0150386144647258e-07,
  "JF": 0.00013112214618756917,
  "Jf": 0.00013103078057542106,
  "BdotN": 0.004429832760072124,
  "lengths": [
    38.0695861175514,
    37.956276822500726,
    39.55646306030818,
    38.930076923960044,
    38.77193018948548,
    42.21167883172463
  ],
  "length": 235.49601194553046,
  "max_curvatures": [
    4.632761099592893,
    5.512718210766247,
    5.1672841881640625,
    3.5428081982146207,
    4.8073450469670576,
    5.222301185915482
  ],
  "max_max_curvature": 5.512718210766247,
  "coil_coil_distance": 0.5461704608889646,
  "cc_threshold": 0.5463342855543126,
  "cc_weight": 2.3210922165880903,
  "gradient_norm": 0.002698892789457668,
  "linking_number": 0,
  "directory": "ncoils_6_order_13_R1_4.4_length_target_3.9e+01_weight_0.24_max_curvature_4.7_weight_2.1e-06_msc_0.79_weight_2e-07_cc_0.55_weight_2.3",
  "mean_squared_curvatures": [
    0.4035105935282301,
    0.45259702806500685,
    0.4801952083556504,
    0.29707109624018363,
    0.6129079237574241,
    0.716279772926939
  ],
  "max_mean_squared_curvature": 0.716279772926939,
  "message": "STOP: TOTAL NO. of ITERATIONS REACHED LIMIT",
  "success": false,
  "iterations": 700,
  "function_evaluations": 759,
  "coil_currents": [
    7963986.75346427,
    7915932.791656775,
    7871240.039656018,
    7870193.966701108,
    7933520.1399314,
    9026541.026679508
  ],
  "coil_surface_distance": 1.3718221650667495
}