{
  "nfp": 4,
  "R0": 11.34443056562854,
  "R1": 4.618842055723557,
  "ncoils": 5,
  "order": 9,
  "nphi": 32,
  "ntheta": 32,
  "length_target": 31.421742527221213,
  "length_weight": 0.010804635610294967,
  "max_curvature_threshold": 4.679162675659114,
  "max_curvature_weight": 0.0043491973693562756,
  "msc_threshold": 5.705298784343309,
  "msc_weight": 9.099000001757295e-07,
  "JF": 0.0006319018109575677,
  "Jf": 0.0006312395902029997,
  "BdotN": 0.004529781799669145,
  "lengths": [
    32.52915610983359,
    31.58984831864249,
    32.14746110500086,
    31.135092255936353,
    29.712606663473053
  ],
  "length": 157.11416445288634,
  "max_curvatures": [
    4.672647959686219,
    4.709355685983872,
    4.586550371905226,
    4.586588023358675,
    4.528816500013109
  ],
  "max_max_curvature": 4.709355685983872,
  "coil_coil_distance": 0.7852524540311079,
  "cc_threshold": 0.7875492075867069,
  "cc_weight": 2.475116490609656,
  "gradient_norm": 0.0687289205400323,
  "linking_number": 0,
  "directory": "ncoils_5_order_9_R1_4.6_length_target_3.1e+01_weight_0.011_max_curvature_4.7_weight_0.0043_msc_5.7_weight_9.1e-07_cc_0.79_weight_2.5",
  "mean_squared_curvatures": [
    0.1679897313060231,
    0.1679957423419439,
    0.24587543393079947,
    0.36077585205022844,
    0.48575936306318235
  ],
  "max_mean_squared_curvature": 0.48575936306318235,
  "message": "STOP: TOTAL NO. of ITERATIONS REACHED LIMIT",
  "success": false,
  "iterations": 700,
  "function_evaluations": 1140,
  "coil_currents": [
    9880743.559256542,
    9778173.338464493,
    9808630.893661989,
    9842676.926858647,
    9271189.999847405
  ],
  "coil_surface_distance": 1.2754781451531745
}