{
  "nfp": 4,
  "R0": 11.34443056562854,
  "R1": 4.101470185802103,
  "ncoils": 4,
  "order": 9,
  "nphi": 32,
  "ntheta": 32,
  "length_target": 31.529229134267155,
  "length_weight": 0.16190705292449709,
  "max_curvature_threshold": 6.622945421904897,
  "max_curvature_weight": 0.006735644679602291,
  "msc_threshold": 4.18176436244521,
  "msc_weight": 1.9446350608561388e-07,
  "JF": 0.0057338402208169355,
  "Jf": 0.005731273025694237,
  "BdotN": 0.011667283463967174,
  "lengths": [
    33.05085249822272,
    32.24878734386252,
    31.181722056982213,
    29.6386915046113
  ],
  "length": 126.12005340367875,
  "max_curvatures": [
    6.620992351575511,
    6.449157560003943,
    6.621154592442494,
    2.140857395826326
  ],
  "max_max_curvature": 6.621154592442494,
  "coil_coil_distance": 0.8943686996609549,
  "cc_threshold": 0.8949955141458379,
  "cc_weight": 65.83992706747395,
  "gradient_norm": 0.01196398203472872,
  "linking_number": 0,
  "directory": "ncoils_4_order_9_R1_4.1_length_target_3.2e+01_weight_0.16_max_curvature_6.6_weight_0.0067_msc_4.2_weight_1.9e-07_cc_0.89_weight_6.6e+01",
  "mean_squared_curvatures": [
    0.18819568357564548,
    0.466369922272963,
    0.6511046907632115,
    0.28963758473326673
  ],
  "max_mean_squared_curvature": 0.6511046907632115,
  "message": "STOP: TOTAL NO. of ITERATIONS REACHED LIMIT",
  "success": false,
  "iterations": 700,
  "function_evaluations": 977,
  "coil_currents": [
    12518997.726343127,
    12322337.215116179,
    12426875.788495123,
    11313203.988134652
  ],
  "coil_surface_distance": 1.125916756262289
}