{
  "nfp": 4,
  "R0": 11.34443056562854,
  "R1": 4.199109529143238,
  "ncoils": 5,
  "order": 14,
  "nphi": 32,
  "ntheta": 32,
  "length_target": 46.86709349329485,
  "length_weight": 0.06920345913364204,
  "max_curvature_threshold": 4.08356692857572,
  "max_curvature_weight": 2.9595130693264593e-06,
  "msc_threshold": 2.9337561279391626,
  "msc_weight": 1.1308732901565162e-05,
  "JF": 0.008084633956715695,
  "Jf": 0.007765369038664134,
  "BdotN": 0.015204591095640234,
  "lengths": [
    40.546124795110416,
    39.92585995511928,
    46.02423476091321,
    47.37823376187894,
    60.46042561222692
  ],
  "length": 234.33487888524874,
  "max_curvatures": [
    29.728894849909263,
    10.342795983404082,
    8.988822665212112,
    13.09266813794122,
    13.771195849231487
  ],
  "max_max_curvature": 29.728894849909263,
  "coil_coil_distance": 1.145867265284603,
  "cc_threshold": 1.169425457857836,
  "cc_weight": 1.1157405795407416,
  "gradient_norm": 25063.579793450746,
  "linking_number": 0,
  "directory": "ncoils_5_order_14_R1_4.2_length_target_4.7e+01_weight_0.069_max_curvature_4.1_weight_3e-06_msc_2.9_weight_1.1e-05_cc_1.2_weight_1.1",
  "mean_squared_curvatures": [
    3.045130053797273,
    1.38989842329952,
    1.2445791972561282,
    1.836628781841962,
    1.5193542495146612
  ],
  "max_mean_squared_curvature": 3.045130053797273,
  "message": "STOP: TOTAL NO. of ITERATIONS REACHED LIMIT",
  "success": false,
  "iterations": 700,
  "function_evaluations": 924,
  "coil_currents": [
    9817972.65572949,
    9670886.795578055,
    9541218.431887643,
    9339899.652573675,
    10211437.182320222
  ],
  "coil_surface_distance": 0.9792629070863081
}