{
  "nfp": 4,
  "R0": 11.34443056562854,
  "R1": 4.720090706468866,
  "ncoils": 4,
  "order": 14,
  "nphi": 32,
  "ntheta": 32,
  "length_target": 40.177733696193584,
  "length_weight": 24.065123630994538,
  "max_curvature_threshold": 4.546764631290504,
  "max_curvature_weight": 6.4440638062122665e-06,
  "msc_threshold": 1.0064823742567286,
  "msc_weight": 7.427936567130377e-05,
  "JF": 0.006093492780919355,
  "Jf": 0.004799374845037551,
  "BdotN": 0.010659929172344509,
  "lengths": [
    41.02213158340183,
    42.11789963593447,
    38.91171720480258,
    38.659544258048165
  ],
  "length": 160.71129268218704,
  "max_curvatures": [
    7.616046711701408,
    9.915373434275029,
    8.742049246004115,
    15.099351113092695
  ],
  "max_max_curvature": 15.099351113092695,
  "coil_coil_distance": 0.916554839796372,
  "cc_threshold": 1.1314043959628646,
  "cc_weight": 0.015272643966555555,
  "gradient_norm": 0.26602061175593567,
  "linking_number": 0,
  "directory": "ncoils_4_order_14_R1_4.7_length_target_4e+01_weight_2.4e+01_max_curvature_4.5_weight_6.4e-06_msc_1.0_weight_7.4e-05_cc_1.1_weight_0.015",
  "mean_squared_curvatures": [
    1.2785758126210163,
    1.2240503012371695,
    0.8690647249754586,
    1.0165815641798956
  ],
  "max_mean_squared_curvature": 1.2785758126210163,
  "message": "STOP: TOTAL NO. of ITERATIONS REACHED LIMIT",
  "success": false,
  "iterations": 700,
  "function_evaluations": 857,
  "coil_currents": [
    12142305.901116824,
    12104326.46863517,
    12129539.753391368,
    12205242.594945721
  ],
  "coil_surface_distance": 1.268929505007222
}