{
  "nfp": 4,
  "R0": 11.34443056562854,
  "R1": 4.404580364462099,
  "ncoils": 4,
  "order": 12,
  "nphi": 32,
  "ntheta": 32,
  "length_target": 42.876064168864076,
  "length_weight": 4.574306012862844,
  "max_curvature_threshold": 7.5641682531307115,
  "max_curvature_weight": 0.006200819750638743,
  "msc_threshold": 5.3915885559717935,
  "msc_weight": 1.4760455921543099e-05,
  "JF": 0.001910438986340936,
  "Jf": 0.0019090432498489666,
  "BdotN": 0.007029407864200282,
  "lengths": [
    43.48792606308215,
    42.67000883889824,
    40.50958609740063,
    44.83727036287543
  ],
  "length": 171.50479136225644,
  "max_curvatures": [
    7.6463712206126955,
    7.594586962422247,
    7.385762288318874,
    7.538423159821762
  ],
  "max_max_curvature": 7.6463712206126955,
  "coil_coil_distance": 0.8013026086321625,
  "cc_threshold": 0.8013271711258914,
  "cc_weight": 371.62209875747266,
  "gradient_norm": 0.06333244792443492,
  "linking_number": 0,
  "directory": "ncoils_4_order_12_R1_4.4_length_target_4.3e+01_weight_4.6_max_curvature_7.6_weight_0.0062_msc_5.4_weight_1.5e-05_cc_0.8_weight_3.7e+02",
  "mean_squared_curvatures": [
    0.5038050314239974,
    0.38639017313807567,
    0.5987170630042258,
    0.7804994210003088
  ],
  "max_mean_squared_curvature": 0.7804994210003088,
  "message": "STOP: TOTAL NO. of ITERATIONS REACHED LIMIT",
  "success": false,
  "iterations": 700,
  "function_evaluations": 931,
  "coil_currents": [
    11991448.604812669,
    12062389.27096401,
    11988928.858340139,
    12538647.983972266
  ],
  "coil_surface_distance": 1.4070619703055498
}