{
  "nfp": 4,
  "R0": 11.34443056562854,
  "R1": 4.477164712099952,
  "ncoils": 5,
  "order": 11,
  "nphi": 32,
  "ntheta": 32,
  "length_target": 28.829468459820912,
  "length_weight": 0.059198022534001436,
  "max_curvature_threshold": 7.851195929773018,
  "max_curvature_weight": 2.7565986128756483e-06,
  "msc_threshold": 1.305529657774204,
  "msc_weight": 1.8647979415228647e-07,
  "JF": 0.002009587561963246,
  "Jf": 0.0020067439620356526,
  "BdotN": 0.0074530903330782446,
  "lengths": [
    30.457938355334292,
    29.57286095322671,
    28.70226419248853,
    27.920779246376107,
    27.497489636431315
  ],
  "length": 144.15133238385695,
  "max_curvatures": [
    13.92078989718657,
    10.54998010581962,
    10.413569396988692,
    9.836981813739852,
    2.2707177210684564
  ],
  "max_max_curvature": 13.92078989718657,
  "coil_coil_distance": 0.8612934479944911,
  "cc_threshold": 0.8638364822960467,
  "cc_weight": 3.5113828282502073,
  "gradient_norm": 0.1610783863690666,
  "linking_number": 0,
  "directory": "ncoils_5_order_11_R1_4.5_length_target_2.9e+01_weight_0.059_max_curvature_7.9_weight_2.8e-06_msc_1.3_weight_1.9e-07_cc_0.86_weight_3.5",
  "mean_squared_curvatures": [
    0.27083783925040367,
    0.3370415787974664,
    0.28801199942022415,
    0.5187370764218174,
    0.2979615319646422
  ],
  "max_mean_squared_curvature": 0.5187370764218174,
  "message": "CONVERGENCE: REL_REDUCTION_OF_F_<=_FACTR*EPSMCH",
  "success": true,
  "iterations": 349,
  "function_evaluations": 392,
  "coil_currents": [
    9823757.449182924,
    9748937.615597732,
    9726835.252271568,
    9718968.188841095,
    9562916.212195762
  ],
  "coil_surface_distance": 1.2097572666274394
}