{
  "nfp": 4,
  "R0": 11.34443056562854,
  "R1": 4.9218814446057415,
  "ncoils": 4,
  "order": 7,
  "nphi": 32,
  "ntheta": 32,
  "length_target": 33.57968096795691,
  "length_weight": 1.3502033172457948,
  "max_curvature_threshold": 2.410390927502259,
  "max_curvature_weight": 1.5819812980530337e-05,
  "msc_threshold": 6.088013249488853,
  "msc_weight": 1.374237213158979e-07,
  "JF": 0.0012461052177083366,
  "Jf": 0.0012193457187453345,
  "BdotN": 0.005527492832804552,
  "lengths": [
    35.760031196592145,
    34.19015292891524,
    32.76689443290413,
    31.60182067105929
  ],
  "length": 134.31889922947082,
  "max_curvatures": [
    2.783551708348858,
    3.4285683666295523,
    4.6763698960299775,
    4.182169030623746
  ],
  "max_max_curvature": 4.6763698960299775,
  "coil_coil_distance": 0.6871506650225094,
  "cc_threshold": 0.7330823704497096,
  "cc_weight": 0.019730807070355596,
  "gradient_norm": 1.2852031423171704,
  "linking_number": 0,
  "directory": "ncoils_4_order_7_R1_4.9_length_target_3.4e+01_weight_1.4_max_curvature_2.4_weight_1.6e-05_msc_6.1_weight_1.4e-07_cc_0.73_weight_0.02",
  "mean_squared_curvatures": [
    0.11702527894597714,
    0.1298454771246203,
    0.3039130607263193,
    0.369611753084217
  ],
  "max_mean_squared_curvature": 0.369611753084217,
  "message": "STOP: TOTAL NO. of ITERATIONS REACHED LIMIT",
  "success": false,
  "iterations": 700,
  "function_evaluations": 821,
  "coil_currents": [
    12623137.538450262,
    12535340.23675696,
    12083415.811185807,
    11339521.131696053
  ],
  "coil_surface_distance": 1.4644064992384787
}