{
  "nfp": 4,
  "R0": 11.34443056562854,
  "R1": 4.854217167420189,
  "ncoils": 5,
  "order": 12,
  "nphi": 32,
  "ntheta": 32,
  "length_target": 34.51640944976834,
  "length_weight": 0.1617364340707406,
  "max_curvature_threshold": 1.843328257879553,
  "max_curvature_weight": 6.590832629473778e-05,
  "msc_threshold": 3.550078606897778,
  "msc_weight": 5.9689823487908144e-05,
  "JF": 0.009775558271499393,
  "Jf": 0.008545159603416808,
  "BdotN": 0.026265425398444803,
  "lengths": [
    34.6205472713519,
    34.97151162314913,
    33.29723929027822,
    39.25602866669472,
    30.43738185083605
  ],
  "length": 172.58270870231001,
  "max_curvatures": [
    2.8462851174451043,
    4.8427039333611726,
    2.7927027842338434,
    3.7844298677306796,
    11.555189576844757
  ],
  "max_max_curvature": 11.555189576844757,
  "coil_coil_distance": 1.1112395186438908,
  "cc_threshold": 1.1116172316886332,
  "cc_weight": 199.54605873417069,
  "gradient_norm": 0.07871099548797714,
  "linking_number": 0,
  "directory": "ncoils_5_order_12_R1_4.9_length_target_3.5e+01_weight_0.16_max_curvature_1.8_weight_6.6e-05_msc_3.6_weight_6e-05_cc_1.1_weight_2e+02",
  "mean_squared_curvatures": [
    0.5046090017204525,
    0.7071640314589727,
    0.5306644700613904,
    0.7179271994173203,
    2.8512104749853613
  ],
  "max_mean_squared_curvature": 2.8512104749853613,
  "message": "STOP: TOTAL NO. of ITERATIONS REACHED LIMIT",
  "success": false,
  "iterations": 700,
  "function_evaluations": 872,
  "coil_currents": [
    11169128.687747616,
    11274438.129831776,
    11459411.5464107,
    11600451.322890062,
    3077985.031208925
  ],
  "coil_surface_distance": 0.10775607540528577
}