{
  "nfp": 4,
  "R0": 11.34443056562854,
  "R1": 4.478570943569036,
  "ncoils": 3,
  "order": 12,
  "nphi": 32,
  "ntheta": 32,
  "length_target": 30.141151257911126,
  "length_weight": 5.303065232786556,
  "max_curvature_threshold": 6.777469482498653,
  "max_curvature_weight": 4.5530561691592014e-05,
  "msc_threshold": 3.8328556859205425,
  "msc_weight": 9.334864142375211e-07,
  "JF": 0.11687532994220808,
  "Jf": 0.11685684232005311,
  "BdotN": 0.06014084582855347,
  "lengths": [
    31.25580898652175,
    29.758581646262616,
    29.411535105390783
  ],
  "length": 90.42592573817515,
  "max_curvatures": [
    6.804534432268026,
    57.29618458143242,
    1.5404472727154657
  ],
  "max_max_curvature": 57.29618458143242,
  "coil_coil_distance": 1.0300589491882441,
  "cc_threshold": 0.6606424550520057,
  "cc_weight": 13.576189938116153,
  "gradient_norm": 28.172362176996312,
  "linking_number": 0,
  "directory": "ncoils_3_order_12_R1_4.5_length_target_3e+01_weight_5.3_max_curvature_6.8_weight_4.6e-05_msc_3.8_weight_9.3e-07_cc_0.66_weight_1.4e+01",
  "mean_squared_curvatures": [
    0.16544449469367883,
    0.17918036089268097,
    0.20647253181967049
  ],
  "max_mean_squared_curvature": 0.20647253181967049,
  "message": "CONVERGENCE: REL_REDUCTION_OF_F_<=_FACTR*EPSMCH",
  "success": true,
  "iterations": 132,
  "function_evaluations": 228,
  "coil_currents": [
    16168781.101067793,
    16184270.547488665,
    16228363.069532625
  ],
  "coil_surface_distance": 1.3681600005860919
}