{
  "nfp": 4,
  "ncoils": 6,
  "R0": 11.34443056562854,
  "R1": 4.519717523764077,
  "order": 6,
  "nphi": 32,
  "ntheta": 32,
  "length_target": 31.055683492838508,
  "length_weight": 0.9220379576989707,
  "max_curvature_threshold": 4.971424223812756,
  "max_curvature_weight": 3.750742088100985e-05,
  "msc_threshold": 4.872633259030793,
  "msc_weight": 4.60165979967772e-05,
  "JF": 0.0012402726310926425,
  "Jf": 0.001221671069626854,
  "BdotN": 0.005800515949389617,
  "lengths": [
    33.20860893864533,
    31.417708781727022,
    29.20869733886518,
    29.612075260404772,
    30.142728483385344,
    32.744426166714305
  ],
  "length": 186.33424496974197,
  "max_curvatures": [
    5.234500804481162,
    2.235242412621069,
    5.032105383191467,
    2.613901620669623,
    5.215662494585817,
    2.9897784100356266
  ],
  "max_max_curvature": 5.234500804481162,
  "coil_coil_distance": 0.983147086604805,
  "cc_threshold": 0.9966161422082649,
  "cc_weight": 0.3692538211369546,
  "gradient_norm": 0.002360856822874651,
  "linking_number": 0,
  "directory": "ncoils_6_order_6_R1_4.5_length_target_3.1e+01_weight_0.92_max_curvature_5.0_weight_3.8e-05_msc_4.9_weight_4.6e-05_cc_1.0_weight_0.37",
  "mean_squared_curvatures": [
    0.3014706082274421,
    0.26962809404001686,
    0.3303088019762897,
    0.2859723513866443,
    0.38211600324117984,
    0.24555710190908675
  ],
  "max_mean_squared_curvature": 0.38211600324117984,
  "message": "STOP: TOTAL NO. of ITERATIONS REACHED LIMIT",
  "success": false,
  "iterations": 700,
  "function_evaluations": 736,
  "coil_currents": [
    9501473.03657221,
    8551719.961960467,
    7709235.851775421,
    8139303.465062742,
    7508694.155533399,
    7170988.247184835
  ],
  "coil_surface_distance": 1.1267007560920284
}