{
  "nfp": 4,
  "ncoils": 6,
  "R0": 11.34443056562854,
  "R1": 4.463628363660191,
  "order": 9,
  "nphi": 32,
  "ntheta": 32,
  "length_target": 40.2076766190938,
  "length_weight": 0.130229128382383,
  "max_curvature_threshold": 4.552631849586281,
  "max_curvature_weight": 2.2304153907782544e-05,
  "msc_threshold": 4.560678784618207,
  "msc_weight": 7.5279397591983e-06,
  "JF": 0.00023769688560554443,
  "Jf": 0.00023132571915077048,
  "BdotN": 0.004522877737369567,
  "lengths": [
    38.89575278321862,
    39.07285769163443,
    38.274132050486685,
    36.056736798180125,
    43.726548499777245,
    45.22076948538586
  ],
  "length": 241.24679730868294,
  "max_curvatures": [
    5.473179774705658,
    5.873217121278458,
    4.840953062274553,
    4.87745963223036,
    4.612730204870434,
    3.414538135931411
  ],
  "max_max_curvature": 5.873217121278458,
  "coil_coil_distance": 0.5915045244791474,
  "cc_threshold": 0.5917241740118149,
  "cc_weight": 45.497110189656794,
  "gradient_norm": 0.004458778519009001,
  "linking_number": 0,
  "directory": "ncoils_6_order_9_R1_4.5_length_target_4e+01_weight_0.13_max_curvature_4.6_weight_2.2e-05_msc_4.6_weight_7.5e-06_cc_0.59_weight_4.5e+01",
  "mean_squared_curvatures": [
    0.6340879613189951,
    1.1424580755653775,
    0.8510838570586144,
    0.5948520905010944,
    0.8794291353801595,
    0.457705110625232
  ],
  "max_mean_squared_curvature": 1.1424580755653775,
  "message": "STOP: TOTAL NO. of ITERATIONS REACHED LIMIT",
  "success": false,
  "iterations": 700,
  "function_evaluations": 912,
  "coil_currents": [
    8047713.000351838,
    8029479.989400517,
    7978110.798897964,
    7975361.750033206,
    7910476.416128189,
    8640272.763277367
  ],
  "coil_surface_distance": 1.1207680253500583
}