{
  "nfp": 4,
  "R0": 11.34443056562854,
  "R1": 4.640922383498183,
  "ncoils": 4,
  "order": 5,
  "nphi": 32,
  "ntheta": 32,
  "length_target": 44.85387441245457,
  "length_weight": 0.2852281016290045,
  "max_curvature_threshold": 1.0343615054921866,
  "max_curvature_weight": 0.00025543899860647976,
  "msc_threshold": 2.8772918372711533,
  "msc_weight": 1.885174274531602e-06,
  "JF": 0.0037022716075166997,
  "Jf": 0.003378449621077034,
  "BdotN": 0.012016417483840747,
  "lengths": [
    43.96234874885452,
    47.350104815007306,
    40.35609662949567,
    47.74710844684547
  ],
  "length": 179.41565864020293,
  "max_curvatures": [
    3.398942270706845,
    1.9999039963203848,
    1.6036537903680868,
    1.682079710232604
  ],
  "max_max_curvature": 3.398942270706845,
  "coil_coil_distance": 0.8533039253056016,
  "cc_threshold": 0.8541294854213785,
  "cc_weight": 15.147021987287848,
  "gradient_norm": 0.01660849492832843,
  "linking_number": 0,
  "directory": "ncoils_4_order_5_R1_4.6_length_target_4.5e+01_weight_0.29_max_curvature_1.0_weight_0.00026_msc_2.9_weight_1.9e-06_cc_0.85_weight_1.5e+01",
  "mean_squared_curvatures": [
    0.1885644930646301,
    0.19382500583586187,
    0.15912959735116453,
    0.18485637301324231
  ],
  "max_mean_squared_curvature": 0.19382500583586187,
  "message": "STOP: TOTAL NO. of ITERATIONS REACHED LIMIT",
  "success": false,
  "iterations": 700,
  "function_evaluations": 888,
  "coil_currents": [
    12033631.652276782,
    11944831.41809823,
    12227213.228119794,
    12375738.41959428
  ],
  "coil_surface_distance": 1.2715850558016417
}