{
  "nfp": 4,
  "R0": 11.34443056562854,
  "R1": 4.936374496845577,
  "ncoils": 4,
  "order": 10,
  "nphi": 32,
  "ntheta": 32,
  "length_target": 32.019960221611484,
  "length_weight": 0.022895822778841387,
  "max_curvature_threshold": 4.64738629366356,
  "max_curvature_weight": 3.740341975570816e-06,
  "msc_threshold": 2.9358390763236124,
  "msc_weight": 3.163463054716643e-05,
  "JF": 0.005704743651630211,
  "Jf": 0.005626979879662198,
  "BdotN": 0.011327144368157774,
  "lengths": [
    32.81794816840868,
    31.707351390235637,
    32.37534855948659,
    31.203902337518883
  ],
  "length": 128.1045504556498,
  "max_curvatures": [
    6.142802453568622,
    7.699977815500067,
    7.917763817466051,
    2.928836370924912
  ],
  "max_max_curvature": 7.917763817466051,
  "coil_coil_distance": 1.0500004739897641,
  "cc_threshold": 1.067831892847383,
  "cc_weight": 0.48472003778667583,
  "gradient_norm": 0.23186714361188712,
  "linking_number": 0,
  "directory": "ncoils_4_order_10_R1_4.9_length_target_3.2e+01_weight_0.023_max_curvature_4.6_weight_3.7e-06_msc_2.9_weight_3.2e-05_cc_1.1_weight_0.48",
  "mean_squared_curvatures": [
    0.1401826207612545,
    0.24339904797193093,
    0.28863191699148794,
    0.32327620449337946
  ],
  "max_mean_squared_curvature": 0.32327620449337946,
  "message": "CONVERGENCE: REL_REDUCTION_OF_F_<=_FACTR*EPSMCH",
  "success": true,
  "iterations": 309,
  "function_evaluations": 381,
  "coil_currents": [
    12258560.294700764,
    12263454.96833859,
    12305632.101354223,
    11753767.353695504
  ],
  "coil_surface_distance": 1.2478724611493357
}