{
  "nfp": 4,
  "R0": 11.34443056562854,
  "R1": 4.284119555169267,
  "ncoils": 4,
  "order": 7,
  "nphi": 32,
  "ntheta": 32,
  "length_target": 37.19247575750823,
  "length_weight": 1.3646222683747617,
  "max_curvature_threshold": 1.0003677363261112,
  "max_curvature_weight": 2.9720969381834264e-05,
  "msc_threshold": 3.3109188986031466,
  "msc_weight": 1.0741224476755925e-07,
  "JF": 0.004275037224301897,
  "Jf": 0.003971264188859442,
  "BdotN": 0.012143975864694932,
  "lengths": [
    37.510074588355124,
    36.965029359094125,
    38.99575790815775,
    35.29998708242713
  ],
  "length": 148.7708489380341,
  "max_curvatures": [
    1.2532947934616538,
    1.8122552822011477,
    4.222882793613054,
    3.5259195855994743
  ],
  "max_max_curvature": 4.222882793613054,
  "coil_coil_distance": 1.1317788159195512,
  "cc_threshold": 1.1693996188506708,
  "cc_weight": 0.21676013687855608,
  "gradient_norm": 0.025321181728871156,
  "linking_number": 0,
  "directory": "ncoils_4_order_7_R1_4.3_length_target_3.7e+01_weight_1.4_max_curvature_1.0_weight_3e-05_msc_3.3_weight_1.1e-07_cc_1.2_weight_0.22",
  "mean_squared_curvatures": [
    0.14067384803270078,
    0.17221308051470477,
    0.4314825295580403,
    0.3478952013835168
  ],
  "max_mean_squared_curvature": 0.4314825295580403,
  "message": "STOP: TOTAL NO. of ITERATIONS REACHED LIMIT",
  "success": false,
  "iterations": 700,
  "function_evaluations": 745,
  "coil_currents": [
    12129676.956586326,
    12936849.854461629,
    12808684.755511943,
    10706203.151529185
  ],
  "coil_surface_distance": 1.1880761577802976
}