{
  "nfp": 4,
  "R0": 11.34443056562854,
  "R1": 4.280708205321214,
  "ncoils": 6,
  "order": 9,
  "nphi": 32,
  "ntheta": 32,
  "length_target": 36.42851438565171,
  "length_weight": 0.14504697804453412,
  "max_curvature_threshold": 4.961886554740461,
  "max_curvature_weight": 8.518313308880756e-06,
  "msc_threshold": 3.6500823471704478,
  "msc_weight": 8.417941266526667e-05,
  "JF": 0.0008565266997341665,
  "Jf": 0.000759960470285458,
  "BdotN": 0.005378225392560927,
  "lengths": [
    35.07269362438353,
    35.79596540704558,
    34.93886403753451,
    35.333406549837726,
    35.01737579640444,
    42.41432058643482
  ],
  "length": 218.57262600164057,
  "max_curvatures": [
    21.972352993764314,
    6.0361842967793065,
    2.1149685765839994,
    4.267703080189913,
    5.159523561188859,
    6.123955778268851
  ],
  "max_max_curvature": 21.972352993764314,
  "coil_coil_distance": 0.8574419439146235,
  "cc_threshold": 0.8592081682853647,
  "cc_weight": 1.6044345886754587,
  "gradient_norm": 48.142898606672155,
  "linking_number": 0,
  "directory": "ncoils_6_order_9_R1_4.3_length_target_3.6e+01_weight_0.15_max_curvature_5.0_weight_8.5e-06_msc_3.7_weight_8.4e-05_cc_0.86_weight_1.6",
  "mean_squared_curvatures": [
    1.3957432587888088,
    0.5026043172457098,
    0.2978022803719958,
    0.40319301160106813,
    0.33198278503412704,
    0.8050867295328222
  ],
  "max_mean_squared_curvature": 1.3957432587888088,
  "message": "STOP: TOTAL NO. of ITERATIONS REACHED LIMIT",
  "success": false,
  "iterations": 700,
  "function_evaluations": 922,
  "coil_currents": [
    8132022.9027609145,
    7997727.073911152,
    7739645.294820022,
    7928788.648535903,
    7682445.953158301,
    9100784.844902791
  ],
  "coil_surface_distance": 0.9940722851942669
}