{
  "nfp": 4,
  "R0": 11.34443056562854,
  "R1": 4.365506350301958,
  "ncoils": 5,
  "order": 7,
  "nphi": 32,
  "ntheta": 32,
  "length_target": 45.653176780639285,
  "length_weight": 7.0453307424071605,
  "max_curvature_threshold": 0.07212529929127105,
  "max_curvature_weight": 0.0017924482192356137,
  "msc_threshold": 4.419133424405316,
  "msc_weight": 4.568008733361298e-06,
  "JF": 0.00964246058557031,
  "Jf": 0.0026994432510855483,
  "BdotN": 0.011904480647769947,
  "lengths": [
    47.656768135489685,
    48.756975140597454,
    43.13044715239894,
    41.2858075389241,
    47.43624209220249
  ],
  "length": 228.26624005961267,
  "max_curvatures": [
    0.4564394594366023,
    0.5500975460779332,
    0.5956955037827263,
    0.39963969711477226,
    0.6911263509574399
  ],
  "max_max_curvature": 0.6911263509574399,
  "coil_coil_distance": 0.77124518204191,
  "cc_threshold": 0.7714962623009987,
  "cc_weight": 63.73489591256309,
  "gradient_norm": 0.05367397773496034,
  "linking_number": 0,
  "directory": "ncoils_5_order_7_R1_4.4_length_target_4.6e+01_weight_7.0_max_curvature_0.072_weight_0.0018_msc_4.4_weight_4.6e-06_cc_0.77_weight_6.4e+01",
  "mean_squared_curvatures": [
    0.04750647239274633,
    0.05336338721929625,
    0.07080441072145781,
    0.05762620962302437,
    0.07400687801603033
  ],
  "max_mean_squared_curvature": 0.07400687801603033,
  "message": "STOP: TOTAL NO. of ITERATIONS REACHED LIMIT",
  "success": false,
  "iterations": 700,
  "function_evaluations": 902,
  "coil_currents": [
    9986476.555551192,
    9541078.437846208,
    9820164.417300927,
    9559070.147379398,
    9674625.160011359
  ],
  "coil_surface_distance": 1.2620323385551848
}