{
  "nfp": 4,
  "R0": 11.34443056562854,
  "R1": 4.924588493331212,
  "ncoils": 6,
  "order": 12,
  "nphi": 32,
  "ntheta": 32,
  "length_target": 42.86536305441925,
  "length_weight": 4.552827581930052,
  "max_curvature_threshold": 6.65599014268389,
  "max_curvature_weight": 1.3983056645471543e-05,
  "msc_threshold": 2.0357823613985695,
  "msc_weight": 5.457394207330195e-07,
  "JF": 0.013340084582189195,
  "Jf": 0.013163259283988059,
  "BdotN": 0.02079926461264405,
  "lengths": [
    40.60632279020352,
    44.03771300578241,
    41.32658897836134,
    36.97203632647218,
    40.9612631598565,
    53.28862652210978
  ],
  "length": 257.19255078278576,
  "max_curvatures": [
    11.337047594106814,
    10.175407587129916,
    23.078366825257834,
    9.031076500077555,
    7.647755420508735,
    10.111409105518849
  ],
  "max_max_curvature": 23.078366825257834,
  "coil_coil_distance": 1.0956483931746184,
  "cc_threshold": 1.0965959103663296,
  "cc_weight": 185.94367247810965,
  "gradient_norm": 0.12056806155074655,
  "linking_number": 0,
  "directory": "ncoils_6_order_12_R1_4.9_length_target_4.3e+01_weight_4.6_max_curvature_6.7_weight_1.4e-05_msc_2.0_weight_5.5e-07_cc_1.1_weight_1.9e+02",
  "mean_squared_curvatures": [
    1.5079676343826975,
    1.4061110269971289,
    1.8514271209484991,
    1.5161072592158646,
    1.02928575777317,
    1.9828438739952683
  ],
  "max_mean_squared_curvature": 1.9828438739952683,
  "message": "STOP: TOTAL NO. of ITERATIONS REACHED LIMIT",
  "success": false,
  "iterations": 700,
  "function_evaluations": 866,
  "coil_currents": [
    8154444.277309139,
    7256684.545333364,
    8192885.754334791,
    7912713.7901599305,
    7858130.634754396,
    9206555.71619746
  ],
  "coil_surface_distance": 0.768084244992855
}