{
  "nfp": 4,
  "R0": 11.34443056562854,
  "R1": 4.126008554239075,
  "ncoils": 5,
  "order": 11,
  "nphi": 32,
  "ntheta": 32,
  "length_target": 44.374059278892986,
  "length_weight": 97.97468125855679,
  "max_curvature_threshold": 5.488159699750622,
  "max_curvature_weight": 1.7433659175502028e-06,
  "msc_threshold": 5.2106842109598555,
  "msc_weight": 3.6733118635222686e-06,
  "JF": 0.02559480015001861,
  "Jf": 0.02508051729267557,
  "BdotN": 0.046800667951463266,
  "lengths": [
    45.05592902349555,
    44.99314163618827,
    43.904844956849935,
    42.82817850263271,
    45.08847854786607
  ],
  "length": 221.87057266703252,
  "max_curvatures": [
    73.82187513977969,
    17.90994029916261,
    31.907893886623416,
    59.312764688085274,
    30.211484479338743
  ],
  "max_max_curvature": 73.82187513977969,
  "coil_coil_distance": 0.9329782338005971,
  "cc_threshold": 0.9344911777871885,
  "cc_weight": 20.85907110775422,
  "gradient_norm": 1.2107635216982044,
  "linking_number": 0,
  "directory": "ncoils_5_order_11_R1_4.1_length_target_4.4e+01_weight_9.8e+01_max_curvature_5.5_weight_1.7e-06_msc_5.2_weight_3.7e-06_cc_0.93_weight_2.1e+01",
  "mean_squared_curvatures": [
    5.867228504183813,
    2.1618261527001135,
    3.9057813305158504,
    8.00397778768443,
    2.7087222776235276
  ],
  "max_mean_squared_curvature": 8.00397778768443,
  "message": "STOP: TOTAL NO. of ITERATIONS REACHED LIMIT",
  "success": false,
  "iterations": 700,
  "function_evaluations": 863,
  "coil_currents": [
    9525145.142207379,
    9590612.464822259,
    9596049.455666747,
    9645005.389828425,
    10224602.26556427
  ],
  "coil_surface_distance": 1.0648090150548517
}