{
  "nfp": 4,
  "R0": 11.34443056562854,
  "R1": 4.235937737737188,
  "ncoils": 5,
  "order": 11,
  "nphi": 32,
  "ntheta": 32,
  "length_target": 32.63229291854676,
  "length_weight": 0.08434992375995724,
  "max_curvature_threshold": 4.220456259420426,
  "max_curvature_weight": 1.013822566590322e-06,
  "msc_threshold": 7.439522233460091,
  "msc_weight": 6.320238952202607e-07,
  "JF": 0.00826955855377357,
  "Jf": 0.008228849293140722,
  "BdotN": 0.015549122121833122,
  "lengths": [
    31.894381749142106,
    31.23719533298375,
    35.96818517780059,
    32.08742956215622,
    31.98057175933189
  ],
  "length": 163.16776358141456,
  "max_curvatures": [
    5.171759626855657,
    26.16261212464061,
    20.72050775486829,
    5.459331485635522,
    22.915979696569377
  ],
  "max_max_curvature": 26.16261212464061,
  "coil_coil_distance": 1.1639923439835238,
  "cc_threshold": 1.1641631012396982,
  "cc_weight": 252.30347145469003,
  "gradient_norm": 0.10965591414584894,
  "linking_number": 0,
  "directory": "ncoils_5_order_11_R1_4.2_length_target_3.3e+01_weight_0.084_max_curvature_4.2_weight_1e-06_msc_7.4_weight_6.3e-07_cc_1.2_weight_2.5e+02",
  "mean_squared_curvatures": [
    0.6757408284821482,
    2.9262000459729656,
    1.2482152817683199,
    0.6858276497346331,
    1.9552883407502757
  ],
  "max_mean_squared_curvature": 2.9262000459729656,
  "message": "STOP: TOTAL NO. of ITERATIONS REACHED LIMIT",
  "success": false,
  "iterations": 700,
  "function_evaluations": 916,
  "coil_currents": [
    9780463.363629201,
    9703337.534117753,
    9744358.84257327,
    9572747.422845768,
    9780507.554923087
  ],
  "coil_surface_distance": 1.0015790992112639
}