{
  "nfp": 4,
  "R0": 11.34443056562854,
  "R1": 4.966562545464718,
  "ncoils": 6,
  "order": 14,
  "nphi": 32,
  "ntheta": 32,
  "length_target": 31.167632685309997,
  "length_weight": 29.361818006942787,
  "max_curvature_threshold": 5.687401592254438,
  "max_curvature_weight": 0.00021993655452529407,
  "msc_threshold": 5.2045809544971195,
  "msc_weight": 1.3179988803068091e-05,
  "JF": 0.0005692431172571396,
  "Jf": 0.0005540583784309316,
  "BdotN": 0.0061459053184985115,
  "lengths": [
    32.89804462206354,
    31.87807443938722,
    31.111784291705824,
    31.266178822399848,
    29.801038975438466,
    30.050930705349117
  ],
  "length": 187.00605185634402,
  "max_curvatures": [
    3.157677968743629,
    4.223434535107462,
    3.9116779680611877,
    5.182153214905232,
    5.600817038920603,
    5.599680585761147
  ],
  "max_max_curvature": 5.600817038920603,
  "coil_coil_distance": 0.696005781746156,
  "cc_threshold": 0.7378828574142524,
  "cc_weight": 0.036103399169340675,
  "gradient_norm": 0.14573154183270917,
  "linking_number": 0,
  "directory": "ncoils_6_order_14_R1_5.0_length_target_3.1e+01_weight_2.9e+01_max_curvature_5.7_weight_0.00022_msc_5.2_weight_1.3e-05_cc_0.74_weight_0.036",
  "mean_squared_curvatures": [
    0.21530301665752802,
    0.19718224886728164,
    0.21797232209084716,
    0.46193200340551277,
    0.22875596710906093,
    0.34757938868394106
  ],
  "max_mean_squared_curvature": 0.46193200340551277,
  "message": "STOP: TOTAL NO. of ITERATIONS REACHED LIMIT",
  "success": false,
  "iterations": 700,
  "function_evaluations": 824,
  "coil_currents": [
    8007486.799422717,
    7977970.584518539,
    7914733.981791004,
    7927233.511981768,
    7990514.8088708045,
    8763475.031504251
  ],
  "coil_surface_distance": 1.1529040827185735
}