{
  "nfp": 4,
  "R0": 11.34443056562854,
  "R1": 4.124497968699145,
  "ncoils": 4,
  "order": 11,
  "nphi": 32,
  "ntheta": 32,
  "length_target": 43.501793578766595,
  "length_weight": 0.0320204967748445,
  "max_curvature_threshold": 7.099684984122123,
  "max_curvature_weight": 1.003615624910701e-06,
  "msc_threshold": 0.8970026213385998,
  "msc_weight": 1.315060623189954e-07,
  "JF": 0.0004377858885262713,
  "Jf": 0.00042533414399539203,
  "BdotN": 0.00475121158102977,
  "lengths": [
    45.02810642772138,
    40.58647553499645,
    43.15215556672669,
    45.241493478904204
  ],
  "length": 174.00823100834873,
  "max_curvatures": [
    19.534455118506052,
    19.924617848505946,
    10.773120283956866,
    8.326326343998328
  ],
  "max_max_curvature": 19.924617848505946,
  "coil_coil_distance": 0.6017816090562423,
  "cc_threshold": 0.601757550921078,
  "cc_weight": 30.593931578361246,
  "gradient_norm": 1.3144695384604839,
  "linking_number": 0,
  "directory": "ncoils_4_order_11_R1_4.1_length_target_4.4e+01_weight_0.032_max_curvature_7.1_weight_1e-06_msc_0.9_weight_1.3e-07_cc_0.6_weight_3.1e+01",
  "mean_squared_curvatures": [
    2.551931629389839,
    1.2116397202868983,
    1.6192933958309883,
    1.123557729843471
  ],
  "max_mean_squared_curvature": 2.551931629389839,
  "message": "CONVERGENCE: REL_REDUCTION_OF_F_<=_FACTR*EPSMCH",
  "success": true,
  "iterations": 323,
  "function_evaluations": 432,
  "coil_currents": [
    12175463.105400182,
    12170484.903072517,
    12184374.004878357,
    12051092.704738028
  ],
  "coil_surface_distance": 1.3508270555891753
}