{
  "nfp": 4,
  "R0": 11.34443056562854,
  "R1": 4.1331682792788165,
  "ncoils": 6,
  "order": 11,
  "nphi": 32,
  "ntheta": 32,
  "length_target": 46.162167320418845,
  "length_weight": 0.29109383810262374,
  "max_curvature_threshold": 5.580058874650392,
  "max_curvature_weight": 4.518813609133444e-06,
  "msc_threshold": 6.95549370265381,
  "msc_weight": 2.7795114948290318e-05,
  "JF": 0.00799629451843796,
  "Jf": 0.007860426893848577,
  "BdotN": 0.018842672406798034,
  "lengths": [
    35.61656660479327,
    53.46738559464058,
    44.80473779932724,
    43.667509160107485,
    46.38874514115532,
    53.026937986433715
  ],
  "length": 276.9718822864576,
  "max_curvatures": [
    26.75600330593477,
    13.286017653306672,
    12.09374797416891,
    19.46386849333669,
    16.380513982267818,
    9.862249766120149
  ],
  "max_max_curvature": 26.75600330593477,
  "coil_coil_distance": 1.0496180062339648,
  "cc_threshold": 1.0593765957554087,
  "cc_weight": 2.881568720936271,
  "gradient_norm": 21.939771861099302,
  "linking_number": 0,
  "directory": "ncoils_6_order_11_R1_4.1_length_target_4.6e+01_weight_0.29_max_curvature_5.6_weight_4.5e-06_msc_7.0_weight_2.8e-05_cc_1.1_weight_2.9",
  "mean_squared_curvatures": [
    0.9303577770740096,
    1.3577018066176825,
    2.21210859879994,
    1.0700218895078322,
    1.909798499383749,
    2.0567271082017684
  ],
  "max_mean_squared_curvature": 2.21210859879994,
  "message": "CONVERGENCE: REL_REDUCTION_OF_F_<=_FACTR*EPSMCH",
  "success": true,
  "iterations": 597,
  "function_evaluations": 663,
  "coil_currents": [
    8569835.261545656,
    8868499.743503844,
    7219858.472541763,
    7894899.6907330295,
    7832241.423379933,
    8196080.126384854
  ],
  "coil_surface_distance": 0.11287883694838212
}