{
  "nfp": 4,
  "R0": 11.34443056562854,
  "R1": 4.602135366902038,
  "ncoils": 5,
  "order": 5,
  "nphi": 32,
  "ntheta": 32,
  "length_target": 33.763133217203794,
  "length_weight": 0.322474900747593,
  "max_curvature_threshold": 5.695678414020989,
  "max_curvature_weight": 7.227221372585211e-06,
  "msc_threshold": 5.134340921386605,
  "msc_weight": 5.924214810574577e-07,
  "JF": 0.0003254994078937257,
  "Jf": 0.0003252699688227915,
  "BdotN": 0.004395962812908905,
  "lengths": [
    35.94886014262206,
    34.76414916835415,
    33.65838490134246,
    32.77167943882122,
    31.67274565549791
  ],
  "length": 168.81581930663782,
  "max_curvatures": [
    1.6274531134693766,
    0.9494430995339426,
    3.2455125179613646,
    6.377030856554468,
    2.9450025264673747
  ],
  "max_max_curvature": 6.377030856554468,
  "coil_coil_distance": 0.609386566658623,
  "cc_threshold": 0.6096387691947117,
  "cc_weight": 1.0445636021334002,
  "gradient_norm": 0.0010726065228802476,
  "linking_number": 0,
  "directory": "ncoils_5_order_5_R1_4.6_length_target_3.4e+01_weight_0.32_max_curvature_5.7_weight_7.2e-06_msc_5.1_weight_5.9e-07_cc_0.61_weight_1.0",
  "mean_squared_curvatures": [
    0.13099235664647663,
    0.11806495288894914,
    0.24973285235907805,
    0.3342375199222207,
    0.23301470913910782
  ],
  "max_mean_squared_curvature": 0.3342375199222207,
  "message": "STOP: TOTAL NO. of ITERATIONS REACHED LIMIT",
  "success": false,
  "iterations": 700,
  "function_evaluations": 752,
  "coil_currents": [
    9829423.70807602,
    9739437.945295513,
    10087251.581332779,
    9775798.106176985,
    9149503.377207778
  ],
  "coil_surface_distance": 1.4022971636783086
}