{
  "nfp": 4,
  "ncoils": 6,
  "R0": 11.34443056562854,
  "R1": 4.432813123889944,
  "order": 10,
  "nphi": 32,
  "ntheta": 32,
  "length_target": 39.23692178765092,
  "length_weight": 0.9298011576054518,
  "max_curvature_threshold": 1.9664621458361138,
  "max_curvature_weight": 6.981243411483989e-05,
  "msc_threshold": 0.6695254636978764,
  "msc_weight": 3.300400667723688e-06,
  "JF": 0.010004450390043199,
  "Jf": 0.008906688996368334,
  "BdotN": 0.017057560565324856,
  "lengths": [
    38.33360972806724,
    38.12065949443611,
    37.268803255709706,
    36.190768553692685,
    40.33552558995798,
    45.171106706691226
  ],
  "length": 235.42047332855495,
  "max_curvatures": [
    10.68115138200238,
    1.913612448856063,
    3.0082736322592436,
    5.449113403237584,
    5.783832598230402,
    5.641653054974801
  ],
  "max_max_curvature": 10.68115138200238,
  "coil_coil_distance": 0.994689998471606,
  "cc_threshold": 0.9954416922633373,
  "cc_weight": 173.015782819081,
  "gradient_norm": 0.11331374313479589,
  "linking_number": 0,
  "directory": "ncoils_6_order_10_R1_4.4_length_target_3.9e+01_weight_0.93_max_curvature_2.0_weight_7e-05_msc_0.67_weight_3.3e-06_cc_1.0_weight_1.7e+02",
  "mean_squared_curvatures": [
    1.1791415027643215,
    0.18432502091688732,
    0.4160587665984533,
    0.5972383018822903,
    0.5359457320932504,
    1.0080361769123505
  ],
  "max_mean_squared_curvature": 1.1791415027643215,
  "message": "STOP: TOTAL NO. of ITERATIONS REACHED LIMIT",
  "success": false,
  "iterations": 700,
  "function_evaluations": 894,
  "coil_currents": [
    8382088.394082988,
    7550419.121657143,
    8219242.886601862,
    8251622.686244145,
    8044238.355968059,
    8133803.273534887
  ],
  "coil_surface_distance": 0.8131130185653159
}