{
  "nfp": 4,
  "R0": 11.34443056562854,
  "R1": 4.675257107237961,
  "ncoils": 4,
  "order": 14,
  "nphi": 32,
  "ntheta": 32,
  "length_target": 28.28933858722788,
  "length_weight": 24.959524552846393,
  "max_curvature_threshold": 2.3008180426110076,
  "max_curvature_weight": 2.084423948877924e-05,
  "msc_threshold": 2.8873480322036373,
  "msc_weight": 4.3264589939606e-07,
  "JF": 0.022357188331221103,
  "Jf": 0.022349695418056637,
  "BdotN": 0.02572844827286133,
  "lengths": [
    29.743595912906684,
    28.614421738080754,
    27.58756209285908,
    27.211980908773775
  ],
  "length": 113.15756065262028,
  "max_curvatures": [
    2.1036867002779314,
    5.898464631998118,
    4.6545860801271255,
    4.796727570443604
  ],
  "max_max_curvature": 5.898464631998118,
  "coil_coil_distance": 0.9399649806551997,
  "cc_threshold": 0.940162807003819,
  "cc_weight": 230.422955796886,
  "gradient_norm": 0.059260227790062674,
  "linking_number": 0,
  "directory": "ncoils_4_order_14_R1_4.7_length_target_2.8e+01_weight_2.5e+01_max_curvature_2.3_weight_2.1e-05_msc_2.9_weight_4.3e-07_cc_0.94_weight_2.3e+02",
  "mean_squared_curvatures": [
    0.12391137230318504,
    0.1615776643113818,
    0.2014939101743514,
    0.3696884380837772
  ],
  "max_mean_squared_curvature": 0.3696884380837772,
  "message": "CONVERGENCE: REL_REDUCTION_OF_F_<=_FACTR*EPSMCH",
  "success": true,
  "iterations": 565,
  "function_evaluations": 760,
  "coil_currents": [
    12217230.670311993,
    12185567.69860751,
    12146833.6115806,
    12031782.73758898
  ],
  "coil_surface_distance": 1.26486020631851
}