{
  "nfp": 4,
  "R0": 11.34443056562854,
  "R1": 4.25690296081511,
  "ncoils": 3,
  "order": 15,
  "nphi": 32,
  "ntheta": 32,
  "length_target": 44.56579440597292,
  "length_weight": 0.025369221640187727,
  "max_curvature_threshold": 3.1240301607764636,
  "max_curvature_weight": 8.420464289908244e-06,
  "msc_threshold": 3.5527709415171183,
  "msc_weight": 9.455170512968579e-06,
  "JF": 0.0024104841949452063,
  "Jf": 0.0022959643526095706,
  "BdotN": 0.007860680001326281,
  "lengths": [
    50.54249932918403,
    41.97448150839682,
    41.185342307311124
  ],
  "length": 133.70232314489198,
  "max_curvatures": [
    14.85797137758036,
    4.887710683010009,
    7.516525416685683
  ],
  "max_max_curvature": 14.85797137758036,
  "coil_coil_distance": 1.022066441127309,
  "cc_threshold": 1.023264996329352,
  "cc_weight": 39.30056418052132,
  "gradient_norm": 0.010129452717554542,
  "linking_number": 0,
  "directory": "ncoils_3_order_15_R1_4.3_length_target_4.5e+01_weight_0.025_max_curvature_3.1_weight_8.4e-06_msc_3.6_weight_9.5e-06_cc_1.0_weight_3.9e+01",
  "mean_squared_curvatures": [
    1.6643244118431681,
    0.4582418152578962,
    0.7513729773160732
  ],
  "max_mean_squared_curvature": 1.6643244118431681,
  "message": "STOP: TOTAL NO. of ITERATIONS REACHED LIMIT",
  "success": false,
  "iterations": 700,
  "function_evaluations": 817,
  "coil_currents": [
    16206080.451633222,
    16266074.222085822,
    16109260.044370037
  ],
  "coil_surface_distance": 1.0658501309660213
}