{
  "nfp": 4,
  "R0": 11.34443056562854,
  "R1": 4.911672890258799,
  "ncoils": 5,
  "order": 13,
  "nphi": 32,
  "ntheta": 32,
  "length_target": 46.64111298999525,
  "length_weight": 67.58408885388887,
  "max_curvature_threshold": 7.906723309216997,
  "max_curvature_weight": 1.8834057302974614e-05,
  "msc_threshold": 3.0051663574162193,
  "msc_weight": 9.64463674346997e-06,
  "JF": 0.05549079138656125,
  "Jf": 0.054188353630486207,
  "BdotN": 0.07478776432964522,
  "lengths": [
    48.91135634098199,
    46.84241042259039,
    57.36684409849201,
    43.33703064311641,
    36.749516480883194
  ],
  "length": 233.20715798606398,
  "max_curvatures": [
    47.8459058743915,
    15.6798307828008,
    20.12768705443593,
    31.35456008018721,
    24.043005351019165
  ],
  "max_max_curvature": 47.8459058743915,
  "coil_coil_distance": 0.8973384823984556,
  "cc_threshold": 0.8945826984010263,
  "cc_weight": 22.07067422990828,
  "gradient_norm": 4.734882701562548,
  "linking_number": 0,
  "directory": "ncoils_5_order_13_R1_4.9_length_target_4.7e+01_weight_6.8e+01_max_curvature_7.9_weight_1.9e-05_msc_3.0_weight_9.6e-06_cc_0.89_weight_2.2e+01",
  "mean_squared_curvatures": [
    4.514267467676521,
    1.7397280647436653,
    2.5564760489238734,
    2.546535658927435,
    3.612460820057271
  ],
  "max_mean_squared_curvature": 4.514267467676521,
  "message": "STOP: TOTAL NO. of ITERATIONS REACHED LIMIT",
  "success": false,
  "iterations": 700,
  "function_evaluations": 901,
  "coil_currents": [
    10482097.2198668,
    10665236.456111155,
    10989933.517218474,
    10907085.963637833,
    5537061.561254822
  ],
  "coil_surface_distance": 0.11732884395985015
}