{
  "nfp": 4,
  "R0": 11.34443056562854,
  "R1": 4.844175171406327,
  "ncoils": 4,
  "order": 14,
  "nphi": 32,
  "ntheta": 32,
  "length_target": 45.67017146859411,
  "length_weight": 14.54369336502985,
  "max_curvature_threshold": 6.634027646227718,
  "max_curvature_weight": 9.863236718311814e-06,
  "msc_threshold": 2.8610547620776545,
  "msc_weight": 5.994111038769403e-06,
  "JF": 0.0029781250490377785,
  "Jf": 0.002913962435428698,
  "BdotN": 0.012917589153199393,
  "lengths": [
    44.75406798615501,
    50.971251220078194,
    41.60495504962296,
    45.351508175376615
  ],
  "length": 182.68178243123276,
  "max_curvatures": [
    9.238596528040924,
    15.774995975611695,
    10.50805516818976,
    13.467702433300989
  ],
  "max_max_curvature": 15.774995975611695,
  "coil_coil_distance": 0.6223334684781046,
  "cc_threshold": 0.6221156146425353,
  "cc_weight": 20.23251453682467,
  "gradient_norm": 0.5406256098067924,
  "linking_number": 0,
  "directory": "ncoils_4_order_14_R1_4.8_length_target_4.6e+01_weight_1.5e+01_max_curvature_6.6_weight_9.9e-06_msc_2.9_weight_6e-06_cc_0.62_weight_2e+01",
  "mean_squared_curvatures": [
    1.100344932571185,
    1.212725834139028,
    1.1710916799208906,
    1.1511305408761634
  ],
  "max_mean_squared_curvature": 1.212725834139028,
  "message": "STOP: TOTAL NO. of ITERATIONS REACHED LIMIT",
  "success": false,
  "iterations": 700,
  "function_evaluations": 895,
  "coil_currents": [
    12087769.254450593,
    12016013.471092291,
    12005611.840774879,
    12472020.151771314
  ],
  "coil_surface_distance": 1.2979526498479494
}