{
  "nfp": 4,
  "R0": 11.34443056562854,
  "R1": 4.228241415992063,
  "ncoils": 5,
  "order": 12,
  "nphi": 32,
  "ntheta": 32,
  "length_target": 36.152089995011025,
  "length_weight": 26.993562154765264,
  "max_curvature_threshold": 5.937393929268924,
  "max_curvature_weight": 2.6563840635701656e-05,
  "msc_threshold": 2.4850803058947006,
  "msc_weight": 4.386083997835915e-05,
  "JF": 0.003547636486505412,
  "Jf": 0.003519720245375856,
  "BdotN": 0.01218447574697687,
  "lengths": [
    36.18084290750046,
    37.30816134690196,
    36.41498522975283,
    34.82424823813402,
    36.032307230091824
  ],
  "length": 180.7605449523811,
  "max_curvatures": [
    9.771946226846689,
    5.325674041318099,
    7.149552001471713,
    7.642036458995588,
    8.462759368827848
  ],
  "max_max_curvature": 9.771946226846689,
  "coil_coil_distance": 0.735513904378131,
  "cc_threshold": 0.7357768174107095,
  "cc_weight": 732.9721911735331,
  "gradient_norm": 0.13805128177261095,
  "linking_number": 0,
  "directory": "ncoils_5_order_12_R1_4.2_length_target_3.6e+01_weight_2.7e+01_max_curvature_5.9_weight_2.7e-05_msc_2.5_weight_4.4e-05_cc_0.74_weight_7.3e+02",
  "mean_squared_curvatures": [
    1.2994427465203102,
    0.45778253475159586,
    0.638444808265621,
    0.6114984363171854,
    0.9333411200133469
  ],
  "max_mean_squared_curvature": 1.2994427465203102,
  "message": "STOP: TOTAL NO. of ITERATIONS REACHED LIMIT",
  "success": false,
  "iterations": 700,
  "function_evaluations": 953,
  "coil_currents": [
    9680067.255969869,
    9623035.449751291,
    9699806.791580986,
    9698480.469807513,
    9880024.750979416
  ],
  "coil_surface_distance": 1.2281527763245372
}