{
  "nfp": 4,
  "R0": 11.34443056562854,
  "R1": 4.8746656767484735,
  "ncoils": 5,
  "order": 7,
  "nphi": 32,
  "ntheta": 32,
  "length_target": 33.26461871531454,
  "length_weight": 1.1355767176438678,
  "max_curvature_threshold": 1.4685902476579495,
  "max_curvature_weight": 6.973188949997018e-06,
  "msc_threshold": 2.0103457573660273,
  "msc_weight": 7.287147645411155e-06,
  "JF": 0.005390416917821517,
  "Jf": 0.005288369585697541,
  "BdotN": 0.012153622776806865,
  "lengths": [
    36.7814965009709,
    35.21578839428567,
    34.713931228074244,
    31.271888290732907,
    28.34049385788157
  ],
  "length": 166.3235982719453,
  "max_curvatures": [
    3.377244509435489,
    3.1437013258443742,
    1.0380323599612156,
    2.145672181022319,
    4.013639350615297
  ],
  "max_max_curvature": 4.013639350615297,
  "coil_coil_distance": 1.1723799389315115,
  "cc_threshold": 1.1852708856698513,
  "cc_weight": 0.8977273326734003,
  "gradient_norm": 0.012415523327902791,
  "linking_number": 0,
  "directory": "ncoils_5_order_7_R1_4.9_length_target_3.3e+01_weight_1.1_max_curvature_1.5_weight_7e-06_msc_2.0_weight_7.3e-06_cc_1.2_weight_0.9",
  "mean_squared_curvatures": [
    0.3500055892968147,
    0.3885564919170364,
    0.12827917605689906,
    0.43516399498617353,
    0.4823679554610532
  ],
  "max_mean_squared_curvature": 0.4823679554610532,
  "message": "STOP: TOTAL NO. of ITERATIONS REACHED LIMIT",
  "success": false,
  "iterations": 700,
  "function_evaluations": 736,
  "coil_currents": [
    10967799.459600475,
    10167974.362694416,
    9801134.73368601,
    9404384.527855204,
    8240121.63425298
  ],
  "coil_surface_distance": 1.0598721778862847
}