{
  "nfp": 4,
  "R0": 11.34443056562854,
  "R1": 4.34106271740414,
  "ncoils": 4,
  "order": 12,
  "nphi": 32,
  "ntheta": 32,
  "length_target": 46.782626778166986,
  "length_weight": 1.0392526969574487,
  "max_curvature_threshold": 3.028250597204308,
  "max_curvature_weight": 2.6954266845345357e-05,
  "msc_threshold": 2.9831008331943574,
  "msc_weight": 9.98417672564996e-07,
  "JF": 0.005074575402912702,
  "Jf": 0.004706825262692505,
  "BdotN": 0.011802853894297185,
  "lengths": [
    47.542720534749265,
    48.811350125661065,
    43.960005332152186,
    46.815859243572596
  ],
  "length": 187.1299352361351,
  "max_curvatures": [
    4.843683639433303,
    4.846948903164202,
    3.7248578479386936,
    5.829027056842001
  ],
  "max_max_curvature": 5.829027056842001,
  "coil_coil_distance": 1.1157389579681445,
  "cc_threshold": 1.157800629833734,
  "cc_weight": 0.0940996227341335,
  "gradient_norm": 0.0231868073524197,
  "linking_number": 0,
  "directory": "ncoils_4_order_12_R1_4.3_length_target_4.7e+01_weight_1.0_max_curvature_3.0_weight_2.7e-05_msc_3.0_weight_1e-06_cc_1.2_weight_0.094",
  "mean_squared_curvatures": [
    0.9639731715688231,
    0.7875994048699074,
    0.4496878380035469,
    0.829536631679263
  ],
  "max_mean_squared_curvature": 0.9639731715688231,
  "message": "STOP: TOTAL NO. of ITERATIONS REACHED LIMIT",
  "success": false,
  "iterations": 700,
  "function_evaluations": 774,
  "coil_currents": [
    12230708.487542702,
    12180519.298580317,
    12375952.724160247,
    11794234.20780582
  ],
  "coil_surface_distance": 0.8741766250266395
}