{
  "nfp": 4,
  "R0": 11.34443056562854,
  "R1": 4.279497705434435,
  "ncoils": 6,
  "order": 12,
  "nphi": 32,
  "ntheta": 32,
  "length_target": 28.23000905255839,
  "length_weight": 4.656936961128465,
  "max_curvature_threshold": 6.030856924894082,
  "max_curvature_weight": 8.205671182964457e-06,
  "msc_threshold": 2.448827392414186,
  "msc_weight": 2.0948138694637175e-07,
  "JF": 0.00030280639403487247,
  "Jf": 0.00030276917818257144,
  "BdotN": 0.004638368818519537,
  "lengths": [
    30.12237687475384,
    29.395888367932926,
    28.347560469927252,
    27.4159427449535,
    27.127720919522325,
    26.970599342388233
  ],
  "length": 169.38008871947807,
  "max_curvatures": [
    5.816582465905555,
    5.1729728694039485,
    6.132213118043553,
    5.304948247192901,
    5.0551662115068545,
    6.225398844340994
  ],
  "max_max_curvature": 6.225398844340994,
  "coil_coil_distance": 0.6018012766340729,
  "cc_threshold": 0.6079727267346431,
  "cc_weight": 0.018345857089991285,
  "gradient_norm": 0.002849704759087334,
  "linking_number": 0,
  "directory": "ncoils_6_order_12_R1_4.3_length_target_2.8e+01_weight_4.7_max_curvature_6.0_weight_8.2e-06_msc_2.4_weight_2.1e-07_cc_0.61_weight_0.018",
  "mean_squared_curvatures": [
    0.25550759063659745,
    0.1931200574792034,
    0.3727278257030235,
    0.27239273945075854,
    0.3835176508102663,
    0.49958221640631484
  ],
  "max_mean_squared_curvature": 0.49958221640631484,
  "message": "STOP: TOTAL NO. of ITERATIONS REACHED LIMIT",
  "success": false,
  "iterations": 700,
  "function_evaluations": 775,
  "coil_currents": [
    8150732.210202876,
    8111179.035164126,
    8065557.143245853,
    8033638.03035821,
    8056012.560613289,
    8164295.73850473
  ],
  "coil_surface_distance": 1.2478613410230392
}