{
  "nfp": 4,
  "R0": 11.34443056562854,
  "R1": 4.351073561357037,
  "ncoils": 6,
  "order": 7,
  "nphi": 32,
  "ntheta": 32,
  "length_target": 46.90346000667287,
  "length_weight": 0.03914502508170233,
  "max_curvature_threshold": 0.46986020817255736,
  "max_curvature_weight": 1.9017002768049152e-06,
  "msc_threshold": 6.220956427478375,
  "msc_weight": 7.745140414860763e-05,
  "JF": 4.002908772001697,
  "Jf": 0.0027787379452136824,
  "BdotN": 0.009560345276481337,
  "lengths": [
    57.16966372704023,
    56.75461900891072,
    52.15901387373659,
    36.76125219361243,
    36.46266083449572,
    42.11399445953478
  ],
  "length": 281.4212040973305,
  "max_curvatures": [
    16.585988568522904,
    7.772261250114524,
    7.066079363710136,
    2.4687175551620806,
    4.6095573932608245,
    10.183722521330838
  ],
  "max_max_curvature": 16.585988568522904,
  "coil_coil_distance": 0.9666046990712032,
  "cc_threshold": 0.9701553452750551,
  "cc_weight": 2.3970106381914515,
  "gradient_norm": 0.012743276773834267,
  "linking_number": 4,
  "directory": "ncoils_6_order_7_R1_4.4_length_target_4.7e+01_weight_0.039_max_curvature_0.47_weight_1.9e-06_msc_6.2_weight_7.7e-05_cc_0.97_weight_2.4",
  "mean_squared_curvatures": [
    1.1871319103735467,
    0.5798490366022782,
    0.7615352226787433,
    0.31143071868876104,
    0.4115793059915318,
    1.0452527977430672
  ],
  "max_mean_squared_curvature": 1.1871319103735467,
  "message": "STOP: TOTAL NO. of ITERATIONS REACHED LIMIT",
  "success": false,
  "iterations": 700,
  "function_evaluations": 806,
  "coil_currents": [
    9955804.015281152,
    8251695.389415108,
    8821829.688209658,
    7704672.678058441,
    7504364.3984066965,
    6343048.548718028
  ],
  "coil_surface_distance": 1.0609598579526083
}