{
  "nfp": 4,
  "R0": 11.34443056562854,
  "R1": 4.227708778897201,
  "ncoils": 5,
  "order": 6,
  "nphi": 32,
  "ntheta": 32,
  "length_target": 28.807420959753667,
  "length_weight": 56.813505347188816,
  "max_curvature_threshold": 6.713349006440464,
  "max_curvature_weight": 6.935729652537814e-05,
  "msc_threshold": 7.80533022845136,
  "msc_weight": 1.6886327607701182e-06,
  "JF": 0.0016331257079090205,
  "Jf": 0.0016295212467244639,
  "BdotN": 0.00758309430629813,
  "lengths": [
    30.564194716916035,
    29.44814359875834,
    28.54313103213962,
    27.867781208290033,
    27.613971721359498
  ],
  "length": 144.0372222774635,
  "max_curvatures": [
    0.6628627915408808,
    1.5973641677033985,
    1.3264383732825202,
    2.5347733413995535,
    3.275378482399432
  ],
  "max_max_curvature": 3.275378482399432,
  "coil_coil_distance": 0.7055560141214776,
  "cc_threshold": 0.7351584975580909,
  "cc_weight": 0.014016984467344246,
  "gradient_norm": 0.1002958972921018,
  "linking_number": 0,
  "directory": "ncoils_5_order_6_R1_4.2_length_target_2.9e+01_weight_5.7e+01_max_curvature_6.7_weight_6.9e-05_msc_7.8_weight_1.7e-06_cc_0.74_weight_0.014",
  "mean_squared_curvatures": [
    0.11422930048611547,
    0.12458397056803507,
    0.14350982027468537,
    0.20362660829542562,
    0.27610006606396464
  ],
  "max_mean_squared_curvature": 0.27610006606396464,
  "message": "STOP: TOTAL NO. of ITERATIONS REACHED LIMIT",
  "success": false,
  "iterations": 700,
  "function_evaluations": 814,
  "coil_currents": [
    9789384.471071722,
    9710702.326621283,
    9639874.454612885,
    9626254.805470748,
    9815198.660312444
  ],
  "coil_surface_distance": 1.2845242402690924
}