{
  "nfp": 4,
  "R0": 11.34443056562854,
  "R1": 4.867950841145958,
  "ncoils": 4,
  "order": 11,
  "nphi": 32,
  "ntheta": 32,
  "length_target": 40.54929776644451,
  "length_weight": 2.1978276362146696,
  "max_curvature_threshold": 5.214774976136905,
  "max_curvature_weight": 5.037017839661769e-06,
  "msc_threshold": 4.59470374574184,
  "msc_weight": 1.5181354448494182e-07,
  "JF": 0.0007051616193823056,
  "Jf": 0.0007049096812934507,
  "BdotN": 0.005120537779533289,
  "lengths": [
    42.132428523963156,
    40.9620790358506,
    39.70229926638492,
    39.400505717350434
  ],
  "length": 162.19731254354912,
  "max_curvatures": [
    5.627561901496302,
    5.38329856264905,
    5.02989200420729,
    6.333239387554728
  ],
  "max_max_curvature": 6.333239387554728,
  "coil_coil_distance": 0.7325469776726073,
  "cc_threshold": 0.7325702700460732,
  "cc_weight": 379.3604228474762,
  "gradient_norm": 0.008987108855230564,
  "linking_number": 0,
  "directory": "ncoils_4_order_11_R1_4.9_length_target_4.1e+01_weight_2.2_max_curvature_5.2_weight_5e-06_msc_4.6_weight_1.5e-07_cc_0.73_weight_3.8e+02",
  "mean_squared_curvatures": [
    0.41132444231495846,
    0.3741003134047465,
    0.5266762137366332,
    0.8041160708506973
  ],
  "max_mean_squared_curvature": 0.8041160708506973,
  "message": "STOP: TOTAL NO. of ITERATIONS REACHED LIMIT",
  "success": false,
  "iterations": 700,
  "function_evaluations": 945,
  "coil_currents": [
    12275960.333588114,
    12241859.489281604,
    12187853.94987191,
    11875740.94534745
  ],
  "coil_surface_distance": 1.4186157847248995
}