{
  "nfp": 4,
  "R0": 11.34443056562854,
  "R1": 4.9760337334611595,
  "ncoils": 3,
  "order": 11,
  "nphi": 32,
  "ntheta": 32,
  "length_target": 46.793708981706885,
  "length_weight": 1.7863840285399915,
  "max_curvature_threshold": 7.089483310792119,
  "max_curvature_weight": 6.18481361015631e-06,
  "msc_threshold": 1.7156687722427515,
  "msc_weight": 1.8337875803536182e-06,
  "JF": 0.006239894435579141,
  "Jf": 0.006179225045200038,
  "BdotN": 0.012749344143397751,
  "lengths": [
    47.88603327532166,
    54.09625175160674,
    38.39877809381808
  ],
  "length": 140.3810631207465,
  "max_curvatures": [
    6.8967999346178654,
    10.17210782705198,
    7.734259083641036
  ],
  "max_max_curvature": 10.17210782705198,
  "coil_coil_distance": 1.1866337586160909,
  "cc_threshold": 1.1920205898123064,
  "cc_weight": 1.0824316584762692,
  "gradient_norm": 0.007286157478726627,
  "linking_number": 0,
  "directory": "ncoils_3_order_11_R1_5.0_length_target_4.7e+01_weight_1.8_max_curvature_7.1_weight_6.2e-06_msc_1.7_weight_1.8e-06_cc_1.2_weight_1.1",
  "mean_squared_curvatures": [
    0.7775092206368015,
    0.5880526190575799,
    0.4955708918476002
  ],
  "max_mean_squared_curvature": 0.7775092206368015,
  "message": "STOP: TOTAL NO. of ITERATIONS REACHED LIMIT",
  "success": false,
  "iterations": 700,
  "function_evaluations": 799,
  "coil_currents": [
    15698458.266107537,
    15972890.795705155,
    16910065.65627639
  ],
  "coil_surface_distance": 1.408544100425847
}