{
  "nfp": 4,
  "R0": 11.34443056562854,
  "R1": 4.525453745291573,
  "ncoils": 5,
  "order": 10,
  "nphi": 32,
  "ntheta": 32,
  "length_target": 39.20722757902328,
  "length_weight": 0.17205929235458325,
  "max_curvature_threshold": 6.545377780702223,
  "max_curvature_weight": 0.0003345530186718635,
  "msc_threshold": 5.394454936503597,
  "msc_weight": 3.6728663487152004e-05,
  "JF": 0.005200302826165009,
  "Jf": 0.005168277737987302,
  "BdotN": 0.013026256610511655,
  "lengths": [
    43.64992210379283,
    39.77994913421067,
    37.68930722691394,
    40.579852035081615,
    34.33794201380148
  ],
  "length": 196.03697251380055,
  "max_curvatures": [
    6.577648304548623,
    6.560597090667187,
    6.658443853669604,
    6.3445988441820855,
    6.884019083876455
  ],
  "max_max_curvature": 6.884019083876455,
  "coil_coil_distance": 1.1814866906757697,
  "cc_threshold": 1.1848202750339445,
  "cc_weight": 2.112261284979505,
  "gradient_norm": 0.006888624130714694,
  "linking_number": 0,
  "directory": "ncoils_5_order_10_R1_4.5_length_target_3.9e+01_weight_0.17_max_curvature_6.5_weight_0.00033_msc_5.4_weight_3.7e-05_cc_1.2_weight_2.1",
  "mean_squared_curvatures": [
    0.9946606110648021,
    1.0308095782002271,
    0.6780743995147916,
    1.1707054968655197,
    1.1639489130001697
  ],
  "max_mean_squared_curvature": 1.1707054968655197,
  "message": "STOP: TOTAL NO. of ITERATIONS REACHED LIMIT",
  "success": false,
  "iterations": 700,
  "function_evaluations": 770,
  "coil_currents": [
    12949614.128550826,
    11129232.061567891,
    9520171.937807547,
    9092404.203666598,
    5889992.3864962235
  ],
  "coil_surface_distance": 1.1018437335726305
}