{
  "nfp": 4,
  "R0": 11.34443056562854,
  "R1": 4.395085564333386,
  "ncoils": 5,
  "order": 7,
  "nphi": 32,
  "ntheta": 32,
  "length_target": 32.4397000592202,
  "length_weight": 0.26748362977245216,
  "max_curvature_threshold": 4.316332917713776,
  "max_curvature_weight": 0.007716732725810005,
  "msc_threshold": 7.727098185171902,
  "msc_weight": 4.643753232396218e-05,
  "JF": 0.00222972255004207,
  "Jf": 0.0021284341200855606,
  "BdotN": 0.008037963192080102,
  "lengths": [
    36.637791103114665,
    34.76707334779558,
    32.31858484081013,
    31.940604034151647,
    26.534886451632822
  ],
  "length": 162.19893977750485,
  "max_curvatures": [
    4.305052953443042,
    4.142389192119563,
    4.149269871324132,
    4.317622597321298,
    4.32136490932338
  ],
  "max_max_curvature": 4.32136490932338,
  "coil_coil_distance": 1.070764194725805,
  "cc_threshold": 1.097129093573118,
  "cc_weight": 0.1574013636257215,
  "gradient_norm": 0.0018355244249548197,
  "linking_number": 0,
  "directory": "ncoils_5_order_7_R1_4.4_length_target_3.2e+01_weight_0.27_max_curvature_4.3_weight_0.0077_msc_7.7_weight_4.6e-05_cc_1.1_weight_0.16",
  "mean_squared_curvatures": [
    0.189411787046669,
    0.3022403347135889,
    0.419157958301401,
    0.6083500300344764,
    0.43551291487055604
  ],
  "max_mean_squared_curvature": 0.6083500300344764,
  "message": "STOP: TOTAL NO. of ITERATIONS REACHED LIMIT",
  "success": false,
  "iterations": 700,
  "function_evaluations": 752,
  "coil_currents": [
    12112682.37204842,
    10709404.217452483,
    10362396.616860513,
    9818846.06310764,
    5578085.448620029
  ],
  "coil_surface_distance": 0.9404119917020812
}