{
  "nfp": 4,
  "R0": 11.34443056562854,
  "R1": 4.955276747495121,
  "ncoils": 4,
  "order": 10,
  "nphi": 32,
  "ntheta": 32,
  "length_target": 36.27838110892723,
  "length_weight": 0.9956353008477046,
  "max_curvature_threshold": 3.317519343276494,
  "max_curvature_weight": 2.3995956926808945e-06,
  "msc_threshold": 5.679106655181966,
  "msc_weight": 7.91265996121668e-06,
  "JF": 0.0007054949685398243,
  "Jf": 0.0007032632890220311,
  "BdotN": 0.004487076241008528,
  "lengths": [
    37.418946591462934,
    35.8916793797895,
    36.269003347365405,
    35.53398221920484
  ],
  "length": 145.11361153782266,
  "max_curvatures": [
    5.151087022550998,
    1.0861767117787657,
    3.92864429238154,
    7.122971270444787
  ],
  "max_max_curvature": 7.122971270444787,
  "coil_coil_distance": 0.6985289181939421,
  "cc_threshold": 0.6986434073314113,
  "cc_weight": 223.94914011470757,
  "gradient_norm": 0.00774970798041198,
  "linking_number": 0,
  "directory": "ncoils_4_order_10_R1_5.0_length_target_3.6e+01_weight_1.0_max_curvature_3.3_weight_2.4e-06_msc_5.7_weight_7.9e-06_cc_0.7_weight_2.2e+02",
  "mean_squared_curvatures": [
    0.21713502308425467,
    0.12238156416808126,
    0.38744066643914227,
    0.6962091648651123
  ],
  "max_mean_squared_curvature": 0.6962091648651123,
  "message": "STOP: TOTAL NO. of ITERATIONS REACHED LIMIT",
  "success": false,
  "iterations": 700,
  "function_evaluations": 888,
  "coil_currents": [
    12254585.589218473,
    12196674.479753297,
    12201163.014901463,
    11928991.634215854
  ],
  "coil_surface_distance": 1.4354646104893662
}