{
  "nfp": 4,
  "R0": 11.34443056562854,
  "R1": 4.222786163747614,
  "ncoils": 6,
  "order": 10,
  "nphi": 32,
  "ntheta": 32,
  "length_target": 38.79806698746708,
  "length_weight": 0.08215666802290107,
  "max_curvature_threshold": 5.512327668245004,
  "max_curvature_weight": 2.070304258373366e-06,
  "msc_threshold": 1.4382208124965576,
  "msc_weight": 6.333591248448013e-06,
  "JF": 0.0047115027055410355,
  "Jf": 0.004614767629033071,
  "BdotN": 0.016267473639276626,
  "lengths": [
    40.101195449332515,
    44.43708625896514,
    36.81501837017115,
    36.349580610123596,
    39.06972639104854,
    36.01645749598206
  ],
  "length": 232.789064575623,
  "max_curvatures": [
    18.680947599770754,
    26.593077368538072,
    8.644529688052268,
    8.451551561702619,
    7.096605985949701,
    12.750848212894358
  ],
  "max_max_curvature": 26.593077368538072,
  "coil_coil_distance": 0.9610194056216298,
  "cc_threshold": 0.9707718651924191,
  "cc_weight": 20.859790276647793,
  "gradient_norm": 0.09535729688230102,
  "linking_number": 0,
  "directory": "ncoils_6_order_10_R1_4.2_length_target_3.9e+01_weight_0.082_max_curvature_5.5_weight_2.1e-06_msc_1.4_weight_6.3e-06_cc_0.97_weight_2.1e+01",
  "mean_squared_curvatures": [
    3.009402005781176,
    2.4324871882277836,
    1.313216712410921,
    0.5957499613691033,
    1.2863016565993592,
    1.2952805452578098
  ],
  "max_mean_squared_curvature": 3.009402005781176,
  "message": "STOP: TOTAL NO. of ITERATIONS REACHED LIMIT",
  "success": false,
  "iterations": 700,
  "function_evaluations": 825,
  "coil_currents": [
    8372512.035756591,
    8628083.179726131,
    8335741.179357856,
    8023716.432423877,
    8095299.607962799,
    7126062.282861821
  ],
  "coil_surface_distance": 0.6956301419485904
}