{
  "nfp": 4,
  "ncoils": 6,
  "R0": 11.34443056562854,
  "R1": 4.602502801752449,
  "order": 9,
  "nphi": 32,
  "ntheta": 32,
  "length_target": 31.434230265700563,
  "length_weight": 0.13384527003120486,
  "max_curvature_threshold": 4.814490624715865,
  "max_curvature_weight": 9.73684770729946e-06,
  "msc_threshold": 3.7298631562382676,
  "msc_weight": 1.9308145390819672e-05,
  "JF": 0.0015520174688734543,
  "Jf": 0.0015205631159652682,
  "BdotN": 0.007889168880042893,
  "lengths": [
    31.882756314923057,
    33.08070795135732,
    31.281417550106298,
    30.033441130768722,
    31.60248522872113,
    30.725460693718563
  ],
  "length": 188.60626886959508,
  "max_curvatures": [
    7.1178666502581445,
    4.985443975032274,
    6.9948026720659175,
    4.533729826789934,
    7.587134890754455,
    8.97761363506968
  ],
  "max_max_curvature": 8.97761363506968,
  "coil_coil_distance": 0.9998591450618812,
  "cc_threshold": 1.00190254373696,
  "cc_weight": 6.924797831901278,
  "gradient_norm": 0.003460031942383607,
  "linking_number": 0,
  "directory": "ncoils_6_order_9_R1_4.6_length_target_3.1e+01_weight_0.13_max_curvature_4.8_weight_9.7e-06_msc_3.7_weight_1.9e-05_cc_1.0_weight_6.9",
  "mean_squared_curvatures": [
    0.34759745425513017,
    0.3143545188970725,
    1.1089391267710862,
    0.34707147184605985,
    1.0603728278073266,
    1.7220847148435858
  ],
  "max_mean_squared_curvature": 1.7220847148435858,
  "message": "STOP: TOTAL NO. of ITERATIONS REACHED LIMIT",
  "success": false,
  "iterations": 700,
  "function_evaluations": 751,
  "coil_currents": [
    8536844.43818265,
    7770208.791603103,
    8209019.455859117,
    7656321.978777182,
    7912994.728418694,
    8496025.32524833
  ],
  "coil_surface_distance": 0.8114888744268701
}