{
  "nfp": 4,
  "R0": 11.34443056562854,
  "R1": 4.798945640039247,
  "ncoils": 5,
  "order": 13,
  "nphi": 32,
  "ntheta": 32,
  "length_target": 30.71646311972749,
  "length_weight": 0.028695181326040112,
  "max_curvature_threshold": 2.7267290853058523,
  "max_curvature_weight": 0.00014238132979951047,
  "msc_threshold": 3.2195491116781407,
  "msc_weight": 7.847600219915809e-06,
  "JF": 0.017083842210112634,
  "Jf": 0.016728460370882946,
  "BdotN": 0.03154241468172279,
  "lengths": [
    32.593998916827374,
    31.639271120042565,
    31.75480863202477,
    34.0688998923345,
    23.53952274036872
  ],
  "length": 153.5965013015979,
  "max_curvatures": [
    3.7709460756609725,
    4.040609180890161,
    4.097620965158622,
    4.514847889685507,
    6.733236047354625
  ],
  "max_max_curvature": 6.733236047354625,
  "coil_coil_distance": 1.184290186438355,
  "cc_threshold": 1.1865185939088394,
  "cc_weight": 59.814622389645216,
  "gradient_norm": 0.15474796356456846,
  "linking_number": 0,
  "directory": "ncoils_5_order_13_R1_4.8_length_target_3.1e+01_weight_0.029_max_curvature_2.7_weight_0.00014_msc_3.2_weight_7.8e-06_cc_1.2_weight_6e+01",
  "mean_squared_curvatures": [
    0.7814686645609519,
    1.00418379408993,
    0.46393500152098915,
    0.8406653443183864,
    1.5946722971834322
  ],
  "max_mean_squared_curvature": 1.5946722971834322,
  "message": "STOP: TOTAL NO. of ITERATIONS REACHED LIMIT",
  "success": false,
  "iterations": 700,
  "function_evaluations": 759,
  "coil_currents": [
    9969966.63151165,
    10045008.231678577,
    10203410.307493482,
    10357039.110588029,
    8005990.436817341
  ],
  "coil_surface_distance": 0.041471403583565804
}