{
  "nfp": 4,
  "R0": 11.34443056562854,
  "R1": 4.336447056225639,
  "ncoils": 4,
  "order": 9,
  "nphi": 32,
  "ntheta": 32,
  "length_target": 42.48132146673126,
  "length_weight": 43.888344886730735,
  "max_curvature_threshold": 1.6750407128616778,
  "max_curvature_weight": 0.005889868753046195,
  "msc_threshold": 1.4190307370813136,
  "msc_weight": 2.1176745636999933e-06,
  "JF": 0.007739446727005436,
  "Jf": 0.007477227738032767,
  "BdotN": 0.01655573269571974,
  "lengths": [
    43.65851084392462,
    42.67160586431142,
    40.423418981465204,
    43.17203113641841
  ],
  "length": 169.92556682611965,
  "max_curvatures": [
    1.7436341359676348,
    1.584282841230419,
    1.765627121007339,
    2.0172504784571808
  ],
  "max_max_curvature": 2.0172504784571808,
  "coil_coil_distance": 1.0766637962528753,
  "cc_threshold": 1.094184227567235,
  "cc_weight": 0.4320364739807053,
  "gradient_norm": 0.30462506369757647,
  "linking_number": 0,
  "directory": "ncoils_4_order_9_R1_4.3_length_target_4.2e+01_weight_4.4e+01_max_curvature_1.7_weight_0.0059_msc_1.4_weight_2.1e-06_cc_1.1_weight_0.43",
  "mean_squared_curvatures": [
    0.2186877761580931,
    0.26293570726087234,
    0.293324780825183,
    0.3462107290261305
  ],
  "max_mean_squared_curvature": 0.3462107290261305,
  "message": "STOP: TOTAL NO. of ITERATIONS REACHED LIMIT",
  "success": false,
  "iterations": 700,
  "function_evaluations": 834,
  "coil_currents": [
    12079928.32492936,
    12065661.081026044,
    12095436.995775836,
    12340388.316357844
  ],
  "coil_surface_distance": 1.2423258223440086
}