{
  "nfp": 4,
  "ncoils": 6,
  "R0": 11.34443056562854,
  "R1": 4.296099044894072,
  "order": 15,
  "nphi": 32,
  "ntheta": 32,
  "length_target": 40.84439391880949,
  "length_weight": 0.20339079060656687,
  "max_curvature_threshold": 2.4504057128418455,
  "max_curvature_weight": 2.5924157260044245e-06,
  "msc_threshold": 1.745265465003016,
  "msc_weight": 5.349333352573781e-07,
  "JF": 0.0006430407666627497,
  "Jf": 0.0005972193528773895,
  "BdotN": 0.004581443331174136,
  "lengths": [
    35.86502299275548,
    38.86662598292287,
    35.31166942582595,
    44.0486411498193,
    41.976645915717896,
    48.998944941219754
  ],
  "length": 245.06755040826124,
  "max_curvatures": [
    5.408270591299031,
    5.36944030283671,
    7.8317689580086665,
    5.359105699670877,
    4.43583978212077,
    8.508197406487826
  ],
  "max_max_curvature": 8.508197406487826,
  "coil_coil_distance": 0.8939097228746455,
  "cc_threshold": 0.8947536474609612,
  "cc_weight": 35.58395885362049,
  "gradient_norm": 0.018538613232773445,
  "linking_number": 0,
  "directory": "ncoils_6_order_15_R1_4.3_length_target_4.1e+01_weight_0.2_max_curvature_2.5_weight_2.6e-06_msc_1.7_weight_5.3e-07_cc_0.89_weight_3.6e+01",
  "mean_squared_curvatures": [
    1.3445781295204462,
    1.5813688624942503,
    1.584158931762898,
    1.5252229377784232,
    1.6319651033075269,
    1.381753057254445
  ],
  "max_mean_squared_curvature": 1.6319651033075269,
  "message": "STOP: TOTAL NO. of ITERATIONS REACHED LIMIT",
  "success": false,
  "iterations": 700,
  "function_evaluations": 798,
  "coil_currents": [
    7978427.167956597,
    8015438.208173259,
    7969772.911396339,
    7943630.358537791,
    7984240.789186403,
    8689905.282838695
  ],
  "coil_surface_distance": 0.14541143662858852
}