{
  "nfp": 4,
  "R0": 11.34443056562854,
  "R1": 4.453081064281136,
  "ncoils": 5,
  "order": 11,
  "nphi": 32,
  "ntheta": 32,
  "length_target": 34.55615670658721,
  "length_weight": 91.97454945971533,
  "max_curvature_threshold": 0.5527621846777697,
  "max_curvature_weight": 3.979087789511068e-05,
  "msc_threshold": 4.572919182233033,
  "msc_weight": 6.808797278760179e-05,
  "JF": 0.0028050868313928556,
  "Jf": 0.0026783528807327772,
  "BdotN": 0.011141406682628672,
  "lengths": [
    36.73196726418107,
    36.59576336987814,
    34.88009527686096,
    32.40916329543455,
    32.1638060020297
  ],
  "length": 172.78079520838443,
  "max_curvatures": [
    1.403121284544301,
    3.41169807502853,
    1.2654503478313786,
    1.7166770485415888,
    2.318159313890146
  ],
  "max_max_curvature": 3.41169807502853,
  "coil_coil_distance": 0.8353272548915273,
  "cc_threshold": 0.8354532323294399,
  "cc_weight": 123.14611371062237,
  "gradient_norm": 0.025991870065425277,
  "linking_number": 0,
  "directory": "ncoils_5_order_11_R1_4.5_length_target_3.5e+01_weight_9.2e+01_max_curvature_0.55_weight_4e-05_msc_4.6_weight_6.8e-05_cc_0.84_weight_1.2e+02",
  "mean_squared_curvatures": [
    0.10340233306285451,
    0.1803959145167453,
    0.12447221122093612,
    0.19626356613638737,
    0.2617185858055822
  ],
  "max_mean_squared_curvature": 0.2617185858055822,
  "message": "STOP: TOTAL NO. of ITERATIONS REACHED LIMIT",
  "success": false,
  "iterations": 700,
  "function_evaluations": 888,
  "coil_currents": [
    9679576.430679748,
    9628921.51426811,
    9513809.907523476,
    9533578.238215636,
    10225528.627402112
  ],
  "coil_surface_distance": 1.257156557621955
}