{
  "nfp": 4,
  "R0": 11.34443056562854,
  "R1": 4.4343180718548165,
  "ncoils": 5,
  "order": 12,
  "nphi": 32,
  "ntheta": 32,
  "length_target": 34.523536846175624,
  "length_weight": 0.1783639701043121,
  "max_curvature_threshold": 6.556514034205464,
  "max_curvature_weight": 5.935775739724515e-06,
  "msc_threshold": 1.3110942764881095,
  "msc_weight": 2.3250704477322713e-07,
  "JF": 0.00705054005775951,
  "Jf": 0.007036518756347681,
  "BdotN": 0.01841223622097288,
  "lengths": [
    33.15007465105396,
    34.17534100290539,
    32.682358692731384,
    34.92520334588816,
    37.684496512041584
  ],
  "length": 172.6174742046205,
  "max_curvatures": [
    5.090864415233506,
    12.650679693843628,
    5.887031462317167,
    9.155221551559686,
    8.248017975638342
  ],
  "max_max_curvature": 12.650679693843628,
  "coil_coil_distance": 1.1807465719424861,
  "cc_threshold": 1.1810950980119497,
  "cc_weight": 92.80272693538295,
  "gradient_norm": 0.03816623729029457,
  "linking_number": 0,
  "directory": "ncoils_5_order_12_R1_4.4_length_target_3.5e+01_weight_0.18_max_curvature_6.6_weight_5.9e-06_msc_1.3_weight_2.3e-07_cc_1.2_weight_9.3e+01",
  "mean_squared_curvatures": [
    0.3039603380630279,
    1.2692373254715463,
    0.7025587159738585,
    0.7207582346161143,
    1.8907640079138148
  ],
  "max_mean_squared_curvature": 1.8907640079138148,
  "message": "STOP: TOTAL NO. of ITERATIONS REACHED LIMIT",
  "success": false,
  "iterations": 700,
  "function_evaluations": 861,
  "coil_currents": [
    9701931.480445905,
    9564066.307875175,
    9531160.82314597,
    9483166.7990635,
    10301089.30755853
  ],
  "coil_surface_distance": 0.9389483906229087
}