{
  "nfp": 4,
  "R0": 11.34443056562854,
  "R1": 4.492057364054636,
  "ncoils": 5,
  "order": 6,
  "nphi": 32,
  "ntheta": 32,
  "length_target": 46.0723703947956,
  "length_weight": 1.4847637310984074,
  "max_curvature_threshold": 3.0124432347788015,
  "max_curvature_weight": 0.008211450716212963,
  "msc_threshold": 4.005000955402183,
  "msc_weight": 2.9700845936991124e-05,
  "JF": 0.001589975747062058,
  "Jf": 0.001585090855980654,
  "BdotN": 0.008414210264864202,
  "lengths": [
    47.94371227522178,
    50.058675337614886,
    45.90043605636596,
    43.9921201398781,
    42.46785486064117
  ],
  "length": 230.36279866972188,
  "max_curvatures": [
    2.969189968541571,
    2.9785929398466178,
    2.609052104694488,
    3.066568280014064,
    2.321921886958522
  ],
  "max_max_curvature": 3.066568280014064,
  "coil_coil_distance": 1.0177004721253369,
  "cc_threshold": 1.0182817562311701,
  "cc_weight": 2.9883509301700535,
  "gradient_norm": 0.03626622849133116,
  "linking_number": 0,
  "directory": "ncoils_5_order_6_R1_4.5_length_target_4.6e+01_weight_1.5_max_curvature_3.0_weight_0.0082_msc_4.0_weight_3e-05_cc_1.0_weight_3.0",
  "mean_squared_curvatures": [
    0.25736842756916756,
    0.1817462924084792,
    0.264724855276502,
    0.3747142146062856,
    0.2423222704332657
  ],
  "max_mean_squared_curvature": 0.3747142146062856,
  "message": "STOP: TOTAL NO. of ITERATIONS REACHED LIMIT",
  "success": false,
  "iterations": 700,
  "function_evaluations": 793,
  "coil_currents": [
    9836537.816195518,
    9637120.789726002,
    9718555.780686952,
    10086196.733219113,
    9303003.598261498
  ],
  "coil_surface_distance": 1.3093836788816988
}