{
  "nfp": 4,
  "R0": 11.34443056562854,
  "R1": 4.4002023648853505,
  "ncoils": 4,
  "order": 13,
  "nphi": 32,
  "ntheta": 32,
  "length_target": 41.150543643175624,
  "length_weight": 0.01349044640046773,
  "max_curvature_threshold": 6.528595851976542,
  "max_curvature_weight": 0.005049155607668606,
  "msc_threshold": 6.520251931755247,
  "msc_weight": 6.1009309452531076e-05,
  "JF": 3.565831199605705,
  "Jf": 3.3969019394362956,
  "BdotN": 0.27298849741558245,
  "lengths": [
    44.04283688681825,
    38.5465579648892,
    44.994546521207816,
    40.727652697538424
  ],
  "length": 168.31159407045368,
  "max_curvatures": [
    10.794230648461236,
    15.083616236257523,
    9.03938226465952,
    19.1128048573483
  ],
  "max_max_curvature": 19.1128048573483,
  "coil_coil_distance": 0.08990480911339589,
  "cc_threshold": 0.6826175343411705,
  "cc_weight": 0.024369472519533482,
  "gradient_norm": 4.230798953507721,
  "linking_number": 8,
  "directory": "ncoils_4_order_13_R1_4.4_length_target_4.1e+01_weight_0.013_max_curvature_6.5_weight_0.005_msc_6.5_weight_6.1e-05_cc_0.68_weight_0.024",
  "mean_squared_curvatures": [
    2.2547913702529985,
    1.9315374310599418,
    2.0962478636613757,
    2.6199063540954497
  ],
  "max_mean_squared_curvature": 2.6199063540954497,
  "message": "ABNORMAL_TERMINATION_IN_LNSRCH",
  "success": false,
  "iterations": 20,
  "function_evaluations": 139,
  "coil_currents": [
    11875583.63360851,
    11961822.725133453,
    12085174.4848586,
    12658833.874488518
  ],
  "coil_surface_distance": 1.6618587400590759
}