{
  "nfp": 4,
  "R0": 11.34443056562854,
  "R1": 4.835399470660831,
  "ncoils": 6,
  "order": 11,
  "nphi": 32,
  "ntheta": 32,
  "length_target": 29.49531835032146,
  "length_weight": 0.1406711763970189,
  "max_curvature_threshold": 7.226300570062242,
  "max_curvature_weight": 1.4885426304421208e-06,
  "msc_threshold": 7.373578555687619,
  "msc_weight": 1.273477110838599e-06,
  "JF": 0.0005743166186416277,
  "Jf": 0.0005658052319602475,
  "BdotN": 0.004485946013567571,
  "lengths": [
    30.52685453821166,
    29.73369513882762,
    29.274313823563315,
    29.66241583944745,
    29.849477780870252,
    27.925535114486088
  ],
  "length": 176.97229223540637,
  "max_curvatures": [
    7.257606482483457,
    7.475999202055059,
    8.438804976211586,
    6.949727686813507,
    17.218640242121737,
    13.37756229798701
  ],
  "max_max_curvature": 17.218640242121737,
  "coil_coil_distance": 0.8646583517380524,
  "cc_threshold": 0.8652965038707174,
  "cc_weight": 12.50970485920025,
  "gradient_norm": 0.0018776423446497362,
  "linking_number": 0,
  "directory": "ncoils_6_order_11_R1_4.8_length_target_2.9e+01_weight_0.14_max_curvature_7.2_weight_1.5e-06_msc_7.4_weight_1.3e-06_cc_0.87_weight_1.3e+01",
  "mean_squared_curvatures": [
    0.3902569305809883,
    0.45758851381441296,
    0.6369333048360393,
    0.5709426911616599,
    1.4279083480273567,
    1.4177508676591792
  ],
  "max_mean_squared_curvature": 1.4279083480273567,
  "message": "STOP: TOTAL NO. of ITERATIONS REACHED LIMIT",
  "success": false,
  "iterations": 700,
  "function_evaluations": 753,
  "coil_currents": [
    8335769.600115061,
    8185275.7715343265,
    8056040.442632662,
    8067413.759846725,
    8239820.750064231,
    7697094.393896073
  ],
  "coil_surface_distance": 0.9541246905139
}