{
  "nfp": 4,
  "R0": 11.34443056562854,
  "R1": 4.307808212459151,
  "ncoils": 6,
  "order": 6,
  "nphi": 32,
  "ntheta": 32,
  "length_target": 30.156324960150478,
  "length_weight": 0.1354805352818487,
  "max_curvature_threshold": 5.870518221364224,
  "max_curvature_weight": 2.3856099403428285e-05,
  "msc_threshold": 6.440268732416197,
  "msc_weight": 9.279497879445148e-07,
  "JF": 0.0028943518404977633,
  "Jf": 0.0027856104972344775,
  "BdotN": 0.008665784791811576,
  "lengths": [
    36.10037743491483,
    30.285464950998715,
    27.826171226208103,
    30.05328132430919,
    28.00544474588108,
    28.66886596523664
  ],
  "length": 180.93960564754858,
  "max_curvatures": [
    6.55037377789125,
    7.483039683969821,
    8.018125312560688,
    6.342024984120435,
    2.714521375085607,
    5.233304170270939
  ],
  "max_max_curvature": 8.018125312560688,
  "coil_coil_distance": 1.0858814682830786,
  "cc_threshold": 1.112871923239104,
  "cc_weight": 0.2076441844953595,
  "gradient_norm": 0.0038007373504422366,
  "linking_number": 0,
  "directory": "ncoils_6_order_6_R1_4.3_length_target_3e+01_weight_0.14_max_curvature_5.9_weight_2.4e-05_msc_6.4_weight_9.3e-07_cc_1.1_weight_0.21",
  "mean_squared_curvatures": [
    0.4729431184315996,
    0.7157382285107244,
    1.007760382676933,
    0.4843732946277045,
    0.3735726395584922,
    0.4599958265412437
  ],
  "max_mean_squared_curvature": 1.007760382676933,
  "message": "STOP: TOTAL NO. of ITERATIONS REACHED LIMIT",
  "success": false,
  "iterations": 700,
  "function_evaluations": 728,
  "coil_currents": [
    13035855.661219647,
    8203894.32947362,
    5954068.245259632,
    9037429.322592374,
    5428747.073205592,
    6921420.086338215
  ],
  "coil_surface_distance": 0.7762998784886269
}