{
  "nfp": 4,
  "R0": 11.34443056562854,
  "R1": 4.500012150795996,
  "ncoils": 5,
  "order": 6,
  "nphi": 32,
  "ntheta": 32,
  "length_target": 39.04683343808995,
  "length_weight": 22.939635603282106,
  "max_curvature_threshold": 0.1737913684941932,
  "max_curvature_weight": 0.004559028209922662,
  "msc_threshold": 5.931043989163209,
  "msc_weight": 4.786247548571877e-06,
  "JF": 0.010339601558074743,
  "Jf": 0.0029713400647802366,
  "BdotN": 0.011154408884464945,
  "lengths": [
    39.32765605081875,
    40.02913374873036,
    39.62616806151402,
    36.34853087684836,
    39.90415562320268
  ],
  "length": 195.2356443611142,
  "max_curvatures": [
    0.49389387280429936,
    0.6065717089750791,
    0.677828254038573,
    0.4658392541633152,
    0.5210648573946457
  ],
  "max_max_curvature": 0.677828254038573,
  "coil_coil_distance": 0.7852965991327215,
  "cc_threshold": 0.7856333598003207,
  "cc_weight": 14.100891306452315,
  "gradient_norm": 0.5519312255675735,
  "linking_number": 0,
  "directory": "ncoils_5_order_6_R1_4.5_length_target_3.9e+01_weight_2.3e+01_max_curvature_0.17_weight_0.0046_msc_5.9_weight_4.8e-06_cc_0.79_weight_1.4e+01",
  "mean_squared_curvatures": [
    0.06117704881079101,
    0.07129122923484287,
    0.08596358177523654,
    0.07050815336509597,
    0.07115348092137717
  ],
  "max_mean_squared_curvature": 0.08596358177523654,
  "message": "STOP: TOTAL NO. of ITERATIONS REACHED LIMIT",
  "success": false,
  "iterations": 700,
  "function_evaluations": 829,
  "coil_currents": [
    9914986.618369319,
    9915541.681162123,
    10055978.177244997,
    9034108.929719746,
    9660799.3115929
  ],
  "coil_surface_distance": 1.2675568891631033
}