{
  "nfp": 4,
  "R0": 11.34443056562854,
  "R1": 4.906912061145559,
  "ncoils": 5,
  "order": 11,
  "nphi": 32,
  "ntheta": 32,
  "length_target": 42.04218119482502,
  "length_weight": 5.47101174488394,
  "max_curvature_threshold": 0.8883259040291818,
  "max_curvature_weight": 1.1955045395960675e-05,
  "msc_threshold": 5.071676422028007,
  "msc_weight": 5.0640010392590525e-05,
  "JF": 0.0010840153556202444,
  "Jf": 0.0009636485764811568,
  "BdotN": 0.006249756514459233,
  "lengths": [
    42.82405597703577,
    42.7332591125388,
    43.60901032181531,
    39.825344286692705,
    41.21946159066679
  ],
  "length": 210.21113128874939,
  "max_curvatures": [
    4.797553268185857,
    2.448540778738953,
    2.580179658196697,
    3.351486933270368,
    3.5135873958584347
  ],
  "max_max_curvature": 4.797553268185857,
  "coil_coil_distance": 0.7040855051618747,
  "cc_threshold": 0.7043916009718285,
  "cc_weight": 30.962566414292407,
  "gradient_norm": 0.0349858968910378,
  "linking_number": 0,
  "directory": "ncoils_5_order_11_R1_4.9_length_target_4.2e+01_weight_5.5_max_curvature_0.89_weight_1.2e-05_msc_5.1_weight_5.1e-05_cc_0.7_weight_3.1e+01",
  "mean_squared_curvatures": [
    0.44191019710151513,
    0.30971913644828547,
    0.3919178706763444,
    0.30141408439753936,
    0.6154353189087863
  ],
  "max_mean_squared_curvature": 0.6154353189087863,
  "message": "STOP: TOTAL NO. of ITERATIONS REACHED LIMIT",
  "success": false,
  "iterations": 700,
  "function_evaluations": 871,
  "coil_currents": [
    9728791.40536192,
    9741655.607905488,
    9795127.691219375,
    9663495.113000311,
    9652344.90060199
  ],
  "coil_surface_distance": 1.3385834982387532
}