{
  "nfp": 4,
  "R0": 11.34443056562854,
  "R1": 4.1036520227747815,
  "ncoils": 5,
  "order": 7,
  "nphi": 32,
  "ntheta": 32,
  "length_target": 31.092904821191176,
  "length_weight": 0.20030748399620935,
  "max_curvature_threshold": 3.4785592480349594,
  "max_curvature_weight": 1.050654416418944e-06,
  "msc_threshold": 1.9639534061424033,
  "msc_weight": 1.5548639076791726e-06,
  "JF": 4.0005432173540925,
  "Jf": 0.000541146635715551,
  "BdotN": 0.004824084539440149,
  "lengths": [
    34.346063181071344,
    32.51185803535909,
    31.323187117217554,
    30.02294874165144,
    27.261088313312694
  ],
  "length": 155.46514538861211,
  "max_curvatures": [
    8.28280685447209,
    1.692074696783547,
    8.795470029811755,
    4.434366486298873,
    3.368658776645077
  ],
  "max_max_curvature": 8.795470029811755,
  "coil_coil_distance": 0.6743011684686131,
  "cc_threshold": 0.6748424248604838,
  "cc_weight": 2.764097581631947,
  "gradient_norm": 0.0016359588392790491,
  "linking_number": 4,
  "directory": "ncoils_5_order_7_R1_4.1_length_target_3.1e+01_weight_0.2_max_curvature_3.5_weight_1.1e-06_msc_2.0_weight_1.6e-06_cc_0.67_weight_2.8",
  "mean_squared_curvatures": [
    0.2938609078225858,
    0.17515870155442106,
    0.533617496113505,
    0.3343093074248185,
    0.37942523982970056
  ],
  "max_mean_squared_curvature": 0.533617496113505,
  "message": "STOP: TOTAL NO. of ITERATIONS REACHED LIMIT",
  "success": false,
  "iterations": 700,
  "function_evaluations": 750,
  "coil_currents": [
    10705385.057695186,
    10515430.30402935,
    9960195.503936753,
    10085114.688236037,
    7315289.16419176
  ],
  "coil_surface_distance": 1.0846894515855876
}