{
  "nfp": 4,
  "R0": 11.34443056562854,
  "R1": 4.233514254970396,
  "ncoils": 6,
  "order": 10,
  "nphi": 32,
  "ntheta": 32,
  "length_target": 40.40460096194479,
  "length_weight": 0.42168502867242746,
  "max_curvature_threshold": 7.802983759749043,
  "max_curvature_weight": 0.00018002486788531964,
  "msc_threshold": 2.258431948199769,
  "msc_weight": 1.5444964099709683e-07,
  "JF": 0.0024629700466217708,
  "Jf": 0.002028752751663401,
  "BdotN": 0.00859134757724317,
  "lengths": [
    41.00169021095048,
    39.111570586168455,
    41.33579871362997,
    38.92491526206801,
    39.859064128116636,
    42.19632147951314
  ],
  "length": 242.42936038044667,
  "max_curvatures": [
    5.006016120620609,
    5.565321231718167,
    7.187021257083708,
    6.269926497772496,
    2.60720018059455,
    7.850201014234847
  ],
  "max_max_curvature": 7.850201014234847,
  "coil_coil_distance": 1.0116939167228762,
  "cc_threshold": 1.0960623407270962,
  "cc_weight": 0.02958617537503959,
  "gradient_norm": 0.02460495343065235,
  "linking_number": 0,
  "directory": "ncoils_6_order_10_R1_4.2_length_target_4e+01_weight_0.42_max_curvature_7.8_weight_0.00018_msc_2.3_weight_1.5e-07_cc_1.1_weight_0.03",
  "mean_squared_curvatures": [
    0.35876310835547137,
    0.36653401347426295,
    0.9564665162736016,
    0.6685402224556831,
    0.32642332915624567,
    1.181790607483498
  ],
  "max_mean_squared_curvature": 1.181790607483498,
  "message": "STOP: TOTAL NO. of ITERATIONS REACHED LIMIT",
  "success": false,
  "iterations": 700,
  "function_evaluations": 759,
  "coil_currents": [
    9573606.875512684,
    8255428.527068715,
    7263452.166539871,
    7951395.447405497,
    7355547.482717876,
    8181984.218844436
  ],
  "coil_surface_distance": 1.1090214075295342
}