{
  "nfp": 4,
  "R0": 11.34443056562854,
  "R1": 4.528963401204112,
  "ncoils": 4,
  "order": 13,
  "nphi": 32,
  "ntheta": 32,
  "length_target": 30.717844666203383,
  "length_weight": 9.004027058957092,
  "max_curvature_threshold": 1.5529974628666168,
  "max_curvature_weight": 0.0006635438531821073,
  "msc_threshold": 3.7360370786905768,
  "msc_weight": 6.188336781964967e-05,
  "JF": 0.008210907884653248,
  "Jf": 0.008138148062693635,
  "BdotN": 0.014184382640711988,
  "lengths": [
    32.37150134589244,
    31.19184449875256,
    30.016319449351187,
    29.291804107920225
  ],
  "length": 122.87146940191641,
  "max_curvatures": [
    1.8247333541363124,
    1.8335919988464884,
    1.7743618990128613,
    1.7440940870465924
  ],
  "max_max_curvature": 1.8335919988464884,
  "coil_coil_distance": 1.095701537314391,
  "cc_threshold": 1.1061513707728414,
  "cc_weight": 1.881496326103713,
  "gradient_norm": 0.012165806907815421,
  "linking_number": 0,
  "directory": "ncoils_4_order_13_R1_4.5_length_target_3.1e+01_weight_9.0_max_curvature_1.6_weight_0.00066_msc_3.7_weight_6.2e-05_cc_1.1_weight_1.9",
  "mean_squared_curvatures": [
    0.12570731983877254,
    0.16051245587856114,
    0.21115931891947448,
    0.26263047344199625
  ],
  "max_mean_squared_curvature": 0.26263047344199625,
  "message": "STOP: TOTAL NO. of ITERATIONS REACHED LIMIT",
  "success": false,
  "iterations": 700,
  "function_evaluations": 769,
  "coil_currents": [
    12353492.46551877,
    12276590.926807825,
    12152514.281511582,
    11798817.044250906
  ],
  "coil_surface_distance": 1.2007607602263701
}