{
  "nfp": 4,
  "R0": 11.34443056562854,
  "R1": 4.749955641055539,
  "ncoils": 5,
  "order": 11,
  "nphi": 32,
  "ntheta": 32,
  "length_target": 45.51277090374909,
  "length_weight": 0.2514940115636444,
  "max_curvature_threshold": 7.997077637191166,
  "max_curvature_weight": 3.647621385799242e-06,
  "msc_threshold": 3.798545676966982,
  "msc_weight": 1.792882687887646e-05,
  "JF": 0.004932533960555297,
  "Jf": 0.004839185112963999,
  "BdotN": 0.01083110909869538,
  "lengths": [
    36.76597848631261,
    39.38661346220142,
    41.87015064747858,
    44.8246870043781,
    64.71764125226494
  ],
  "length": 227.56507085263564,
  "max_curvatures": [
    19.851882194538298,
    17.635893936476297,
    22.929718364592354,
    12.941386642435422,
    16.067467232919565
  ],
  "max_max_curvature": 22.929718364592354,
  "coil_coil_distance": 1.07164308105009,
  "cc_threshold": 1.0716913883815375,
  "cc_weight": 361.10064368693554,
  "gradient_norm": 0.12540068538812305,
  "linking_number": 0,
  "directory": "ncoils_5_order_11_R1_4.7_length_target_4.6e+01_weight_0.25_max_curvature_8.0_weight_3.6e-06_msc_3.8_weight_1.8e-05_cc_1.1_weight_3.6e+02",
  "mean_squared_curvatures": [
    3.1012857085353605,
    1.5467814436980725,
    2.5796854650555474,
    1.6671442747480456,
    2.510484580047386
  ],
  "max_mean_squared_curvature": 3.1012857085353605,
  "message": "STOP: TOTAL NO. of ITERATIONS REACHED LIMIT",
  "success": false,
  "iterations": 700,
  "function_evaluations": 1154,
  "coil_currents": [
    9583982.311994262,
    9443679.878450949,
    9611993.98602315,
    9666723.353063839,
    10275035.18855688
  ],
  "coil_surface_distance": 1.128174850631248
}