{
  "nfp": 4,
  "R0": 11.34443056562854,
  "R1": 4.284975569866161,
  "ncoils": 4,
  "order": 5,
  "nphi": 32,
  "ntheta": 32,
  "length_target": 31.23655208102059,
  "length_weight": 4.378474959962538,
  "max_curvature_threshold": 2.2516743208198924,
  "max_curvature_weight": 7.376971413055431e-06,
  "msc_threshold": 2.6185190053398957,
  "msc_weight": 2.2081517317676747e-07,
  "JF": 0.004420741475103444,
  "Jf": 0.004418279950926046,
  "BdotN": 0.01099262855860708,
  "lengths": [
    33.496134678864635,
    32.089893663356456,
    30.569985970419044,
    28.790416809481588
  ],
  "length": 124.94643112212171,
  "max_curvatures": [
    3.095501202164515,
    1.6519498583066359,
    1.9496768775193145,
    3.899565329629379
  ],
  "max_max_curvature": 3.899565329629379,
  "coil_coil_distance": 0.8264134343435139,
  "cc_threshold": 0.8266323584219584,
  "cc_weight": 8.755138171577615,
  "gradient_norm": 0.007210288203212934,
  "linking_number": 0,
  "directory": "ncoils_4_order_5_R1_4.3_length_target_3.1e+01_weight_4.4_max_curvature_2.3_weight_7.4e-06_msc_2.6_weight_2.2e-07_cc_0.83_weight_8.8",
  "mean_squared_curvatures": [
    0.16119262705244014,
    0.1386872534410949,
    0.17097329230022273,
    0.3298836429699279
  ],
  "max_mean_squared_curvature": 0.3298836429699279,
  "message": "STOP: TOTAL NO. of ITERATIONS REACHED LIMIT",
  "success": false,
  "iterations": 700,
  "function_evaluations": 757,
  "coil_currents": [
    12814606.407618176,
    12757149.930830704,
    12346554.248844493,
    10663104.13079571
  ],
  "coil_surface_distance": 1.362841628974254
}