{
  "nfp": 4,
  "R0": 11.34443056562854,
  "R1": 4.323022179964883,
  "ncoils": 3,
  "order": 14,
  "nphi": 32,
  "ntheta": 32,
  "length_target": 37.4646321840336,
  "length_weight": 0.9930069148335067,
  "max_curvature_threshold": 6.557992502545834,
  "max_curvature_weight": 0.004031293768176588,
  "msc_threshold": 2.6400661527745757,
  "msc_weight": 4.1593644610814755e-07,
  "JF": 0.005514960633072855,
  "Jf": 0.005514589720306475,
  "BdotN": 0.012663424380315598,
  "lengths": [
    38.92158011984062,
    37.2440170368796,
    36.229086618921684
  ],
  "length": 112.39468377564191,
  "max_curvatures": [
    6.456885746860652,
    6.5700412305158435,
    6.57596158185298
  ],
  "max_max_curvature": 6.57596158185298,
  "coil_coil_distance": 0.609293782887229,
  "cc_threshold": 0.6096770320094274,
  "cc_weight": 18.34766538908018,
  "gradient_norm": 0.005848561446901794,
  "linking_number": 0,
  "directory": "ncoils_3_order_14_R1_4.3_length_target_3.7e+01_weight_0.99_max_curvature_6.6_weight_0.004_msc_2.6_weight_4.2e-07_cc_0.61_weight_1.8e+01",
  "mean_squared_curvatures": [
    0.1279320119636232,
    0.27873868595025486,
    0.3648967096792927
  ],
  "max_mean_squared_curvature": 0.3648967096792927,
  "message": "STOP: TOTAL NO. of ITERATIONS REACHED LIMIT",
  "success": false,
  "iterations": 700,
  "function_evaluations": 969,
  "coil_currents": [
    16301702.295058636,
    16261889.814876938,
    16017822.608153507
  ],
  "coil_surface_distance": 1.4185613392326817
}