{
  "nfp": 4,
  "R0": 11.34443056562854,
  "R1": 4.437730751910145,
  "ncoils": 4,
  "order": 12,
  "nphi": 32,
  "ntheta": 32,
  "length_target": 31.374455964130632,
  "length_weight": 3.9848200916234644,
  "max_curvature_threshold": 4.009140262143791,
  "max_curvature_weight": 8.05994076570504e-05,
  "msc_threshold": 1.7259053017154926,
  "msc_weight": 9.090489282506479e-07,
  "JF": 0.004082409986618853,
  "Jf": 0.004080064024300629,
  "BdotN": 0.010078303733633026,
  "lengths": [
    33.02648667281762,
    31.756234780938684,
    30.685772654079475,
    30.02949444287056
  ],
  "length": 125.49798855070632,
  "max_curvatures": [
    3.939323720631521,
    4.953050623162893,
    4.1545228530619545,
    3.957474857579613
  ],
  "max_max_curvature": 4.953050623162893,
  "coil_coil_distance": 0.9214536036199341,
  "cc_threshold": 0.9231039651923103,
  "cc_weight": 11.835267167767457,
  "gradient_norm": 0.023412222532508176,
  "linking_number": 0,
  "directory": "ncoils_4_order_12_R1_4.4_length_target_3.1e+01_weight_4.0_max_curvature_4.0_weight_8.1e-05_msc_1.7_weight_9.1e-07_cc_0.92_weight_1.2e+01",
  "mean_squared_curvatures": [
    0.1859174412042926,
    0.16874070974258862,
    0.25517135002163516,
    0.3499076473179191
  ],
  "max_mean_squared_curvature": 0.3499076473179191,
  "message": "STOP: TOTAL NO. of ITERATIONS REACHED LIMIT",
  "success": false,
  "iterations": 700,
  "function_evaluations": 863,
  "coil_currents": [
    12267636.689007254,
    12231092.397322813,
    12118269.037187953,
    11964416.594571061
  ],
  "coil_surface_distance": 1.2946957529199776
}