{
  "nfp": 4,
  "ncoils": 6,
  "R0": 11.34443056562854,
  "R1": 4.487917863531134,
  "order": 6,
  "nphi": 32,
  "ntheta": 32,
  "length_target": 41.274542545979074,
  "length_weight": 9.02942538982058,
  "max_curvature_threshold": 2.8128203201730857,
  "max_curvature_weight": 3.094879642345683e-07,
  "msc_threshold": 1.5091139274666707,
  "msc_weight": 9.70908158081047e-07,
  "JF": 0.003461317710005102,
  "Jf": 0.0034608936495613934,
  "BdotN": 0.015430403815175426,
  "lengths": [
    40.63380985147277,
    41.95902812306371,
    41.707724449292336,
    42.200861646965286,
    38.97555565989143,
    42.17057739161203
  ],
  "length": 247.64755712229754,
  "max_curvatures": [
    1.4165192268118323,
    1.5912442456374765,
    3.3043248259971314,
    1.4560979272822618,
    3.158871410101238,
    3.241498966563172
  ],
  "max_max_curvature": 3.3043248259971314,
  "coil_coil_distance": 0.530660976022231,
  "cc_threshold": 0.5306631040269327,
  "cc_weight": 1871.0729395352366,
  "gradient_norm": 0.07139766480289446,
  "linking_number": 0,
  "directory": "ncoils_6_order_6_R1_4.5_length_target_4.1e+01_weight_9.0_max_curvature_2.8_weight_3.1e-07_msc_1.5_weight_9.7e-07_cc_0.53_weight_1.9e+03",
  "mean_squared_curvatures": [
    0.12959455811412618,
    0.18191430250909543,
    0.19935674239110224,
    0.15214625563897638,
    0.23571728998854666,
    0.29991039138912745
  ],
  "max_mean_squared_curvature": 0.29991039138912745,
  "message": "STOP: TOTAL NO. of ITERATIONS REACHED LIMIT",
  "success": false,
  "iterations": 500,
  "function_evaluations": 1025,
  "coil_currents": [
    8029138.545751695,
    8029494.205928775,
    8031064.474557176,
    8001843.453718948,
    8025926.578857492,
    8463947.459274992
  ],
  "coil_surface_distance": 1.2108653108230019
}