{
  "nfp": 4,
  "R0": 11.34443056562854,
  "R1": 4.632773541272428,
  "ncoils": 6,
  "order": 10,
  "nphi": 32,
  "ntheta": 32,
  "length_target": 28.331879360006095,
  "length_weight": 0.015049064312925041,
  "max_curvature_threshold": 2.9321342890160422,
  "max_curvature_weight": 0.0004719634681790297,
  "msc_threshold": 5.160302862851052,
  "msc_weight": 7.346515216648396e-07,
  "JF": 0.0003214529313585694,
  "Jf": 0.00032141330458267044,
  "BdotN": 0.004897990505569996,
  "lengths": [
    30.13940855159574,
    29.414380115417956,
    28.419284169980315,
    27.81866079437744,
    27.306139517625958,
    26.895568397787386
  ],
  "length": 169.99344154678477,
  "max_curvatures": [
    2.8350780351583653,
    2.94291221792646,
    2.957252305154526,
    2.9237538548884046,
    2.9406399888536803,
    2.782657531545622
  ],
  "max_max_curvature": 2.957252305154526,
  "coil_coil_distance": 0.6783949125312986,
  "cc_threshold": 0.6784214528257565,
  "cc_weight": 60.15062441280983,
  "gradient_norm": 0.0036668662455801126,
  "linking_number": 0,
  "directory": "ncoils_6_order_10_R1_4.6_length_target_2.8e+01_weight_0.015_max_curvature_2.9_weight_0.00047_msc_5.2_weight_7.3e-07_cc_0.68_weight_6e+01",
  "mean_squared_curvatures": [
    0.15957616410153136,
    0.2168142124554757,
    0.23229357284582086,
    0.29688466329984003,
    0.3348959958389676,
    0.31997688489952253
  ],
  "max_mean_squared_curvature": 0.3348959958389676,
  "message": "STOP: TOTAL NO. of ITERATIONS REACHED LIMIT",
  "success": false,
  "iterations": 700,
  "function_evaluations": 892,
  "coil_currents": [
    8226362.719596873,
    8176376.052816221,
    8081267.299153214,
    8053896.0182672795,
    8157101.400264841,
    7886411.22799065
  ],
  "coil_surface_distance": 1.201968987300003
}