{
  "nfp": 4,
  "R0": 11.34443056562854,
  "R1": 4.981234918003971,
  "ncoils": 4,
  "order": 11,
  "nphi": 32,
  "ntheta": 32,
  "length_target": 32.183382141479186,
  "length_weight": 3.8903670398198904,
  "max_curvature_threshold": 7.74635456670537,
  "max_curvature_weight": 0.0004973823594315963,
  "msc_threshold": 3.3892625698553753,
  "msc_weight": 4.876534416776676e-07,
  "JF": 0.007617817514901039,
  "Jf": 0.007336084214252996,
  "BdotN": 0.013345882854923061,
  "lengths": [
    34.34809247663101,
    33.29729604989777,
    31.925087840914745,
    29.16353317378633
  ],
  "length": 128.73400954122985,
  "max_curvatures": [
    7.1637970027815685,
    3.6088313104484717,
    5.217361243889586,
    5.167798568810393
  ],
  "max_max_curvature": 7.1637970027815685,
  "coil_coil_distance": 1.1707350701522006,
  "cc_threshold": 1.1984150291490145,
  "cc_weight": 0.3494561874220285,
  "gradient_norm": 0.031362940540142076,
  "linking_number": 0,
  "directory": "ncoils_4_order_11_R1_5.0_length_target_3.2e+01_weight_3.9_max_curvature_7.7_weight_0.0005_msc_3.4_weight_4.9e-07_cc_1.2_weight_0.35",
  "mean_squared_curvatures": [
    0.14831276939236754,
    0.27011899644972487,
    0.5722248646061286,
    0.514380672205824
  ],
  "max_mean_squared_curvature": 0.5722248646061286,
  "message": "STOP: TOTAL NO. of ITERATIONS REACHED LIMIT",
  "success": false,
  "iterations": 700,
  "function_evaluations": 815,
  "coil_currents": [
    12954858.499066565,
    12843521.70867277,
    12212699.548156347,
    10570334.9621934
  ],
  "coil_surface_distance": 0.9749546693523004
}