{
  "nfp": 4,
  "R0": 11.34443056562854,
  "R1": 4.636955481833533,
  "ncoils": 4,
  "order": 14,
  "nphi": 32,
  "ntheta": 32,
  "length_target": 33.61817144269427,
  "length_weight": 2.1552180225751343,
  "max_curvature_threshold": 5.725395887374532,
  "max_curvature_weight": 3.6638193729693394e-06,
  "msc_threshold": 2.4574477477601553,
  "msc_weight": 5.380173300820028e-06,
  "JF": 0.002897182692783391,
  "Jf": 0.002418457169271958,
  "BdotN": 0.00781853943381308,
  "lengths": [
    35.2574957858925,
    34.15869459515151,
    33.06053051082255,
    31.996197892187304
  ],
  "length": 134.47291878405386,
  "max_curvatures": [
    7.643076490531099,
    8.922905186681673,
    10.954875234392153,
    7.614169152202597
  ],
  "max_max_curvature": 10.954875234392153,
  "coil_coil_distance": 0.973312148994654,
  "cc_threshold": 1.112289951376005,
  "cc_weight": 0.01105221498776022,
  "gradient_norm": 0.010844023930608045,
  "linking_number": 0,
  "directory": "ncoils_4_order_14_R1_4.6_length_target_3.4e+01_weight_2.2_max_curvature_5.7_weight_3.7e-06_msc_2.5_weight_5.4e-06_cc_1.1_weight_0.011",
  "mean_squared_curvatures": [
    0.2913324613790078,
    0.2262588209177148,
    0.7059292647124461,
    0.528620836616884
  ],
  "max_mean_squared_curvature": 0.7059292647124461,
  "message": "CONVERGENCE: REL_REDUCTION_OF_F_<=_FACTR*EPSMCH",
  "success": true,
  "iterations": 658,
  "function_evaluations": 752,
  "coil_currents": [
    12393526.09851507,
    12328911.489627693,
    12090605.208850604,
    11768371.921095721
  ],
  "coil_surface_distance": 1.0560051473786016
}