{
  "nfp": 4,
  "ncoils": 6,
  "R0": 11.34443056562854,
  "R1": 4.487572174322689,
  "order": 11,
  "nphi": 32,
  "ntheta": 32,
  "length_target": 37.696817921555414,
  "length_weight": 0.14546357426337983,
  "max_curvature_threshold": 1.6829508212196704,
  "max_curvature_weight": 4.165230925134412e-06,
  "msc_threshold": 0.8365685676664771,
  "msc_weight": 1.799687696848831e-05,
  "JF": 0.00031232650610317963,
  "Jf": 0.0002879529353709351,
  "BdotN": 0.004433619329135666,
  "lengths": [
    36.094446491189196,
    39.178357769951226,
    35.07675291739574,
    36.35886432098703,
    36.9564464350016,
    42.51660187762217
  ],
  "length": 226.18146981214696,
  "max_curvatures": [
    1.723653171202061,
    6.74124277653324,
    1.8220077841552795,
    2.130722440705402,
    2.5167558946645374,
    4.8002706141882845
  ],
  "max_max_curvature": 6.74124277653324,
  "coil_coil_distance": 0.7351965997795522,
  "cc_threshold": 0.73555524355699,
  "cc_weight": 4.839682359211696,
  "gradient_norm": 0.0030506285973079168,
  "linking_number": 0,
  "directory": "ncoils_6_order_11_R1_4.5_length_target_3.8e+01_weight_0.15_max_curvature_1.7_weight_4.2e-06_msc_0.84_weight_1.8e-05_cc_0.74_weight_4.8",
  "mean_squared_curvatures": [
    0.21397076327565295,
    0.8030649281619885,
    0.15899971346603384,
    0.3312946611431491,
    0.3028203851643131,
    0.7428007015147329
  ],
  "max_mean_squared_curvature": 0.8030649281619885,
  "message": "STOP: TOTAL NO. of ITERATIONS REACHED LIMIT",
  "success": false,
  "iterations": 500,
  "function_evaluations": 554,
  "coil_currents": [
    8249810.506012292,
    8144544.531228414,
    7972267.506269877,
    7973806.267850536,
    7881333.171289923,
    8359652.735438041
  ],
  "coil_surface_distance": 1.2780182269969407
}