{
  "nfp": 4,
  "R0": 11.34443056562854,
  "R1": 4.883066432684558,
  "ncoils": 5,
  "order": 13,
  "nphi": 32,
  "ntheta": 32,
  "length_target": 43.94693489458779,
  "length_weight": 0.8317926701861403,
  "max_curvature_threshold": 6.032065645215356,
  "max_curvature_weight": 0.0006841632896413892,
  "msc_threshold": 2.1430818420408326,
  "msc_weight": 4.331888429296036e-05,
  "JF": 0.0007911157645317407,
  "Jf": 0.0007848741788908696,
  "BdotN": 0.0051795492802325675,
  "lengths": [
    44.16359588024938,
    44.784559688880826,
    43.931005969154626,
    41.05354159167783,
    45.802219424479404
  ],
  "length": 219.73492255444208,
  "max_curvatures": [
    5.790081678764877,
    6.0177075463442335,
    6.095297989955671,
    5.971807094342963,
    6.133495604155648
  ],
  "max_max_curvature": 6.133495604155648,
  "coil_coil_distance": 0.8688613195791617,
  "cc_threshold": 0.8729138867604399,
  "cc_weight": 0.674951500481963,
  "gradient_norm": 0.007834431244186525,
  "linking_number": 0,
  "directory": "ncoils_5_order_13_R1_4.9_length_target_4.4e+01_weight_0.83_max_curvature_6.0_weight_0.00068_msc_2.1_weight_4.3e-05_cc_0.87_weight_0.67",
  "mean_squared_curvatures": [
    0.7352978906348203,
    0.7231308733601451,
    0.9342404094324084,
    0.4378062354494433,
    1.4330658601352515
  ],
  "max_mean_squared_curvature": 1.4330658601352515,
  "message": "STOP: TOTAL NO. of ITERATIONS REACHED LIMIT",
  "success": false,
  "iterations": 700,
  "function_evaluations": 769,
  "coil_currents": [
    9934053.744623031,
    9739879.761621015,
    9663766.266736139,
    9690848.041704219,
    9552866.903404675
  ],
  "coil_surface_distance": 1.2394969567354857
}