{
  "nfp": 4,
  "R0": 11.34443056562854,
  "R1": 4.620554369709968,
  "ncoils": 5,
  "order": 6,
  "nphi": 32,
  "ntheta": 32,
  "length_target": 37.93001534205144,
  "length_weight": 2.2754834892144,
  "max_curvature_threshold": 2.5319060704743874,
  "max_curvature_weight": 2.929796896314728e-06,
  "msc_threshold": 4.288137191656364,
  "msc_weight": 2.41229799107387e-05,
  "JF": 0.0005942410833666575,
  "Jf": 0.0005903850891089805,
  "BdotN": 0.004421092567787237,
  "lengths": [
    40.76130591425996,
    38.077184737155704,
    38.314419860792505,
    37.74100318769405,
    34.75628906738342
  ],
  "length": 189.65020276728563,
  "max_curvatures": [
    1.5928145175777342,
    2.1731692585288274,
    5.146225963432402,
    1.2035049355721017,
    3.730843945822085
  ],
  "max_max_curvature": 5.146225963432402,
  "coil_coil_distance": 0.8122026591162856,
  "cc_threshold": 0.8141312059471323,
  "cc_weight": 0.3576914626393702,
  "gradient_norm": 0.005475528444469761,
  "linking_number": 0,
  "directory": "ncoils_5_order_6_R1_4.6_length_target_3.8e+01_weight_2.3_max_curvature_2.5_weight_2.9e-06_msc_4.3_weight_2.4e-05_cc_0.81_weight_0.36",
  "mean_squared_curvatures": [
    0.15446567190836522,
    0.15981242292126746,
    0.36876447799611545,
    0.13136544131709518,
    0.3250202073640844
  ],
  "max_mean_squared_curvature": 0.36876447799611545,
  "message": "STOP: TOTAL NO. of ITERATIONS REACHED LIMIT",
  "success": false,
  "iterations": 700,
  "function_evaluations": 767,
  "coil_currents": [
    9954343.473481465,
    9850050.924147042,
    9622391.107658383,
    9653392.438425913,
    9501236.77437628
  ],
  "coil_surface_distance": 1.3287884332838529
}