{
  "nfp": 4,
  "R0": 11.34443056562854,
  "R1": 4.1406848566447225,
  "ncoils": 4,
  "order": 11,
  "nphi": 32,
  "ntheta": 32,
  "length_target": 33.38127978432681,
  "length_weight": 0.03559884409040026,
  "max_curvature_threshold": 3.49748398366125,
  "max_curvature_weight": 1.8700636946429282e-06,
  "msc_threshold": 2.4779671627116553,
  "msc_weight": 2.487233576773702e-06,
  "JF": 0.00517686658944193,
  "Jf": 0.005149694388085543,
  "BdotN": 0.010715819235687502,
  "lengths": [
    35.390588592317364,
    32.9522957910799,
    33.60444965100339,
    31.58814477552433
  ],
  "length": 133.535478809925,
  "max_curvatures": [
    14.28566978674907,
    7.4550932243584445,
    7.527479188962204,
    5.832132117525932
  ],
  "max_max_curvature": 14.28566978674907,
  "coil_coil_distance": 1.1660186027814023,
  "cc_threshold": 1.1675706966864887,
  "cc_weight": 28.221061942321455,
  "gradient_norm": 0.33252294231664487,
  "linking_number": 0,
  "directory": "ncoils_4_order_11_R1_4.1_length_target_3.3e+01_weight_0.036_max_curvature_3.5_weight_1.9e-06_msc_2.5_weight_2.5e-06_cc_1.2_weight_2.8e+01",
  "mean_squared_curvatures": [
    1.3955973965082233,
    0.4258311866645921,
    0.4338162680649874,
    0.41943965309974834
  ],
  "max_mean_squared_curvature": 1.3955973965082233,
  "message": "STOP: TOTAL NO. of ITERATIONS REACHED LIMIT",
  "success": false,
  "iterations": 700,
  "function_evaluations": 793,
  "coil_currents": [
    12558626.858343095,
    12457583.277752126,
    12292588.101374345,
    11272616.48061952
  ],
  "coil_surface_distance": 0.800210649884062
}