{
  "nfp": 4,
  "R0": 11.34443056562854,
  "R1": 4.218023984883207,
  "ncoils": 4,
  "order": 9,
  "nphi": 32,
  "ntheta": 32,
  "length_target": 30.302111162603172,
  "length_weight": 11.211061940739334,
  "max_curvature_threshold": 1.5085041851954768,
  "max_curvature_weight": 1.917899350525941e-06,
  "msc_threshold": 5.383356567845319,
  "msc_weight": 1.7727989683393435e-07,
  "JF": 0.00830783526184571,
  "Jf": 0.008281418865263849,
  "BdotN": 0.013477159278871989,
  "lengths": [
    32.17276545980545,
    30.79317222302312,
    29.585927792199186,
    28.657041094276455
  ],
  "length": 121.2089065693042,
  "max_curvatures": [
    9.8652772730635,
    26.159275156423526,
    20.485901951627838,
    2.6668953693473307
  ],
  "max_max_curvature": 26.159275156423526,
  "coil_coil_distance": 1.0553999658470585,
  "cc_threshold": 1.0565753558240687,
  "cc_weight": 20.53943154594858,
  "gradient_norm": 0.06945436192637752,
  "linking_number": 0,
  "directory": "ncoils_4_order_9_R1_4.2_length_target_3e+01_weight_1.1e+01_max_curvature_1.5_weight_1.9e-06_msc_5.4_weight_1.8e-07_cc_1.1_weight_2.1e+01",
  "mean_squared_curvatures": [
    0.1871277666668318,
    0.429446064277385,
    0.796622687967488,
    0.2701735832792746
  ],
  "max_mean_squared_curvature": 0.796622687967488,
  "message": "STOP: TOTAL NO. of ITERATIONS REACHED LIMIT",
  "success": false,
  "iterations": 700,
  "function_evaluations": 769,
  "coil_currents": [
    12518138.367418775,
    12411603.170060245,
    12180182.21918004,
    11471490.96143002
  ],
  "coil_surface_distance": 1.2299287438288788
}