{
  "nfp": 4,
  "R0": 11.34443056562854,
  "R1": 4.79215565306002,
  "ncoils": 5,
  "order": 14,
  "nphi": 32,
  "ntheta": 32,
  "length_target": 31.02444842198093,
  "length_weight": 0.011044682756916167,
  "max_curvature_threshold": 4.277544972281487,
  "max_curvature_weight": 0.0002920945389378327,
  "msc_threshold": 1.9327004021543917,
  "msc_weight": 4.6583427392683864e-05,
  "JF": 0.0017611130362060101,
  "Jf": 0.0017192953068779398,
  "BdotN": 0.006624213897010539,
  "lengths": [
    31.659799500666484,
    31.657455712506422,
    30.94591617704496,
    31.685450832250154,
    29.183431279255622
  ],
  "length": 155.13205350172365,
  "max_curvatures": [
    3.9763432577769944,
    4.346570212033267,
    3.6691651997919634,
    4.538988243397751,
    4.399175550577925
  ],
  "max_max_curvature": 4.538988243397751,
  "coil_coil_distance": 0.9633970134603709,
  "cc_threshold": 0.9834808386563111,
  "cc_weight": 0.2572866870171717,
  "gradient_norm": 0.001787131382627019,
  "linking_number": 0,
  "directory": "ncoils_5_order_14_R1_4.8_length_target_3.1e+01_weight_0.011_max_curvature_4.3_weight_0.00029_msc_1.9_weight_4.7e-05_cc_0.98_weight_0.26",
  "mean_squared_curvatures": [
    0.23016293330923535,
    0.7304449632354313,
    0.3065868689336694,
    0.8100794875311248,
    0.7593649415926575
  ],
  "max_mean_squared_curvature": 0.8100794875311248,
  "message": "CONVERGENCE: REL_REDUCTION_OF_F_<=_FACTR*EPSMCH",
  "success": true,
  "iterations": 522,
  "function_evaluations": 720,
  "coil_currents": [
    9911916.767860426,
    9794703.419104312,
    9836369.90028513,
    9979139.888918797,
    9059284.741920419
  ],
  "coil_surface_distance": 1.0344657823656682
}