{
  "nfp": 4,
  "R0": 11.34443056562854,
  "R1": 4.380786709083125,
  "ncoils": 6,
  "order": 6,
  "nphi": 32,
  "ntheta": 32,
  "length_target": 28.90104344376875,
  "length_weight": 0.16220373176312236,
  "max_curvature_threshold": 0.13999006341606274,
  "max_curvature_weight": 2.457695751481792e-06,
  "msc_threshold": 3.0707856793103336,
  "msc_weight": 1.33053293256661e-06,
  "JF": 0.0002798534452013756,
  "Jf": 0.00025617586544618356,
  "BdotN": 0.004107377526343497,
  "lengths": [
    31.714320219883252,
    30.587605502151252,
    29.512581399465773,
    28.5383812567372,
    27.698434474084877,
    25.355506608127463
  ],
  "length": 173.4068294604498,
  "max_curvatures": [
    0.8578818491059089,
    1.4732207285053862,
    1.5797223124075983,
    2.6364289511444703,
    2.298611950753517,
    1.8816405065939203
  ],
  "max_max_curvature": 2.6364289511444703,
  "coil_coil_distance": 0.6330401067437512,
  "cc_threshold": 0.6342397490411495,
  "cc_weight": 0.2642852784560419,
  "gradient_norm": 0.0014792483837173767,
  "linking_number": 0,
  "directory": "ncoils_6_order_6_R1_4.4_length_target_2.9e+01_weight_0.16_max_curvature_0.14_weight_2.5e-06_msc_3.1_weight_1.3e-06_cc_0.63_weight_0.26",
  "mean_squared_curvatures": [
    0.12106640530465546,
    0.11996130179721866,
    0.14910432630294546,
    0.21697491349065073,
    0.2519307462197068,
    0.2707590522756799
  ],
  "max_mean_squared_curvature": 0.2707590522756799,
  "message": "STOP: TOTAL NO. of ITERATIONS REACHED LIMIT",
  "success": false,
  "iterations": 700,
  "function_evaluations": 724,
  "coil_currents": [
    8826925.030840496,
    8721757.4239815,
    8582990.133946987,
    8233048.697845746,
    8304555.817188802,
    5912137.614285551
  ],
  "coil_surface_distance": 1.0585455277878446
}