{
  "nfp": 4,
  "R0": 11.34443056562854,
  "R1": 4.171812876455802,
  "ncoils": 4,
  "order": 15,
  "nphi": 32,
  "ntheta": 32,
  "length_target": 28.30320404126882,
  "length_weight": 11.035826558197883,
  "max_curvature_threshold": 2.9510342463503543,
  "max_curvature_weight": 0.0017069739844379449,
  "msc_threshold": 0.7174371679539259,
  "msc_weight": 2.525948331903941e-07,
  "JF": 0.023463636814932208,
  "Jf": 0.02345900119459559,
  "BdotN": 0.0244403590460478,
  "lengths": [
    29.710354199896486,
    28.61015669558279,
    27.595254401535662,
    27.29724734770691
  ],
  "length": 113.21301264472184,
  "max_curvatures": [
    3.4713940629630784,
    3.2895806095881395,
    2.7929317499853923,
    2.567949419416344
  ],
  "max_max_curvature": 3.4713940629630784,
  "coil_coil_distance": 1.0853396278491538,
  "cc_threshold": 1.0856424859136604,
  "cc_weight": 688.9611014249092,
  "gradient_norm": 0.8778635523965641,
  "linking_number": 0,
  "directory": "ncoils_4_order_15_R1_4.2_length_target_2.8e+01_weight_1.1e+01_max_curvature_3.0_weight_0.0017_msc_0.72_weight_2.5e-07_cc_1.1_weight_6.9e+02",
  "mean_squared_curvatures": [
    0.18440216584355032,
    0.1724979823177669,
    0.24786240045363944,
    0.2761838488641262
  ],
  "max_mean_squared_curvature": 0.2761838488641262,
  "message": "STOP: TOTAL NO. of ITERATIONS REACHED LIMIT",
  "success": false,
  "iterations": 700,
  "function_evaluations": 853,
  "coil_currents": [
    12250403.627893163,
    12167106.208463622,
    12123062.306035686,
    12040842.57569661
  ],
  "coil_surface_distance": 1.1862822929061723
}