{
  "nfp": 4,
  "R0": 11.34443056562854,
  "R1": 4.718536038078395,
  "ncoils": 6,
  "order": 13,
  "nphi": 32,
  "ntheta": 32,
  "length_target": 43.25371675959594,
  "length_weight": 5.143498628748136,
  "max_curvature_threshold": 2.6461288900199977,
  "max_curvature_weight": 1.8090883248654362e-06,
  "msc_threshold": 1.679107323567222,
  "msc_weight": 1.9908937445200764e-05,
  "JF": 0.03011947475450609,
  "Jf": 0.029796026557444538,
  "BdotN": 0.03320953316457725,
  "lengths": [
    43.53939492505048,
    42.174582868649765,
    37.92239300086665,
    38.58937955753771,
    52.22462126322223,
    45.07359903037967
  ],
  "length": 259.5239706457065,
  "max_curvatures": [
    8.167125827149114,
    26.24151463600926,
    22.2763488066087,
    37.896672626312935,
    25.05693120528475,
    10.996358215259557
  ],
  "max_max_curvature": 37.896672626312935,
  "coil_coil_distance": 1.125377429328004,
  "cc_threshold": 1.125758324095874,
  "cc_weight": 679.1858606570578,
  "gradient_norm": 0.746322596193696,
  "linking_number": 0,
  "directory": "ncoils_6_order_13_R1_4.7_length_target_4.3e+01_weight_5.1_max_curvature_2.6_weight_1.8e-06_msc_1.7_weight_2e-05_cc_1.1_weight_6.8e+02",
  "mean_squared_curvatures": [
    0.9859034952609304,
    3.6427923429519042,
    1.3917360181152907,
    1.5975725942647723,
    3.1362069830868515,
    1.2058790068076566
  ],
  "max_mean_squared_curvature": 3.6427923429519042,
  "message": "STOP: TOTAL NO. of ITERATIONS REACHED LIMIT",
  "success": false,
  "iterations": 700,
  "function_evaluations": 983,
  "coil_currents": [
    7520202.261767137,
    8160552.921749598,
    7712501.254083306,
    7777125.465944821,
    8283335.206576169,
    9127697.607968055
  ],
  "coil_surface_distance": 0.9511361194982695
}