{
  "nfp": 4,
  "R0": 11.34443056562854,
  "R1": 4.48344458387189,
  "ncoils": 6,
  "order": 12,
  "nphi": 32,
  "ntheta": 32,
  "length_target": 36.752809636227425,
  "length_weight": 0.19550660333263614,
  "max_curvature_threshold": 2.3637018986346217,
  "max_curvature_weight": 4.348676320019301e-05,
  "msc_threshold": 5.713643328153351,
  "msc_weight": 2.0864008792947258e-05,
  "JF": 0.20714767990660107,
  "Jf": 0.20016624527074883,
  "BdotN": 0.13790859019061089,
  "lengths": [
    41.801320909520854,
    44.348119559196505,
    36.52437340753549,
    27.344056229518998,
    29.49596596032527,
    41.003549775370715
  ],
  "length": 220.51738584146784,
  "max_curvatures": [
    13.156234372153662,
    21.496204688684255,
    21.431188406784422,
    33.760419235444864,
    13.63733506153401,
    27.507324636323567
  ],
  "max_max_curvature": 33.760419235444864,
  "coil_coil_distance": 1.1452351028597387,
  "cc_threshold": 1.146234308292922,
  "cc_weight": 873.9362597929097,
  "gradient_norm": 1.5802374585826797,
  "linking_number": 0,
  "directory": "ncoils_6_order_12_R1_4.5_length_target_3.7e+01_weight_0.2_max_curvature_2.4_weight_4.3e-05_msc_5.7_weight_2.1e-05_cc_1.1_weight_8.7e+02",
  "mean_squared_curvatures": [
    1.5915711920142068,
    1.691976318460457,
    3.282145165917849,
    7.322668279173596,
    2.9762918778560907,
    4.663567994875762
  ],
  "max_mean_squared_curvature": 7.322668279173596,
  "message": "STOP: TOTAL NO. of ITERATIONS REACHED LIMIT",
  "success": false,
  "iterations": 700,
  "function_evaluations": 855,
  "coil_currents": [
    8157626.926315355,
    8671540.75825236,
    7497975.263204242,
    7922384.123777986,
    8190491.069341389,
    8141396.577197745
  ],
  "coil_surface_distance": 0.0389385066195722
}