{
  "nfp": 4,
  "ncoils": 6,
  "R0": 11.34443056562854,
  "R1": 4.3432957592653425,
  "order": 12,
  "nphi": 32,
  "ntheta": 32,
  "length_target": 40.59544489172207,
  "length_weight": 0.8346394658395981,
  "max_curvature_threshold": 0.8308440807830606,
  "max_curvature_weight": 6.126403912196022e-06,
  "msc_threshold": 3.612470484815615,
  "msc_weight": 9.179197374879515e-06,
  "JF": 0.011962429407982644,
  "Jf": 0.009448388325124943,
  "BdotN": 0.016770297944167668,
  "lengths": [
    35.065656510193804,
    36.921605235434235,
    47.731299464227746,
    36.12530284882138,
    46.94167221596911,
    40.78457498233909
  ],
  "length": 243.57011125698537,
  "max_curvatures": [
    18.627714443391696,
    29.917218054740147,
    17.035369151752693,
    16.45654887911161,
    28.309714107999625,
    21.357061327344127
  ],
  "max_max_curvature": 29.917218054740147,
  "coil_coil_distance": 0.8086388065216408,
  "cc_threshold": 0.8086826202865185,
  "cc_weight": 8193.33205387747,
  "gradient_norm": 0.5212089512755641,
  "linking_number": 0,
  "directory": "ncoils_6_order_12_R1_4.3_length_target_4.1e+01_weight_0.83_max_curvature_0.83_weight_6.1e-06_msc_3.6_weight_9.2e-06_cc_0.81_weight_8.2e+03",
  "mean_squared_curvatures": [
    4.976438684808718,
    4.345586012654874,
    3.5146386814845316,
    3.9309672990864177,
    5.8316006423782545,
    4.907869481576057
  ],
  "max_mean_squared_curvature": 5.8316006423782545,
  "message": "STOP: TOTAL NO. of ITERATIONS REACHED LIMIT",
  "success": false,
  "iterations": 700,
  "function_evaluations": 1395,
  "coil_currents": [
    8056016.033994304,
    8117950.70198343,
    8122792.697573004,
    8111248.4316305,
    8112446.05480967,
    8060960.798098177
  ],
  "coil_surface_distance": 0.7728430306359871
}