{
  "nfp": 4,
  "R0": 11.34443056562854,
  "R1": 4.3619231978044235,
  "ncoils": 5,
  "order": 8,
  "nphi": 32,
  "ntheta": 32,
  "length_target": 42.44445597652496,
  "length_weight": 0.5368940441175595,
  "max_curvature_threshold": 2.253698310254242,
  "max_curvature_weight": 2.7670352851817268e-05,
  "msc_threshold": 7.690493746907176,
  "msc_weight": 7.675979383852594e-05,
  "JF": 6.800444954352012,
  "Jf": 6.478817723682925,
  "BdotN": 0.3877701146416686,
  "lengths": [
    51.15209844461876,
    44.46524586155208,
    38.99905205900068,
    38.97594292825096,
    38.634795142289086
  ],
  "length": 212.22713443571155,
  "max_curvatures": [
    26.06183047665239,
    65.63002716241346,
    7.2413933285952385,
    4.218557149596243,
    5.081609332857381
  ],
  "max_max_curvature": 65.63002716241346,
  "coil_coil_distance": 0.12218781812993919,
  "cc_threshold": 1.1555703028068278,
  "cc_weight": 0.24871199092873045,
  "gradient_norm": 3.451500478656967,
  "linking_number": 0,
  "directory": "ncoils_5_order_8_R1_4.4_length_target_4.2e+01_weight_0.54_max_curvature_2.3_weight_2.8e-05_msc_7.7_weight_7.7e-05_cc_1.2_weight_0.25",
  "mean_squared_curvatures": [
    1.774781856325309,
    3.487989967660752,
    0.4701319744491264,
    0.4339364693688917,
    0.43173327935771116
  ],
  "max_mean_squared_curvature": 3.487989967660752,
  "message": "ABNORMAL_TERMINATION_IN_LNSRCH",
  "success": false,
  "iterations": 26,
  "function_evaluations": 119,
  "coil_currents": [
    8908396.206214156,
    9106143.133618297,
    9410956.635703394,
    9619605.772154957,
    11536312.970398277
  ],
  "coil_surface_distance": 0.7714710765803514
}