{
  "nfp": 4,
  "R0": 11.34443056562854,
  "R1": 4.95686648177007,
  "ncoils": 5,
  "order": 10,
  "nphi": 32,
  "ntheta": 32,
  "length_target": 43.054495944339045,
  "length_weight": 0.02827715142606933,
  "max_curvature_threshold": 7.146352919493789,
  "max_curvature_weight": 1.6620020050071952e-06,
  "msc_threshold": 0.9463258725138397,
  "msc_weight": 1.1678112130793155e-05,
  "JF": 0.0008357293977343189,
  "Jf": 0.000806827863235541,
  "BdotN": 0.005178658924773153,
  "lengths": [
    42.8258333592935,
    42.9103946669636,
    40.03327294277458,
    45.43263313074274,
    44.07044701917007
  ],
  "length": 215.2725811189445,
  "max_curvatures": [
    6.264115789437606,
    20.4098704281177,
    4.78483433795562,
    12.726578154043297,
    6.1244027375244805
  ],
  "max_max_curvature": 20.4098704281177,
  "coil_coil_distance": 0.943381349716831,
  "cc_threshold": 0.9441852500746214,
  "cc_weight": 3.9530576645349993,
  "gradient_norm": 0.004463375648935664,
  "linking_number": 0,
  "directory": "ncoils_5_order_10_R1_5.0_length_target_4.3e+01_weight_0.028_max_curvature_7.1_weight_1.7e-06_msc_0.95_weight_1.2e-05_cc_0.94_weight_4.0",
  "mean_squared_curvatures": [
    0.9396212077657679,
    2.0999932845922866,
    0.3850094506787246,
    1.5658280160341782,
    1.0364389453301162
  ],
  "max_mean_squared_curvature": 2.0999932845922866,
  "message": "STOP: TOTAL NO. of ITERATIONS REACHED LIMIT",
  "success": false,
  "iterations": 700,
  "function_evaluations": 810,
  "coil_currents": [
    9735927.157236796,
    9646613.702009186,
    9496271.517640734,
    9661205.880957685,
    10041396.460244678
  ],
  "coil_surface_distance": 1.1952638936922462
}