{
  "nfp": 4,
  "R0": 11.34443056562854,
  "R1": 4.302873289644472,
  "ncoils": 5,
  "order": 8,
  "nphi": 32,
  "ntheta": 32,
  "length_target": 30.452360549679828,
  "length_weight": 5.0917355410841205,
  "max_curvature_threshold": 5.445480985412632,
  "max_curvature_weight": 8.847519627186454e-06,
  "msc_threshold": 4.746084478879021,
  "msc_weight": 8.173107090592945e-05,
  "JF": 0.002871654456547474,
  "Jf": 0.002833163486346272,
  "BdotN": 0.008279044393814196,
  "lengths": [
    32.55046933147816,
    31.08806942417591,
    30.933655081253377,
    30.333285472427775,
    27.35617788979636
  ],
  "length": 152.26165719913158,
  "max_curvatures": [
    8.997914492087405,
    6.382228122822965,
    6.61217739897051,
    3.3685264064388503,
    7.765928985968369
  ],
  "max_max_curvature": 8.997914492087405,
  "coil_coil_distance": 1.049441555265537,
  "cc_threshold": 1.058520478092587,
  "cc_weight": 0.811881697321868,
  "gradient_norm": 0.017470486288531453,
  "linking_number": 0,
  "directory": "ncoils_5_order_8_R1_4.3_length_target_3e+01_weight_5.1_max_curvature_5.4_weight_8.8e-06_msc_4.7_weight_8.2e-05_cc_1.1_weight_0.81",
  "mean_squared_curvatures": [
    0.3190646433533222,
    0.22045524526407567,
    0.5618497032932973,
    0.3199874052086272,
    0.4895288482869575
  ],
  "max_mean_squared_curvature": 0.5618497032932973,
  "message": "STOP: TOTAL NO. of ITERATIONS REACHED LIMIT",
  "success": false,
  "iterations": 700,
  "function_evaluations": 754,
  "coil_currents": [
    10701047.555827642,
    10182024.30961363,
    9928463.336704215,
    9978662.723152583,
    7791216.792791009
  ],
  "coil_surface_distance": 1.054088687861708
}