{
  "nfp": 4,
  "R0": 11.34443056562854,
  "R1": 4.207713203562251,
  "ncoils": 6,
  "order": 6,
  "nphi": 32,
  "ntheta": 32,
  "length_target": 33.292671688736824,
  "length_weight": 2.7421434840426175,
  "max_curvature_threshold": 7.816494925230559,
  "max_curvature_weight": 0.0008415155546550241,
  "msc_threshold": 1.8377733267455492,
  "msc_weight": 3.180826723764819e-05,
  "JF": 0.0013561691927620064,
  "Jf": 0.001354233799097168,
  "BdotN": 0.008737331575057591,
  "lengths": [
    32.93300237432861,
    33.03465604970095,
    33.84739204670165,
    32.84004460045141,
    33.931529164411906,
    33.169566378408796
  ],
  "length": 199.75619061400334,
  "max_curvatures": [
    1.2274089367404917,
    4.792123878473045,
    8.00590423450383,
    7.467567806195393,
    5.327292854282556,
    3.908006930397927
  ],
  "max_max_curvature": 8.00590423450383,
  "coil_coil_distance": 0.8600029843526956,
  "cc_threshold": 0.8603128312764037,
  "cc_weight": 75.2867591816757,
  "gradient_norm": 0.01695909441322301,
  "linking_number": 0,
  "directory": "ncoils_6_order_6_R1_4.2_length_target_3.3e+01_weight_2.7_max_curvature_7.8_weight_0.00084_msc_1.8_weight_3.2e-05_cc_0.86_weight_7.5e+01",
  "mean_squared_curvatures": [
    0.14808017142155566,
    0.23800149847875013,
    0.9390017419587562,
    0.47492121773298634,
    0.5919668697416507,
    0.3648753165927907
  ],
  "max_mean_squared_curvature": 0.9390017419587562,
  "message": "STOP: TOTAL NO. of ITERATIONS REACHED LIMIT",
  "success": false,
  "iterations": 700,
  "function_evaluations": 879,
  "coil_currents": [
    7969479.721848113,
    7879523.852759634,
    8013523.938835823,
    8056144.50095489,
    8242802.397954629,
    8419940.30573599
  ],
  "coil_surface_distance": 1.0655014745004525
}