{
  "nfp": 4,
  "R0": 11.34443056562854,
  "R1": 4.200220309114746,
  "ncoils": 6,
  "order": 6,
  "nphi": 32,
  "ntheta": 32,
  "length_target": 41.77697795842329,
  "length_weight": 0.012161225331966062,
  "max_curvature_threshold": 2.962475679858832,
  "max_curvature_weight": 0.0007075915817631637,
  "msc_threshold": 1.0235242421201023,
  "msc_weight": 9.378064684940205e-07,
  "JF": 32.00233888360331,
  "Jf": 0.0022919256784034924,
  "BdotN": 0.00785215534480343,
  "lengths": [
    45.13250015408886,
    40.36183853552586,
    35.27632933189932,
    49.04221430513702,
    37.10288019571268,
    43.75098408880605
  ],
  "length": 250.6667466111698,
  "max_curvatures": [
    3.293905740132304,
    3.301988157133059,
    2.2160527511434323,
    3.4642945163987635,
    2.7099829066828724,
    2.842312512154463
  ],
  "max_max_curvature": 3.4642945163987635,
  "coil_coil_distance": 0.8138674638774206,
  "cc_threshold": 0.8155959974480486,
  "cc_weight": 1.7938580375415352,
  "gradient_norm": 0.16075491177138918,
  "linking_number": 32,
  "directory": "ncoils_6_order_6_R1_4.2_length_target_4.2e+01_weight_0.012_max_curvature_3.0_weight_0.00071_msc_1.0_weight_9.4e-07_cc_0.82_weight_1.8",
  "mean_squared_curvatures": [
    0.36982647591371304,
    0.6030634678771907,
    0.30446374312391067,
    0.47613979767643455,
    0.37488718304031615,
    0.41480301297377165
  ],
  "max_mean_squared_curvature": 0.6030634678771907,
  "message": "STOP: TOTAL NO. of ITERATIONS REACHED LIMIT",
  "success": false,
  "iterations": 700,
  "function_evaluations": 1129,
  "coil_currents": [
    8177424.678882444,
    7771395.068490124,
    7596724.456349314,
    7722032.624336143,
    7534607.397815615,
    9779230.492215447
  ],
  "coil_surface_distance": 0.8179430402873475
}