{
  "nfp": 4,
  "R0": 11.34443056562854,
  "R1": 4.312306753550718,
  "ncoils": 4,
  "order": 13,
  "nphi": 32,
  "ntheta": 32,
  "length_target": 31.81519791816661,
  "length_weight": 15.565448505706026,
  "max_curvature_threshold": 0.8842899405786164,
  "max_curvature_weight": 3.177720915163882e-05,
  "msc_threshold": 6.122147405259379,
  "msc_weight": 1.8118749896972504e-06,
  "JF": 0.00309951175429127,
  "Jf": 0.0030620271509057893,
  "BdotN": 0.00936501699200584,
  "lengths": [
    33.387179484924296,
    32.14756924306179,
    31.097682043585543,
    30.628587050020332
  ],
  "length": 127.26101782159195,
  "max_curvatures": [
    2.3299517890279193,
    4.2399073908921014,
    2.158431814767979,
    2.2246354232888867
  ],
  "max_max_curvature": 4.2399073908921014,
  "coil_coil_distance": 0.6954660951320679,
  "cc_threshold": 0.6955816427682852,
  "cc_weight": 153.56712716081526,
  "gradient_norm": 0.05124878005849635,
  "linking_number": 0,
  "directory": "ncoils_4_order_13_R1_4.3_length_target_3.2e+01_weight_1.6e+01_max_curvature_0.88_weight_3.2e-05_msc_6.1_weight_1.8e-06_cc_0.7_weight_1.5e+02",
  "mean_squared_curvatures": [
    0.161707451156983,
    0.1308765835111316,
    0.21274836805500072,
    0.2426543602228734
  ],
  "max_mean_squared_curvature": 0.2426543602228734,
  "message": "STOP: TOTAL NO. of ITERATIONS REACHED LIMIT",
  "success": false,
  "iterations": 700,
  "function_evaluations": 822,
  "coil_currents": [
    12272904.952575492,
    12211577.315064594,
    12121497.990028687,
    11975434.46042031
  ],
  "coil_surface_distance": 1.4214108042264513
}