{
  "nfp": 4,
  "R0": 11.34443056562854,
  "R1": 4.468149676765148,
  "ncoils": 6,
  "order": 12,
  "nphi": 32,
  "ntheta": 32,
  "length_target": 41.14638068665184,
  "length_weight": 2.6180211597791216,
  "max_curvature_threshold": 2.152374813112151,
  "max_curvature_weight": 1.322085444707032e-05,
  "msc_threshold": 2.360738169485385,
  "msc_weight": 5.201373447673077e-05,
  "JF": 0.008492888280668225,
  "Jf": 0.006325268049673467,
  "BdotN": 0.014277305539403427,
  "lengths": [
    33.351374411304946,
    35.46792979763385,
    37.83426232623673,
    40.49832841671429,
    43.09303209781076,
    56.633640775063796
  ],
  "length": 246.8785678247644,
  "max_curvatures": [
    13.142171713535598,
    14.038728926318925,
    10.236984988280899,
    11.362898184152826,
    15.847087539890733,
    15.492342112543602
  ],
  "max_max_curvature": 15.847087539890733,
  "coil_coil_distance": 0.9000491547932616,
  "cc_threshold": 0.9028973549614611,
  "cc_weight": 62.23964889860641,
  "gradient_norm": 9.570091099096459,
  "linking_number": 0,
  "directory": "ncoils_6_order_12_R1_4.5_length_target_4.1e+01_weight_2.6_max_curvature_2.2_weight_1.3e-05_msc_2.4_weight_5.2e-05_cc_0.9_weight_6.2e+01",
  "mean_squared_curvatures": [
    3.170335199104303,
    2.4948464856576953,
    2.981355761340341,
    3.901135591243644,
    4.222120185977024,
    2.386077398226475
  ],
  "max_mean_squared_curvature": 4.222120185977024,
  "message": "STOP: TOTAL NO. of ITERATIONS REACHED LIMIT",
  "success": false,
  "iterations": 700,
  "function_evaluations": 842,
  "coil_currents": [
    7795975.839505483,
    7875812.425802816,
    7898238.016837629,
    7969437.725544586,
    8050316.937260158,
    8991633.773138411
  ],
  "coil_surface_distance": 0.9668661057132675
}