{
  "nfp": 4,
  "R0": 11.34443056562854,
  "R1": 4.930007840784811,
  "ncoils": 5,
  "order": 7,
  "nphi": 32,
  "ntheta": 32,
  "length_target": 32.936018107432666,
  "length_weight": 9.220334172854411,
  "max_curvature_threshold": 2.9188430132500707,
  "max_curvature_weight": 2.205449098321455e-05,
  "msc_threshold": 3.924014808403113,
  "msc_weight": 2.621477156122884e-06,
  "JF": 0.0030707205464872585,
  "Jf": 0.002947655709625666,
  "BdotN": 0.010878439036703056,
  "lengths": [
    33.77506633642338,
    32.741760790986454,
    32.813598425906825,
    32.438750723971346,
    32.910467856537906
  ],
  "length": 164.67964413382592,
  "max_curvatures": [
    4.975640556823446,
    5.082303039462436,
    4.510996511827888,
    1.988040685903888,
    9.73794781426369
  ],
  "max_max_curvature": 9.73794781426369,
  "coil_coil_distance": 0.9449854025832197,
  "cc_threshold": 0.945027787161894,
  "cc_weight": 1941.1631618246054,
  "gradient_norm": 0.12053423259652983,
  "linking_number": 0,
  "directory": "ncoils_5_order_7_R1_4.9_length_target_3.3e+01_weight_9.2_max_curvature_2.9_weight_2.2e-05_msc_3.9_weight_2.6e-06_cc_0.95_weight_1.9e+03",
  "mean_squared_curvatures": [
    0.5746352689660778,
    0.3141560765818759,
    0.37821095782855785,
    0.2396376858084648,
    1.172469308197457
  ],
  "max_mean_squared_curvature": 1.172469308197457,
  "message": "STOP: TOTAL NO. of ITERATIONS REACHED LIMIT",
  "success": false,
  "iterations": 700,
  "function_evaluations": 1029,
  "coil_currents": [
    9870597.040211476,
    9924560.601028612,
    9855624.588210836,
    9818210.212562235,
    9112422.276075922
  ],
  "coil_surface_distance": 1.093333975716741
}