{
  "nfp": 4,
  "R0": 11.34443056562854,
  "R1": 4.876529762490817,
  "ncoils": 5,
  "order": 8,
  "nphi": 32,
  "ntheta": 32,
  "length_target": 46.66640147394238,
  "length_weight": 0.37262121228690165,
  "max_curvature_threshold": 3.3073269944747428,
  "max_curvature_weight": 0.008107604206927153,
  "msc_threshold": 2.5058552639651634,
  "msc_weight": 1.1996805455316563e-06,
  "JF": 0.031269642233236965,
  "Jf": 0.03030402476786882,
  "BdotN": 0.03789396540846233,
  "lengths": [
    43.54980161655996,
    48.73713161475624,
    42.806259580358315,
    46.84115876585017,
    51.39870423373571
  ],
  "length": 233.33305581126038,
  "max_curvatures": [
    3.2986968849169758,
    3.935237979723634,
    1.2671737762519568,
    3.7151439904985737,
    4.010798277086638
  ],
  "max_max_curvature": 4.010798277086638,
  "coil_coil_distance": 1.105220317685918,
  "cc_threshold": 1.1169974954465687,
  "cc_weight": 157.4651333789102,
  "gradient_norm": 20.24013749792583,
  "linking_number": 0,
  "directory": "ncoils_5_order_8_R1_4.9_length_target_4.7e+01_weight_0.37_max_curvature_3.3_weight_0.0081_msc_2.5_weight_1.2e-06_cc_1.1_weight_1.6e+02",
  "mean_squared_curvatures": [
    0.6157480403252454,
    0.6725244659709726,
    0.15165785730231493,
    0.6459076692009983,
    0.6627994031081887
  ],
  "max_mean_squared_curvature": 0.6725244659709726,
  "message": "STOP: TOTAL NO. of ITERATIONS REACHED LIMIT",
  "success": false,
  "iterations": 700,
  "function_evaluations": 987,
  "coil_currents": [
    9471347.620698968,
    9081148.468355345,
    9382627.849703697,
    9715486.732552722,
    10930804.046778351
  ],
  "coil_surface_distance": 0.18004946448279405
}