{
  "nfp": 4,
  "R0": 11.34443056562854,
  "R1": 4.117258780630393,
  "ncoils": 4,
  "order": 14,
  "nphi": 32,
  "ntheta": 32,
  "length_target": 35.58195681211534,
  "length_weight": 0.05048246503585389,
  "max_curvature_threshold": 0.2082637155725706,
  "max_curvature_weight": 0.00019412007003083632,
  "msc_threshold": 7.797077233563753,
  "msc_weight": 2.43387877407655e-05,
  "JF": 0.00673768924564443,
  "Jf": 0.00543964405517858,
  "BdotN": 0.015047191100895236,
  "lengths": [
    36.26550252515812,
    35.397587892729256,
    35.38686654707219,
    35.281488204354396
  ],
  "length": 142.33144516931395,
  "max_curvatures": [
    0.9062493745695666,
    1.3454032835657441,
    1.0481009601387605,
    1.8348150086101855
  ],
  "max_max_curvature": 1.8348150086101855,
  "coil_coil_distance": 1.151210938858658,
  "cc_threshold": 1.162622874337898,
  "cc_weight": 1.5235630316208182,
  "gradient_norm": 0.02407295922549073,
  "linking_number": 0,
  "directory": "ncoils_4_order_14_R1_4.1_length_target_3.6e+01_weight_0.05_max_curvature_0.21_weight_0.00019_msc_7.8_weight_2.4e-05_cc_1.2_weight_1.5",
  "mean_squared_curvatures": [
    0.11918208371497163,
    0.18296247827427828,
    0.20705082496896549,
    0.2856814384581868
  ],
  "max_mean_squared_curvature": 0.2856814384581868,
  "message": "STOP: TOTAL NO. of ITERATIONS REACHED LIMIT",
  "success": false,
  "iterations": 700,
  "function_evaluations": 851,
  "coil_currents": [
    11979222.895234063,
    12230652.98961012,
    12159099.758516064,
    12212439.074728832
  ],
  "coil_surface_distance": 1.239511659399699
}