{
  "nfp": 4,
  "R0": 11.34443056562854,
  "R1": 4.424312102392799,
  "ncoils": 6,
  "order": 10,
  "nphi": 32,
  "ntheta": 32,
  "length_target": 46.32204718805812,
  "length_weight": 0.29492908820756814,
  "max_curvature_threshold": 7.289879643713375,
  "max_curvature_weight": 5.3223289053979024e-05,
  "msc_threshold": 4.905403488494652,
  "msc_weight": 2.087468573306596e-05,
  "JF": 0.0002240986558055122,
  "Jf": 0.00022393279399622455,
  "BdotN": 0.003948433856780713,
  "lengths": [
    48.98449038084563,
    45.75625101614042,
    46.79057161562522,
    46.00744718563493,
    42.25213727765871,
    48.1417300560347
  ],
  "length": 277.9326275319396,
  "max_curvatures": [
    7.004841612947868,
    7.474159833559465,
    4.2359063645944595,
    7.373486950347353,
    7.300349306621626,
    7.221212586528889
  ],
  "max_max_curvature": 7.474159833559465,
  "coil_coil_distance": 0.6660957021991978,
  "cc_threshold": 0.6665564612913214,
  "cc_weight": 0.5597094985712032,
  "gradient_norm": 0.003788678541769036,
  "linking_number": 0,
  "directory": "ncoils_6_order_10_R1_4.4_length_target_4.6e+01_weight_0.29_max_curvature_7.3_weight_5.3e-05_msc_4.9_weight_2.1e-05_cc_0.67_weight_0.56",
  "mean_squared_curvatures": [
    1.001484504763046,
    0.5776912931064507,
    0.42957753232818313,
    0.8850540117587304,
    0.9211985061907786,
    0.8333389010286189
  ],
  "max_mean_squared_curvature": 1.001484504763046,
  "message": "STOP: TOTAL NO. of ITERATIONS REACHED LIMIT",
  "success": false,
  "iterations": 700,
  "function_evaluations": 790,
  "coil_currents": [
    8155042.506278463,
    8014288.361097226,
    8037576.296582295,
    8083223.109734941,
    7811776.319185828,
    8479508.12521033
  ],
  "coil_surface_distance": 1.2827235340415277
}