{
  "nfp": 4,
  "R0": 11.34443056562854,
  "R1": 4.139950619833294,
  "ncoils": 5,
  "order": 13,
  "nphi": 32,
  "ntheta": 32,
  "length_target": 38.05600435261291,
  "length_weight": 0.07357361805435657,
  "max_curvature_threshold": 5.905925434324012,
  "max_curvature_weight": 0.002175088231894204,
  "msc_threshold": 0.660332213442672,
  "msc_weight": 1.3618199275079945e-06,
  "JF": 4.000180822151373,
  "Jf": 0.0001797152119950722,
  "BdotN": 0.004491354378251975,
  "lengths": [
    37.03403386467571,
    36.686143782828886,
    35.59425557754197,
    34.703067057199064,
    46.26319449240156
  ],
  "length": 190.2806947746472,
  "max_curvatures": [
    5.7059692844692105,
    5.8007570393830985,
    5.926832999118371,
    5.845596549602818,
    5.822159867294171
  ],
  "max_max_curvature": 5.926832999118371,
  "coil_coil_distance": 0.7139094085362848,
  "cc_threshold": 0.7183427340116539,
  "cc_weight": 0.24062775233548445,
  "gradient_norm": 0.0019392955394747582,
  "linking_number": 4,
  "directory": "ncoils_5_order_13_R1_4.1_length_target_3.8e+01_weight_0.074_max_curvature_5.9_weight_0.0022_msc_0.66_weight_1.4e-06_cc_0.72_weight_0.24",
  "mean_squared_curvatures": [
    0.4750714451432526,
    1.087784681038718,
    1.088339116619016,
    0.8832275393578337,
    1.3289718381630629
  ],
  "max_mean_squared_curvature": 1.3289718381630629,
  "message": "STOP: TOTAL NO. of ITERATIONS REACHED LIMIT",
  "success": false,
  "iterations": 700,
  "function_evaluations": 761,
  "coil_currents": [
    10070664.792039486,
    10053715.975104503,
    10033606.780909577,
    9914961.83585897,
    8508465.334176548
  ],
  "coil_surface_distance": 0.20137263880485787
}