{
  "nfp": 4,
  "R0": 11.34443056562854,
  "R1": 4.852838640504002,
  "ncoils": 5,
  "order": 5,
  "nphi": 32,
  "ntheta": 32,
  "length_target": 36.777456545928914,
  "length_weight": 0.8636844255339441,
  "max_curvature_threshold": 1.1438882956069953,
  "max_curvature_weight": 1.211122022538859e-05,
  "msc_threshold": 1.896711329352914,
  "msc_weight": 3.242962521369063e-05,
  "JF": 0.00037067767769960556,
  "Jf": 0.000360067620845632,
  "BdotN": 0.00425950856418463,
  "lengths": [
    36.81491486290329,
    36.15406735070423,
    37.669306862533425,
    37.18761875415599,
    36.06183528954115
  ],
  "length": 183.8877431198381,
  "max_curvatures": [
    0.6368749529216395,
    0.990985060758069,
    2.2248324829130985,
    0.9737541426074307,
    3.226826257504726
  ],
  "max_max_curvature": 3.226826257504726,
  "coil_coil_distance": 0.6333833417385729,
  "cc_threshold": 0.6335125851123009,
  "cc_weight": 1.3909501081826023,
  "gradient_norm": 0.0068308004891703975,
  "linking_number": 0,
  "directory": "ncoils_5_order_5_R1_4.9_length_target_3.7e+01_weight_0.86_max_curvature_1.1_weight_1.2e-05_msc_1.9_weight_3.2e-05_cc_0.63_weight_1.4",
  "mean_squared_curvatures": [
    0.1047049136065025,
    0.09903711126441185,
    0.15453720280576935,
    0.11997132215960156,
    0.24573334795151067
  ],
  "max_mean_squared_curvature": 0.24573334795151067,
  "message": "STOP: TOTAL NO. of ITERATIONS REACHED LIMIT",
  "success": false,
  "iterations": 700,
  "function_evaluations": 807,
  "coil_currents": [
    10064335.808810921,
    9940735.832471408,
    9703408.710101403,
    9826299.68210118,
    9046634.684604168
  ],
  "coil_surface_distance": 1.3992996594473728
}