{
  "nfp": 4,
  "ncoils": 6,
  "R0": 11.34443056562854,
  "R1": 4.4934708675580834,
  "order": 14,
  "nphi": 32,
  "ntheta": 32,
  "length_target": 35.27292024399698,
  "length_weight": 2.269420290268665,
  "max_curvature_threshold": 1.9078049522344882,
  "max_curvature_weight": 6.355341429871494e-07,
  "msc_threshold": 4.940069081927633,
  "msc_weight": 1.4578183980873546e-06,
  "JF": 0.18035404762735444,
  "Jf": 0.1796109641117013,
  "BdotN": 0.10060373937152832,
  "lengths": [
    36.86790095686761,
    38.71102667033738,
    36.47953903812023,
    32.33602354742758,
    29.678291536183664,
    37.578318285031884
  ],
  "length": 211.65110003396833,
  "max_curvatures": [
    63.79229856838046,
    24.983362163490423,
    102.29724997156549,
    159.6066402089273,
    67.30207445221293,
    52.26935612247652
  ],
  "max_max_curvature": 159.6066402089273,
  "coil_coil_distance": 1.0979791109727575,
  "cc_threshold": 1.0985224227119486,
  "cc_weight": 1731.8514598324755,
  "gradient_norm": 2.3822762661356216,
  "linking_number": 0,
  "directory": "ncoils_6_order_14_R1_4.5_length_target_3.5e+01_weight_2.3_max_curvature_1.9_weight_6.4e-07_msc_4.9_weight_1.5e-06_cc_1.1_weight_1.7e+03",
  "mean_squared_curvatures": [
    4.375656882873275,
    1.1231116655840285,
    6.3548585353465,
    13.183676781845252,
    8.18280775479741,
    9.742264481968231
  ],
  "max_mean_squared_curvature": 13.183676781845252,
  "message": "STOP: TOTAL NO. of ITERATIONS REACHED LIMIT",
  "success": false,
  "iterations": 500,
  "function_evaluations": 633,
  "coil_currents": [
    7742113.719923599,
    8003108.105062944,
    8162994.016053451,
    7846831.1441033175,
    7776467.187824793,
    9049900.545120977
  ],
  "coil_surface_distance": 0.06860472971459725
}