{
  "nfp": 4,
  "R0": 11.34443056562854,
  "R1": 4.891599266711259,
  "ncoils": 5,
  "order": 10,
  "nphi": 32,
  "ntheta": 32,
  "length_target": 35.63497449467543,
  "length_weight": 0.8349002690104231,
  "max_curvature_threshold": 7.857922355319577,
  "max_curvature_weight": 1.145048847427527e-06,
  "msc_threshold": 1.81668725340479,
  "msc_weight": 3.1007140840902692e-06,
  "JF": 0.0005236437552272286,
  "Jf": 0.0005094270493733537,
  "BdotN": 0.004524413673762775,
  "lengths": [
    37.119957728301415,
    35.98327280397289,
    34.92391221753001,
    35.87741563054085,
    34.27013441793838
  ],
  "length": 178.17469279828356,
  "max_curvatures": [
    4.476957387834641,
    10.082305515339469,
    9.55654797316394,
    1.7079190299529323,
    8.20307706919742
  ],
  "max_max_curvature": 10.082305515339469,
  "coil_coil_distance": 0.8972431212677824,
  "cc_threshold": 0.9151111552245,
  "cc_weight": 0.14377532301433593,
  "gradient_norm": 0.003955147887891641,
  "linking_number": 0,
  "directory": "ncoils_5_order_10_R1_4.9_length_target_3.6e+01_weight_0.83_max_curvature_7.9_weight_1.1e-06_msc_1.8_weight_3.1e-06_cc_0.92_weight_0.14",
  "mean_squared_curvatures": [
    0.31155618007084795,
    0.5498267494562259,
    0.6228824085140071,
    0.226381536771934,
    0.7986978997471554
  ],
  "max_mean_squared_curvature": 0.7986978997471554,
  "message": "STOP: TOTAL NO. of ITERATIONS REACHED LIMIT",
  "success": false,
  "iterations": 700,
  "function_evaluations": 739,
  "coil_currents": [
    9857781.344421722,
    9670636.211455632,
    9501123.353182977,
    9763120.003867233,
    9788753.80516152
  ],
  "coil_surface_distance": 1.227825493341411
}