{
  "nfp": 4,
  "R0": 11.34443056562854,
  "R1": 4.177957333060673,
  "ncoils": 3,
  "order": 10,
  "nphi": 32,
  "ntheta": 32,
  "length_target": 31.972283666667362,
  "length_weight": 1.3903046914109365,
  "max_curvature_threshold": 6.984075036317716,
  "max_curvature_weight": 5.1137855208227865e-05,
  "msc_threshold": 1.2023189557427636,
  "msc_weight": 1.1532368668247966e-06,
  "JF": 0.05211504722390682,
  "Jf": 0.0520413964029427,
  "BdotN": 0.03574811211267283,
  "lengths": [
    33.24459035975447,
    31.74903724096464,
    30.928362873823676
  ],
  "length": 95.92199047454278,
  "max_curvatures": [
    12.387597439238409,
    17.48960451504351,
    10.087300850024759
  ],
  "max_max_curvature": 17.48960451504351,
  "coil_coil_distance": 1.1140259207052878,
  "cc_threshold": 1.1229376333346832,
  "cc_weight": 2.8032398045843094,
  "gradient_norm": 26.403567363186248,
  "linking_number": 0,
  "directory": "ncoils_3_order_10_R1_4.2_length_target_3.2e+01_weight_1.4_max_curvature_7.0_weight_5.1e-05_msc_1.2_weight_1.2e-06_cc_1.1_weight_2.8",
  "mean_squared_curvatures": [
    0.1500907452253111,
    0.1944718090845155,
    0.4678031888965926
  ],
  "max_mean_squared_curvature": 0.4678031888965926,
  "message": "CONVERGENCE: REL_REDUCTION_OF_F_<=_FACTR*EPSMCH",
  "success": true,
  "iterations": 356,
  "function_evaluations": 473,
  "coil_currents": [
    16395688.465962565,
    16361027.532437311,
    15824698.719689205
  ],
  "coil_surface_distance": 1.390906495017196
}