{
  "nfp": 4,
  "R0": 11.34443056562854,
  "R1": 4.181930369897757,
  "ncoils": 3,
  "order": 10,
  "nphi": 32,
  "ntheta": 32,
  "length_target": 34.48507786750924,
  "length_weight": 23.435491835891817,
  "max_curvature_threshold": 5.166923007827415,
  "max_curvature_weight": 0.005837702184987216,
  "msc_threshold": 6.632218245832742,
  "msc_weight": 9.67157661224031e-07,
  "JF": 0.01835899387459835,
  "Jf": 0.01825855455674544,
  "BdotN": 0.02247492796777157,
  "lengths": [
    35.9050321301488,
    34.262882032073584,
    33.287496273624576
  ],
  "length": 103.45541043584697,
  "max_curvatures": [
    5.354825493266057,
    5.321403525957523,
    4.251221462999782
  ],
  "max_max_curvature": 5.354825493266057,
  "coil_coil_distance": 0.6755976906183055,
  "cc_threshold": 0.8286790320491348,
  "cc_weight": 0.011182842739646315,
  "gradient_norm": 0.19497613022988905,
  "linking_number": 0,
  "directory": "ncoils_3_order_10_R1_4.2_length_target_3.4e+01_weight_2.3e+01_max_curvature_5.2_weight_0.0058_msc_6.6_weight_9.7e-07_cc_0.83_weight_0.011",
  "mean_squared_curvatures": [
    0.13212334216192595,
    0.17418894866364865,
    0.29191954034559436
  ],
  "max_mean_squared_curvature": 0.29191954034559436,
  "message": "STOP: TOTAL NO. of ITERATIONS REACHED LIMIT",
  "success": false,
  "iterations": 700,
  "function_evaluations": 919,
  "coil_currents": [
    16393554.178925492,
    16328882.31491113,
    15858978.224252459
  ],
  "coil_surface_distance": 1.4756350536583087
}