{
  "nfp": 4,
  "R0": 11.34443056562854,
  "R1": 4.41344481540772,
  "ncoils": 4,
  "order": 14,
  "nphi": 32,
  "ntheta": 32,
  "length_target": 30.05548934940452,
  "length_weight": 0.31077876001304044,
  "max_curvature_threshold": 2.183913784887816,
  "max_curvature_weight": 7.802081846064426e-05,
  "msc_threshold": 2.9938381478894005,
  "msc_weight": 4.145351029155683e-05,
  "JF": 0.008898385061129478,
  "Jf": 0.008863303568930836,
  "BdotN": 0.015148004628115472,
  "lengths": [
    31.54419300838756,
    30.415044087894856,
    29.36697817573535,
    28.89913464680348
  ],
  "length": 120.22534991882124,
  "max_curvatures": [
    2.75373627980436,
    2.3921161072532198,
    2.2787220458841824,
    2.809148463402938
  ],
  "max_max_curvature": 2.809148463402938,
  "coil_coil_distance": 1.0150623917169455,
  "cc_threshold": 1.02517956716388,
  "cc_weight": 1.078286274946135,
  "gradient_norm": 0.010728447424955698,
  "linking_number": 0,
  "directory": "ncoils_4_order_14_R1_4.4_length_target_3e+01_weight_0.31_max_curvature_2.2_weight_7.8e-05_msc_3.0_weight_4.1e-05_cc_1.0_weight_1.1",
  "mean_squared_curvatures": [
    0.13919938752591363,
    0.17243308362713253,
    0.23754675792159965,
    0.2548416080098908
  ],
  "max_mean_squared_curvature": 0.2548416080098908,
  "message": "CONVERGENCE: REL_REDUCTION_OF_F_<=_FACTR*EPSMCH",
  "success": true,
  "iterations": 452,
  "function_evaluations": 591,
  "coil_currents": [
    12241217.576348677,
    12193940.343210781,
    12138176.73693384,
    12008080.061595783
  ],
  "coil_surface_distance": 1.2367966951249674
}