{
  "nfp": 4,
  "ncoils": 6,
  "R0": 11.34443056562854,
  "R1": 4.522470735476545,
  "order": 6,
  "nphi": 32,
  "ntheta": 32,
  "length_target": 37.697419647334726,
  "length_weight": 0.1616359912804037,
  "max_curvature_threshold": 4.764261073290871,
  "max_curvature_weight": 1.462986308839012e-06,
  "msc_threshold": 2.4736107377295458,
  "msc_weight": 1.8240322343128568e-06,
  "JF": 0.003919121614087026,
  "Jf": 0.0038413788186377443,
  "BdotN": 0.010042573977555057,
  "lengths": [
    32.54791267516004,
    34.01762118081009,
    36.814168775469945,
    37.54340955923648,
    39.51680846338414,
    45.74545856594606
  ],
  "length": 226.18537922000672,
  "max_curvatures": [
    2.2081296304952387,
    6.401180633273143,
    22.35469914801592,
    6.3031080306188185,
    40.340386010586876,
    18.07487071247967
  ],
  "max_max_curvature": 40.340386010586876,
  "coil_coil_distance": 0.8970922501476636,
  "cc_threshold": 0.897188839321541,
  "cc_weight": 172.2035179647698,
  "gradient_norm": 0.06392878793862164,
  "linking_number": 0,
  "directory": "ncoils_6_order_6_R1_4.5_length_target_3.8e+01_weight_0.16_max_curvature_4.8_weight_1.5e-06_msc_2.5_weight_1.8e-06_cc_0.9_weight_1.7e+02",
  "mean_squared_curvatures": [
    0.19476786525387194,
    0.47671721863640104,
    1.2918273252773174,
    0.8622345448543014,
    3.0775303411863595,
    1.2622119727852992
  ],
  "max_mean_squared_curvature": 3.0775303411863595,
  "message": "STOP: TOTAL NO. of ITERATIONS REACHED LIMIT",
  "success": false,
  "iterations": 500,
  "function_evaluations": 715,
  "coil_currents": [
    7863626.204463385,
    8013588.311728309,
    7844348.148741231,
    7899606.99193427,
    7881177.764365032,
    9079067.296856858
  ],
  "coil_surface_distance": 1.1179074818999724
}