{
  "nfp": 4,
  "R0": 11.34443056562854,
  "R1": 4.66586032406988,
  "ncoils": 6,
  "order": 7,
  "nphi": 32,
  "ntheta": 32,
  "length_target": 40.07791503815609,
  "length_weight": 11.364472868746176,
  "max_curvature_threshold": 7.56610422738401,
  "max_curvature_weight": 0.008111207707817137,
  "msc_threshold": 7.955416651700912,
  "msc_weight": 1.9217388753822213e-06,
  "JF": 0.0013660240131554192,
  "Jf": 0.0013526019142013526,
  "BdotN": 0.007688161264337595,
  "lengths": [
    41.827403852562135,
    41.95286044471249,
    40.09712884861052,
    38.996222915866376,
    38.24944037615062,
    39.34461258997191
  ],
  "length": 240.46766902787408,
  "max_curvatures": [
    2.5703612341953845,
    2.8503596763155263,
    3.44841059116851,
    5.672165529790354,
    7.536532512562994,
    7.5853263257275385
  ],
  "max_max_curvature": 7.5853263257275385,
  "coil_coil_distance": 0.8396655071394963,
  "cc_threshold": 0.8491816317405639,
  "cc_weight": 0.20750811117801055,
  "gradient_norm": 0.049062803575663005,
  "linking_number": 0,
  "directory": "ncoils_6_order_7_R1_4.7_length_target_4e+01_weight_1.1e+01_max_curvature_7.6_weight_0.0081_msc_8.0_weight_1.9e-06_cc_0.85_weight_0.21",
  "mean_squared_curvatures": [
    0.22953154854377195,
    0.22776505819328874,
    0.3582092451531445,
    0.5080292285023313,
    0.4481620500552201,
    0.4383673217858978
  ],
  "max_mean_squared_curvature": 0.5080292285023313,
  "message": "STOP: TOTAL NO. of ITERATIONS REACHED LIMIT",
  "success": false,
  "iterations": 700,
  "function_evaluations": 780,
  "coil_currents": [
    8080212.0325308945,
    7979070.102963246,
    8067862.299900004,
    8179941.48869668,
    7876567.737986329,
    8397761.05601193
  ],
  "coil_surface_distance": 1.164019758902509
}