{
  "nfp": 4,
  "R0": 11.34443056562854,
  "R1": 4.11596463949014,
  "ncoils": 6,
  "order": 13,
  "nphi": 32,
  "ntheta": 32,
  "length_target": 46.09530910428347,
  "length_weight": 1.4145005622047064,
  "max_curvature_threshold": 7.7085776370281,
  "max_curvature_weight": 3.44961960101789e-05,
  "msc_threshold": 2.245079763981671,
  "msc_weight": 2.4334520774203886e-06,
  "JF": 0.005043518831290569,
  "Jf": 0.004998479181166115,
  "BdotN": 0.012264754542535141,
  "lengths": [
    37.99051472667547,
    40.71004811318475,
    39.65671015146319,
    45.18322519718644,
    56.17854539958976,
    56.85270879581101
  ],
  "length": 276.5717523839106,
  "max_curvatures": [
    7.845012693221125,
    8.12617659671338,
    8.55419255906738,
    10.306565564259262,
    8.196498903279414,
    9.874675005676753
  ],
  "max_max_curvature": 10.306565564259262,
  "coil_coil_distance": 1.0058693816918225,
  "cc_threshold": 1.0085900027754482,
  "cc_weight": 16.242174279149545,
  "gradient_norm": 0.028641922742361228,
  "linking_number": 0,
  "directory": "ncoils_6_order_13_R1_4.1_length_target_4.6e+01_weight_1.4_max_curvature_7.7_weight_3.4e-05_msc_2.2_weight_2.4e-06_cc_1.0_weight_1.6e+01",
  "mean_squared_curvatures": [
    2.0539399601209474,
    1.8662156793199347,
    2.666725622832802,
    2.9887482333911617,
    1.9618999653047917,
    2.0232149142847495
  ],
  "max_mean_squared_curvature": 2.9887482333911617,
  "message": "STOP: TOTAL NO. of ITERATIONS REACHED LIMIT",
  "success": false,
  "iterations": 700,
  "function_evaluations": 841,
  "coil_currents": [
    7789377.082858648,
    7811307.655658184,
    7942000.790390977,
    8001605.068270519,
    7963836.264518973,
    9073287.85639178
  ],
  "coil_surface_distance": 1.0163597156828084
}