{
  "nfp": 4,
  "R0": 11.34443056562854,
  "R1": 4.923358811748275,
  "ncoils": 4,
  "order": 11,
  "nphi": 32,
  "ntheta": 32,
  "length_target": 44.06878859588625,
  "length_weight": 4.727264178983119,
  "max_curvature_threshold": 6.9613894297690955,
  "max_curvature_weight": 5.983363556984934e-06,
  "msc_threshold": 2.5258950390525,
  "msc_weight": 1.2032888703151175e-07,
  "JF": 0.0006779956587987406,
  "Jf": 0.0006758143430504245,
  "BdotN": 0.00497266003196014,
  "lengths": [
    44.515359397092446,
    54.90507933087911,
    39.3565463857101,
    37.49837414415744
  ],
  "length": 176.2753592578391,
  "max_curvatures": [
    9.826265381465515,
    4.320686454278723,
    8.167096321618333,
    7.302620891730087
  ],
  "max_max_curvature": 9.826265381465515,
  "coil_coil_distance": 0.8243081313625034,
  "cc_threshold": 0.8251878496529628,
  "cc_weight": 1.4966938938846317,
  "gradient_norm": 0.02262151488534888,
  "linking_number": 0,
  "directory": "ncoils_4_order_11_R1_4.9_length_target_4.4e+01_weight_4.7_max_curvature_7.0_weight_6e-06_msc_2.5_weight_1.2e-07_cc_0.83_weight_1.5",
  "mean_squared_curvatures": [
    0.8311256411898288,
    0.44146230873992925,
    0.7448090945669739,
    0.48607062825104386
  ],
  "max_mean_squared_curvature": 0.8311256411898288,
  "message": "STOP: TOTAL NO. of ITERATIONS REACHED LIMIT",
  "success": false,
  "iterations": 700,
  "function_evaluations": 809,
  "coil_currents": [
    12254094.427105369,
    12279347.8653793,
    12177506.961169772,
    11870465.464434639
  ],
  "coil_surface_distance": 1.4219441512685012
}