{
  "nfp": 4,
  "R0": 11.34443056562854,
  "R1": 4.510592441890756,
  "ncoils": 6,
  "order": 9,
  "nphi": 32,
  "ntheta": 32,
  "length_target": 38.62375701742466,
  "length_weight": 0.5454148881083553,
  "max_curvature_threshold": 6.58210689783379,
  "max_curvature_weight": 4.842121199528348e-06,
  "msc_threshold": 4.2178932071400865,
  "msc_weight": 3.57782761437047e-05,
  "JF": 0.004923689419089835,
  "Jf": 0.004858833912092217,
  "BdotN": 0.013484574662638233,
  "lengths": [
    41.155679031479,
    42.45549276441622,
    39.33214058495032,
    42.35961390734963,
    33.38165556621931,
    33.058558968511456
  ],
  "length": 231.7431408229259,
  "max_curvatures": [
    6.613342108445798,
    8.072981668548694,
    9.788228659850908,
    9.621957336532791,
    7.206781157097036,
    3.969897804411741
  ],
  "max_max_curvature": 9.788228659850908,
  "coil_coil_distance": 1.1370335575581034,
  "cc_threshold": 1.1432990129638332,
  "cc_weight": 1.4753314714002939,
  "gradient_norm": 0.009586031318182118,
  "linking_number": 0,
  "directory": "ncoils_6_order_9_R1_4.5_length_target_3.9e+01_weight_0.55_max_curvature_6.6_weight_4.8e-06_msc_4.2_weight_3.6e-05_cc_1.1_weight_1.5",
  "mean_squared_curvatures": [
    0.40620542760971173,
    0.65319503250609,
    0.769574452777166,
    0.7465517651749493,
    0.5070848608931837,
    0.3857523687804612
  ],
  "max_mean_squared_curvature": 0.769574452777166,
  "message": "STOP: TOTAL NO. of ITERATIONS REACHED LIMIT",
  "success": false,
  "iterations": 700,
  "function_evaluations": 761,
  "coil_currents": [
    10451857.15903915,
    8566001.89195494,
    8536319.609419292,
    8532829.45472811,
    7939087.9787888145,
    4555318.62415877
  ],
  "coil_surface_distance": 1.0768593375287918
}