{
  "nfp": 4,
  "R0": 11.34443056562854,
  "R1": 4.254015259019648,
  "ncoils": 4,
  "order": 12,
  "nphi": 32,
  "ntheta": 32,
  "length_target": 31.865042232186536,
  "length_weight": 2.146630244894435,
  "max_curvature_threshold": 1.1670764904718807,
  "max_curvature_weight": 7.539977184066856e-05,
  "msc_threshold": 0.7387871058177246,
  "msc_weight": 6.289581675309245e-05,
  "JF": 0.002757465434999132,
  "Jf": 0.0027322934996455955,
  "BdotN": 0.008861124081802334,
  "lengths": [
    33.56247162174567,
    32.31505732227082,
    31.15889222086937,
    30.424057404317047
  ],
  "length": 127.4604785692029,
  "max_curvatures": [
    1.7222582709259249,
    1.7671210995766617,
    2.30328643631986,
    2.298136633862828
  ],
  "max_max_curvature": 2.30328643631986,
  "coil_coil_distance": 0.6862572126443092,
  "cc_threshold": 0.6862831391086649,
  "cc_weight": 173.133610867726,
  "gradient_norm": 0.005940950589533699,
  "linking_number": 0,
  "directory": "ncoils_4_order_12_R1_4.3_length_target_3.2e+01_weight_2.1_max_curvature_1.2_weight_7.5e-05_msc_0.74_weight_6.3e-05_cc_0.69_weight_1.7e+02",
  "mean_squared_curvatures": [
    0.13100241483038072,
    0.13561005085117367,
    0.2136539952711221,
    0.27017839709786723
  ],
  "max_mean_squared_curvature": 0.27017839709786723,
  "message": "STOP: TOTAL NO. of ITERATIONS REACHED LIMIT",
  "success": false,
  "iterations": 700,
  "function_evaluations": 801,
  "coil_currents": [
    12290736.42760988,
    12268490.328314586,
    12168835.28560395,
    11853352.67656067
  ],
  "coil_surface_distance": 1.4065817494875852
}