{
  "nfp": 4,
  "R0": 11.34443056562854,
  "R1": 4.221689289103946,
  "ncoils": 4,
  "order": 10,
  "nphi": 32,
  "ntheta": 32,
  "length_target": 31.93305362519759,
  "length_weight": 0.05478735575470842,
  "max_curvature_threshold": 6.578914604068934,
  "max_curvature_weight": 0.0056233733828369,
  "msc_threshold": 5.510948523202153,
  "msc_weight": 2.508783082723134e-07,
  "JF": 0.012578911527159954,
  "Jf": 0.01256251261058782,
  "BdotN": 0.018082897952955403,
  "lengths": [
    33.18606216984673,
    32.67274576555442,
    32.15253840759718,
    29.731987998140784
  ],
  "length": 127.7433343411391,
  "max_curvatures": [
    6.735121304868302,
    6.010663781112024,
    6.89904817347176,
    4.729923202841155
  ],
  "max_max_curvature": 6.89904817347176,
  "coil_coil_distance": 1.195283334503689,
  "cc_threshold": 1.1959312218299236,
  "cc_weight": 159.00895269841857,
  "gradient_norm": 0.16407937249146773,
  "linking_number": 0,
  "directory": "ncoils_4_order_10_R1_4.2_length_target_3.2e+01_weight_0.055_max_curvature_6.6_weight_0.0056_msc_5.5_weight_2.5e-07_cc_1.2_weight_1.6e+02",
  "mean_squared_curvatures": [
    0.23547226227700077,
    0.4301839277526194,
    0.44714875541822435,
    0.5526104809537492
  ],
  "max_mean_squared_curvature": 0.5526104809537492,
  "message": "STOP: TOTAL NO. of ITERATIONS REACHED LIMIT",
  "success": false,
  "iterations": 700,
  "function_evaluations": 853,
  "coil_currents": [
    12562002.6868277,
    12479329.233073693,
    12377978.580057852,
    11162104.218129836
  ],
  "coil_surface_distance": 1.147120501763614
}