{
  "nfp": 4,
  "R0": 11.34443056562854,
  "R1": 4.608141320462271,
  "ncoils": 4,
  "order": 15,
  "nphi": 32,
  "ntheta": 32,
  "length_target": 38.09207523103186,
  "length_weight": 0.21867114612030514,
  "max_curvature_threshold": 4.71899305863578,
  "max_curvature_weight": 3.0401364508236144e-06,
  "msc_threshold": 3.6645389958459167,
  "msc_weight": 2.2593681256883662e-07,
  "JF": 0.0008007696684937568,
  "Jf": 0.0007948570677721058,
  "BdotN": 0.004481142438819993,
  "lengths": [
    39.05488935801514,
    37.688029662094365,
    38.53578947632345,
    37.09007051855738
  ],
  "length": 152.36877901499034,
  "max_curvatures": [
    7.088379442218007,
    7.956311532767313,
    9.388295904864497,
    7.955186011489542
  ],
  "max_max_curvature": 9.388295904864497,
  "coil_coil_distance": 0.9300265611865574,
  "cc_threshold": 0.9304600755745407,
  "cc_weight": 22.214115007546624,
  "gradient_norm": 0.0037067213973254113,
  "linking_number": 0,
  "directory": "ncoils_4_order_15_R1_4.6_length_target_3.8e+01_weight_0.22_max_curvature_4.7_weight_3e-06_msc_3.7_weight_2.3e-07_cc_0.93_weight_2.2e+01",
  "mean_squared_curvatures": [
    0.5484960957140036,
    0.5960663769494777,
    0.7777418680706353,
    1.0577902921791245
  ],
  "max_mean_squared_curvature": 1.0577902921791245,
  "message": "STOP: TOTAL NO. of ITERATIONS REACHED LIMIT",
  "success": false,
  "iterations": 700,
  "function_evaluations": 771,
  "coil_currents": [
    12130716.368367273,
    12162305.059917424,
    12156297.870700145,
    12132095.41910424
  ],
  "coil_surface_distance": 1.3058816329598388
}