{
  "nfp": 4,
  "R0": 11.34443056562854,
  "R1": 4.465981865860893,
  "ncoils": 6,
  "order": 14,
  "nphi": 32,
  "ntheta": 32,
  "length_target": 46.78479602552457,
  "length_weight": 6.883337727197659,
  "max_curvature_threshold": 7.387993791585297,
  "max_curvature_weight": 6.536154939726674e-06,
  "msc_threshold": 4.232575187753238,
  "msc_weight": 3.2561829453519914e-06,
  "JF": 0.0026416684890587837,
  "Jf": 0.00246959328091589,
  "BdotN": 0.01018836811472223,
  "lengths": [
    44.892123009611716,
    44.83491759988258,
    47.644362008914264,
    43.164306888162855,
    43.53540800417914,
    56.63764097153286
  ],
  "length": 280.70875848228343,
  "max_curvatures": [
    10.609064790041078,
    10.091475372572031,
    18.961358036870724,
    10.695738852147265,
    11.472267560515606,
    14.78205336861654
  ],
  "max_max_curvature": 18.961358036870724,
  "coil_coil_distance": 0.8390341159785096,
  "cc_threshold": 0.8799673326550579,
  "cc_weight": 0.07224658601079431,
  "gradient_norm": 0.013433010433652243,
  "linking_number": 0,
  "directory": "ncoils_6_order_14_R1_4.5_length_target_4.7e+01_weight_6.9_max_curvature_7.4_weight_6.5e-06_msc_4.2_weight_3.3e-06_cc_0.88_weight_0.072",
  "mean_squared_curvatures": [
    1.0000711576077643,
    1.3489671833423875,
    1.6118481806689469,
    1.3137054466967537,
    1.6539397666535471,
    2.481865676068277
  ],
  "max_mean_squared_curvature": 2.481865676068277,
  "message": "STOP: TOTAL NO. of ITERATIONS REACHED LIMIT",
  "success": false,
  "iterations": 700,
  "function_evaluations": 836,
  "coil_currents": [
    7904271.953490072,
    7898550.001170531,
    7936093.7067049965,
    7934988.22258561,
    7963801.331655013,
    8943709.502482861
  ],
  "coil_surface_distance": 1.1183035262850072
}