{
  "nfp": 4,
  "R0": 11.34443056562854,
  "R1": 4.821443979878186,
  "ncoils": 4,
  "order": 11,
  "nphi": 32,
  "ntheta": 32,
  "length_target": 28.59629033359353,
  "length_weight": 42.22984271258472,
  "max_curvature_threshold": 0.10842045783249371,
  "max_curvature_weight": 2.4788739107875523e-06,
  "msc_threshold": 0.8313769817444183,
  "msc_weight": 5.963342125568966e-06,
  "JF": 0.01826135261347164,
  "Jf": 0.0181281843213139,
  "BdotN": 0.022533744584145837,
  "lengths": [
    30.07116400301089,
    28.976275548998263,
    27.918139005034423,
    27.41972682833063
  ],
  "length": 114.38530538537421,
  "max_curvatures": [
    7.019619035959115,
    25.402490805289133,
    13.996844055797126,
    3.2504117214664516
  ],
  "max_max_curvature": 25.402490805289133,
  "coil_coil_distance": 0.9263804265944184,
  "cc_threshold": 1.0226565710252367,
  "cc_weight": 0.011003672736874847,
  "gradient_norm": 3.0330786104138108,
  "linking_number": 0,
  "directory": "ncoils_4_order_11_R1_4.8_length_target_2.9e+01_weight_4.2e+01_max_curvature_0.11_weight_2.5e-06_msc_0.83_weight_6e-06_cc_1.0_weight_0.011",
  "mean_squared_curvatures": [
    0.1804959186395339,
    0.1419103032299897,
    0.3089364659368898,
    0.2862999533208544
  ],
  "max_mean_squared_curvature": 0.3089364659368898,
  "message": "CONVERGENCE: REL_REDUCTION_OF_F_<=_FACTR*EPSMCH",
  "success": true,
  "iterations": 620,
  "function_evaluations": 748,
  "coil_currents": [
    12271858.935417484,
    12231620.6040936,
    12169667.87291734,
    11908267.305660658
  ],
  "coil_surface_distance": 1.2731629709863068
}