{
  "nfp": 4,
  "ncoils": 6,
  "R0": 11.34443056562854,
  "R1": 4.2806007182747425,
  "order": 11,
  "nphi": 32,
  "ntheta": 32,
  "length_target": 35.12893096298512,
  "length_weight": 0.6365317010460014,
  "max_curvature_threshold": 0.6083444303175382,
  "max_curvature_weight": 7.079612692072937e-05,
  "msc_threshold": 2.0386381661102617,
  "msc_weight": 2.0615377429251148e-07,
  "JF": 0.0002803246445319863,
  "Jf": 0.0002589426791455848,
  "BdotN": 0.004820246229789872,
  "lengths": [
    35.514592149552804,
    35.41745914751536,
    35.700781981248085,
    34.8936793665375,
    33.50541891052822,
    35.74208947270415
  ],
  "length": 210.77402102808614,
  "max_curvatures": [
    0.7270580141955726,
    0.7636507886572315,
    0.8314853859131717,
    0.777459187265435,
    1.0396245769800003,
    0.843640660757661
  ],
  "max_max_curvature": 1.0396245769800003,
  "coil_coil_distance": 0.7306656482051616,
  "cc_threshold": 0.7313653907879876,
  "cc_weight": 3.988153743863479,
  "gradient_norm": 0.006964348752327973,
  "linking_number": 0,
  "directory": "ncoils_6_order_11_R1_4.3_length_target_3.5e+01_weight_0.64_max_curvature_0.61_weight_7.1e-05_msc_2.0_weight_2.1e-07_cc_0.73_weight_4.0",
  "mean_squared_curvatures": [
    0.13536073251377034,
    0.19285890597396427,
    0.17218038460882187,
    0.13504175791128803,
    0.2357283904537594,
    0.19039829355907303
  ],
  "max_mean_squared_curvature": 0.2357283904537594,
  "message": "STOP: TOTAL NO. of ITERATIONS REACHED LIMIT",
  "success": false,
  "iterations": 700,
  "function_evaluations": 762,
  "coil_currents": [
    8233782.691163516,
    8164160.2950874055,
    8103373.71179657,
    8120127.810092088,
    8069208.338940923,
    7890761.871008575
  ],
  "coil_surface_distance": 1.2502911062690703
}