{
  "nfp": 4,
  "R0": 11.34443056562854,
  "R1": 4.7441878568575415,
  "ncoils": 6,
  "order": 15,
  "nphi": 32,
  "ntheta": 32,
  "length_target": 30.455906736961673,
  "length_weight": 11.679345936004383,
  "max_curvature_threshold": 6.879916800903558,
  "max_curvature_weight": 0.0003010908653904983,
  "msc_threshold": 7.6613650243092595,
  "msc_weight": 3.521388439126564e-07,
  "JF": 0.0008416126447621338,
  "Jf": 0.0008389250385012557,
  "BdotN": 0.00538746574813291,
  "lengths": [
    32.79762089224451,
    31.483647376930094,
    31.021032031873258,
    29.83207213809168,
    28.881399421130407,
    28.71982324857056
  ],
  "length": 182.7355951088405,
  "max_curvatures": [
    6.847934338109052,
    6.1403664565757365,
    6.821291943640175,
    5.644479698579769,
    7.041370693260503,
    6.858671118384342
  ],
  "max_max_curvature": 7.041370693260503,
  "coil_coil_distance": 0.8840255647823814,
  "cc_threshold": 0.8853555388132259,
  "cc_weight": 8.726400521816952,
  "gradient_norm": 0.04475237457528729,
  "linking_number": 0,
  "directory": "ncoils_6_order_15_R1_4.7_length_target_3e+01_weight_1.2e+01_max_curvature_6.9_weight_0.0003_msc_7.7_weight_3.5e-07_cc_0.89_weight_8.7",
  "mean_squared_curvatures": [
    0.8786702680524776,
    0.3111707941001317,
    0.39344621896085186,
    0.3141457165032599,
    0.6558703818670818,
    0.5966924018410444
  ],
  "max_mean_squared_curvature": 0.8786702680524776,
  "message": "STOP: TOTAL NO. of ITERATIONS REACHED LIMIT",
  "success": false,
  "iterations": 700,
  "function_evaluations": 921,
  "coil_currents": [
    8058228.0190039985,
    7948579.306957921,
    7909372.782151822,
    7928676.708812627,
    7995012.136004481,
    8741545.765158229
  ],
  "coil_surface_distance": 1.0469587467007802
}