{
  "nfp": 4,
  "R0": 11.34443056562854,
  "R1": 4.777803671555994,
  "ncoils": 6,
  "order": 13,
  "nphi": 32,
  "ntheta": 32,
  "length_target": 36.43346179363572,
  "length_weight": 12.909098087656336,
  "max_curvature_threshold": 3.153192618930947,
  "max_curvature_weight": 0.0002292278591333309,
  "msc_threshold": 1.4057971552689872,
  "msc_weight": 7.640769063789811e-05,
  "JF": 0.0026112603013255867,
  "Jf": 0.002557131148610734,
  "BdotN": 0.009536107583492165,
  "lengths": [
    35.46144175996652,
    35.508776519663414,
    35.32905960292494,
    38.715232944187136,
    36.313658272970876,
    37.27323280894025
  ],
  "length": 218.60140190865314,
  "max_curvatures": [
    3.6511913835935914,
    3.880775380030353,
    3.447687981753177,
    4.5391245732402945,
    3.567056974628969,
    4.096885253539182
  ],
  "max_max_curvature": 4.5391245732402945,
  "coil_coil_distance": 0.9219074891294203,
  "cc_threshold": 0.9227036850715464,
  "cc_weight": 25.134510889826043,
  "gradient_norm": 0.29454532815874823,
  "linking_number": 0,
  "directory": "ncoils_6_order_13_R1_4.8_length_target_3.6e+01_weight_1.3e+01_max_curvature_3.2_weight_0.00023_msc_1.4_weight_7.6e-05_cc_0.92_weight_2.5e+01",
  "mean_squared_curvatures": [
    0.7865150771189852,
    0.7043820838599107,
    0.7489415800478637,
    0.8413421247291649,
    0.6931177513256629,
    0.7026114239355126
  ],
  "max_mean_squared_curvature": 0.8413421247291649,
  "message": "STOP: TOTAL NO. of ITERATIONS REACHED LIMIT",
  "success": false,
  "iterations": 700,
  "function_evaluations": 808,
  "coil_currents": [
    7949822.866795309,
    7998638.280954887,
    8005500.903698938,
    8081983.578229258,
    8034345.465995654,
    8511123.622415036
  ],
  "coil_surface_distance": 1.0252334846634863
}