{
  "nfp": 4,
  "ncoils": 6,
  "R0": 11.34443056562854,
  "R1": 4.443141638131816,
  "order": 8,
  "nphi": 32,
  "ntheta": 32,
  "length_target": 32.10152756329752,
  "length_weight": 4.095022956138376,
  "max_curvature_threshold": 3.437964359043416,
  "max_curvature_weight": 1.0267537189829219e-05,
  "msc_threshold": 3.907604037231551,
  "msc_weight": 6.861205173161734e-07,
  "JF": 0.000994548496642095,
  "Jf": 0.0009566683345267628,
  "BdotN": 0.007370533336577448,
  "lengths": [
    32.039710923565714,
    31.23122409548847,
    31.081682077058908,
    32.81482939326286,
    32.2858992266902,
    33.15606573202193
  ],
  "length": 192.60941144808805,
  "max_curvatures": [
    3.619220463095067,
    4.349820648720269,
    3.9266482934460174,
    12.123156255716674,
    2.2830732372324456,
    4.789623921767135
  ],
  "max_max_curvature": 12.123156255716674,
  "coil_coil_distance": 0.6206300096973814,
  "cc_threshold": 0.6206597571335695,
  "cc_weight": 3766.642567526206,
  "gradient_norm": 0.04576662706761478,
  "linking_number": 0,
  "directory": "ncoils_6_order_8_R1_4.4_length_target_3.2e+01_weight_4.1_max_curvature_3.4_weight_1e-05_msc_3.9_weight_6.9e-07_cc_0.62_weight_3.8e+03",
  "mean_squared_curvatures": [
    0.3671077898129959,
    0.33252200716777824,
    0.29962370109562303,
    0.9144202375033358,
    0.2978758356604523,
    0.5534083235387321
  ],
  "max_mean_squared_curvature": 0.9144202375033358,
  "message": "STOP: TOTAL NO. of ITERATIONS REACHED LIMIT",
  "success": false,
  "iterations": 500,
  "function_evaluations": 862,
  "coil_currents": [
    8155207.110698857,
    8128711.5074034,
    8043712.443466107,
    8065170.357807133,
    8046812.6968223695,
    8141800.601891212
  ],
  "coil_surface_distance": 1.188891190524091
}