{
  "nfp": 4,
  "R0": 11.34443056562854,
  "R1": 4.2303549590858776,
  "ncoils": 3,
  "order": 10,
  "nphi": 32,
  "ntheta": 32,
  "length_target": 36.18971790729434,
  "length_weight": 4.654111135537923,
  "max_curvature_threshold": 4.691648504252849,
  "max_curvature_weight": 1.1145233292212042e-05,
  "msc_threshold": 3.1504363945048395,
  "msc_weight": 3.909732171052807e-05,
  "JF": 0.01154792279459996,
  "Jf": 0.011475988312384534,
  "BdotN": 0.01577416955715587,
  "lengths": [
    37.66683188273223,
    36.25772843572868,
    34.644915151974956
  ],
  "length": 108.56947547043588,
  "max_curvatures": [
    8.024832179260818,
    6.9421366221302865,
    6.0208453114474
  ],
  "max_max_curvature": 8.024832179260818,
  "coil_coil_distance": 1.0532863359983526,
  "cc_threshold": 1.0730968270910903,
  "cc_weight": 0.9006724189448057,
  "gradient_norm": 1.0407888608255123,
  "linking_number": 0,
  "directory": "ncoils_3_order_10_R1_4.2_length_target_3.6e+01_weight_4.7_max_curvature_4.7_weight_1.1e-05_msc_3.2_weight_3.9e-05_cc_1.1_weight_0.9",
  "mean_squared_curvatures": [
    0.12663420942847844,
    0.3410019425199891,
    0.35333667354207243
  ],
  "max_mean_squared_curvature": 0.35333667354207243,
  "message": "CONVERGENCE: REL_REDUCTION_OF_F_<=_FACTR*EPSMCH",
  "success": true,
  "iterations": 664,
  "function_evaluations": 809,
  "coil_currents": [
    16416477.316984043,
    16325282.436446607,
    15839654.964658432
  ],
  "coil_surface_distance": 1.241454153618105
}