{
  "nfp": 4,
  "R0": 11.34443056562854,
  "R1": 4.532568352983495,
  "ncoils": 6,
  "order": 13,
  "nphi": 32,
  "ntheta": 32,
  "length_target": 39.694963773515894,
  "length_weight": 0.025457772353681067,
  "max_curvature_threshold": 1.8249943775834871,
  "max_curvature_weight": 4.004642217828834e-06,
  "msc_threshold": 5.252794606887543,
  "msc_weight": 4.6300229187481034e-07,
  "JF": 0.007879150736741471,
  "Jf": 0.007522540153192783,
  "BdotN": 0.017208535813345107,
  "lengths": [
    39.592151415543256,
    38.904837841984005,
    38.53942938778199,
    39.85613388783113,
    40.760590470767276,
    40.51744938283036
  ],
  "length": 238.17059238673804,
  "max_curvatures": [
    18.70431755236232,
    13.510571697105913,
    3.623319754255533,
    5.039238651588972,
    9.01774234811165,
    9.065800547922388
  ],
  "max_max_curvature": 18.70431755236232,
  "coil_coil_distance": 1.1466777845070257,
  "cc_threshold": 1.1666909775817893,
  "cc_weight": 1.1223976747195794,
  "gradient_norm": 0.14294969573508315,
  "linking_number": 0,
  "directory": "ncoils_6_order_13_R1_4.5_length_target_4e+01_weight_0.025_max_curvature_1.8_weight_4e-06_msc_5.3_weight_4.6e-07_cc_1.2_weight_1.1",
  "mean_squared_curvatures": [
    1.729346144574129,
    0.7077148008880854,
    0.3615457427247318,
    0.9115602476223501,
    1.39082608492565,
    1.819032055814756
  ],
  "max_mean_squared_curvature": 1.819032055814756,
  "message": "STOP: TOTAL NO. of ITERATIONS REACHED LIMIT",
  "success": false,
  "iterations": 700,
  "function_evaluations": 743,
  "coil_currents": [
    9527306.40674404,
    8940085.296911145,
    7048399.607198107,
    7938903.848961077,
    7025806.195198404,
    8100913.363076307
  ],
  "coil_surface_distance": 0.5874813477078212
}