{
  "nfp": 4,
  "R0": 11.34443056562854,
  "R1": 4.315370021290066,
  "ncoils": 4,
  "order": 8,
  "nphi": 32,
  "ntheta": 32,
  "length_target": 42.18635824950896,
  "length_weight": 2.9201610933112176,
  "max_curvature_threshold": 5.241798857467134,
  "max_curvature_weight": 0.00917916748724699,
  "msc_threshold": 0.9656687737758218,
  "msc_weight": 3.224481234042807e-05,
  "JF": 0.0007061313900135507,
  "Jf": 0.0007029434352850936,
  "BdotN": 0.004942444515910708,
  "lengths": [
    43.03469415717574,
    47.59933831567494,
    38.72625562498061,
    39.385772635370415
  ],
  "length": 168.74606073320172,
  "max_curvatures": [
    5.202537567643422,
    5.255514034034864,
    5.194403954039228,
    5.03398726193588
  ],
  "max_max_curvature": 5.255514034034864,
  "coil_coil_distance": 0.7565785470618396,
  "cc_threshold": 0.7608937641504561,
  "cc_weight": 0.2610662669769341,
  "gradient_norm": 0.041630672281191605,
  "linking_number": 0,
  "directory": "ncoils_4_order_8_R1_4.3_length_target_4.2e+01_weight_2.9_max_curvature_5.2_weight_0.0092_msc_0.97_weight_3.2e-05_cc_0.76_weight_0.26",
  "mean_squared_curvatures": [
    0.4403599184907709,
    0.42320771596984114,
    0.5911555838258479,
    0.5563456252155976
  ],
  "max_mean_squared_curvature": 0.5911555838258479,
  "message": "STOP: TOTAL NO. of ITERATIONS REACHED LIMIT",
  "success": false,
  "iterations": 700,
  "function_evaluations": 786,
  "coil_currents": [
    12296553.745368578,
    12105870.806022301,
    12112758.201827073,
    12066231.96487113
  ],
  "coil_surface_distance": 1.4323949251874142
}