{
  "nfp": 4,
  "R0": 11.34443056562854,
  "R1": 4.458533345560984,
  "ncoils": 6,
  "order": 11,
  "nphi": 32,
  "ntheta": 32,
  "length_target": 33.49036705272718,
  "length_weight": 0.19433499525775172,
  "max_curvature_threshold": 2.7341664449982126,
  "max_curvature_weight": 1.8433768040993467e-06,
  "msc_threshold": 4.934205767598184,
  "msc_weight": 1.6045922216490124e-06,
  "JF": 0.00015794595398617762,
  "Jf": 0.0001575936056774141,
  "BdotN": 0.00422321126093214,
  "lengths": [
    34.9350601027015,
    34.33969063493213,
    33.36489123769659,
    33.09648921741966,
    32.58838060139592,
    32.617754594626355
  ],
  "length": 200.94226638877217,
  "max_curvatures": [
    2.6666588095610466,
    2.8056982141406457,
    3.121074665489093,
    2.3226696243789333,
    3.3269204476189427,
    3.5499544614371077
  ],
  "max_max_curvature": 3.5499544614371077,
  "coil_coil_distance": 0.714594239869094,
  "cc_threshold": 0.7156115280373954,
  "cc_weight": 1.4002830981131023,
  "gradient_norm": 0.0005505762336892758,
  "linking_number": 0,
  "directory": "ncoils_6_order_11_R1_4.5_length_target_3.3e+01_weight_0.19_max_curvature_2.7_weight_1.8e-06_msc_4.9_weight_1.6e-06_cc_0.72_weight_1.4",
  "mean_squared_curvatures": [
    0.18683897346437897,
    0.21717584369716117,
    0.370141158975055,
    0.20220754273064442,
    0.40653129466386184,
    0.623097750459544
  ],
  "max_mean_squared_curvature": 0.623097750459544,
  "message": "STOP: TOTAL NO. of ITERATIONS REACHED LIMIT",
  "success": false,
  "iterations": 700,
  "function_evaluations": 740,
  "coil_currents": [
    8180858.635353744,
    8097575.870302299,
    7989246.160872312,
    8037969.903010504,
    8099154.143391101,
    8176610.005159117
  ],
  "coil_surface_distance": 1.2471100020471022
}