{
  "nfp": 4,
  "R0": 11.34443056562854,
  "R1": 4.627077328604629,
  "ncoils": 4,
  "order": 7,
  "nphi": 32,
  "ntheta": 32,
  "length_target": 34.965064567679086,
  "length_weight": 2.178375965446158,
  "max_curvature_threshold": 6.850321576887279,
  "max_curvature_weight": 5.37437760749718e-06,
  "msc_threshold": 3.6196199081553266,
  "msc_weight": 1.6673914100977445e-07,
  "JF": 0.0008184349575504067,
  "Jf": 0.0008182883137358281,
  "BdotN": 0.004807162930849678,
  "lengths": [
    36.788533758873896,
    35.036107521377666,
    34.51620955911529,
    33.51958768150547
  ],
  "length": 139.86043852087232,
  "max_curvatures": [
    0.8432087351451009,
    1.1017505949721798,
    4.948667002884613,
    7.212757432444989
  ],
  "max_max_curvature": 7.212757432444989,
  "coil_coil_distance": 0.6493939074535923,
  "cc_threshold": 0.6495684654908979,
  "cc_weight": 5.112284487655721,
  "gradient_norm": 0.005767693261388434,
  "linking_number": 0,
  "directory": "ncoils_4_order_7_R1_4.6_length_target_3.5e+01_weight_2.2_max_curvature_6.9_weight_5.4e-06_msc_3.6_weight_1.7e-07_cc_0.65_weight_5.1",
  "mean_squared_curvatures": [
    0.1223216679138905,
    0.11330627294847387,
    0.31532835860401714,
    0.3827457808588721
  ],
  "max_mean_squared_curvature": 0.3827457808588721,
  "message": "STOP: TOTAL NO. of ITERATIONS REACHED LIMIT",
  "success": false,
  "iterations": 700,
  "function_evaluations": 777,
  "coil_currents": [
    12272531.224170474,
    12199507.30847672,
    12057430.755377917,
    12051945.43006397
  ],
  "coil_surface_distance": 1.4485902778097226
}