{
  "nfp": 4,
  "R0": 11.34443056562854,
  "R1": 4.105181704609522,
  "ncoils": 5,
  "order": 6,
  "nphi": 32,
  "ntheta": 32,
  "length_target": 32.11192888608083,
  "length_weight": 16.71334419015629,
  "max_curvature_threshold": 1.6459008601753953,
  "max_curvature_weight": 0.00011352196150964865,
  "msc_threshold": 3.856057516283604,
  "msc_weight": 3.3757795065612793e-07,
  "JF": 0.0005307181461180056,
  "Jf": 0.0005202427874510494,
  "BdotN": 0.0059654064775992175,
  "lengths": [
    34.556676120940864,
    33.08560467323094,
    31.613409086182145,
    30.810934883465936,
    30.493084422772206
  ],
  "length": 160.55970918659207,
  "max_curvatures": [
    1.8845789634118542,
    1.119168361699835,
    1.5759684783871573,
    2.4964280850935308,
    1.9788470597578105
  ],
  "max_max_curvature": 2.4964280850935308,
  "coil_coil_distance": 0.6294395586271758,
  "cc_threshold": 0.6293171380999613,
  "cc_weight": 123.04760582894785,
  "gradient_norm": 0.017481481059536806,
  "linking_number": 0,
  "directory": "ncoils_5_order_6_R1_4.1_length_target_3.2e+01_weight_1.7e+01_max_curvature_1.6_weight_0.00011_msc_3.9_weight_3.4e-07_cc_0.63_weight_1.2e+02",
  "mean_squared_curvatures": [
    0.15268613385563776,
    0.12579325231726715,
    0.15609977827404325,
    0.18379798353519256,
    0.2036012118364616
  ],
  "max_mean_squared_curvature": 0.2036012118364616,
  "message": "STOP: TOTAL NO. of ITERATIONS REACHED LIMIT",
  "success": false,
  "iterations": 700,
  "function_evaluations": 872,
  "coil_currents": [
    9675433.556958811,
    9667732.135957714,
    9669136.440447802,
    9652810.272790514,
    9916302.31193424
  ],
  "coil_surface_distance": 1.3257214527731367
}