{
  "nfp": 4,
  "R0": 11.34443056562854,
  "R1": 4.293774811712053,
  "ncoils": 4,
  "order": 8,
  "nphi": 32,
  "ntheta": 32,
  "length_target": 32.92484795238109,
  "length_weight": 2.119369131791351,
  "max_curvature_threshold": 1.1513829646060667,
  "max_curvature_weight": 0.002179246546892023,
  "msc_threshold": 3.672381604954779,
  "msc_weight": 8.816041959300434e-06,
  "JF": 0.0017237556668575084,
  "Jf": 0.0017121940705238344,
  "BdotN": 0.007809777156514262,
  "lengths": [
    34.826264279628546,
    33.36903530627742,
    32.428253937905616,
    31.07600960522932
  ],
  "length": 131.6995631290409,
  "max_curvatures": [
    1.2097798568358271,
    1.1693116423048953,
    1.2131052835243583,
    1.2379021917107826
  ],
  "max_max_curvature": 1.2379021917107826,
  "coil_coil_distance": 0.5548517622393285,
  "cc_threshold": 0.6038443279990787,
  "cc_weight": 0.011709788487853192,
  "gradient_norm": 0.004360436030236845,
  "linking_number": 0,
  "directory": "ncoils_4_order_8_R1_4.3_length_target_3.3e+01_weight_2.1_max_curvature_1.2_weight_0.0022_msc_3.7_weight_8.8e-06_cc_0.6_weight_0.012",
  "mean_squared_curvatures": [
    0.1253228972997616,
    0.11412539702619756,
    0.19608425362696344,
    0.21052562243805578
  ],
  "max_mean_squared_curvature": 0.21052562243805578,
  "message": "STOP: TOTAL NO. of ITERATIONS REACHED LIMIT",
  "success": false,
  "iterations": 700,
  "function_evaluations": 799,
  "coil_currents": [
    12520134.813048985,
    12465792.922026573,
    12283517.710798552,
    11311969.272214971
  ],
  "coil_surface_distance": 1.3920303830363667
}