{
  "nfp": 4,
  "R0": 11.34443056562854,
  "R1": 4.3824614604346825,
  "ncoils": 3,
  "order": 15,
  "nphi": 32,
  "ntheta": 32,
  "length_target": 41.81806701674068,
  "length_weight": 0.5334287417421294,
  "max_curvature_threshold": 4.609129414834951,
  "max_curvature_weight": 4.68822065875696e-06,
  "msc_threshold": 1.193501604114444,
  "msc_weight": 2.6606450775221094e-05,
  "JF": 0.0014465890475062904,
  "Jf": 0.001444188172844869,
  "BdotN": 0.007566387622587014,
  "lengths": [
    42.99910991345647,
    41.78078409178055,
    40.674562134327545
  ],
  "length": 125.45445613956457,
  "max_curvatures": [
    4.3736800955148185,
    8.67832207278934,
    8.593267179568274
  ],
  "max_max_curvature": 8.67832207278934,
  "coil_coil_distance": 0.6871439266914112,
  "cc_threshold": 0.687371664551425,
  "cc_weight": 319.49243775180184,
  "gradient_norm": 0.03313558286602571,
  "linking_number": 0,
  "directory": "ncoils_3_order_15_R1_4.4_length_target_4.2e+01_weight_0.53_max_curvature_4.6_weight_4.7e-06_msc_1.2_weight_2.7e-05_cc_0.69_weight_3.2e+02",
  "mean_squared_curvatures": [
    0.3167421632376064,
    0.4465785222045242,
    0.7608536787208892
  ],
  "max_mean_squared_curvature": 0.7608536787208892,
  "message": "STOP: TOTAL NO. of ITERATIONS REACHED LIMIT",
  "success": false,
  "iterations": 700,
  "function_evaluations": 933,
  "coil_currents": [
    16115751.838729003,
    16138097.002548441,
    16327565.876811638
  ],
  "coil_surface_distance": 1.4884833808870366
}