{
  "nfp": 4,
  "R0": 11.34443056562854,
  "R1": 4.680980931764276,
  "ncoils": 6,
  "order": 15,
  "nphi": 32,
  "ntheta": 32,
  "length_target": 38.63549054033721,
  "length_weight": 0.30873978723905876,
  "max_curvature_threshold": 7.039664337290183,
  "max_curvature_weight": 1.469982846267744e-06,
  "msc_threshold": 2.9869786144664987,
  "msc_weight": 9.420434425277307e-07,
  "JF": 0.002689049688445412,
  "Jf": 0.0023694302988661606,
  "BdotN": 0.010620136308073411,
  "lengths": [
    39.33308537827125,
    36.83347713332293,
    38.798961081999636,
    38.823253964402895,
    37.96487996148075,
    40.06014577662543
  ],
  "length": 231.81380329610286,
  "max_curvatures": [
    15.336640378100368,
    6.418445624701293,
    12.944833801516337,
    9.368256929947584,
    9.298384589917731,
    11.615463268915812
  ],
  "max_max_curvature": 15.336640378100368,
  "coil_coil_distance": 1.046703203643638,
  "cc_threshold": 1.1031855694081534,
  "cc_weight": 0.052142753336187994,
  "gradient_norm": 0.3684410583786862,
  "linking_number": 0,
  "directory": "ncoils_6_order_15_R1_4.7_length_target_3.9e+01_weight_0.31_max_curvature_7.0_weight_1.5e-06_msc_3.0_weight_9.4e-07_cc_1.1_weight_0.052",
  "mean_squared_curvatures": [
    2.159470003595658,
    0.34275701436568223,
    1.159016230889471,
    1.0439037495433359,
    0.6706770603817013,
    1.318267679044147
  ],
  "max_mean_squared_curvature": 2.159470003595658,
  "message": "STOP: TOTAL NO. of ITERATIONS REACHED LIMIT",
  "success": false,
  "iterations": 700,
  "function_evaluations": 793,
  "coil_currents": [
    8676353.055168442,
    8121669.211089056,
    7645285.859099917,
    8041666.955637606,
    7890299.060484795,
    8206140.576609261
  ],
  "coil_surface_distance": 1.0521910138283248
}