{
  "nfp": 4,
  "R0": 11.34443056562854,
  "R1": 4.117070180669127,
  "ncoils": 4,
  "order": 10,
  "nphi": 32,
  "ntheta": 32,
  "length_target": 33.77571053490478,
  "length_weight": 20.524712229593927,
  "max_curvature_threshold": 5.436996325307414,
  "max_curvature_weight": 0.003039030065877486,
  "msc_threshold": 7.8226434374924665,
  "msc_weight": 3.657673427985316e-06,
  "JF": 0.0018295317728285242,
  "Jf": 0.0018290340658118057,
  "BdotN": 0.007950197865164292,
  "lengths": [
    35.84866477882553,
    34.17947883726067,
    32.69977051523428,
    32.37514823163673
  ],
  "length": 135.1030623629572,
  "max_curvatures": [
    3.2639569479118835,
    2.632041631270241,
    4.070416302401967,
    3.2882019375902973
  ],
  "max_max_curvature": 4.070416302401967,
  "coil_coil_distance": 0.7806874337496725,
  "cc_threshold": 0.7805480369143503,
  "cc_weight": 522.7131718334442,
  "gradient_norm": 0.0756811172616295,
  "linking_number": 0,
  "directory": "ncoils_4_order_10_R1_4.1_length_target_3.4e+01_weight_2.1e+01_max_curvature_5.4_weight_0.003_msc_7.8_weight_3.7e-06_cc_0.78_weight_5.2e+02",
  "mean_squared_curvatures": [
    0.23829368611191323,
    0.17224929759449498,
    0.2743676324097575,
    0.2848101315736691
  ],
  "max_mean_squared_curvature": 0.2848101315736691,
  "message": "STOP: TOTAL NO. of ITERATIONS REACHED LIMIT",
  "success": false,
  "iterations": 700,
  "function_evaluations": 872,
  "coil_currents": [
    12217990.970316673,
    12176824.954608938,
    12093343.842986643,
    12093254.950176828
  ],
  "coil_surface_distance": 1.3703961452006146
}