{
  "nfp": 4,
  "R0": 11.34443056562854,
  "R1": 4.763437841200693,
  "ncoils": 4,
  "order": 7,
  "nphi": 32,
  "ntheta": 32,
  "length_target": 32.651999793498334,
  "length_weight": 0.3410608041509448,
  "max_curvature_threshold": 4.137242770862075,
  "max_curvature_weight": 0.0006579780029868348,
  "msc_threshold": 3.2681756245397184,
  "msc_weight": 1.3446548076613543e-06,
  "JF": 0.0017530549928095915,
  "Jf": 0.0017501171231487308,
  "BdotN": 0.0069409130511612705,
  "lengths": [
    34.73937843412608,
    33.36063153724594,
    31.922948955313647,
    30.585625118051823
  ],
  "length": 130.60858404473748,
  "max_curvatures": [
    4.140515534767161,
    4.045412365626835,
    4.175065536202113,
    4.179065742476505
  ],
  "max_max_curvature": 4.179065742476505,
  "coil_coil_distance": 0.6497182177964596,
  "cc_threshold": 0.6797646044708004,
  "cc_weight": 0.03902147914121022,
  "gradient_norm": 0.0006773740153176995,
  "linking_number": 0,
  "directory": "ncoils_4_order_7_R1_4.8_length_target_3.3e+01_weight_0.34_max_curvature_4.1_weight_0.00066_msc_3.3_weight_1.3e-06_cc_0.68_weight_0.039",
  "mean_squared_curvatures": [
    0.12934253226981096,
    0.1282206170281365,
    0.3483687521644999,
    0.5019787783802847
  ],
  "max_mean_squared_curvature": 0.5019787783802847,
  "message": "STOP: TOTAL NO. of ITERATIONS REACHED LIMIT",
  "success": false,
  "iterations": 700,
  "function_evaluations": 992,
  "coil_currents": [
    12573233.645379253,
    12661989.804257823,
    12308410.872726398,
    11037780.395725608
  ],
  "coil_surface_distance": 1.396386575580104
}