{
  "nfp": 4,
  "R0": 11.34443056562854,
  "R1": 4.13967672557612,
  "ncoils": 5,
  "order": 14,
  "nphi": 32,
  "ntheta": 32,
  "length_target": 28.80047047574232,
  "length_weight": 0.0650184154618522,
  "max_curvature_threshold": 0.49596197838409345,
  "max_curvature_weight": 0.002401511262330318,
  "msc_threshold": 5.897588799341327,
  "msc_weight": 8.842673381123419e-07,
  "JF": 0.005062855794742907,
  "Jf": 0.004208825289133497,
  "BdotN": 0.012306998595817383,
  "lengths": [
    30.87853092497861,
    29.752797569310108,
    28.762594447608745,
    28.369862836468183,
    26.24254900910745
  ],
  "length": 144.0063347874731,
  "max_curvatures": [
    0.6793823089664645,
    0.644514398752595,
    0.8559078275602369,
    0.7468286896846995,
    0.853560566545012
  ],
  "max_max_curvature": 0.8559078275602369,
  "coil_coil_distance": 1.0003554285879066,
  "cc_threshold": 1.013222069483251,
  "cc_weight": 0.9559408912704208,
  "gradient_norm": 0.2765484921764692,
  "linking_number": 0,
  "directory": "ncoils_5_order_14_R1_4.1_length_target_2.9e+01_weight_0.065_max_curvature_0.5_weight_0.0024_msc_5.9_weight_8.8e-07_cc_1.0_weight_0.96",
  "mean_squared_curvatures": [
    0.12138770939932893,
    0.12994252043050997,
    0.1646785852365002,
    0.18531136373374507,
    0.21711736651240116
  ],
  "max_mean_squared_curvature": 0.21711736651240116,
  "message": "STOP: TOTAL NO. of ITERATIONS REACHED LIMIT",
  "success": false,
  "iterations": 700,
  "function_evaluations": 739,
  "coil_currents": [
    10670898.146302678,
    10213696.23506881,
    9827348.97680233,
    10108768.419036318,
    7760702.94087895
  ],
  "coil_surface_distance": 1.1138937554666952
}