{
  "nfp": 4,
  "R0": 11.34443056562854,
  "R1": 4.2587384098928664,
  "ncoils": 5,
  "order": 12,
  "nphi": 32,
  "ntheta": 32,
  "length_target": 41.229931239288504,
  "length_weight": 1.0592458404089706,
  "max_curvature_threshold": 6.351623385744231,
  "max_curvature_weight": 0.0002252469212121341,
  "msc_threshold": 1.8061873020047035,
  "msc_weight": 1.706786762860483e-05,
  "JF": 0.0006104732173881746,
  "Jf": 0.0006084878075050973,
  "BdotN": 0.005109986607949077,
  "lengths": [
    39.53569821888823,
    45.482384778772435,
    38.21251264714003,
    39.99533270240018,
    42.924222437479344
  ],
  "length": 206.1501507846802,
  "max_curvatures": [
    5.950764732034827,
    6.626936451236237,
    6.240666354974158,
    6.160343086355043,
    6.1288776052615885
  ],
  "max_max_curvature": 6.626936451236237,
  "coil_coil_distance": 0.7776860345253764,
  "cc_threshold": 0.7779667490577822,
  "cc_weight": 19.115810527394864,
  "gradient_norm": 0.017813028634057825,
  "linking_number": 0,
  "directory": "ncoils_5_order_12_R1_4.3_length_target_4.1e+01_weight_1.1_max_curvature_6.4_weight_0.00023_msc_1.8_weight_1.7e-05_cc_0.78_weight_1.9e+01",
  "mean_squared_curvatures": [
    0.6090714732320669,
    1.015163644081755,
    0.6166341311335692,
    0.8363998678397853,
    1.0325344139762462
  ],
  "max_mean_squared_curvature": 1.0325344139762462,
  "message": "STOP: TOTAL NO. of ITERATIONS REACHED LIMIT",
  "success": false,
  "iterations": 700,
  "function_evaluations": 796,
  "coil_currents": [
    9749980.159219872,
    9654277.031729363,
    9722580.233609749,
    9755994.990016853,
    9698582.303513244
  ],
  "coil_surface_distance": 1.0783631158660243
}