{
  "nfp": 4,
  "R0": 11.34443056562854,
  "R1": 4.246038223270524,
  "ncoils": 3,
  "order": 9,
  "nphi": 32,
  "ntheta": 32,
  "length_target": 42.535673950045,
  "length_weight": 0.30591609819798654,
  "max_curvature_threshold": 4.426905465318516,
  "max_curvature_weight": 4.3376574273619245e-05,
  "msc_threshold": 0.8657685297406154,
  "msc_weight": 2.7095550296779854e-07,
  "JF": 0.0021263413165751813,
  "Jf": 0.0021002114484454304,
  "BdotN": 0.008966523111328761,
  "lengths": [
    44.17699375126734,
    43.65383200260245,
    39.7770072631559
  ],
  "length": 127.60783301702568,
  "max_curvatures": [
    5.048613571555259,
    8.443383055600435,
    6.703869278595455
  ],
  "max_max_curvature": 8.443383055600435,
  "coil_coil_distance": 0.8015070651249775,
  "cc_threshold": 0.8015502186959685,
  "cc_weight": 209.72484538368474,
  "gradient_norm": 0.0995453768630147,
  "linking_number": 0,
  "directory": "ncoils_3_order_9_R1_4.2_length_target_4.3e+01_weight_0.31_max_curvature_4.4_weight_4.3e-05_msc_0.87_weight_2.7e-07_cc_0.8_weight_2.1e+02",
  "mean_squared_curvatures": [
    0.16083114817402724,
    0.35076830445385926,
    0.5200872337385372
  ],
  "max_mean_squared_curvature": 0.5200872337385372,
  "message": "CONVERGENCE: REL_REDUCTION_OF_F_<=_FACTR*EPSMCH",
  "success": true,
  "iterations": 619,
  "function_evaluations": 946,
  "coil_currents": [
    17053422.555037342,
    16844906.431681275,
    14683085.731370464
  ],
  "coil_surface_distance": 0.9852234790536342
}