{
  "nfp": 4,
  "R0": 11.34443056562854,
  "R1": 4.481661634567834,
  "ncoils": 6,
  "order": 12,
  "nphi": 32,
  "ntheta": 32,
  "length_target": 31.7072841111187,
  "length_weight": 18.871858381369467,
  "max_curvature_threshold": 1.9431425447319959,
  "max_curvature_weight": 0.0009425578936264542,
  "msc_threshold": 1.70362067410109,
  "msc_weight": 5.235061205632864e-05,
  "JF": 0.00040419386295789786,
  "Jf": 0.00040060255990601,
  "BdotN": 0.005495828174062483,
  "lengths": [
    33.42993430938185,
    32.48165601163828,
    31.729255392093023,
    31.636980839632376,
    30.90617947550391,
    30.059776854484085
  ],
  "length": 190.2437828827335,
  "max_curvatures": [
    1.5542311489162508,
    1.5718907655028478,
    1.7975859296507313,
    2.035428586016714,
    1.2910999077967014,
    1.970787122767319
  ],
  "max_max_curvature": 2.035428586016714,
  "coil_coil_distance": 0.667829259070517,
  "cc_threshold": 0.6815787981944292,
  "cc_weight": 0.1653417144598351,
  "gradient_norm": 0.0295995542297511,
  "linking_number": 0,
  "directory": "ncoils_6_order_12_R1_4.5_length_target_3.2e+01_weight_1.9e+01_max_curvature_1.9_weight_0.00094_msc_1.7_weight_5.2e-05_cc_0.68_weight_0.17",
  "mean_squared_curvatures": [
    0.1887819326425906,
    0.15985257008425768,
    0.16574586892142615,
    0.22845930391381208,
    0.16031458054119752,
    0.25124521148784745
  ],
  "max_mean_squared_curvature": 0.25124521148784745,
  "message": "STOP: TOTAL NO. of ITERATIONS REACHED LIMIT",
  "success": false,
  "iterations": 700,
  "function_evaluations": 819,
  "coil_currents": [
    8132048.2711299835,
    8079299.159212314,
    7984046.779367012,
    7982457.716352822,
    8008258.914043093,
    8395303.87798386
  ],
  "coil_surface_distance": 1.2186042648745417
}