{
  "nfp": 4,
  "R0": 11.34443056562854,
  "R1": 4.326293752708608,
  "ncoils": 5,
  "order": 14,
  "nphi": 32,
  "ntheta": 32,
  "length_target": 30.4938213705732,
  "length_weight": 35.670241404696036,
  "max_curvature_threshold": 1.8820203957993862,
  "max_curvature_weight": 8.498477538865337e-05,
  "msc_threshold": 1.2883754281046271,
  "msc_weight": 1.3527506805209325e-07,
  "JF": 0.0010670814256527657,
  "Jf": 0.0010437782601794153,
  "BdotN": 0.006449151456121646,
  "lengths": [
    32.5848823539849,
    31.693460048174632,
    30.289445720198657,
    29.150050263187886,
    28.751282878160524
  ],
  "length": 152.4691212637066,
  "max_curvatures": [
    1.986733447831291,
    2.385025368287568,
    1.8114721575825052,
    2.146534029962475,
    2.2773787559937286
  ],
  "max_max_curvature": 2.385025368287568,
  "coil_coil_distance": 0.7803913341013301,
  "cc_threshold": 0.8248218543113393,
  "cc_weight": 0.04177151504005652,
  "gradient_norm": 0.008233940757404775,
  "linking_number": 0,
  "directory": "ncoils_5_order_14_R1_4.3_length_target_3e+01_weight_3.6e+01_max_curvature_1.9_weight_8.5e-05_msc_1.3_weight_1.4e-07_cc_0.82_weight_0.042",
  "mean_squared_curvatures": [
    0.1533237814821046,
    0.14422896968968582,
    0.17137217359105988,
    0.22488206163652893,
    0.2684095774313561
  ],
  "max_mean_squared_curvature": 0.2684095774313561,
  "message": "STOP: TOTAL NO. of ITERATIONS REACHED LIMIT",
  "success": false,
  "iterations": 700,
  "function_evaluations": 843,
  "coil_currents": [
    9765599.663602611,
    9688039.861034453,
    9620843.486008245,
    9637891.802410515,
    9869039.905033253
  ],
  "coil_surface_distance": 1.1918689102505622
}