{
  "nfp": 4,
  "R0": 11.34443056562854,
  "R1": 4.229440507125572,
  "ncoils": 5,
  "order": 10,
  "nphi": 32,
  "ntheta": 32,
  "length_target": 28.660586545283458,
  "length_weight": 41.50619081087656,
  "max_curvature_threshold": 2.7156082713757996,
  "max_curvature_weight": 2.377593538739745e-06,
  "msc_threshold": 2.150539665151698,
  "msc_weight": 3.994896126841898e-06,
  "JF": 0.0018688746908073867,
  "Jf": 0.001867507029088805,
  "BdotN": 0.008820450469468149,
  "lengths": [
    30.3342498814297,
    29.36338399676836,
    28.309613543494756,
    27.694047402386907,
    27.601745874014764
  ],
  "length": 143.3030406980945,
  "max_curvatures": [
    4.41052678705921,
    1.419363244104986,
    3.237677026506153,
    2.5462028066609856,
    5.638339171175463
  ],
  "max_max_curvature": 5.638339171175463,
  "coil_coil_distance": 0.736819195835554,
  "cc_threshold": 0.7376954437349803,
  "cc_weight": 2.977080241425234,
  "gradient_norm": 0.07131230552919056,
  "linking_number": 0,
  "directory": "ncoils_5_order_10_R1_4.2_length_target_2.9e+01_weight_4.2e+01_max_curvature_2.7_weight_2.4e-06_msc_2.2_weight_4e-06_cc_0.74_weight_3.0",
  "mean_squared_curvatures": [
    0.19947662878866662,
    0.13593573084779934,
    0.18810855892185036,
    0.24558792558098336,
    0.3476173421442833
  ],
  "max_mean_squared_curvature": 0.3476173421442833,
  "message": "STOP: TOTAL NO. of ITERATIONS REACHED LIMIT",
  "success": false,
  "iterations": 700,
  "function_evaluations": 832,
  "coil_currents": [
    9706728.289965028,
    9667201.422271883,
    9634782.976301963,
    9644066.442886272,
    9928635.586663939
  ],
  "coil_surface_distance": 1.2464080842465877
}