{
  "nfp": 4,
  "R0": 11.34443056562854,
  "R1": 4.551253568731713,
  "ncoils": 6,
  "order": 12,
  "nphi": 32,
  "ntheta": 32,
  "length_target": 37.14745941634129,
  "length_weight": 0.17298846441455001,
  "max_curvature_threshold": 4.522256186088131,
  "max_curvature_weight": 0.0027767518455013526,
  "msc_threshold": 3.8212406710284004,
  "msc_weight": 1.9423436996449417e-06,
  "JF": 0.00032735595669984124,
  "Jf": 0.0003270669302111757,
  "BdotN": 0.004154707892701014,
  "lengths": [
    34.289847557976444,
    35.20684260168529,
    35.66208375767377,
    34.77944060002008,
    37.169462741703114,
    45.77745599445029
  ],
  "length": 222.885133253509,
  "max_curvatures": [
    3.796172397101549,
    4.529829901927657,
    4.004032901669692,
    4.1001566688018904,
    4.545979796092868,
    4.404626317478255
  ],
  "max_max_curvature": 4.545979796092868,
  "coil_coil_distance": 0.7420572216514862,
  "cc_threshold": 0.7422241481456616,
  "cc_weight": 34.755096742563225,
  "gradient_norm": 0.006228814337352525,
  "linking_number": 0,
  "directory": "ncoils_6_order_12_R1_4.6_length_target_3.7e+01_weight_0.17_max_curvature_4.5_weight_0.0028_msc_3.8_weight_1.9e-06_cc_0.74_weight_3.5e+01",
  "mean_squared_curvatures": [
    0.4495243602402002,
    1.0297827929658991,
    0.617577767151075,
    0.47434899488810983,
    0.7800852390706653,
    1.1869102439762502
  ],
  "max_mean_squared_curvature": 1.1869102439762502,
  "message": "STOP: TOTAL NO. of ITERATIONS REACHED LIMIT",
  "success": false,
  "iterations": 700,
  "function_evaluations": 807,
  "coil_currents": [
    8118438.000727792,
    8080484.615437953,
    7997308.649393303,
    7903074.994138599,
    7931493.050639185,
    8550615.407752253
  ],
  "coil_surface_distance": 1.0443573024607402
}