{
  "nfp": 4,
  "R0": 11.34443056562854,
  "R1": 4.574172080410335,
  "ncoils": 4,
  "order": 6,
  "nphi": 32,
  "ntheta": 32,
  "length_target": 42.44745690581776,
  "length_weight": 0.4903527204543815,
  "max_curvature_threshold": 5.923462848594725,
  "max_curvature_weight": 1.3938489559084953e-06,
  "msc_threshold": 4.120008768056079,
  "msc_weight": 4.95165449333723e-06,
  "JF": 0.0036224658313359862,
  "Jf": 0.003589765365055989,
  "BdotN": 0.009049206034876047,
  "lengths": [
    41.615673524271,
    41.63535272363584,
    40.12579885466451,
    46.41275645775613
  ],
  "length": 169.7895815603275,
  "max_curvatures": [
    5.358710204524346,
    25.8514059278007,
    7.456987228879617,
    17.689807047774263
  ],
  "max_max_curvature": 25.8514059278007,
  "coil_coil_distance": 1.0651762743089095,
  "cc_threshold": 1.0653819772426938,
  "cc_weight": 30.707194323321062,
  "gradient_norm": 0.03359417603062304,
  "linking_number": 0,
  "directory": "ncoils_4_order_6_R1_4.6_length_target_4.2e+01_weight_0.49_max_curvature_5.9_weight_1.4e-06_msc_4.1_weight_5e-06_cc_1.1_weight_3.1e+01",
  "mean_squared_curvatures": [
    0.2863390073950442,
    1.7785262948463851,
    0.3768501147694768,
    2.047686701754357
  ],
  "max_mean_squared_curvature": 2.047686701754357,
  "message": "STOP: TOTAL NO. of ITERATIONS REACHED LIMIT",
  "success": false,
  "iterations": 700,
  "function_evaluations": 896,
  "coil_currents": [
    12202174.582558675,
    12441275.04112232,
    12221104.311971651,
    11716860.782436438
  ],
  "coil_surface_distance": 0.8020508301847425
}