{
  "nfp": 4,
  "R0": 11.34443056562854,
  "R1": 4.253317682042897,
  "ncoils": 6,
  "order": 15,
  "nphi": 32,
  "ntheta": 32,
  "length_target": 39.81396324328822,
  "length_weight": 0.25121954122399975,
  "max_curvature_threshold": 7.929490681321399,
  "max_curvature_weight": 0.0006484066948620394,
  "msc_threshold": 5.178670821187476,
  "msc_weight": 1.8287601632656543e-07,
  "JF": 0.0001672095536671364,
  "Jf": 0.00016717161197036675,
  "BdotN": 0.004631021604892277,
  "lengths": [
    39.063303587251156,
    37.07477906053207,
    39.67417890696847,
    36.38204506285048,
    41.151148904914564,
    45.53851669602463
  ],
  "length": 238.8839722185414,
  "max_curvatures": [
    7.2103350782531965,
    7.54071743863247,
    7.9305487266755215,
    7.471413812923006,
    7.95887298551283,
    7.76968229617627
  ],
  "max_max_curvature": 7.95887298551283,
  "coil_coil_distance": 0.6096426397898889,
  "cc_threshold": 0.6096651796146196,
  "cc_weight": 11.240147748516629,
  "gradient_norm": 0.002299199292700517,
  "linking_number": 0,
  "directory": "ncoils_6_order_15_R1_4.3_length_target_4e+01_weight_0.25_max_curvature_7.9_weight_0.00065_msc_5.2_weight_1.8e-07_cc_0.61_weight_1.1e+01",
  "mean_squared_curvatures": [
    1.1833387897702443,
    0.4558266394200165,
    1.6021986531735124,
    0.975132368663088,
    1.5632564602123358,
    2.0341762425528818
  ],
  "max_mean_squared_curvature": 2.0341762425528818,
  "message": "STOP: TOTAL NO. of ITERATIONS REACHED LIMIT",
  "success": false,
  "iterations": 700,
  "function_evaluations": 770,
  "coil_currents": [
    7994161.8537434405,
    7976755.160960557,
    8015541.313328821,
    8012219.172369382,
    8073347.456840116,
    8509389.760846764
  ],
  "coil_surface_distance": 1.3100166413294327
}