{
  "nfp": 4,
  "R0": 11.34443056562854,
  "R1": 4.6760930877930305,
  "ncoils": 5,
  "order": 11,
  "nphi": 32,
  "ntheta": 32,
  "length_target": 29.497789662063028,
  "length_weight": 0.1554585772646922,
  "max_curvature_threshold": 7.296912611527838,
  "max_curvature_weight": 5.150625173003334e-05,
  "msc_threshold": 4.0305321702903205,
  "msc_weight": 9.181414450043404e-06,
  "JF": 0.0009555641665967026,
  "Jf": 0.0009553399559134596,
  "BdotN": 0.0062425505511455705,
  "lengths": [
    31.31615204477824,
    30.281274847012543,
    29.087488601920732,
    28.427709326376327,
    28.377065535944233
  ],
  "length": 147.48969035603207,
  "max_curvatures": [
    7.437762711606017,
    3.2731088891967,
    12.05293942490332,
    7.015915503233837,
    3.8339935435640333
  ],
  "max_max_curvature": 12.05293942490332,
  "coil_coil_distance": 0.6522555618316241,
  "cc_threshold": 0.6569512726380571,
  "cc_weight": 0.08346076675448137,
  "gradient_norm": 6.87007758355081,
  "linking_number": 0,
  "directory": "ncoils_5_order_11_R1_4.7_length_target_2.9e+01_weight_0.16_max_curvature_7.3_weight_5.2e-05_msc_4.0_weight_9.2e-06_cc_0.66_weight_0.083",
  "mean_squared_curvatures": [
    0.26371253788966303,
    0.15251706276213822,
    0.16712225942814662,
    0.3396052843786513,
    0.3475546020564575
  ],
  "max_mean_squared_curvature": 0.3475546020564575,
  "message": "CONVERGENCE: REL_REDUCTION_OF_F_<=_FACTR*EPSMCH",
  "success": true,
  "iterations": 259,
  "function_evaluations": 345,
  "coil_currents": [
    9767613.547850143,
    9733011.817750655,
    9695511.886692468,
    9686788.406835036,
    9698489.05896078
  ],
  "coil_surface_distance": 1.3317677413700837
}