{
  "nfp": 4,
  "R0": 11.34443056562854,
  "R1": 4.70646229014376,
  "ncoils": 5,
  "order": 8,
  "nphi": 32,
  "ntheta": 32,
  "length_target": 35.25557045214197,
  "length_weight": 0.7452889185379653,
  "max_curvature_threshold": 1.8955239142755063,
  "max_curvature_weight": 9.425465513236461e-05,
  "msc_threshold": 3.045192703307903,
  "msc_weight": 7.713633822333692e-07,
  "JF": 0.0001948923919369439,
  "Jf": 0.00019454993746411043,
  "BdotN": 0.004239074235719147,
  "lengths": [
    36.71449420623211,
    35.21895051312171,
    34.34882442178859,
    35.3417107934016,
    34.6540954590719
  ],
  "length": 176.27807539361592,
  "max_curvatures": [
    1.8673713233188396,
    1.0487871134505047,
    2.0059854081853334,
    1.9634261183376112,
    2.0245307962745662
  ],
  "max_max_curvature": 2.0245307962745662,
  "coil_coil_distance": 0.681413768399041,
  "cc_threshold": 0.6830346803945089,
  "cc_weight": 0.5268950594725174,
  "gradient_norm": 0.0032449102938893345,
  "linking_number": 0,
  "directory": "ncoils_5_order_8_R1_4.7_length_target_3.5e+01_weight_0.75_max_curvature_1.9_weight_9.4e-05_msc_3.0_weight_7.7e-07_cc_0.68_weight_0.53",
  "mean_squared_curvatures": [
    0.15811444773765101,
    0.12600947010904132,
    0.18529767217163512,
    0.2270111112502899,
    0.231433807200743
  ],
  "max_mean_squared_curvature": 0.231433807200743,
  "message": "STOP: TOTAL NO. of ITERATIONS REACHED LIMIT",
  "success": false,
  "iterations": 700,
  "function_evaluations": 773,
  "coil_currents": [
    9762848.322178695,
    9652863.699923411,
    9579677.878268061,
    9745478.161054276,
    9840546.65666464
  ],
  "coil_surface_distance": 1.3464347645687516
}