{
  "nfp": 4,
  "R0": 11.34443056562854,
  "R1": 4.443584322140725,
  "ncoils": 6,
  "order": 14,
  "nphi": 32,
  "ntheta": 32,
  "length_target": 45.85580224598392,
  "length_weight": 0.021388604644040007,
  "max_curvature_threshold": 0.10376207907243665,
  "max_curvature_weight": 2.1149511522785653e-05,
  "msc_threshold": 4.678479407740388,
  "msc_weight": 5.363100246030108e-07,
  "JF": 0.0025260122326862633,
  "Jf": 0.0018540388602636805,
  "BdotN": 0.009688803080280008,
  "lengths": [
    40.337305521546604,
    46.20953428005256,
    41.0302776396791,
    41.43823064943917,
    46.19649973074034,
    59.92553488669578
  ],
  "length": 275.13738270815355,
  "max_curvatures": [
    1.419083691922174,
    5.79063881806308,
    2.5923333115927893,
    0.8939139027378353,
    2.1245038772293534,
    3.0364349940891855
  ],
  "max_max_curvature": 5.79063881806308,
  "coil_coil_distance": 1.0024969244530917,
  "cc_threshold": 1.0489894671027375,
  "cc_weight": 0.08475894353444056,
  "gradient_norm": 0.011027045839861301,
  "linking_number": 0,
  "directory": "ncoils_6_order_14_R1_4.4_length_target_4.6e+01_weight_0.021_max_curvature_0.1_weight_2.1e-05_msc_4.7_weight_5.4e-07_cc_1.0_weight_0.085",
  "mean_squared_curvatures": [
    0.136578925359463,
    0.2600388447302165,
    0.22539237613036542,
    0.09878534281812582,
    0.22529157998625873,
    0.38023875971430127
  ],
  "max_mean_squared_curvature": 0.38023875971430127,
  "message": "STOP: TOTAL NO. of ITERATIONS REACHED LIMIT",
  "success": false,
  "iterations": 700,
  "function_evaluations": 756,
  "coil_currents": [
    8395722.634271776,
    7728960.435690023,
    7968964.744200838,
    7270143.346288811,
    7475425.850126837,
    9742197.707510792
  ],
  "coil_surface_distance": 1.091455755149232
}