{
  "nfp": 4,
  "R0": 11.34443056562854,
  "R1": 4.365826880404882,
  "ncoils": 5,
  "order": 5,
  "nphi": 32,
  "ntheta": 32,
  "length_target": 39.971065270847696,
  "length_weight": 1.1152501545561615,
  "max_curvature_threshold": 6.402325093125795,
  "max_curvature_weight": 2.1478212584980147e-05,
  "msc_threshold": 4.033341832618599,
  "msc_weight": 1.3468422026849e-06,
  "JF": 0.002834681443532455,
  "Jf": 0.0028299133317348305,
  "BdotN": 0.008184670729236242,
  "lengths": [
    43.73667936365052,
    37.82465615895228,
    37.185656775864885,
    40.30976073005883,
    40.7975629550445
  ],
  "length": 199.854315983571,
  "max_curvatures": [
    4.377483914932895,
    4.053690745407961,
    7.466159074164212,
    6.243256027219002,
    1.0782611272937512
  ],
  "max_max_curvature": 7.466159074164212,
  "coil_coil_distance": 1.061112019898609,
  "cc_threshold": 1.0620138031050321,
  "cc_weight": 3.3910557582004808,
  "gradient_norm": 0.02236501577411148,
  "linking_number": 0,
  "directory": "ncoils_5_order_5_R1_4.4_length_target_4e+01_weight_1.1_max_curvature_6.4_weight_2.1e-05_msc_4.0_weight_1.3e-06_cc_1.1_weight_3.4",
  "mean_squared_curvatures": [
    0.1889216046748945,
    0.25147303432388596,
    0.3737968051171679,
    0.40103549110431913,
    0.09402457141644675
  ],
  "max_mean_squared_curvature": 0.40103549110431913,
  "message": "STOP: TOTAL NO. of ITERATIONS REACHED LIMIT",
  "success": false,
  "iterations": 700,
  "function_evaluations": 788,
  "coil_currents": [
    9485469.971092686,
    10050501.423412094,
    9607490.296245173,
    9617767.227466686,
    9820185.799872443
  ],
  "coil_surface_distance": 1.270032024507834
}