{
  "nfp": 4,
  "R0": 11.34443056562854,
  "R1": 4.703225340771626,
  "ncoils": 5,
  "order": 14,
  "nphi": 32,
  "ntheta": 32,
  "length_target": 32.9394126300234,
  "length_weight": 4.490802915824307,
  "max_curvature_threshold": 0.7907946222797093,
  "max_curvature_weight": 6.985131359019166e-05,
  "msc_threshold": 2.302581176274523,
  "msc_weight": 4.636310067339529e-06,
  "JF": 0.0003179608141688793,
  "Jf": 0.00030840344394294524,
  "BdotN": 0.004365707390469386,
  "lengths": [
    34.6534457519789,
    33.44541847284575,
    32.53969535392124,
    32.44294457682906,
    31.61574904894635
  ],
  "length": 164.6972532045213,
  "max_curvatures": [
    0.8611296959177914,
    0.8911002050677768,
    1.0043882578251229,
    0.9981103034105104,
    1.178483128169313
  ],
  "max_max_curvature": 1.178483128169313,
  "coil_coil_distance": 0.5891088522151422,
  "cc_threshold": 0.5895927986898801,
  "cc_weight": 4.3560528494315705,
  "gradient_norm": 0.017103934454065526,
  "linking_number": 0,
  "directory": "ncoils_5_order_14_R1_4.7_length_target_3.3e+01_weight_4.5_max_curvature_0.79_weight_7e-05_msc_2.3_weight_4.6e-06_cc_0.59_weight_4.4",
  "mean_squared_curvatures": [
    0.13523558506715433,
    0.12977571104306754,
    0.1621730755025752,
    0.2053001828830367,
    0.22912109795259053
  ],
  "max_mean_squared_curvature": 0.22912109795259053,
  "message": "STOP: TOTAL NO. of ITERATIONS REACHED LIMIT",
  "success": false,
  "iterations": 700,
  "function_evaluations": 790,
  "coil_currents": [
    9753645.406787815,
    9702239.151511213,
    9645927.65351219,
    9700632.285712238,
    9778970.220565625
  ],
  "coil_surface_distance": 1.32679178063469
}