{
  "nfp": 4,
  "R0": 11.34443056562854,
  "R1": 4.905368661741197,
  "ncoils": 4,
  "order": 13,
  "nphi": 32,
  "ntheta": 32,
  "length_target": 39.361069816549055,
  "length_weight": 0.010173549207695741,
  "max_curvature_threshold": 4.3399482143198105,
  "max_curvature_weight": 2.95910868831861e-06,
  "msc_threshold": 5.367125355913475,
  "msc_weight": 1.94653046779988e-07,
  "JF": 0.000460469018812242,
  "Jf": 0.0004430324935778407,
  "BdotN": 0.004672891136097003,
  "lengths": [
    39.84572666857274,
    38.52695998810994,
    38.14046399039446,
    40.935447412162965
  ],
  "length": 157.4485980592401,
  "max_curvatures": [
    9.186186359969353,
    8.729889776544912,
    5.401932683629727,
    3.23149263313224
  ],
  "max_max_curvature": 9.186186359969353,
  "coil_coil_distance": 0.7739932792630049,
  "cc_threshold": 0.7752001191082898,
  "cc_weight": 6.256536329774582,
  "gradient_norm": 0.0022564102901838166,
  "linking_number": 0,
  "directory": "ncoils_4_order_13_R1_4.9_length_target_3.9e+01_weight_0.01_max_curvature_4.3_weight_3e-06_msc_5.4_weight_1.9e-07_cc_0.78_weight_6.3",
  "mean_squared_curvatures": [
    1.167238176575191,
    1.1637302662866797,
    0.31652491772768193,
    0.7429222597936723
  ],
  "max_mean_squared_curvature": 1.167238176575191,
  "message": "STOP: TOTAL NO. of ITERATIONS REACHED LIMIT",
  "success": false,
  "iterations": 700,
  "function_evaluations": 761,
  "coil_currents": [
    12130265.604109466,
    12062094.612645114,
    12169847.119202053,
    12219207.382132448
  ],
  "coil_surface_distance": 1.0666248540789243
}