{
  "nfp": 4,
  "R0": 11.34443056562854,
  "R1": 4.967586087583667,
  "ncoils": 5,
  "order": 12,
  "nphi": 32,
  "ntheta": 32,
  "length_target": 38.840463661855466,
  "length_weight": 0.3125387185740155,
  "max_curvature_threshold": 2.2262369170373133,
  "max_curvature_weight": 6.397202763342077e-05,
  "msc_threshold": 3.733474405561002,
  "msc_weight": 2.3960847964137195e-05,
  "JF": 0.0010675571691280289,
  "Jf": 0.0010036760685252352,
  "BdotN": 0.005766124369597584,
  "lengths": [
    40.96766436415267,
    38.360043389421435,
    38.101810625008184,
    38.829999561242516,
    37.94113478983312
  ],
  "length": 194.20065272965792,
  "max_curvatures": [
    2.375553419626245,
    2.554490332682532,
    2.6232328272645513,
    2.4452686236855405,
    2.5430790670126227
  ],
  "max_max_curvature": 2.6232328272645513,
  "coil_coil_distance": 0.9787870428966089,
  "cc_threshold": 1.0110210112311087,
  "cc_weight": 0.05407002858797445,
  "gradient_norm": 0.016186169560576478,
  "linking_number": 0,
  "directory": "ncoils_5_order_12_R1_5.0_length_target_3.9e+01_weight_0.31_max_curvature_2.2_weight_6.4e-05_msc_3.7_weight_2.4e-05_cc_1.0_weight_0.054",
  "mean_squared_curvatures": [
    0.4792031251509834,
    0.38818455899130455,
    0.42511047372346383,
    0.26303294279349326,
    0.5357648653029571
  ],
  "max_mean_squared_curvature": 0.5357648653029571,
  "message": "STOP: TOTAL NO. of ITERATIONS REACHED LIMIT",
  "success": false,
  "iterations": 700,
  "function_evaluations": 749,
  "coil_currents": [
    10112359.541349793,
    9586160.997234995,
    9577625.874338549,
    9680913.195631905,
    9624355.109533839
  ],
  "coil_surface_distance": 1.2171370442418192
}