{
  "nfp": 4,
  "R0": 11.34443056562854,
  "R1": 4.573973143034296,
  "ncoils": 4,
  "order": 9,
  "nphi": 32,
  "ntheta": 32,
  "length_target": 31.740810903884302,
  "length_weight": 0.7032603284457207,
  "max_curvature_threshold": 2.612852397302886,
  "max_curvature_weight": 3.306732381966311e-05,
  "msc_threshold": 2.7048391117466126,
  "msc_weight": 3.884156999642015e-05,
  "JF": 0.006875072679287837,
  "Jf": 0.006817115952647653,
  "BdotN": 0.011653430415763721,
  "lengths": [
    33.323990512609825,
    32.14363163160665,
    31.895105739014618,
    29.601405383711267
  ],
  "length": 126.96413326694235,
  "max_curvatures": [
    5.4448972626118355,
    4.306227509293083,
    4.600449647541399,
    3.856008086157771
  ],
  "max_max_curvature": 5.4448972626118355,
  "coil_coil_distance": 1.1401839194658827,
  "cc_threshold": 1.1457372048144845,
  "cc_weight": 3.8668805181836983,
  "gradient_norm": 0.8179586307579493,
  "linking_number": 0,
  "directory": "ncoils_4_order_9_R1_4.6_length_target_3.2e+01_weight_0.7_max_curvature_2.6_weight_3.3e-05_msc_2.7_weight_3.9e-05_cc_1.1_weight_3.9",
  "mean_squared_curvatures": [
    0.13732128432905938,
    0.16233059426785468,
    0.5200602031512759,
    0.4402312398717848
  ],
  "max_mean_squared_curvature": 0.5200602031512759,
  "message": "CONVERGENCE: REL_REDUCTION_OF_F_<=_FACTR*EPSMCH",
  "success": true,
  "iterations": 472,
  "function_evaluations": 543,
  "coil_currents": [
    12508041.691162158,
    12407295.040274303,
    12445606.775904562,
    11220471.210748054
  ],
  "coil_surface_distance": 1.0532075626778459
}