{
  "nfp": 4,
  "R0": 11.34443056562854,
  "R1": 4.62057330730127,
  "ncoils": 6,
  "order": 6,
  "nphi": 32,
  "ntheta": 32,
  "length_target": 40.96534776004582,
  "length_weight": 0.17680727215410877,
  "max_curvature_threshold": 7.044540789175709,
  "max_curvature_weight": 0.0003364129077075244,
  "msc_threshold": 2.251274567653015,
  "msc_weight": 1.5469768146450403e-06,
  "JF": 0.0016418496558275775,
  "Jf": 0.0016081540847440055,
  "BdotN": 0.007109148403667312,
  "lengths": [
    42.587958865546106,
    40.42232290445462,
    42.45435562215968,
    41.246568113110555,
    41.282487916274526,
    37.80009125309526
  ],
  "length": 245.79378467464073,
  "max_curvatures": [
    7.737069061225722,
    7.2389949906844455,
    7.822431564022441,
    7.124995655240744,
    7.461999184956032,
    6.9303706020621565
  ],
  "max_max_curvature": 7.822431564022441,
  "coil_coil_distance": 0.8045193674185335,
  "cc_threshold": 0.8048854334292928,
  "cc_weight": 84.80009006693014,
  "gradient_norm": 0.07310280005971274,
  "linking_number": 0,
  "directory": "ncoils_6_order_6_R1_4.6_length_target_4.1e+01_weight_0.18_max_curvature_7.0_weight_0.00034_msc_2.3_weight_1.5e-06_cc_0.8_weight_8.5e+01",
  "mean_squared_curvatures": [
    1.4174013137291581,
    0.9115147911386439,
    0.6242113735486716,
    0.6140322691853026,
    1.2839142640902312,
    1.1464667223693814
  ],
  "max_mean_squared_curvature": 1.4174013137291581,
  "message": "STOP: TOTAL NO. of ITERATIONS REACHED LIMIT",
  "success": false,
  "iterations": 700,
  "function_evaluations": 911,
  "coil_currents": [
    8238663.900390778,
    8081688.056098839,
    8189845.416206236,
    8004580.339650433,
    7968146.953207751,
    8098490.052535042
  ],
  "coil_surface_distance": 1.1883588539275785
}