{
  "nfp": 4,
  "R0": 11.34443056562854,
  "R1": 4.661279204503957,
  "ncoils": 5,
  "order": 14,
  "nphi": 32,
  "ntheta": 32,
  "length_target": 38.07126352416032,
  "length_weight": 2.286176710810491,
  "max_curvature_threshold": 6.41316677754664,
  "max_curvature_weight": 1.8828393016875546e-06,
  "msc_threshold": 5.433329348548696,
  "msc_weight": 7.724569816837592e-06,
  "JF": 0.024177027848131753,
  "Jf": 0.024082693800294788,
  "BdotN": 0.040468445053089025,
  "lengths": [
    37.54123636559353,
    40.65059138713409,
    33.90760223853029,
    37.188594420102866,
    41.070359093236675
  ],
  "length": 190.35838350459744,
  "max_curvatures": [
    20.967188018139048,
    59.664012329413886,
    6.254596568012326,
    25.610500384144895,
    15.907662008109074
  ],
  "max_max_curvature": 59.664012329413886,
  "coil_coil_distance": 1.1492637713993046,
  "cc_threshold": 1.1496249493615531,
  "cc_weight": 828.2437457037901,
  "gradient_norm": 0.986795278766095,
  "linking_number": 0,
  "directory": "ncoils_5_order_14_R1_4.7_length_target_3.8e+01_weight_2.3_max_curvature_6.4_weight_1.9e-06_msc_5.4_weight_7.7e-06_cc_1.1_weight_8.3e+02",
  "mean_squared_curvatures": [
    2.4739173916674733,
    3.0468684012803298,
    0.578101599268149,
    3.831567264125434,
    1.743872123933732
  ],
  "max_mean_squared_curvature": 3.831567264125434,
  "message": "STOP: TOTAL NO. of ITERATIONS REACHED LIMIT",
  "success": false,
  "iterations": 700,
  "function_evaluations": 963,
  "coil_currents": [
    9562521.749781763,
    9581322.266354805,
    9423561.257114386,
    9581456.484149788,
    10432552.960688345
  ],
  "coil_surface_distance": 0.13362612114562883
}