{
  "nfp": 4,
  "R0": 11.34443056562854,
  "R1": 4.5686254026024,
  "ncoils": 5,
  "order": 13,
  "nphi": 32,
  "ntheta": 32,
  "length_target": 31.97086279021323,
  "length_weight": 1.1484952004002715,
  "max_curvature_threshold": 3.208398290768857,
  "max_curvature_weight": 0.002625766231223632,
  "msc_threshold": 5.209430587225368,
  "msc_weight": 9.184786338277787e-05,
  "JF": 0.00026493336557455556,
  "Jf": 0.0002642963926163501,
  "BdotN": 0.004294313398219921,
  "lengths": [
    33.6527699459113,
    32.74588411077383,
    31.550923316989966,
    30.938561060952726,
    30.96625552937971
  ],
  "length": 159.85439396400753,
  "max_curvatures": [
    3.2053318416113896,
    3.154201965965555,
    3.201546479223132,
    3.167581059033126,
    3.2000626108257078
  ],
  "max_max_curvature": 3.2053318416113896,
  "coil_coil_distance": 0.630715160271673,
  "cc_threshold": 0.6432725881477385,
  "cc_weight": 0.025079035491877,
  "gradient_norm": 0.0015669970869368428,
  "linking_number": 0,
  "directory": "ncoils_5_order_13_R1_4.6_length_target_3.2e+01_weight_1.1_max_curvature_3.2_weight_0.0026_msc_5.2_weight_9.2e-05_cc_0.64_weight_0.025",
  "mean_squared_curvatures": [
    0.301299303243393,
    0.22618850826420672,
    0.25986199571879365,
    0.38341325216503813,
    0.35782803289372805
  ],
  "max_mean_squared_curvature": 0.38341325216503813,
  "message": "STOP: TOTAL NO. of ITERATIONS REACHED LIMIT",
  "success": false,
  "iterations": 700,
  "function_evaluations": 797,
  "coil_currents": [
    9782175.729530703,
    9741750.560902692,
    9683906.0542511,
    9661759.371784337,
    9711823.001620248
  ],
  "coil_surface_distance": 1.3740635208583463
}