{
  "nfp": 4,
  "R0": 11.34443056562854,
  "R1": 4.608492974692174,
  "ncoils": 4,
  "order": 12,
  "nphi": 32,
  "ntheta": 32,
  "length_target": 30.873465725853002,
  "length_weight": 0.8492532874995876,
  "max_curvature_threshold": 2.6506747721360893,
  "max_curvature_weight": 0.006672999500451962,
  "msc_threshold": 1.4707706998328263,
  "msc_weight": 1.4429007032470997e-07,
  "JF": 0.011452029881713123,
  "Jf": 0.011405613994853939,
  "BdotN": 0.013709495755267151,
  "lengths": [
    32.44349528862614,
    31.407943344591217,
    30.617628417354602,
    29.025885502772333
  ],
  "length": 123.49495255334429,
  "max_curvatures": [
    2.683244114699318,
    2.680367991793382,
    2.679358681292902,
    2.5810624774221975
  ],
  "max_max_curvature": 2.683244114699318,
  "coil_coil_distance": 1.1201490308225255,
  "cc_threshold": 1.1257146373017912,
  "cc_weight": 4.829348012202648,
  "gradient_norm": 0.048878028584437336,
  "linking_number": 0,
  "directory": "ncoils_4_order_12_R1_4.6_length_target_3.1e+01_weight_0.85_max_curvature_2.7_weight_0.0067_msc_1.5_weight_1.4e-07_cc_1.1_weight_4.8",
  "mean_squared_curvatures": [
    0.20256639595757167,
    0.2055481250441492,
    0.29234199326394317,
    0.40205203188460514
  ],
  "max_mean_squared_curvature": 0.40205203188460514,
  "message": "STOP: TOTAL NO. of ITERATIONS REACHED LIMIT",
  "success": false,
  "iterations": 700,
  "function_evaluations": 858,
  "coil_currents": [
    12478338.084929856,
    12327910.468616663,
    12379792.809072647,
    11395373.35546992
  ],
  "coil_surface_distance": 1.1894204810147553
}