{
  "nfp": 4,
  "R0": 11.34443056562854,
  "R1": 4.187200954541576,
  "ncoils": 4,
  "order": 6,
  "nphi": 32,
  "ntheta": 32,
  "length_target": 45.87012179592766,
  "length_weight": 0.3906673133895881,
  "max_curvature_threshold": 7.413195744918134,
  "max_curvature_weight": 8.108651311743605e-06,
  "msc_threshold": 0.8361234581000285,
  "msc_weight": 1.7257444671050472e-06,
  "JF": 0.001078027007224373,
  "Jf": 0.0010765978320998835,
  "BdotN": 0.004955790852712728,
  "lengths": [
    46.685052375937104,
    45.13177977597272,
    42.44105736772142,
    49.22313577117141
  ],
  "length": 183.48102529080265,
  "max_curvatures": [
    8.976597850532297,
    6.9441535980733935,
    7.3814320240008415,
    7.82072973654225
  ],
  "max_max_curvature": 8.976597850532297,
  "coil_coil_distance": 0.6573583178626602,
  "cc_threshold": 0.6574074601546327,
  "cc_weight": 634.5937270167747,
  "gradient_norm": 0.024418387863696548,
  "linking_number": 0,
  "directory": "ncoils_4_order_6_R1_4.2_length_target_4.6e+01_weight_0.39_max_curvature_7.4_weight_8.1e-06_msc_0.84_weight_1.7e-06_cc_0.66_weight_6.3e+02",
  "mean_squared_curvatures": [
    1.216403937106738,
    0.6352719347812295,
    1.1450281973584937,
    0.9945148368200805
  ],
  "max_mean_squared_curvature": 1.216403937106738,
  "message": "STOP: TOTAL NO. of ITERATIONS REACHED LIMIT",
  "success": false,
  "iterations": 700,
  "function_evaluations": 1545,
  "coil_currents": [
    12449728.979398556,
    12566454.941252356,
    12246306.33520567,
    11318924.462232493
  ],
  "coil_surface_distance": 1.3976263292674458
}