{
  "nfp": 4,
  "ncoils": 6,
  "R0": 11.34443056562854,
  "R1": 4.341507884006532,
  "order": 12,
  "nphi": 32,
  "ntheta": 32,
  "length_target": 35.387758380761646,
  "length_weight": 0.25671551559753814,
  "max_curvature_threshold": 3.083037560645817,
  "max_curvature_weight": 1.9323549026325528e-06,
  "msc_threshold": 2.3593593127747368,
  "msc_weight": 3.430499763392488e-05,
  "JF": 0.001645936932216757,
  "Jf": 0.0015834340177325453,
  "BdotN": 0.006455486921313769,
  "lengths": [
    32.669275126969076,
    35.18428649162391,
    32.10013271077453,
    34.891573419816766,
    35.443290829295485,
    42.0409657627316
  ],
  "length": 212.32952434121137,
  "max_curvatures": [
    23.911676541820697,
    2.743246615366878,
    5.3681905396519,
    9.640389733593292,
    4.369666713055759,
    13.648354033802095
  ],
  "max_max_curvature": 23.911676541820697,
  "coil_coil_distance": 0.9686975947526678,
  "cc_threshold": 0.9690463407318657,
  "cc_weight": 93.53872515578104,
  "gradient_norm": 0.04420744321885028,
  "linking_number": 0,
  "directory": "ncoils_6_order_12_R1_4.3_length_target_3.5e+01_weight_0.26_max_curvature_3.1_weight_1.9e-06_msc_2.4_weight_3.4e-05_cc_0.97_weight_9.4e+01",
  "mean_squared_curvatures": [
    2.167167206531231,
    0.3642709727221875,
    0.46039251116060004,
    0.9978993739081373,
    0.7488052602204573,
    1.522272517448588
  ],
  "max_mean_squared_curvature": 2.167167206531231,
  "message": "STOP: TOTAL NO. of ITERATIONS REACHED LIMIT",
  "success": false,
  "iterations": 700,
  "function_evaluations": 909,
  "coil_currents": [
    8017731.298107026,
    7457775.154847936,
    7929889.568375308,
    7894966.04485193,
    7801899.962908323,
    9479152.688998558
  ],
  "coil_surface_distance": 0.9490516281414916
}