{
  "nfp": 4,
  "R0": 11.34443056562854,
  "R1": 4.388112258343584,
  "ncoils": 5,
  "order": 11,
  "nphi": 32,
  "ntheta": 32,
  "length_target": 44.752007910151434,
  "length_weight": 0.11831838048768464,
  "max_curvature_threshold": 7.858745343963652,
  "max_curvature_weight": 0.001409198656003735,
  "msc_threshold": 7.798037186436607,
  "msc_weight": 7.029060159693255e-07,
  "JF": 0.0007174446656214583,
  "Jf": 0.0007166650961954343,
  "BdotN": 0.004575478624475941,
  "lengths": [
    39.40645901737036,
    40.72390125873099,
    40.91186339839708,
    43.840225908648044,
    58.878098044567835
  ],
  "length": 223.76054762771435,
  "max_curvatures": [
    7.821660050864506,
    7.885687494827276,
    6.141433836204271,
    7.812697932725637,
    7.858816262692761
  ],
  "max_max_curvature": 7.885687494827276,
  "coil_coil_distance": 0.9198810175470107,
  "cc_threshold": 0.9202888600906358,
  "cc_weight": 11.196094314325766,
  "gradient_norm": 0.003738764326084863,
  "linking_number": 0,
  "directory": "ncoils_5_order_11_R1_4.4_length_target_4.5e+01_weight_0.12_max_curvature_7.9_weight_0.0014_msc_7.8_weight_7e-07_cc_0.92_weight_1.1e+01",
  "mean_squared_curvatures": [
    0.921239453088174,
    1.8609388796623616,
    0.9801817861104799,
    1.7213150071713594,
    1.5067717178984588
  ],
  "max_mean_squared_curvature": 1.8609388796623616,
  "message": "STOP: TOTAL NO. of ITERATIONS REACHED LIMIT",
  "success": false,
  "iterations": 700,
  "function_evaluations": 792,
  "coil_currents": [
    10356442.295152303,
    10339468.056979937,
    10291251.414014699,
    10368094.69491046,
    7226158.257031687
  ],
  "coil_surface_distance": 0.19385172808789203
}