{
  "nfp": 4,
  "R0": 11.34443056562854,
  "R1": 4.1558881820799405,
  "ncoils": 3,
  "order": 9,
  "nphi": 32,
  "ntheta": 32,
  "length_target": 41.10306200140599,
  "length_weight": 9.396239231997093,
  "max_curvature_threshold": 1.5893046038694594,
  "max_curvature_weight": 4.396085120670966e-06,
  "msc_threshold": 1.0116460370376572,
  "msc_weight": 5.880425749715047e-06,
  "JF": 0.00321869825066998,
  "Jf": 0.0029729902329288073,
  "BdotN": 0.00945569748994813,
  "lengths": [
    43.192166695949936,
    40.70340295639417,
    39.41307520434953
  ],
  "length": 123.30864485669363,
  "max_curvatures": [
    3.3775645131765932,
    6.9994969130080325,
    4.380590644604661
  ],
  "max_max_curvature": 6.9994969130080325,
  "coil_coil_distance": 0.7413454111063748,
  "cc_threshold": 0.8991776702445518,
  "cc_weight": 0.015185749529522475,
  "gradient_norm": 0.09959731304460759,
  "linking_number": 0,
  "directory": "ncoils_3_order_9_R1_4.2_length_target_4.1e+01_weight_9.4_max_curvature_1.6_weight_4.4e-06_msc_1.0_weight_5.9e-06_cc_0.9_weight_0.015",
  "mean_squared_curvatures": [
    0.1920891989536258,
    0.4583500239019977,
    0.5265784151282569
  ],
  "max_mean_squared_curvature": 0.5265784151282569,
  "message": "STOP: TOTAL NO. of ITERATIONS REACHED LIMIT",
  "success": false,
  "iterations": 700,
  "function_evaluations": 811,
  "coil_currents": [
    16299988.503213907,
    16177236.838375581,
    16104189.376499593
  ],
  "coil_surface_distance": 1.3178738289194372
}