{
  "nfp": 4,
  "R0": 11.34443056562854,
  "R1": 4.8649681678388745,
  "ncoils": 6,
  "order": 12,
  "nphi": 32,
  "ntheta": 32,
  "length_target": 29.607103866789334,
  "length_weight": 27.868991337878867,
  "max_curvature_threshold": 1.9443493430053018,
  "max_curvature_weight": 5.322762909720042e-05,
  "msc_threshold": 0.9546925587598483,
  "msc_weight": 1.3348942951679243e-05,
  "JF": 0.0007220092654751313,
  "Jf": 0.0007163361649304645,
  "BdotN": 0.00549903029489232,
  "lengths": [
    31.398976823285086,
    30.677643256911303,
    29.969740579508624,
    29.347715548635385,
    28.522080631833525,
    27.72662927485581
  ],
  "length": 177.64278611502974,
  "max_curvatures": [
    2.122130986373494,
    2.2543595642371637,
    2.2085148685285705,
    2.5831799506313526,
    2.1628638679889463,
    2.0125268365596263
  ],
  "max_max_curvature": 2.5831799506313526,
  "coil_coil_distance": 0.8089002895830586,
  "cc_threshold": 0.8114500469196599,
  "cc_weight": 4.699290955600378,
  "gradient_norm": 0.08869391178054518,
  "linking_number": 0,
  "directory": "ncoils_6_order_12_R1_4.9_length_target_3e+01_weight_2.8e+01_max_curvature_1.9_weight_5.3e-05_msc_0.95_weight_1.3e-05_cc_0.81_weight_4.7",
  "mean_squared_curvatures": [
    0.19299633190311588,
    0.20587215324550462,
    0.20073355370688803,
    0.29286549336594997,
    0.24197620966129624,
    0.29160869218360697
  ],
  "max_mean_squared_curvature": 0.29286549336594997,
  "message": "STOP: TOTAL NO. of ITERATIONS REACHED LIMIT",
  "success": false,
  "iterations": 700,
  "function_evaluations": 804,
  "coil_currents": [
    8084330.524040357,
    8024323.99699833,
    7953595.803994832,
    7987522.776839686,
    7964070.787493891,
    8567570.828721985
  ],
  "coil_surface_distance": 1.0786419860106855
}