{
  "nfp": 4,
  "ncoils": 6,
  "R0": 11.34443056562854,
  "R1": 4.366912258183745,
  "order": 10,
  "nphi": 32,
  "ntheta": 32,
  "length_target": 36.804608789855614,
  "length_weight": 0.39809285152131824,
  "max_curvature_threshold": 3.780530570004925,
  "max_curvature_weight": 5.409744737799479e-05,
  "msc_threshold": 3.620436160219363,
  "msc_weight": 9.313830516270914e-05,
  "JF": 0.028118395162299338,
  "Jf": 0.026144157378225532,
  "BdotN": 0.0375940553231893,
  "lengths": [
    38.01418117234697,
    37.299121795457474,
    36.52905018361226,
    33.96822148991633,
    43.44364364554186,
    31.57682141879893
  ],
  "length": 220.83103970567385,
  "max_curvatures": [
    10.213309275763722,
    14.634181935704726,
    5.148882533239184,
    7.661308709677178,
    12.262031898611262,
    16.033161831105687
  ],
  "max_max_curvature": 16.033161831105687,
  "coil_coil_distance": 0.9562354271378594,
  "cc_threshold": 0.9563441715073651,
  "cc_weight": 2568.8118358289626,
  "gradient_norm": 0.30944080617440367,
  "linking_number": 0,
  "directory": "ncoils_6_order_10_R1_4.4_length_target_3.7e+01_weight_0.4_max_curvature_3.8_weight_5.4e-05_msc_3.6_weight_9.3e-05_cc_0.96_weight_2.6e+03",
  "mean_squared_curvatures": [
    1.5790297409742,
    2.17978495159283,
    1.0135711723595524,
    1.4278603078112329,
    1.931641112362923,
    3.5736561585225526
  ],
  "max_mean_squared_curvature": 3.5736561585225526,
  "message": "STOP: TOTAL NO. of ITERATIONS REACHED LIMIT",
  "success": false,
  "iterations": 700,
  "function_evaluations": 1320,
  "coil_currents": [
    8162337.837219717,
    8387438.249540425,
    8279826.755625485,
    8421205.843103213,
    8356170.9626414925,
    6974435.069958746
  ],
  "coil_surface_distance": 0.10047891733388187
}