{
  "nfp": 4,
  "R0": 11.34443056562854,
  "R1": 4.749916062592944,
  "ncoils": 4,
  "order": 7,
  "nphi": 32,
  "ntheta": 32,
  "length_target": 28.33335622635102,
  "length_weight": 0.08086261907230473,
  "max_curvature_threshold": 5.34640544875403,
  "max_curvature_weight": 7.519735073233863e-05,
  "msc_threshold": 1.6490253859968012,
  "msc_weight": 1.3533984472297499e-06,
  "JF": 0.01940691162101691,
  "Jf": 0.01935604683844863,
  "BdotN": 0.023770552961876818,
  "lengths": [
    30.307227761931756,
    29.087644334675993,
    27.738483755853633,
    26.234898463408705
  ],
  "length": 113.36825431587008,
  "max_curvatures": [
    7.716730748155278,
    5.512137744137427,
    5.803292313217186,
    6.173542710844212
  ],
  "max_max_curvature": 7.716730748155278,
  "coil_coil_distance": 0.848436364826725,
  "cc_threshold": 0.6068901976354447,
  "cc_weight": 115.61334238504412,
  "gradient_norm": 1.0436566910247937,
  "linking_number": 0,
  "directory": "ncoils_4_order_7_R1_4.7_length_target_2.8e+01_weight_0.081_max_curvature_5.3_weight_7.5e-05_msc_1.6_weight_1.4e-06_cc_0.61_weight_1.2e+02",
  "mean_squared_curvatures": [
    0.10712136611984946,
    0.16592099863636664,
    0.20647098470768535,
    0.4177851515897415
  ],
  "max_mean_squared_curvature": 0.4177851515897415,
  "message": "STOP: TOTAL NO. of ITERATIONS REACHED LIMIT",
  "success": false,
  "iterations": 700,
  "function_evaluations": 1121,
  "coil_currents": [
    12720665.966605648,
    12650718.58983311,
    12441667.211992966,
    10768362.949657358
  ],
  "coil_surface_distance": 1.2660378073133183
}