{
  "nfp": 4,
  "ncoils": 6,
  "R0": 11.34443056562854,
  "R1": 4.6841875459493,
  "order": 6,
  "nphi": 32,
  "ntheta": 32,
  "length_target": 41.58842131313474,
  "length_weight": 0.14469389739848443,
  "max_curvature_threshold": 1.3616886545622848,
  "max_curvature_weight": 7.328500122887896e-05,
  "msc_threshold": 0.7023487024872122,
  "msc_weight": 6.9336147168123025e-06,
  "JF": 0.0008709336635502137,
  "Jf": 0.0008582386998495163,
  "BdotN": 0.005101880977679132,
  "lengths": [
    41.27824191610388,
    42.63931425897236,
    40.35195464433219,
    38.93798598513413,
    40.897525525361175,
    45.42686571220503
  ],
  "length": 249.53188804210876,
  "max_curvatures": [
    1.7093420322074653,
    1.347875042323355,
    1.9020479055445707,
    1.8599449581717564,
    1.6495996121415581,
    1.7776541615212127
  ],
  "max_max_curvature": 1.9020479055445707,
  "coil_coil_distance": 0.960133802959453,
  "cc_threshold": 0.9627997775524012,
  "cc_weight": 0.6857826258054789,
  "gradient_norm": 0.005823361463148193,
  "linking_number": 0,
  "directory": "ncoils_6_order_6_R1_4.7_length_target_4.2e+01_weight_0.14_max_curvature_1.4_weight_7.3e-05_msc_0.7_weight_6.9e-06_cc_0.96_weight_0.69",
  "mean_squared_curvatures": [
    0.18528811704472098,
    0.1289282216366819,
    0.2826644599755327,
    0.1915927870590182,
    0.20892703421288056,
    0.22617802742219104
  ],
  "max_mean_squared_curvature": 0.2826644599755327,
  "message": "STOP: TOTAL NO. of ITERATIONS REACHED LIMIT",
  "success": false,
  "iterations": 700,
  "function_evaluations": 792,
  "coil_currents": [
    9326988.335624665,
    8256983.199742163,
    6437700.754439546,
    7293525.072526881,
    7728572.152694161,
    9537645.20306167
  ],
  "coil_surface_distance": 1.156295183328441
}