{
  "nfp": 4,
  "R0": 11.34443056562854,
  "R1": 4.101650118544625,
  "ncoils": 6,
  "order": 7,
  "nphi": 32,
  "ntheta": 32,
  "length_target": 30.888080862044077,
  "length_weight": 2.1637359998398766,
  "max_curvature_threshold": 2.204164094054794,
  "max_curvature_weight": 3.0932324892854076e-05,
  "msc_threshold": 3.3884069581297274,
  "msc_weight": 2.0464782537056082e-07,
  "JF": 0.0003970285929920666,
  "Jf": 0.00037524076637688425,
  "BdotN": 0.003846693074328917,
  "lengths": [
    32.18946689203781,
    31.19778828948803,
    30.075122617180238,
    30.02808143830501,
    31.289092918943943,
    30.549132323377012
  ],
  "length": 185.32868447933205,
  "max_curvatures": [
    0.9748712689054162,
    1.0908715906744197,
    2.678581078238188,
    2.3870803754674808,
    2.0696146837298226,
    2.508382192013413
  ],
  "max_max_curvature": 2.678581078238188,
  "coil_coil_distance": 0.8173653226202285,
  "cc_threshold": 0.8559898588619124,
  "cc_weight": 0.02528677980379849,
  "gradient_norm": 0.00872757598021552,
  "linking_number": 0,
  "directory": "ncoils_6_order_7_R1_4.1_length_target_3.1e+01_weight_2.2_max_curvature_2.2_weight_3.1e-05_msc_3.4_weight_2e-07_cc_0.86_weight_0.025",
  "mean_squared_curvatures": [
    0.13679836302374437,
    0.12626251665569482,
    0.2013566618851086,
    0.2545762150437208,
    0.2494416992799502,
    0.28786683938218655
  ],
  "max_mean_squared_curvature": 0.28786683938218655,
  "message": "STOP: TOTAL NO. of ITERATIONS REACHED LIMIT",
  "success": false,
  "iterations": 700,
  "function_evaluations": 758,
  "coil_currents": [
    8299801.913445375,
    8094869.410599557,
    7975917.963742415,
    8049739.738570738,
    8122876.074908318,
    8038209.616822675
  ],
  "coil_surface_distance": 1.1442076287761342
}