{
  "nfp": 4,
  "R0": 11.34443056562854,
  "R1": 4.305912137949463,
  "ncoils": 5,
  "order": 8,
  "nphi": 32,
  "ntheta": 32,
  "length_target": 33.57170942387134,
  "length_weight": 10.596633004475557,
  "max_curvature_threshold": 0.3439922977523981,
  "max_curvature_weight": 1.7288592843758667e-05,
  "msc_threshold": 7.0402485360181215,
  "msc_weight": 1.2125309899538735e-07,
  "JF": 0.003517386730012673,
  "Jf": 0.002760321063959032,
  "BdotN": 0.00837560190212872,
  "lengths": [
    35.364226108299455,
    33.72419351645394,
    33.79202440171403,
    33.87763068565133,
    31.100574435089314
  ],
  "length": 167.85864914720804,
  "max_curvatures": [
    1.4027628743795504,
    1.9023006294307392,
    2.723297024981811,
    1.753307008289229,
    2.5963885253850827
  ],
  "max_max_curvature": 2.723297024981811,
  "coil_coil_distance": 1.018688051914666,
  "cc_threshold": 1.1213537458673029,
  "cc_weight": 0.021340839889504172,
  "gradient_norm": 0.020235636458867032,
  "linking_number": 0,
  "directory": "ncoils_5_order_8_R1_4.3_length_target_3.4e+01_weight_1.1e+01_max_curvature_0.34_weight_1.7e-05_msc_7.0_weight_1.2e-07_cc_1.1_weight_0.021",
  "mean_squared_curvatures": [
    0.1328802815533971,
    0.12704565285963967,
    0.22527921259854602,
    0.16548526655596943,
    0.26365842223032204
  ],
  "max_mean_squared_curvature": 0.26365842223032204,
  "message": "STOP: TOTAL NO. of ITERATIONS REACHED LIMIT",
  "success": false,
  "iterations": 700,
  "function_evaluations": 798,
  "coil_currents": [
    10108877.11627925,
    9802528.592980808,
    9599000.426850615,
    9605537.459556974,
    9465471.122421436
  ],
  "coil_surface_distance": 1.1530387974766252
}