{
  "nfp": 4,
  "R0": 11.34443056562854,
  "R1": 4.296260741004238,
  "ncoils": 5,
  "order": 6,
  "nphi": 32,
  "ntheta": 32,
  "length_target": 36.29728564934457,
  "length_weight": 63.41841743262692,
  "max_curvature_threshold": 6.319934869008644,
  "max_curvature_weight": 0.0007217545150167158,
  "msc_threshold": 3.671331101519702,
  "msc_weight": 8.647062130314147e-05,
  "JF": 0.0029129631645619398,
  "Jf": 0.0029128695083419473,
  "BdotN": 0.012671316131502429,
  "lengths": [
    38.432456837378695,
    37.543511366347545,
    37.16887121633202,
    35.50825093957191,
    32.83339223409707
  ],
  "length": 181.48648259372723,
  "max_curvatures": [
    5.060535284547174,
    4.045679776995243,
    1.697788544453305,
    4.647941769673408,
    3.8451193682787532
  ],
  "max_max_curvature": 5.060535284547174,
  "coil_coil_distance": 0.8077945871294222,
  "cc_threshold": 0.8074514325781817,
  "cc_weight": 521.9369626979435,
  "gradient_norm": 0.06123963100648735,
  "linking_number": 0,
  "directory": "ncoils_5_order_6_R1_4.3_length_target_3.6e+01_weight_6.3e+01_max_curvature_6.3_weight_0.00072_msc_3.7_weight_8.6e-05_cc_0.81_weight_5.2e+02",
  "mean_squared_curvatures": [
    0.3155622002940741,
    0.20608567870487735,
    0.16684119248035204,
    0.24088174229219186,
    0.2824172277474035
  ],
  "max_mean_squared_curvature": 0.3155622002940741,
  "message": "STOP: TOTAL NO. of ITERATIONS REACHED LIMIT",
  "success": false,
  "iterations": 700,
  "function_evaluations": 966,
  "coil_currents": [
    9970149.432548277,
    9815083.87635068,
    9791760.131513007,
    9593737.741726393,
    9410683.535950728
  ],
  "coil_surface_distance": 1.2668111064506955
}