{
  "nfp": 4,
  "R0": 11.34443056562854,
  "R1": 4.196742321062498,
  "ncoils": 6,
  "order": 6,
  "nphi": 32,
  "ntheta": 32,
  "length_target": 41.16332479574152,
  "length_weight": 0.2775931183289795,
  "max_curvature_threshold": 5.18968633099826,
  "max_curvature_weight": 9.007115204831562e-06,
  "msc_threshold": 4.641003524837234,
  "msc_weight": 6.774997781596211e-07,
  "JF": 8.008235258497399,
  "Jf": 0.008137086359046012,
  "BdotN": 0.018837881475100963,
  "lengths": [
    41.925130371612255,
    47.79344949917982,
    38.23803721534174,
    36.792930520104036,
    38.090201083350024,
    44.14739275129135
  ],
  "length": 246.9871414408792,
  "max_curvatures": [
    4.778781394094888,
    10.385699471166433,
    1.1061799216038133,
    15.868240733739077,
    5.425701762772666,
    4.200664728445273
  ],
  "max_max_curvature": 15.868240733739077,
  "coil_coil_distance": 1.0172169249117329,
  "cc_threshold": 1.0185421787455045,
  "cc_weight": 20.307948588306395,
  "gradient_norm": 0.06693993342381072,
  "linking_number": 8,
  "directory": "ncoils_6_order_6_R1_4.2_length_target_4.1e+01_weight_0.28_max_curvature_5.2_weight_9e-06_msc_4.6_weight_6.8e-07_cc_1.0_weight_2e+01",
  "mean_squared_curvatures": [
    0.5172717901611493,
    1.2724108944928214,
    0.16426357797362134,
    1.1522923860060623,
    0.40511908799449076,
    0.5266433162917981
  ],
  "max_mean_squared_curvature": 1.2724108944928214,
  "message": "STOP: TOTAL NO. of ITERATIONS REACHED LIMIT",
  "success": false,
  "iterations": 700,
  "function_evaluations": 884,
  "coil_currents": [
    9138403.203922803,
    8179795.1367666125,
    7370131.991020478,
    8545688.386087593,
    7960627.360760889,
    7386768.639530711
  ],
  "coil_surface_distance": 0.9791396416484504
}