{
  "nfp": 4,
  "ncoils": 6,
  "R0": 11.34443056562854,
  "R1": 4.647673223374459,
  "order": 13,
  "nphi": 32,
  "ntheta": 32,
  "length_target": 32.37699375150323,
  "length_weight": 5.444895982621546,
  "max_curvature_threshold": 1.1954606210781067,
  "max_curvature_weight": 3.797111195480817e-06,
  "msc_threshold": 0.7865713045092795,
  "msc_weight": 1.8325189595832672e-07,
  "JF": 0.00020505987484323757,
  "Jf": 0.00019950935542925057,
  "BdotN": 0.004031709893291934,
  "lengths": [
    33.999961922593286,
    33.30164182094126,
    32.42673059624897,
    32.10261290587566,
    31.507127673555818,
    30.923986295067337
  ],
  "length": 194.2620612142823,
  "max_curvatures": [
    1.617358156333645,
    2.1699384793903977,
    1.6809735566517512,
    3.6064836692702364,
    2.0106475694331367,
    2.755960550351394
  ],
  "max_max_curvature": 3.6064836692702364,
  "coil_coil_distance": 0.5086762194678645,
  "cc_threshold": 0.5086842871585412,
  "cc_weight": 3.4223838357400966,
  "gradient_norm": 0.012276598243608225,
  "linking_number": 0,
  "directory": "ncoils_6_order_13_R1_4.6_length_target_3.2e+01_weight_5.4_max_curvature_1.2_weight_3.8e-06_msc_0.79_weight_1.8e-07_cc_0.51_weight_3.4",
  "mean_squared_curvatures": [
    0.2107074074193659,
    0.2866952923249462,
    0.2353351361745472,
    0.35403507916138804,
    0.23995532558446758,
    0.2666861038877256
  ],
  "max_mean_squared_curvature": 0.35403507916138804,
  "message": "STOP: TOTAL NO. of ITERATIONS REACHED LIMIT",
  "success": false,
  "iterations": 700,
  "function_evaluations": 788,
  "coil_currents": [
    8045040.486276897,
    7992976.430348103,
    7928175.250865133,
    7957202.416447356,
    7998660.72903812,
    8659359.405113474
  ],
  "coil_surface_distance": 1.3122191910316905
}