{
  "nfp": 4,
  "R0": 11.34443056562854,
  "R1": 4.457961149902767,
  "ncoils": 6,
  "order": 14,
  "nphi": 32,
  "ntheta": 32,
  "length_target": 35.71115941029369,
  "length_weight": 17.10917181635999,
  "max_curvature_threshold": 1.3811348910025814,
  "max_curvature_weight": 0.00016347256955219142,
  "msc_threshold": 2.3888779340469046,
  "msc_weight": 3.1633488956847084e-05,
  "JF": 0.0005176979848240449,
  "Jf": 0.0005098139731556021,
  "BdotN": 0.00611203110640519,
  "lengths": [
    36.617124894454655,
    35.953506014353174,
    36.82174995580913,
    36.190878834954816,
    33.77444216973535,
    34.909537342195996
  ],
  "length": 214.26723921150312,
  "max_curvatures": [
    1.5667052110704824,
    1.5659566904823554,
    1.5938999265553737,
    1.4545428114579877,
    1.7367823406465968,
    1.7024583335268835
  ],
  "max_max_curvature": 1.7367823406465968,
  "coil_coil_distance": 0.6747073462097726,
  "cc_threshold": 0.6758929008253489,
  "cc_weight": 6.80259619962323,
  "gradient_norm": 0.1039197642795829,
  "linking_number": 0,
  "directory": "ncoils_6_order_14_R1_4.5_length_target_3.6e+01_weight_1.7e+01_max_curvature_1.4_weight_0.00016_msc_2.4_weight_3.2e-05_cc_0.68_weight_6.8",
  "mean_squared_curvatures": [
    0.21699998717961258,
    0.1588539303584471,
    0.17261502377736185,
    0.14107376965110288,
    0.2139360951536038,
    0.2292908253835448
  ],
  "max_mean_squared_curvature": 0.2292908253835448,
  "message": "STOP: TOTAL NO. of ITERATIONS REACHED LIMIT",
  "success": false,
  "iterations": 700,
  "function_evaluations": 821,
  "coil_currents": [
    8025847.459305439,
    8015442.44719835,
    7982437.0489763105,
    7853825.017637334,
    7943072.052992179,
    8760790.691979468
  ],
  "coil_surface_distance": 1.2081334303226834
}