{
  "nfp": 4,
  "R0": 11.34443056562854,
  "R1": 4.211722201322672,
  "ncoils": 4,
  "order": 13,
  "nphi": 32,
  "ntheta": 32,
  "length_target": 40.05204544041706,
  "length_weight": 0.013834554961114931,
  "max_curvature_threshold": 5.516183314749544,
  "max_curvature_weight": 8.066584408662126e-06,
  "msc_threshold": 7.955625638715283,
  "msc_weight": 1.5109312379278368e-05,
  "JF": 0.00038402856943200493,
  "Jf": 0.0003802595978057079,
  "BdotN": 0.00495203716815897,
  "lengths": [
    40.24790469537653,
    40.234014638764144,
    39.452252729234075,
    40.275328615097465
  ],
  "length": 160.20950067847224,
  "max_curvatures": [
    6.673693401966551,
    8.389997536542804,
    5.483675417397943,
    7.313537458987001
  ],
  "max_max_curvature": 8.389997536542804,
  "coil_coil_distance": 0.7435618640716511,
  "cc_threshold": 0.7436542470828151,
  "cc_weight": 212.91697825346643,
  "gradient_norm": 0.007578642838064892,
  "linking_number": 0,
  "directory": "ncoils_4_order_13_R1_4.2_length_target_4e+01_weight_0.014_max_curvature_5.5_weight_8.1e-06_msc_8.0_weight_1.5e-05_cc_0.74_weight_2.1e+02",
  "mean_squared_curvatures": [
    0.608079321933527,
    1.0877578243973471,
    0.686470113378248,
    0.9642650493256247
  ],
  "max_mean_squared_curvature": 1.0877578243973471,
  "message": "STOP: TOTAL NO. of ITERATIONS REACHED LIMIT",
  "success": false,
  "iterations": 700,
  "function_evaluations": 1032,
  "coil_currents": [
    12076977.448925834,
    12136369.689326359,
    12063225.370623684,
    12304842.209213205
  ],
  "coil_surface_distance": 1.4169670106942942
}