{
  "nfp": 4,
  "ncoils": 6,
  "R0": 11.34443056562854,
  "R1": 4.461785687089301,
  "order": 9,
  "nphi": 32,
  "ntheta": 32,
  "length_target": 37.60960130644948,
  "length_weight": 3.2910422049402928,
  "max_curvature_threshold": 2.188831419106946,
  "max_curvature_weight": 5.075234567225794e-06,
  "msc_threshold": 2.7705780760774448,
  "msc_weight": 6.927941578867106e-06,
  "JF": 0.002764279746420358,
  "Jf": 0.002263611901094009,
  "BdotN": 0.010682370823342538,
  "lengths": [
    35.93466681449864,
    35.98903886165498,
    34.22113754194341,
    36.654492826020295,
    41.15707740698771,
    41.700672075922334
  ],
  "length": 225.6570855270274,
  "max_curvatures": [
    21.121221985165807,
    14.874716414308036,
    18.053525461111906,
    21.478323727510876,
    7.687905710097072,
    15.074794417771006
  ],
  "max_max_curvature": 21.478323727510876,
  "coil_coil_distance": 0.8671995253115716,
  "cc_threshold": 0.8672902658756914,
  "cc_weight": 2981.8684602857697,
  "gradient_norm": 0.11846165292354242,
  "linking_number": 0,
  "directory": "ncoils_6_order_9_R1_4.5_length_target_3.8e+01_weight_3.3_max_curvature_2.2_weight_5.1e-06_msc_2.8_weight_6.9e-06_cc_0.87_weight_3e+03",
  "mean_squared_curvatures": [
    2.8280914297891133,
    1.7700958421123878,
    2.0615988154166116,
    2.9300789255058723,
    1.765695544667549,
    2.7984806778585885
  ],
  "max_mean_squared_curvature": 2.9300789255058723,
  "message": "STOP: TOTAL NO. of ITERATIONS REACHED LIMIT",
  "success": false,
  "iterations": 700,
  "function_evaluations": 1255,
  "coil_currents": [
    8046681.350623304,
    8101876.929516033,
    8109982.080985421,
    8053959.183315967,
    8001070.669445885,
    8267844.50420247
  ],
  "coil_surface_distance": 1.0065407191679066
}