{
  "nfp": 4,
  "R0": 11.34443056562854,
  "R1": 4.769640012986748,
  "ncoils": 5,
  "order": 8,
  "nphi": 32,
  "ntheta": 32,
  "length_target": 45.781694033413174,
  "length_weight": 0.21722294551249932,
  "max_curvature_threshold": 4.169940288180304,
  "max_curvature_weight": 0.000213188660750604,
  "msc_threshold": 4.617524948150973,
  "msc_weight": 9.387195146154845e-07,
  "JF": 0.0011675537147472562,
  "Jf": 0.0007891449103075528,
  "BdotN": 0.008163458191808382,
  "lengths": [
    38.10541285458447,
    39.71179661982732,
    44.87978039939409,
    42.394828298387644,
    63.81678142073725
  ],
  "length": 228.90859959293076,
  "max_curvatures": [
    4.363519891059829,
    7.54673603403676,
    4.315101873115158,
    3.982353170963768,
    4.359514948814513
  ],
  "max_max_curvature": 7.54673603403676,
  "coil_coil_distance": 0.7296721516390529,
  "cc_threshold": 0.7297047650500738,
  "cc_weight": 321.07343617139446,
  "gradient_norm": 0.01915390984099104,
  "linking_number": 0,
  "directory": "ncoils_5_order_8_R1_4.8_length_target_4.6e+01_weight_0.22_max_curvature_4.2_weight_0.00021_msc_4.6_weight_9.4e-07_cc_0.73_weight_3.2e+02",
  "mean_squared_curvatures": [
    0.2748842462276608,
    1.04570135663996,
    1.0542822023803706,
    0.7462516112639568,
    0.739233966699021
  ],
  "max_mean_squared_curvature": 1.0542822023803706,
  "message": "STOP: TOTAL NO. of ITERATIONS REACHED LIMIT",
  "success": false,
  "iterations": 700,
  "function_evaluations": 1386,
  "coil_currents": [
    9684347.709304567,
    9646409.721953245,
    9709000.63453985,
    9553425.261571446,
    9988231.390719973
  ],
  "coil_surface_distance": 0.7950763509806744
}