{
  "nfp": 4,
  "R0": 11.34443056562854,
  "R1": 4.609214269271964,
  "ncoils": 4,
  "order": 13,
  "nphi": 32,
  "ntheta": 32,
  "length_target": 36.17352010058441,
  "length_weight": 25.873216728570558,
  "max_curvature_threshold": 0.4691647491196056,
  "max_curvature_weight": 0.0003649150100634774,
  "msc_threshold": 4.708631028578492,
  "msc_weight": 6.564192751477389e-05,
  "JF": 0.0013016844472806734,
  "Jf": 0.0011097615036097749,
  "BdotN": 0.006996689114959028,
  "lengths": [
    37.688328432769325,
    36.15512177778571,
    35.06378140326437,
    35.78708629655212
  ],
  "length": 144.69431791037152,
  "max_curvatures": [
    0.8420551409261587,
    0.6812183299903165,
    1.0314640779656292,
    0.9675152241415164
  ],
  "max_max_curvature": 1.0314640779656292,
  "coil_coil_distance": 0.5734290517946484,
  "cc_threshold": 0.6073068328644645,
  "cc_weight": 0.10411936366197791,
  "gradient_norm": 0.1040417915697902,
  "linking_number": 0,
  "directory": "ncoils_4_order_13_R1_4.6_length_target_3.6e+01_weight_2.6e+01_max_curvature_0.47_weight_0.00036_msc_4.7_weight_6.6e-05_cc_0.61_weight_0.1",
  "mean_squared_curvatures": [
    0.11245175658430216,
    0.11289114989443605,
    0.1299731803752089,
    0.13994917444606392
  ],
  "max_mean_squared_curvature": 0.13994917444606392,
  "message": "STOP: TOTAL NO. of ITERATIONS REACHED LIMIT",
  "success": false,
  "iterations": 700,
  "function_evaluations": 828,
  "coil_currents": [
    12146330.12173255,
    12098348.230333092,
    12061266.703347707,
    12275469.66267573
  ],
  "coil_surface_distance": 1.4361680190561976
}