{
  "nfp": 4,
  "R0": 11.34443056562854,
  "R1": 4.106040640558669,
  "ncoils": 5,
  "order": 9,
  "nphi": 32,
  "ntheta": 32,
  "length_target": 44.4870827866642,
  "length_weight": 28.872748902177744,
  "max_curvature_threshold": 5.763533379184705,
  "max_curvature_weight": 0.000965490648288588,
  "msc_threshold": 6.607617442681531,
  "msc_weight": 6.767574921397674e-06,
  "JF": 0.04674154702610985,
  "Jf": 0.0462637113980872,
  "BdotN": 0.04005743837739626,
  "lengths": [
    44.21385937419548,
    43.69788390158376,
    42.110371233599984,
    42.94100144399854,
    49.47433970691356
  ],
  "length": 222.4374556602913,
  "max_curvatures": [
    5.047653464517847,
    5.968858408251895,
    6.332995268853767,
    6.82190478524269,
    7.3805376786118275
  ],
  "max_max_curvature": 7.3805376786118275,
  "coil_coil_distance": 1.0675824195015664,
  "cc_threshold": 1.069763289379886,
  "cc_weight": 55.49185222505247,
  "gradient_norm": 71.19526151526821,
  "linking_number": 0,
  "directory": "ncoils_5_order_9_R1_4.1_length_target_4.4e+01_weight_2.9e+01_max_curvature_5.8_weight_0.00097_msc_6.6_weight_6.8e-06_cc_1.1_weight_5.5e+01",
  "mean_squared_curvatures": [
    0.696945808439695,
    0.7706781133389963,
    1.2495827506555388,
    1.0221928725469744,
    1.1114542771783378
  ],
  "max_mean_squared_curvature": 1.2495827506555388,
  "message": "STOP: TOTAL NO. of ITERATIONS REACHED LIMIT",
  "success": false,
  "iterations": 700,
  "function_evaluations": 857,
  "coil_currents": [
    9217864.464357631,
    9345638.666142948,
    9321650.02209667,
    9434211.331291711,
    11262050.23420012
  ],
  "coil_surface_distance": 1.0643196358293954
}