{
  "nfp": 4,
  "R0": 11.34443056562854,
  "R1": 4.291695194607424,
  "ncoils": 4,
  "order": 10,
  "nphi": 32,
  "ntheta": 32,
  "length_target": 41.77188591804804,
  "length_weight": 0.16201757103270095,
  "max_curvature_threshold": 6.626031409582345,
  "max_curvature_weight": 3.6311213720092478e-06,
  "msc_threshold": 5.12675754855438,
  "msc_weight": 3.2940881582818607e-07,
  "JF": 0.0021067882049595563,
  "Jf": 0.0020468410755363144,
  "BdotN": 0.008724049203478823,
  "lengths": [
    39.58081305704005,
    37.889152417294035,
    44.112571856274236,
    45.504832474234505
  ],
  "length": 167.0873698048428,
  "max_curvatures": [
    2.6899512289407976,
    17.269585320458738,
    12.62515140826853,
    12.619676975137773
  ],
  "max_max_curvature": 17.269585320458738,
  "coil_coil_distance": 0.9832138782453802,
  "cc_threshold": 0.9832199840788325,
  "cc_weight": 818.8768994514008,
  "gradient_norm": 0.018868563668735742,
  "linking_number": 0,
  "directory": "ncoils_4_order_10_R1_4.3_length_target_4.2e+01_weight_0.16_max_curvature_6.6_weight_3.6e-06_msc_5.1_weight_3.3e-07_cc_0.98_weight_8.2e+02",
  "mean_squared_curvatures": [
    0.3423109045231089,
    2.443579675327544,
    3.0139739696772385,
    1.9350507641806234
  ],
  "max_mean_squared_curvature": 3.0139739696772385,
  "message": "STOP: TOTAL NO. of ITERATIONS REACHED LIMIT",
  "success": false,
  "iterations": 700,
  "function_evaluations": 1148,
  "coil_currents": [
    12336943.550539756,
    12269190.188733693,
    12134032.134553203,
    11841248.844262429
  ],
  "coil_surface_distance": 1.2157722362501786
}