{
  "nfp": 4,
  "R0": 11.34443056562854,
  "R1": 4.108639175572211,
  "ncoils": 6,
  "order": 10,
  "nphi": 32,
  "ntheta": 32,
  "length_target": 43.15736974389969,
  "length_weight": 4.488209822538079,
  "max_curvature_threshold": 7.433622996729105,
  "max_curvature_weight": 3.283120970344507e-06,
  "msc_threshold": 0.609438298829574,
  "msc_weight": 3.140538245071589e-05,
  "JF": 0.0046642557155682765,
  "Jf": 0.0040653243822999265,
  "BdotN": 0.013943616753498436,
  "lengths": [
    36.124975911815625,
    37.36614347279819,
    40.33972715963045,
    42.417862967476026,
    47.610322644341025,
    55.085252335221156
  ],
  "length": 258.9442844912825,
  "max_curvatures": [
    10.920931692290463,
    11.675326707582869,
    22.238400874733742,
    15.770739321122361,
    25.268052233959814,
    21.281118245672324
  ],
  "max_max_curvature": 25.268052233959814,
  "coil_coil_distance": 0.8130650674835018,
  "cc_threshold": 0.8132581561448897,
  "cc_weight": 385.4718087744147,
  "gradient_norm": 22.73062764787613,
  "linking_number": 0,
  "directory": "ncoils_6_order_10_R1_4.1_length_target_4.3e+01_weight_4.5_max_curvature_7.4_weight_3.3e-06_msc_0.61_weight_3.1e-05_cc_0.81_weight_3.9e+02",
  "mean_squared_curvatures": [
    2.0615105826577027,
    2.220693777614951,
    2.758009235538826,
    2.7516360975870002,
    3.9421563376823623,
    2.728893530721032
  ],
  "max_mean_squared_curvature": 3.9421563376823623,
  "message": "STOP: TOTAL NO. of ITERATIONS REACHED LIMIT",
  "success": false,
  "iterations": 700,
  "function_evaluations": 966,
  "coil_currents": [
    7880309.956844083,
    7912078.663753998,
    7955204.566035481,
    8057703.401312381,
    8176783.512324835,
    8599334.617818303
  ],
  "coil_surface_distance": 0.9112881461071461
}