{
  "nfp": 4,
  "R0": 11.34443056562854,
  "R1": 4.381586152403542,
  "ncoils": 4,
  "order": 10,
  "nphi": 32,
  "ntheta": 32,
  "length_target": 38.53390586355774,
  "length_weight": 35.08829633641232,
  "max_curvature_threshold": 6.309097847458934,
  "max_curvature_weight": 2.141508278696686e-05,
  "msc_threshold": 7.442507870530578,
  "msc_weight": 2.0994075689553294e-05,
  "JF": 0.005310479686968517,
  "Jf": 0.005192901748284492,
  "BdotN": 0.010752193470868818,
  "lengths": [
    39.40579379560522,
    38.91583272122122,
    38.20596144668902,
    37.60830802260818
  ],
  "length": 154.13589598612364,
  "max_curvatures": [
    9.181274613350096,
    10.34218153802617,
    10.58794624503593,
    17.689461253457367
  ],
  "max_max_curvature": 17.689461253457367,
  "coil_coil_distance": 1.0284797786087754,
  "cc_threshold": 1.0289193336376725,
  "cc_weight": 42.847268026144356,
  "gradient_norm": 0.22877726595926318,
  "linking_number": 0,
  "directory": "ncoils_4_order_10_R1_4.4_length_target_3.9e+01_weight_3.5e+01_max_curvature_6.3_weight_2.1e-05_msc_7.4_weight_2.1e-05_cc_1.0_weight_4.3e+01",
  "mean_squared_curvatures": [
    0.48460928483786153,
    0.7039076926571683,
    1.0152081105969528,
    1.6560944247251275
  ],
  "max_mean_squared_curvature": 1.6560944247251275,
  "message": "STOP: TOTAL NO. of ITERATIONS REACHED LIMIT",
  "success": false,
  "iterations": 700,
  "function_evaluations": 847,
  "coil_currents": [
    12059028.092983007,
    12021390.743416939,
    12121382.878758589,
    12379613.002930544
  ],
  "coil_surface_distance": 1.2550224807768677
}