{
  "nfp": 4,
  "ncoils": 6,
  "R0": 11.34443056562854,
  "R1": 4.485518920767054,
  "order": 15,
  "nphi": 32,
  "ntheta": 32,
  "length_target": 37.758092081514505,
  "length_weight": 7.649615316284193,
  "max_curvature_threshold": 3.8726154882316273,
  "max_curvature_weight": 6.212118476897509e-06,
  "msc_threshold": 4.773706740376391,
  "msc_weight": 7.943476501777987e-07,
  "JF": 0.010743441136441554,
  "Jf": 0.009183197579824385,
  "BdotN": 0.018221214612805858,
  "lengths": [
    32.72563698406864,
    33.99855947448086,
    35.19294403760969,
    41.31384441671167,
    38.90805936337098,
    44.40954229784818
  ],
  "length": 226.54858657409005,
  "max_curvatures": [
    19.61310168503684,
    20.66643326846193,
    25.86909254163353,
    19.34433030707592,
    31.2401002746508,
    20.801025155401632
  ],
  "max_max_curvature": 31.2401002746508,
  "coil_coil_distance": 0.9075400181428402,
  "cc_threshold": 0.9102640851605237,
  "cc_weight": 220.97563873392522,
  "gradient_norm": 0.21200057532276106,
  "linking_number": 0,
  "directory": "ncoils_6_order_15_R1_4.5_length_target_3.8e+01_weight_7.6_max_curvature_3.9_weight_6.2e-06_msc_4.8_weight_7.9e-07_cc_0.91_weight_2.2e+02",
  "mean_squared_curvatures": [
    4.373647874410156,
    4.845108751250281,
    6.704550715989825,
    4.699588324626927,
    9.616290240542876,
    5.186302042391697
  ],
  "max_mean_squared_curvature": 9.616290240542876,
  "message": "STOP: TOTAL NO. of ITERATIONS REACHED LIMIT",
  "success": false,
  "iterations": 500,
  "function_evaluations": 589,
  "coil_currents": [
    7834024.361591749,
    7912937.524900987,
    7918892.794716167,
    7944910.026307121,
    7993275.676190656,
    8977374.3343824
  ],
  "coil_surface_distance": 0.7212015673592
}