{
  "nfp": 4,
  "R0": 11.34443056562854,
  "R1": 4.727010018948298,
  "ncoils": 6,
  "order": 12,
  "nphi": 32,
  "ntheta": 32,
  "length_target": 42.18375112284511,
  "length_weight": 0.09474630699141186,
  "max_curvature_threshold": 3.4092687961713106,
  "max_curvature_weight": 0.00019179457204504793,
  "msc_threshold": 3.268136877603408,
  "msc_weight": 6.162280106749559e-06,
  "JF": 0.0007502978182686533,
  "Jf": 0.0007221851573278453,
  "BdotN": 0.0051538766143401,
  "lengths": [
    37.39204926159586,
    37.57775612809887,
    40.49408567785895,
    42.45739000939538,
    46.02429458299396,
    49.15712012312605
  ],
  "length": 253.10269578306907,
  "max_curvatures": [
    3.2054709126854846,
    3.8592728891072072,
    4.3239852391242755,
    3.6695174743811134,
    3.5299793786018254,
    3.668528581956785
  ],
  "max_max_curvature": 4.3239852391242755,
  "coil_coil_distance": 0.7486942654013372,
  "cc_threshold": 0.7489666265739693,
  "cc_weight": 97.40575015594023,
  "gradient_norm": 0.005790689503110436,
  "linking_number": 0,
  "directory": "ncoils_6_order_12_R1_4.7_length_target_4.2e+01_weight_0.095_max_curvature_3.4_weight_0.00019_msc_3.3_weight_6.2e-06_cc_0.75_weight_9.7e+01",
  "mean_squared_curvatures": [
    0.8557536377732704,
    1.014211775775369,
    0.917046398879546,
    1.1491420999597457,
    0.9259730700573885,
    1.1506566593672851
  ],
  "max_mean_squared_curvature": 1.1506566593672851,
  "message": "STOP: TOTAL NO. of ITERATIONS REACHED LIMIT",
  "success": false,
  "iterations": 700,
  "function_evaluations": 887,
  "coil_currents": [
    8004308.504463912,
    7931033.083288155,
    7868576.698088656,
    7936324.052506684,
    7917136.676981965,
    8924035.702759705
  ],
  "coil_surface_distance": 1.0035719613620924
}