{
  "nfp": 4,
  "R0": 11.34443056562854,
  "R1": 4.166029074078435,
  "ncoils": 4,
  "order": 7,
  "nphi": 32,
  "ntheta": 32,
  "length_target": 36.83636226014945,
  "length_weight": 2.827599946919016,
  "max_curvature_threshold": 6.946497961432841,
  "max_curvature_weight": 1.415690121868931e-05,
  "msc_threshold": 6.581907011720035,
  "msc_weight": 2.8201255925943645e-05,
  "JF": 0.0032123859148722013,
  "Jf": 0.0032107672995184753,
  "BdotN": 0.00887342775780711,
  "lengths": [
    37.95913320964766,
    37.079754058811254,
    36.814026658300406,
    35.4929930328243
  ],
  "length": 147.34590695958363,
  "max_curvatures": [
    6.473726285837961,
    4.798469280477028,
    3.1056765403180466,
    7.643552444448715
  ],
  "max_max_curvature": 7.643552444448715,
  "coil_coil_distance": 1.019758017011472,
  "cc_threshold": 1.0199104737552522,
  "cc_weight": 451.0881804864852,
  "gradient_norm": 0.06182632762912623,
  "linking_number": 0,
  "directory": "ncoils_4_order_7_R1_4.2_length_target_3.7e+01_weight_2.8_max_curvature_6.9_weight_1.4e-05_msc_6.6_weight_2.8e-05_cc_1.0_weight_4.5e+02",
  "mean_squared_curvatures": [
    0.34289831136389626,
    0.30779951764513186,
    0.28695916776235475,
    0.5233264414733282
  ],
  "max_mean_squared_curvature": 0.5233264414733282,
  "message": "STOP: TOTAL NO. of ITERATIONS REACHED LIMIT",
  "success": false,
  "iterations": 700,
  "function_evaluations": 969,
  "coil_currents": [
    12361691.432979517,
    12273738.087510873,
    12216961.720569473,
    11729023.47702922
  ],
  "coil_surface_distance": 1.2848049591661108
}