{
  "nfp": 4,
  "R0": 11.34443056562854,
  "R1": 4.4205006335876105,
  "ncoils": 5,
  "order": 7,
  "nphi": 32,
  "ntheta": 32,
  "length_target": 35.71667726637381,
  "length_weight": 0.33314164880804087,
  "max_curvature_threshold": 5.56093103302345,
  "max_curvature_weight": 3.504311531923291e-06,
  "msc_threshold": 6.602847498374684,
  "msc_weight": 1.1726969253835463e-07,
  "JF": 0.10555684042977993,
  "Jf": 0.10541381918055609,
  "BdotN": 0.10425055466049189,
  "lengths": [
    37.044284413777206,
    37.59557556923435,
    45.83153728390266,
    28.527296432326175,
    29.5867583260008
  ],
  "length": 178.58545202524118,
  "max_curvatures": [
    10.043738433096275,
    11.75557078651999,
    42.22042574619841,
    15.61337107552857,
    9.045313570868437
  ],
  "max_max_curvature": 42.22042574619841,
  "coil_coil_distance": 1.1760415119612742,
  "cc_threshold": 1.1763644008331307,
  "cc_weight": 4934.393058316615,
  "gradient_norm": 1.3726385580270362,
  "linking_number": 0,
  "directory": "ncoils_5_order_7_R1_4.4_length_target_3.6e+01_weight_0.33_max_curvature_5.6_weight_3.5e-06_msc_6.6_weight_1.2e-07_cc_1.2_weight_4.9e+03",
  "mean_squared_curvatures": [
    0.8392966198658689,
    1.1814969511532123,
    2.68076145918252,
    2.9419200593126122,
    1.9116094379315594
  ],
  "max_mean_squared_curvature": 2.9419200593126122,
  "message": "STOP: TOTAL NO. of ITERATIONS REACHED LIMIT",
  "success": false,
  "iterations": 700,
  "function_evaluations": 1489,
  "coil_currents": [
    11479718.098661067,
    11630993.404955639,
    12189815.834827306,
    9090941.53133991,
    4189945.8483051583
  ],
  "coil_surface_distance": 0.12724354023427417
}