{
  "nfp": 4,
  "R0": 11.34443056562854,
  "R1": 4.469585276692324,
  "ncoils": 5,
  "order": 8,
  "nphi": 32,
  "ntheta": 32,
  "length_target": 28.435438495645222,
  "length_weight": 24.170171692613245,
  "max_curvature_threshold": 2.682101855618317,
  "max_curvature_weight": 5.767113511967984e-06,
  "msc_threshold": 1.7645230867946387,
  "msc_weight": 1.2349920094787444e-05,
  "JF": 0.0018854485148201703,
  "Jf": 0.0018847187498342445,
  "BdotN": 0.008213561106712147,
  "lengths": [
    30.045351404649697,
    29.187493465227305,
    28.200872425002874,
    27.603642874803057,
    27.139957699465675
  ],
  "length": 142.1773178691486,
  "max_curvatures": [
    4.393797276727404,
    3.0426036523206843,
    4.615643821605147,
    2.6471997636887714,
    2.5949855193173064
  ],
  "max_max_curvature": 4.615643821605147,
  "coil_coil_distance": 0.6896378072324596,
  "cc_threshold": 0.6872998396701119,
  "cc_weight": 0.216835447875324,
  "gradient_norm": 0.04645405466685621,
  "linking_number": 0,
  "directory": "ncoils_5_order_8_R1_4.5_length_target_2.8e+01_weight_2.4e+01_max_curvature_2.7_weight_5.8e-06_msc_1.8_weight_1.2e-05_cc_0.69_weight_0.22",
  "mean_squared_curvatures": [
    0.16721813651776593,
    0.13834469603647304,
    0.20568002641298874,
    0.22229921845777367,
    0.27780735493874653
  ],
  "max_mean_squared_curvature": 0.27780735493874653,
  "message": "STOP: TOTAL NO. of ITERATIONS REACHED LIMIT",
  "success": false,
  "iterations": 700,
  "function_evaluations": 799,
  "coil_currents": [
    9804877.608134598,
    9756958.472536791,
    9705995.5086065,
    9679662.830156397,
    9633920.298654795
  ],
  "coil_surface_distance": 1.2765154825615321
}