{
  "nfp": 4,
  "ncoils": 6,
  "R0": 11.34443056562854,
  "R1": 4.635645781142622,
  "order": 13,
  "nphi": 32,
  "ntheta": 32,
  "length_target": 34.90618182558631,
  "length_weight": 5.837390165991973,
  "max_curvature_threshold": 1.7481544580721247,
  "max_curvature_weight": 2.8906463842120208e-05,
  "msc_threshold": 2.4740606774740073,
  "msc_weight": 2.896904128297605e-05,
  "JF": 0.00035469575578731487,
  "Jf": 0.0003431045372101709,
  "BdotN": 0.004454668160881,
  "lengths": [
    35.529453673771435,
    34.94824635861425,
    35.12199154006147,
    34.56230061136655,
    34.361595490695954,
    34.913654274948264
  ],
  "length": 209.43724194945793,
  "max_curvatures": [
    2.3735838869395645,
    2.0445237229604,
    2.533025202269191,
    2.3235405754976233,
    2.380755568725128,
    2.816022207029132
  ],
  "max_max_curvature": 2.816022207029132,
  "coil_coil_distance": 0.5417807785854692,
  "cc_threshold": 0.5424607566415911,
  "cc_weight": 11.860436435850072,
  "gradient_norm": 0.02636186553132526,
  "linking_number": 0,
  "directory": "ncoils_6_order_13_R1_4.6_length_target_3.5e+01_weight_5.8_max_curvature_1.7_weight_2.9e-05_msc_2.5_weight_2.9e-05_cc_0.54_weight_1.2e+01",
  "mean_squared_curvatures": [
    0.4459776642889684,
    0.3917528231311893,
    0.3851447041316069,
    0.3902394051136731,
    0.35968160484057154,
    0.3450459065563803
  ],
  "max_mean_squared_curvature": 0.4459776642889684,
  "message": "STOP: TOTAL NO. of ITERATIONS REACHED LIMIT",
  "success": false,
  "iterations": 500,
  "function_evaluations": 579,
  "coil_currents": [
    8097034.229728992,
    8049099.578899419,
    8007900.9631048115,
    7960953.15468078,
    8048815.453011729,
    8417611.338663347
  ],
  "coil_surface_distance": 1.225711588516559
}