{
  "nfp": 4,
  "ncoils": 6,
  "R0": 11.34443056562854,
  "R1": 4.573499502096621,
  "order": 8,
  "nphi": 32,
  "ntheta": 32,
  "length_target": 37.284346171649084,
  "length_weight": 3.4285635160877486,
  "max_curvature_threshold": 1.8870042641578024,
  "max_curvature_weight": 3.047818668159813e-07,
  "msc_threshold": 1.4033713004942912,
  "msc_weight": 4.103496572727565e-05,
  "JF": 0.00039883053106631395,
  "Jf": 0.0003876241849065587,
  "BdotN": 0.0045046219700270625,
  "lengths": [
    38.318417579255,
    38.261591848901936,
    36.59839011308878,
    36.59232598056185,
    36.562600833601934,
    37.37291616832515
  ],
  "length": 223.70624252373466,
  "max_curvatures": [
    15.361188303395034,
    15.282602446144136,
    4.197534463046888,
    15.316735248410517,
    16.5760943232796,
    5.423841036948278
  ],
  "max_max_curvature": 16.5760943232796,
  "coil_coil_distance": 0.4543085267029828,
  "cc_threshold": 0.4545687200968893,
  "cc_weight": 0.8833908483047328,
  "gradient_norm": 0.013805250719808412,
  "linking_number": 0,
  "directory": "ncoils_6_order_8_R1_4.6_length_target_3.7e+01_weight_3.4_max_curvature_1.9_weight_3e-07_msc_1.4_weight_4.1e-05_cc_0.45_weight_0.88",
  "mean_squared_curvatures": [
    1.1884060554960807,
    1.0192064847125808,
    0.45077770717111304,
    0.8397871186611398,
    0.7143287863388591,
    0.2899740007754265
  ],
  "max_mean_squared_curvature": 1.1884060554960807,
  "message": "STOP: TOTAL NO. of ITERATIONS REACHED LIMIT",
  "success": false,
  "iterations": 500,
  "function_evaluations": 610,
  "coil_currents": [
    8104972.439463343,
    8027184.414411141,
    8011756.781543806,
    8047029.186421113,
    8060553.5314496225,
    8329918.364800058
  ],
  "coil_surface_distance": 1.33515037146
}