{
  "nfp": 4,
  "R0": 11.34443056562854,
  "R1": 4.352643722800603,
  "ncoils": 6,
  "order": 11,
  "nphi": 32,
  "ntheta": 32,
  "length_target": 44.201999788600645,
  "length_weight": 16.27713541997726,
  "max_curvature_threshold": 7.262526949311258,
  "max_curvature_weight": 9.581310389220194e-06,
  "msc_threshold": 5.752074512980376,
  "msc_weight": 2.6988555335893942e-05,
  "JF": 0.028125564439684957,
  "Jf": 0.027761333751814814,
  "BdotN": 0.04929918450033116,
  "lengths": [
    41.062888392700245,
    43.146722503562934,
    43.34120405636715,
    45.566330379063984,
    49.44906745161931,
    42.646229622642615
  ],
  "length": 265.2124424059562,
  "max_curvatures": [
    11.65757290008268,
    16.964215477162796,
    16.874949848817263,
    14.034111775281437,
    17.9261308639637,
    18.810250222848776
  ],
  "max_max_curvature": 18.810250222848776,
  "coil_coil_distance": 1.145974320701565,
  "cc_threshold": 1.1487077360586444,
  "cc_weight": 23.026848280620975,
  "gradient_norm": 0.4571380242633002,
  "linking_number": 0,
  "directory": "ncoils_6_order_11_R1_4.4_length_target_4.4e+01_weight_1.6e+01_max_curvature_7.3_weight_9.6e-06_msc_5.8_weight_2.7e-05_cc_1.1_weight_2.3e+01",
  "mean_squared_curvatures": [
    2.1403747022571493,
    2.3616385558052753,
    2.396086912342491,
    3.2801454222750195,
    2.376139904504086,
    5.089377762350474
  ],
  "max_mean_squared_curvature": 5.089377762350474,
  "message": "STOP: TOTAL NO. of ITERATIONS REACHED LIMIT",
  "success": false,
  "iterations": 700,
  "function_evaluations": 785,
  "coil_currents": [
    7821296.886752081,
    7821612.799347512,
    8104451.369520502,
    8529769.8306891,
    8448017.392673492,
    7856266.43910639
  ],
  "coil_surface_distance": 0.1897965504782093
}