{
  "nfp": 4,
  "R0": 11.34443056562854,
  "R1": 4.72879362079024,
  "ncoils": 5,
  "order": 6,
  "nphi": 32,
  "ntheta": 32,
  "length_target": 42.048589298241374,
  "length_weight": 0.2594200775885186,
  "max_curvature_threshold": 4.044209275996733,
  "max_curvature_weight": 4.963979665513422e-06,
  "msc_threshold": 6.857644090465796,
  "msc_weight": 2.8263488803345683e-07,
  "JF": 0.0005053397239746126,
  "Jf": 0.00046794528878081046,
  "BdotN": 0.005250617268374698,
  "lengths": [
    40.35547632669057,
    41.102101783013985,
    39.88135686834795,
    45.25368210145274,
    43.651942186647446
  ],
  "length": 210.2445592661527,
  "max_curvatures": [
    2.192043841169598,
    9.249169978195795,
    12.071579371200365,
    6.145787882400848,
    6.088327628743968
  ],
  "max_max_curvature": 12.071579371200365,
  "coil_coil_distance": 0.6894310999197525,
  "cc_threshold": 0.689175268391806,
  "cc_weight": 1289.0656227503632,
  "gradient_norm": 0.012340051341847255,
  "linking_number": 0,
  "directory": "ncoils_5_order_6_R1_4.7_length_target_4.2e+01_weight_0.26_max_curvature_4.0_weight_5e-06_msc_6.9_weight_2.8e-07_cc_0.69_weight_1.3e+03",
  "mean_squared_curvatures": [
    0.16073192529700514,
    0.9690051241243937,
    0.9210583503843792,
    0.8471833166146414,
    0.8554023356902687
  ],
  "max_mean_squared_curvature": 0.9690051241243937,
  "message": "STOP: TOTAL NO. of ITERATIONS REACHED LIMIT",
  "success": false,
  "iterations": 700,
  "function_evaluations": 1725,
  "coil_currents": [
    10298129.041607143,
    10231533.716549518,
    9894924.107243167,
    9823305.099693233,
    8333522.75299602
  ],
  "coil_surface_distance": 1.3175018481071215
}