{
  "nfp": 4,
  "R0": 11.34443056562854,
  "R1": 4.435905749903911,
  "ncoils": 5,
  "order": 15,
  "nphi": 32,
  "ntheta": 32,
  "length_target": 37.257767535992066,
  "length_weight": 4.181038311543884,
  "max_curvature_threshold": 6.432954444472979,
  "max_curvature_weight": 2.907385446696925e-06,
  "msc_threshold": 3.5925262065396106,
  "msc_weight": 1.2723309908833629e-06,
  "JF": 0.001365625737349066,
  "Jf": 0.0013554881753077995,
  "BdotN": 0.0061002097183818875,
  "lengths": [
    37.14874134838922,
    38.98725287529828,
    35.94100517524399,
    35.942029338092624,
    38.269935415877384
  ],
  "length": 186.28896415290149,
  "max_curvatures": [
    12.643429277681136,
    14.31258550308908,
    9.53760309579269,
    8.457365805390618,
    10.258041238265312
  ],
  "max_max_curvature": 14.31258550308908,
  "coil_coil_distance": 0.9135592795525093,
  "cc_threshold": 0.9144845953297567,
  "cc_weight": 15.3037016693937,
  "gradient_norm": 0.01678098032289658,
  "linking_number": 0,
  "directory": "ncoils_5_order_15_R1_4.4_length_target_3.7e+01_weight_4.2_max_curvature_6.4_weight_2.9e-06_msc_3.6_weight_1.3e-06_cc_0.91_weight_1.5e+01",
  "mean_squared_curvatures": [
    0.9368237075305891,
    1.4122936103038262,
    0.5597549286220513,
    0.6675477203839707,
    1.1857109160228758
  ],
  "max_mean_squared_curvature": 1.4122936103038262,
  "message": "STOP: TOTAL NO. of ITERATIONS REACHED LIMIT",
  "success": false,
  "iterations": 700,
  "function_evaluations": 809,
  "coil_currents": [
    9803961.532735026,
    9759969.348369045,
    9729252.936382657,
    9732978.788130786,
    9555252.112471573
  ],
  "coil_surface_distance": 1.2271814943376975
}