{
  "nfp": 4,
  "R0": 11.34443056562854,
  "R1": 4.621053235762955,
  "ncoils": 4,
  "order": 9,
  "nphi": 32,
  "ntheta": 32,
  "length_target": 36.494497522648814,
  "length_weight": 0.22978765872827012,
  "max_curvature_threshold": 6.372716238164811,
  "max_curvature_weight": 2.398467905024074e-06,
  "msc_threshold": 6.863104485770826,
  "msc_weight": 5.643253820202042e-07,
  "JF": 0.004811350315766169,
  "Jf": 0.004778756572168617,
  "BdotN": 0.013573133649375329,
  "lengths": [
    36.703893749146104,
    40.27428790246135,
    35.21160702285074,
    33.789207723213515
  ],
  "length": 145.97899639767172,
  "max_curvatures": [
    15.685432740146451,
    24.72927642520798,
    9.927287122667499,
    10.672796231097431
  ],
  "max_max_curvature": 24.72927642520798,
  "coil_coil_distance": 1.1576460327925522,
  "cc_threshold": 1.165211093617322,
  "cc_weight": 19.56766035452745,
  "gradient_norm": 0.6922761155516082,
  "linking_number": 0,
  "directory": "ncoils_4_order_9_R1_4.6_length_target_3.6e+01_weight_0.23_max_curvature_6.4_weight_2.4e-06_msc_6.9_weight_5.6e-07_cc_1.2_weight_2e+01",
  "mean_squared_curvatures": [
    0.409313947599897,
    1.5300147596292908,
    0.8139178010197341,
    1.1284440788589838
  ],
  "max_mean_squared_curvature": 1.5300147596292908,
  "message": "CONVERGENCE: REL_REDUCTION_OF_F_<=_FACTR*EPSMCH",
  "success": true,
  "iterations": 581,
  "function_evaluations": 679,
  "coil_currents": [
    12402657.948632063,
    12376297.316236936,
    12131883.77444933,
    11670575.678770758
  ],
  "coil_surface_distance": 0.7798218515915205
}