{
  "nfp": 4,
  "R0": 11.34443056562854,
  "R1": 4.807465702006667,
  "ncoils": 4,
  "order": 13,
  "nphi": 32,
  "ntheta": 32,
  "length_target": 39.20362233776757,
  "length_weight": 0.7791730788385942,
  "max_curvature_threshold": 1.352078201349298,
  "max_curvature_weight": 4.036931908154219e-06,
  "msc_threshold": 5.343904470449775,
  "msc_weight": 8.263181193661977e-07,
  "JF": 0.00040775515029702503,
  "Jf": 0.00038960560568367493,
  "BdotN": 0.004605519430554342,
  "lengths": [
    39.8962467672456,
    38.795310776735114,
    40.0047634198829,
    38.118470634798705
  ],
  "length": 156.8147915986623,
  "max_curvatures": [
    2.654866035169374,
    1.997722360041643,
    3.418066279222902,
    3.16465868312866
  ],
  "max_max_curvature": 3.418066279222902,
  "coil_coil_distance": 0.7991530553129881,
  "cc_threshold": 0.8209328441374503,
  "cc_weight": 0.0497504162718299,
  "gradient_norm": 0.005267195011105952,
  "linking_number": 0,
  "directory": "ncoils_4_order_13_R1_4.8_length_target_3.9e+01_weight_0.78_max_curvature_1.4_weight_4e-06_msc_5.3_weight_8.3e-07_cc_0.82_weight_0.05",
  "mean_squared_curvatures": [
    0.20339200938768495,
    0.21782861385800462,
    0.49137602597782803,
    0.39091700490471376
  ],
  "max_mean_squared_curvature": 0.49137602597782803,
  "message": "STOP: TOTAL NO. of ITERATIONS REACHED LIMIT",
  "success": false,
  "iterations": 700,
  "function_evaluations": 761,
  "coil_currents": [
    12140372.149770783,
    12116292.575747102,
    12083559.521730816,
    12241190.47084038
  ],
  "coil_surface_distance": 1.4170564409046074
}