{
  "nfp": 4,
  "R0": 11.34443056562854,
  "R1": 4.364882628886796,
  "ncoils": 6,
  "order": 7,
  "nphi": 32,
  "ntheta": 32,
  "length_target": 38.99433810350651,
  "length_weight": 37.72528084520066,
  "max_curvature_threshold": 0.717765639082317,
  "max_curvature_weight": 0.003375828192866947,
  "msc_threshold": 5.068180000849767,
  "msc_weight": 3.528263593387691e-05,
  "JF": 0.005257469075698804,
  "Jf": 0.004871978569986205,
  "BdotN": 0.013317064427773575,
  "lengths": [
    42.27508577792504,
    39.944780987728784,
    39.933473186670064,
    37.02153286023419,
    34.819472890006075,
    39.971783174720535
  ],
  "length": 233.9661288772847,
  "max_curvatures": [
    0.8567873284298508,
    0.819099937409712,
    0.9523953293001188,
    0.827666317824667,
    0.929872575078055,
    0.7564544590554044
  ],
  "max_max_curvature": 0.9523953293001188,
  "coil_coil_distance": 0.98635474841612,
  "cc_threshold": 1.0255226535654003,
  "cc_weight": 0.19162154243915283,
  "gradient_norm": 0.07313191824789564,
  "linking_number": 0,
  "directory": "ncoils_6_order_7_R1_4.4_length_target_3.9e+01_weight_3.8e+01_max_curvature_0.72_weight_0.0034_msc_5.1_weight_3.5e-05_cc_1.0_weight_0.19",
  "mean_squared_curvatures": [
    0.09872786712127432,
    0.10716597308248882,
    0.1169722721474796,
    0.10956227056868359,
    0.13418403932057923,
    0.10221311211443565
  ],
  "max_mean_squared_curvature": 0.13418403932057923,
  "message": "STOP: TOTAL NO. of ITERATIONS REACHED LIMIT",
  "success": false,
  "iterations": 700,
  "function_evaluations": 828,
  "coil_currents": [
    8106853.307420054,
    7916415.575258214,
    7953325.785604801,
    7992316.645436145,
    8058495.666558011,
    8554007.737811856
  ],
  "coil_surface_distance": 0.9996493492576117
}