{
  "nfp": 4,
  "R0": 11.34443056562854,
  "R1": 4.811168772058997,
  "ncoils": 6,
  "order": 11,
  "nphi": 32,
  "ntheta": 32,
  "length_target": 39.81611995370891,
  "length_weight": 0.08281411067386625,
  "max_curvature_threshold": 4.4989300177372815,
  "max_curvature_weight": 1.6738061246701294e-06,
  "msc_threshold": 4.065023241783422,
  "msc_weight": 1.0275292320836614e-07,
  "JF": 0.0023306205515383526,
  "Jf": 0.002165411951561071,
  "BdotN": 0.00834747480757539,
  "lengths": [
    47.26503165628221,
    43.260806014828475,
    43.40073155731342,
    37.10625052949083,
    33.43645426440396,
    34.428049399463276
  ],
  "length": 238.8973234217822,
  "max_curvatures": [
    6.0932136083655015,
    7.167651853062272,
    11.165874894405324,
    5.975104489657413,
    6.6127454713133,
    9.340504702163585
  ],
  "max_max_curvature": 11.165874894405324,
  "coil_coil_distance": 1.0732001126583202,
  "cc_threshold": 1.118971218555543,
  "cc_weight": 0.1111213418906329,
  "gradient_norm": 0.0023404258242124523,
  "linking_number": 0,
  "directory": "ncoils_6_order_11_R1_4.8_length_target_4e+01_weight_0.083_max_curvature_4.5_weight_1.7e-06_msc_4.1_weight_1e-07_cc_1.1_weight_0.11",
  "mean_squared_curvatures": [
    0.9993579383118892,
    0.9825976912732406,
    0.8395843530995659,
    0.6177535685966249,
    0.681845264070417,
    1.5514574450663916
  ],
  "max_mean_squared_curvature": 1.5514574450663916,
  "message": "STOP: TOTAL NO. of ITERATIONS REACHED LIMIT",
  "success": false,
  "iterations": 700,
  "function_evaluations": 740,
  "coil_currents": [
    12607793.642109564,
    8956252.099513432,
    7867730.427521541,
    8367099.731170756,
    8271773.568017398,
    2510765.2497563884
  ],
  "coil_surface_distance": 0.8556727719403756
}