{
  "nfp": 4,
  "R0": 11.34443056562854,
  "R1": 4.883390639907641,
  "ncoils": 3,
  "order": 8,
  "nphi": 32,
  "ntheta": 32,
  "length_target": 43.69819753502999,
  "length_weight": 83.15977966732467,
  "max_curvature_threshold": 6.570382825644301,
  "max_curvature_weight": 2.5280386344014562e-05,
  "msc_threshold": 2.266401757776254,
  "msc_weight": 1.418979637934687e-06,
  "JF": 0.012009938101339272,
  "Jf": 0.011857358107080327,
  "BdotN": 0.019627649135102867,
  "lengths": [
    45.91147919121863,
    43.33122848350908,
    41.85233391363319
  ],
  "length": 131.0950415883609,
  "max_curvatures": [
    7.281276344498959,
    2.872446616329201,
    21.329883597008713
  ],
  "max_max_curvature": 21.329883597008713,
  "coil_coil_distance": 0.9128195618402275,
  "cc_threshold": 0.9193796915252122,
  "cc_weight": 2.319293105740649,
  "gradient_norm": 0.6642219791287565,
  "linking_number": 0,
  "directory": "ncoils_3_order_8_R1_4.9_length_target_4.4e+01_weight_8.3e+01_max_curvature_6.6_weight_2.5e-05_msc_2.3_weight_1.4e-06_cc_0.92_weight_2.3",
  "mean_squared_curvatures": [
    0.3373074259626395,
    0.3588560088705818,
    0.8802623495956203
  ],
  "max_mean_squared_curvature": 0.8802623495956203,
  "message": "STOP: TOTAL NO. of ITERATIONS REACHED LIMIT",
  "success": false,
  "iterations": 700,
  "function_evaluations": 870,
  "coil_currents": [
    16513240.56117356,
    16287274.07122111,
    15780900.08569441
  ],
  "coil_surface_distance": 1.4653228990223393
}