{
  "nfp": 4,
  "R0": 11.34443056562854,
  "R1": 4.3315726424555,
  "ncoils": 5,
  "order": 9,
  "nphi": 32,
  "ntheta": 32,
  "length_target": 39.006094654039146,
  "length_weight": 85.32128449125666,
  "max_curvature_threshold": 7.791081588973949,
  "max_curvature_weight": 1.0298231876272576e-06,
  "msc_threshold": 7.747477097843415,
  "msc_weight": 3.020597847875621e-07,
  "JF": 0.02577483541000911,
  "Jf": 0.025410690768296974,
  "BdotN": 0.026955642847317485,
  "lengths": [
    39.0407606104773,
    38.34978309936601,
    37.3573953510479,
    43.61796680160108,
    36.66539079908118
  ],
  "length": 195.0312966615735,
  "max_curvatures": [
    22.14895833635598,
    57.72303142502678,
    31.40668188837641,
    111.16783865386262,
    65.46072648762207
  ],
  "max_max_curvature": 111.16783865386262,
  "coil_coil_distance": 1.1590495677355521,
  "cc_threshold": 1.1636381426741131,
  "cc_weight": 15.605546083193406,
  "gradient_norm": 1.8663857789292408,
  "linking_number": 0,
  "directory": "ncoils_5_order_9_R1_4.3_length_target_3.9e+01_weight_8.5e+01_max_curvature_7.8_weight_1e-06_msc_7.7_weight_3e-07_cc_1.2_weight_1.6e+01",
  "mean_squared_curvatures": [
    1.747278098162716,
    2.3496584725814653,
    2.608768290735892,
    6.1631037245636175,
    8.299290051374628
  ],
  "max_mean_squared_curvature": 8.299290051374628,
  "message": "STOP: TOTAL NO. of ITERATIONS REACHED LIMIT",
  "success": false,
  "iterations": 700,
  "function_evaluations": 840,
  "coil_currents": [
    9403919.051829942,
    9539676.099784594,
    9628557.791329427,
    9837664.742163662,
    10171597.032981463
  ],
  "coil_surface_distance": 0.9167659035929862
}