{
  "nfp": 4,
  "R0": 11.34443056562854,
  "R1": 4.208847222518947,
  "ncoils": 5,
  "order": 8,
  "nphi": 32,
  "ntheta": 32,
  "length_target": 34.21745295842282,
  "length_weight": 0.24660438573358726,
  "max_curvature_threshold": 6.331423795716389,
  "max_curvature_weight": 1.556936532488902e-05,
  "msc_threshold": 4.798619180085465,
  "msc_weight": 1.1299003279153783e-05,
  "JF": 0.0012493618488853577,
  "Jf": 0.0012370815564309353,
  "BdotN": 0.00586710499011101,
  "lengths": [
    35.18594908314143,
    33.63346116674686,
    35.87031423789213,
    32.35085841040022,
    34.04693510388862
  ],
  "length": 171.08751800206926,
  "max_curvatures": [
    6.3898335368991575,
    6.738236947359579,
    7.406524492127035,
    3.690854306445506,
    7.019044168382965
  ],
  "max_max_curvature": 7.406524492127035,
  "coil_coil_distance": 0.9836617979965916,
  "cc_threshold": 0.994373139596707,
  "cc_weight": 1.3841611319025813,
  "gradient_norm": 0.0015740515657252563,
  "linking_number": 0,
  "directory": "ncoils_5_order_8_R1_4.2_length_target_3.4e+01_weight_0.25_max_curvature_6.3_weight_1.6e-05_msc_4.8_weight_1.1e-05_cc_0.99_weight_1.4",
  "mean_squared_curvatures": [
    0.4332183737569622,
    0.7294776451687244,
    0.855399616337457,
    0.24712308311623954,
    1.352966884689973
  ],
  "max_mean_squared_curvature": 1.352966884689973,
  "message": "STOP: TOTAL NO. of ITERATIONS REACHED LIMIT",
  "success": false,
  "iterations": 700,
  "function_evaluations": 741,
  "coil_currents": [
    10298166.664459277,
    9817305.549348528,
    9812419.278956503,
    9223229.41131808,
    9430293.814006694
  ],
  "coil_surface_distance": 1.2239684031304001
}