{
  "nfp": 4,
  "R0": 11.34443056562854,
  "R1": 4.220398736914967,
  "ncoils": 4,
  "order": 12,
  "nphi": 32,
  "ntheta": 32,
  "length_target": 28.066746900169967,
  "length_weight": 0.16701366646054863,
  "max_curvature_threshold": 5.411923845097917,
  "max_curvature_weight": 0.0001345016118456028,
  "msc_threshold": 5.706951552421778,
  "msc_weight": 4.334860820476403e-05,
  "JF": 0.02451849736542288,
  "Jf": 0.024480536818147335,
  "BdotN": 0.02640534431576282,
  "lengths": [
    29.510661100422304,
    28.447563345249996,
    27.426134767038935,
    26.90389624087119
  ],
  "length": 112.28825545358242,
  "max_curvatures": [
    5.695362010302192,
    5.615308992671272,
    5.845459568273694,
    5.51903614728927
  ],
  "max_max_curvature": 5.845459568273694,
  "coil_coil_distance": 0.8670955213040158,
  "cc_threshold": 0.6487777453059498,
  "cc_weight": 0.2895723050943262,
  "gradient_norm": 0.161218045880571,
  "linking_number": 0,
  "directory": "ncoils_4_order_12_R1_4.2_length_target_2.8e+01_weight_0.17_max_curvature_5.4_weight_0.00013_msc_5.7_weight_4.3e-05_cc_0.65_weight_0.29",
  "mean_squared_curvatures": [
    0.15056503619949574,
    0.17648609688076566,
    0.20532294560847789,
    0.32176667297825984
  ],
  "max_mean_squared_curvature": 0.32176667297825984,
  "message": "STOP: TOTAL NO. of ITERATIONS REACHED LIMIT",
  "success": false,
  "iterations": 700,
  "function_evaluations": 947,
  "coil_currents": [
    12249741.047081402,
    12215232.031760156,
    12167301.147130083,
    11949140.492117442
  ],
  "coil_surface_distance": 1.283655509038065
}