{
  "nfp": 4,
  "R0": 11.34443056562854,
  "R1": 4.328844243304401,
  "ncoils": 6,
  "order": 6,
  "nphi": 32,
  "ntheta": 32,
  "length_target": 40.43350683525503,
  "length_weight": 0.2851661974120752,
  "max_curvature_threshold": 5.089833077768937,
  "max_curvature_weight": 0.003458335385054438,
  "msc_threshold": 6.950591461668046,
  "msc_weight": 3.961161057278621e-06,
  "JF": 0.00035047157176045033,
  "Jf": 0.00035043797058608356,
  "BdotN": 0.004580467749682875,
  "lengths": [
    41.24158104193005,
    40.09457685498387,
    37.698655043303305,
    38.08150009075834,
    40.03054879435915,
    45.45466463474045
  ],
  "length": 242.60152646007518,
  "max_curvatures": [
    4.61012398922074,
    1.3501292476520284,
    2.83817687544394,
    4.93188339074534,
    2.887822791675859,
    3.9935270533918477
  ],
  "max_max_curvature": 4.93188339074534,
  "coil_coil_distance": 0.6658921977900342,
  "cc_threshold": 0.6658134467723046,
  "cc_weight": 27.74453122323685,
  "gradient_norm": 0.004018081236698407,
  "linking_number": 0,
  "directory": "ncoils_6_order_6_R1_4.3_length_target_4e+01_weight_0.29_max_curvature_5.1_weight_0.0035_msc_7.0_weight_4e-06_cc_0.67_weight_2.8e+01",
  "mean_squared_curvatures": [
    0.3884754096441312,
    0.19106261562798646,
    0.19342727809345062,
    0.6686933958921546,
    0.2273480364846716,
    0.4049899453495605
  ],
  "max_mean_squared_curvature": 0.6686933958921546,
  "message": "STOP: TOTAL NO. of ITERATIONS REACHED LIMIT",
  "success": false,
  "iterations": 700,
  "function_evaluations": 1005,
  "coil_currents": [
    8177744.512805393,
    8141094.863122452,
    7863488.393284524,
    8186463.168183382,
    7856404.846432104,
    8356218.934261225
  ],
  "coil_surface_distance": 1.3028174517427689
}