{
  "nfp": 4,
  "R0": 11.34443056562854,
  "R1": 4.842592533443842,
  "ncoils": 4,
  "order": 5,
  "nphi": 32,
  "ntheta": 32,
  "length_target": 30.36106276716941,
  "length_weight": 0.15449833421033318,
  "max_curvature_threshold": 0.7044247234340169,
  "max_curvature_weight": 4.765272998853372e-05,
  "msc_threshold": 2.901662183116965,
  "msc_weight": 1.4195637874998693e-07,
  "JF": 0.007847760797205327,
  "Jf": 0.0076980539095626715,
  "BdotN": 0.01342238936605801,
  "lengths": [
    34.5165523634443,
    32.325710747365044,
    29.51493222840302,
    25.091378567861018
  ],
  "length": 121.44857390707337,
  "max_curvatures": [
    2.2556342383232404,
    1.8509780210452818,
    3.1607616625522104,
    3.200118509419723
  ],
  "max_max_curvature": 3.200118509419723,
  "coil_coil_distance": 1.0521927039339505,
  "cc_threshold": 1.0537047535104298,
  "cc_weight": 15.51575737927153,
  "gradient_norm": 0.0030585099109908583,
  "linking_number": 0,
  "directory": "ncoils_4_order_5_R1_4.8_length_target_3e+01_weight_0.15_max_curvature_0.7_weight_4.8e-05_msc_2.9_weight_1.4e-07_cc_1.1_weight_1.6e+01",
  "mean_squared_curvatures": [
    0.12499797544186139,
    0.15220669607488713,
    0.2617528560392925,
    0.34057490433250714
  ],
  "max_mean_squared_curvature": 0.34057490433250714,
  "message": "STOP: TOTAL NO. of ITERATIONS REACHED LIMIT",
  "success": false,
  "iterations": 700,
  "function_evaluations": 733,
  "coil_currents": [
    14222401.391033385,
    14042297.053902058,
    12773073.009093242,
    7543643.2640604
  ],
  "coil_surface_distance": 1.0515049401966092
}