{
  "nfp": 4,
  "R0": 11.34443056562854,
  "R1": 4.4287792679131615,
  "ncoils": 4,
  "order": 14,
  "nphi": 32,
  "ntheta": 32,
  "length_target": 38.983037167399544,
  "length_weight": 0.02518706357288301,
  "max_curvature_threshold": 4.610438066313712,
  "max_curvature_weight": 8.634565383040851e-06,
  "msc_threshold": 3.536765336389656,
  "msc_weight": 4.801863180718974e-07,
  "JF": 0.00041868580371154807,
  "Jf": 0.0003950398705961979,
  "BdotN": 0.004665959695027317,
  "lengths": [
    39.765407125600014,
    38.80993328457807,
    38.7995083119699,
    38.55788966010057
  ],
  "length": 155.93273838224854,
  "max_curvatures": [
    6.335305029748165,
    5.214576349772418,
    11.847691213313805,
    5.014855968612125
  ],
  "max_max_curvature": 11.847691213313805,
  "coil_coil_distance": 0.8692451109013494,
  "cc_threshold": 0.9079428854357787,
  "cc_weight": 0.015140306055709627,
  "gradient_norm": 49.047639236867745,
  "linking_number": 0,
  "directory": "ncoils_4_order_14_R1_4.4_length_target_3.9e+01_weight_0.025_max_curvature_4.6_weight_8.6e-06_msc_3.5_weight_4.8e-07_cc_0.91_weight_0.015",
  "mean_squared_curvatures": [
    0.4613859836186039,
    0.6382787291261449,
    0.3882445037412741,
    0.662228095980891
  ],
  "max_mean_squared_curvature": 0.662228095980891,
  "message": "CONVERGENCE: REL_REDUCTION_OF_F_<=_FACTR*EPSMCH",
  "success": true,
  "iterations": 578,
  "function_evaluations": 698,
  "coil_currents": [
    11745750.431578912,
    12135161.312424136,
    12176086.874623504,
    12524416.099462532
  ],
  "coil_surface_distance": 1.265204256117825
}