{
  "nfp": 4,
  "R0": 11.34443056562854,
  "R1": 4.606464294596129,
  "ncoils": 4,
  "order": 13,
  "nphi": 32,
  "ntheta": 32,
  "length_target": 30.339840054850484,
  "length_weight": 2.4369324577197005,
  "max_curvature_threshold": 1.9605058510342568,
  "max_curvature_weight": 6.184149268529682e-06,
  "msc_threshold": 2.6091804232130045,
  "msc_weight": 3.631336711756982e-05,
  "JF": 0.011778092628523458,
  "Jf": 0.011753532705703507,
  "BdotN": 0.016900862780597953,
  "lengths": [
    31.7076895586969,
    30.63893643154551,
    29.723486690517507,
    29.289798749458946
  ],
  "length": 121.35991143021886,
  "max_curvatures": [
    9.948455510100402,
    6.8227954993508515,
    9.316918754368928,
    3.7382829463327103
  ],
  "max_max_curvature": 9.948455510100402,
  "coil_coil_distance": 0.9754106346183411,
  "cc_threshold": 0.9785401832656404,
  "cc_weight": 14.64069923828526,
  "gradient_norm": 3.3141172415544458,
  "linking_number": 0,
  "directory": "ncoils_4_order_13_R1_4.6_length_target_3e+01_weight_2.4_max_curvature_2.0_weight_6.2e-06_msc_2.6_weight_3.6e-05_cc_0.98_weight_1.5e+01",
  "mean_squared_curvatures": [
    0.29866994687577736,
    0.25908097852893025,
    0.21869802649559017,
    0.3578969328834595
  ],
  "max_mean_squared_curvature": 0.3578969328834595,
  "message": "CONVERGENCE: REL_REDUCTION_OF_F_<=_FACTR*EPSMCH",
  "success": true,
  "iterations": 266,
  "function_evaluations": 324,
  "coil_currents": [
    12211873.655789608,
    12128430.616954355,
    12161767.907355247,
    12079342.53798987
  ],
  "coil_surface_distance": 1.2738623358217755
}