{
  "nfp": 4,
  "R0": 11.34443056562854,
  "R1": 4.568860006722176,
  "ncoils": 5,
  "order": 12,
  "nphi": 32,
  "ntheta": 32,
  "length_target": 33.78426184163692,
  "length_weight": 0.056219053965290665,
  "max_curvature_threshold": 4.718808969289449,
  "max_curvature_weight": 1.7444396393040083e-05,
  "msc_threshold": 3.612010161570378,
  "msc_weight": 1.318106639372782e-06,
  "JF": 0.0002485227419588108,
  "Jf": 0.00024799931315655775,
  "BdotN": 0.004391434656908901,
  "lengths": [
    34.92324844396021,
    33.992962762172496,
    32.967352965382396,
    34.040325218217625,
    32.99798346313149
  ],
  "length": 168.92187285286423,
  "max_curvatures": [
    2.5747393741867377,
    5.151797723932374,
    1.5069117132625038,
    5.336390030414002,
    4.85013108807206
  ],
  "max_max_curvature": 5.336390030414002,
  "coil_coil_distance": 0.7184476161182772,
  "cc_threshold": 0.7187810997132953,
  "cc_weight": 14.42346542521228,
  "gradient_norm": 0.000937852104348965,
  "linking_number": 0,
  "directory": "ncoils_5_order_12_R1_4.6_length_target_3.4e+01_weight_0.056_max_curvature_4.7_weight_1.7e-05_msc_3.6_weight_1.3e-06_cc_0.72_weight_1.4e+01",
  "mean_squared_curvatures": [
    0.21489359126508206,
    0.5530231613957667,
    0.21140296417719287,
    0.6241738840959761,
    0.7802269345656551
  ],
  "max_mean_squared_curvature": 0.7802269345656551,
  "message": "STOP: TOTAL NO. of ITERATIONS REACHED LIMIT",
  "success": false,
  "iterations": 700,
  "function_evaluations": 754,
  "coil_currents": [
    9804740.9947842,
    9775523.766162122,
    9719578.102408241,
    9669379.059336139,
    9612192.795398377
  ],
  "coil_surface_distance": 1.2950131132469396
}