{
  "nfp": 4,
  "R0": 11.34443056562854,
  "R1": 4.7088453428999,
  "ncoils": 5,
  "order": 5,
  "nphi": 32,
  "ntheta": 32,
  "length_target": 46.59079840966329,
  "length_weight": 0.5821398900230974,
  "max_curvature_threshold": 3.453204797674739,
  "max_curvature_weight": 0.0002906334600739794,
  "msc_threshold": 2.971060242572773,
  "msc_weight": 3.328500097875217e-07,
  "JF": 0.001115089187310625,
  "Jf": 0.001103202808712936,
  "BdotN": 0.005036250858304815,
  "lengths": [
    49.01371582898097,
    49.258718844258695,
    48.99141161725518,
    41.71960845933842,
    43.9708273948456
  ],
  "length": 232.95428214467887,
  "max_curvatures": [
    2.5814228812000235,
    2.2343747369281637,
    3.8111665150890914,
    3.4779538233793725,
    3.525794444049988
  ],
  "max_max_curvature": 3.8111665150890914,
  "coil_coil_distance": 1.0719277539389431,
  "cc_threshold": 1.075119230940898,
  "cc_weight": 0.07776545793689883,
  "gradient_norm": 0.0038368168705443066,
  "linking_number": 0,
  "directory": "ncoils_5_order_5_R1_4.7_length_target_4.7e+01_weight_0.58_max_curvature_3.5_weight_0.00029_msc_3.0_weight_3.3e-07_cc_1.1_weight_0.078",
  "mean_squared_curvatures": [
    0.18131133199961053,
    0.16292110813749702,
    0.364351659782037,
    0.1462946538198711,
    0.46733402553539216
  ],
  "max_mean_squared_curvature": 0.46733402553539216,
  "message": "STOP: TOTAL NO. of ITERATIONS REACHED LIMIT",
  "success": false,
  "iterations": 700,
  "function_evaluations": 760,
  "coil_currents": [
    9702346.773003988,
    9013472.992977729,
    9353000.262107588,
    9093791.299751662,
    11418803.390248112
  ],
  "coil_surface_distance": 1.279956227603437
}