{
  "nfp": 4,
  "R0": 11.34443056562854,
  "R1": 4.595976316148017,
  "ncoils": 5,
  "order": 15,
  "nphi": 32,
  "ntheta": 32,
  "length_target": 41.25451838416774,
  "length_weight": 9.368357424214684,
  "max_curvature_threshold": 4.9344328079038675,
  "max_curvature_weight": 0.00030209743991531623,
  "msc_threshold": 5.995231997632793,
  "msc_weight": 2.9884543865559613e-06,
  "JF": 0.6381276489247861,
  "Jf": 0.6287945632116135,
  "BdotN": 0.09826900478078393,
  "lengths": [
    43.183872822627485,
    40.32225033949703,
    38.10215396407645,
    40.19025193902433,
    44.46957591810566
  ],
  "length": 206.26810498333094,
  "max_curvatures": [
    12.479507811479472,
    11.241311524388431,
    8.17957017610759,
    8.752765269471357,
    1.1690401765209553
  ],
  "max_max_curvature": 12.479507811479472,
  "coil_coil_distance": 0.05030849587225837,
  "cc_threshold": 0.8224772294137488,
  "cc_weight": 0.012498737503173185,
  "gradient_norm": 1.2974902630979857,
  "linking_number": 8,
  "directory": "ncoils_5_order_15_R1_4.6_length_target_4.1e+01_weight_9.4_max_curvature_4.9_weight_0.0003_msc_6.0_weight_3e-06_cc_0.82_weight_0.012",
  "mean_squared_curvatures": [
    0.5746139234953901,
    0.4322547574547038,
    0.3147706595662208,
    0.5300545655782691,
    0.10884649103904488
  ],
  "max_mean_squared_curvature": 0.5746139234953901,
  "message": "ABNORMAL_TERMINATION_IN_LNSRCH",
  "success": false,
  "iterations": 115,
  "function_evaluations": 337,
  "coil_currents": [
    8996952.31962981,
    9139895.681757346,
    9361427.411967514,
    9567541.20719867,
    11515598.097535737
  ],
  "coil_surface_distance": 1.143422070758534
}