{
  "nfp": 4,
  "R0": 11.34443056562854,
  "R1": 4.818813396692879,
  "ncoils": 4,
  "order": 14,
  "nphi": 32,
  "ntheta": 32,
  "length_target": 32.945789473992185,
  "length_weight": 0.010425478083088925,
  "max_curvature_threshold": 3.780024918348484,
  "max_curvature_weight": 0.00022534845730652075,
  "msc_threshold": 1.2818812552202337,
  "msc_weight": 6.599401440164256e-05,
  "JF": 0.0029743269435849643,
  "Jf": 0.0028535044683265487,
  "BdotN": 0.0076096832043534585,
  "lengths": [
    34.259940316893,
    33.75321432548022,
    32.52050265877417,
    31.27896881680696
  ],
  "length": 131.81262611795435,
  "max_curvatures": [
    3.891303824559451,
    4.400106723605584,
    3.81022971328136,
    3.7004312187915898
  ],
  "max_max_curvature": 4.400106723605584,
  "coil_coil_distance": 0.8957274159389684,
  "cc_threshold": 0.9622964650186365,
  "cc_weight": 0.02112342248548671,
  "gradient_norm": 0.0217473526683575,
  "linking_number": 0,
  "directory": "ncoils_4_order_14_R1_4.8_length_target_3.3e+01_weight_0.01_max_curvature_3.8_weight_0.00023_msc_1.3_weight_6.6e-05_cc_0.96_weight_0.021",
  "mean_squared_curvatures": [
    0.19919919298913363,
    0.3709364350160086,
    0.3132440943098581,
    0.49470719341865277
  ],
  "max_mean_squared_curvature": 0.49470719341865277,
  "message": "STOP: TOTAL NO. of ITERATIONS REACHED LIMIT",
  "success": false,
  "iterations": 700,
  "function_evaluations": 1061,
  "coil_currents": [
    12287867.628682578,
    12162832.292994097,
    12347859.60336829,
    11782855.193044119
  ],
  "coil_surface_distance": 1.2174926123264505
}