{
  "nfp": 4,
  "R0": 11.34443056562854,
  "R1": 4.497245828546799,
  "ncoils": 4,
  "order": 8,
  "nphi": 32,
  "ntheta": 32,
  "length_target": 29.027929927148563,
  "length_weight": 0.30320237866055044,
  "max_curvature_threshold": 3.4394403961895454,
  "max_curvature_weight": 0.0035448332969454967,
  "msc_threshold": 4.2909770520150925,
  "msc_weight": 7.15560566818309e-06,
  "JF": 0.015444187188621748,
  "Jf": 0.015437204418517298,
  "BdotN": 0.019246611087415547,
  "lengths": [
    31.290164040824745,
    29.782795474291305,
    28.444560118030186,
    26.600482118449154
  ],
  "length": 116.11800175159539,
  "max_curvatures": [
    1.2389376921779087,
    3.474350768819539,
    3.4617663491167656,
    2.5795161122111656
  ],
  "max_max_curvature": 3.474350768819539,
  "coil_coil_distance": 1.0871085797251736,
  "cc_threshold": 1.0872717938358825,
  "cc_weight": 828.9685899569498,
  "gradient_norm": 0.031590049642053884,
  "linking_number": 0,
  "directory": "ncoils_4_order_8_R1_4.5_length_target_2.9e+01_weight_0.3_max_curvature_3.4_weight_0.0035_msc_4.3_weight_7.2e-06_cc_1.1_weight_8.3e+02",
  "mean_squared_curvatures": [
    0.11893426407612126,
    0.14308984421942955,
    0.30467720753546174,
    0.30598973684603226
  ],
  "max_mean_squared_curvature": 0.30598973684603226,
  "message": "STOP: TOTAL NO. of ITERATIONS REACHED LIMIT",
  "success": false,
  "iterations": 700,
  "function_evaluations": 907,
  "coil_currents": [
    12867768.682963634,
    12698758.59040461,
    12687759.582856633,
    10327127.861864202
  ],
  "coil_surface_distance": 1.2266876680876908
}