{
  "nfp": 4,
  "R0": 11.34443056562854,
  "R1": 4.171693405182245,
  "ncoils": 5,
  "order": 12,
  "nphi": 32,
  "ntheta": 32,
  "length_target": 46.4898068421861,
  "length_weight": 1.3360421332839552,
  "max_curvature_threshold": 4.886407614424771,
  "max_curvature_weight": 0.0013708433581442964,
  "msc_threshold": 2.145919361046364,
  "msc_weight": 2.111929334781547e-05,
  "JF": 5.660384380529363,
  "Jf": 5.564907278742269,
  "BdotN": 0.33310851230049954,
  "lengths": [
    55.30918992684019,
    47.24441541119317,
    41.58335347617049,
    39.91705719418898,
    48.12356702828471
  ],
  "length": 232.1775830366775,
  "max_curvatures": [
    11.883276900924889,
    5.293502824864678,
    6.945907088524141,
    10.701205929943365,
    6.5135714028585125
  ],
  "max_max_curvature": 11.883276900924889,
  "coil_coil_distance": 0.04247622236227949,
  "cc_threshold": 0.6279852010154372,
  "cc_weight": 0.0763278059870033,
  "gradient_norm": 14.599416243079132,
  "linking_number": 4,
  "directory": "ncoils_5_order_12_R1_4.2_length_target_4.6e+01_weight_1.3_max_curvature_4.9_weight_0.0014_msc_2.1_weight_2.1e-05_cc_0.63_weight_0.076",
  "mean_squared_curvatures": [
    1.014226878148546,
    0.37566712905114824,
    0.34075197940311625,
    0.4935290328822304,
    0.9012224267385993
  ],
  "max_mean_squared_curvature": 1.014226878148546,
  "message": "ABNORMAL_TERMINATION_IN_LNSRCH",
  "success": false,
  "iterations": 40,
  "function_evaluations": 153,
  "coil_currents": [
    8575551.042673625,
    8841582.620370943,
    9252888.182616472,
    9566251.079802552,
    12345141.792625487
  ],
  "coil_surface_distance": 1.6123701571089242
}