{
  "nfp": 4,
  "R0": 11.34443056562854,
  "R1": 4.210950440955373,
  "ncoils": 3,
  "order": 14,
  "nphi": 32,
  "ntheta": 32,
  "length_target": 32.65517695697771,
  "length_weight": 86.65248464500698,
  "max_curvature_threshold": 7.446042998623645,
  "max_curvature_weight": 0.00013395956324935523,
  "msc_threshold": 5.458399101945133,
  "msc_weight": 1.3304438075773366e-07,
  "JF": 0.04227726433127574,
  "Jf": 0.04194466201156434,
  "BdotN": 0.0319436779705798,
  "lengths": [
    33.77763511889551,
    32.287008355378035,
    31.901046616572682
  ],
  "length": 97.96569009084622,
  "max_curvatures": [
    14.17372906274308,
    7.25795501048504,
    5.9744990142105605
  ],
  "max_max_curvature": 14.17372906274308,
  "coil_coil_distance": 1.0981867678367936,
  "cc_threshold": 1.1552815306110742,
  "cc_weight": 0.17938145000642433,
  "gradient_norm": 63.03327401418521,
  "linking_number": 0,
  "directory": "ncoils_3_order_14_R1_4.2_length_target_3.3e+01_weight_8.7e+01_max_curvature_7.4_weight_0.00013_msc_5.5_weight_1.3e-07_cc_1.2_weight_0.18",
  "mean_squared_curvatures": [
    0.09762291822077035,
    0.19473328373430432,
    0.35486960342462975
  ],
  "max_mean_squared_curvature": 0.35486960342462975,
  "message": "STOP: TOTAL NO. of ITERATIONS REACHED LIMIT",
  "success": false,
  "iterations": 700,
  "function_evaluations": 910,
  "coil_currents": [
    16224856.030630864,
    16175249.988916054,
    16181308.698542163
  ],
  "coil_surface_distance": 1.3791470759456719
}