{
  "nfp": 4,
  "R0": 11.34443056562854,
  "R1": 4.402753357952568,
  "ncoils": 5,
  "order": 11,
  "nphi": 32,
  "ntheta": 32,
  "length_target": 30.277446318915462,
  "length_weight": 3.324603628196177,
  "max_curvature_threshold": 1.0611241095442,
  "max_curvature_weight": 0.00914851867991892,
  "msc_threshold": 4.656538883840888,
  "msc_weight": 4.3740392720529817e-07,
  "JF": 0.08847756560624608,
  "Jf": 0.08061327453181981,
  "BdotN": 0.07695062903303522,
  "lengths": [
    31.42303089746466,
    28.322103194645155,
    29.14109990850138,
    31.706695953221647,
    30.80014149356617
  ],
  "length": 151.39307144739902,
  "max_curvatures": [
    3.299230257627499,
    1.453957328128345,
    1.6927005056022961,
    1.4837221712243382,
    1.3792523354958617
  ],
  "max_max_curvature": 3.299230257627499,
  "coil_coil_distance": 1.1934221864900647,
  "cc_threshold": 1.1950839431288465,
  "cc_weight": 962.7968908556667,
  "gradient_norm": 0.8730826959076018,
  "linking_number": 0,
  "directory": "ncoils_5_order_11_R1_4.4_length_target_3e+01_weight_3.3_max_curvature_1.1_weight_0.0091_msc_4.7_weight_4.4e-07_cc_1.2_weight_9.6e+02",
  "mean_squared_curvatures": [
    0.4614583703329905,
    0.2666916351001152,
    0.30867473297946807,
    0.4199595437501866,
    0.38299908694229995
  ],
  "max_mean_squared_curvature": 0.4614583703329905,
  "message": "STOP: TOTAL NO. of ITERATIONS REACHED LIMIT",
  "success": false,
  "iterations": 700,
  "function_evaluations": 869,
  "coil_currents": [
    9958485.014462575,
    9400948.265647575,
    9541769.817822136,
    9576628.06124656,
    10103583.558910236
  ],
  "coil_surface_distance": 0.7968776626628088
}