{
  "nfp": 4,
  "R0": 11.34443056562854,
  "R1": 4.383888924877289,
  "ncoils": 6,
  "order": 6,
  "nphi": 32,
  "ntheta": 32,
  "length_target": 42.63194941370666,
  "length_weight": 0.23622951703095976,
  "max_curvature_threshold": 4.49265081439037,
  "max_curvature_weight": 7.827101353097208e-06,
  "msc_threshold": 2.527165362494917,
  "msc_weight": 1.637759326358016e-05,
  "JF": 0.002000418263043799,
  "Jf": 0.0019804487474989296,
  "BdotN": 0.0071163952239338855,
  "lengths": [
    44.151405101376334,
    40.72344374658161,
    42.60723842442195,
    39.63060611930126,
    45.67310475514364,
    43.00539444861454
  ],
  "length": 255.79119259543933,
  "max_curvatures": [
    5.30691159769146,
    2.497450838287969,
    7.5513771287761555,
    6.678376656559383,
    7.978014793053219,
    6.4360479633158665
  ],
  "max_max_curvature": 7.978014793053219,
  "coil_coil_distance": 1.0705231561135675,
  "cc_threshold": 1.0716855946789339,
  "cc_weight": 0.9383678743994288,
  "gradient_norm": 0.005973191154301208,
  "linking_number": 0,
  "directory": "ncoils_6_order_6_R1_4.4_length_target_4.3e+01_weight_0.24_max_curvature_4.5_weight_7.8e-06_msc_2.5_weight_1.6e-05_cc_1.1_weight_0.94",
  "mean_squared_curvatures": [
    0.43553669821680796,
    0.1776010887380942,
    0.7120718420896566,
    0.9054486332026841,
    0.45780808486967733,
    0.6441475238023165
  ],
  "max_mean_squared_curvature": 0.9054486332026841,
  "message": "STOP: TOTAL NO. of ITERATIONS REACHED LIMIT",
  "success": false,
  "iterations": 700,
  "function_evaluations": 771,
  "coil_currents": [
    8879994.031719832,
    8351322.953674918,
    8759580.980691329,
    7927602.165418979,
    7809709.930212614,
    6853204.656371407
  ],
  "coil_surface_distance": 1.1725688826378018
}