{
  "nfp": 4,
  "R0": 11.34443056562854,
  "R1": 4.649995559992926,
  "ncoils": 5,
  "order": 6,
  "nphi": 32,
  "ntheta": 32,
  "length_target": 31.727313040541315,
  "length_weight": 10.793033350939936,
  "max_curvature_threshold": 5.07182351817267,
  "max_curvature_weight": 4.893676222502229e-06,
  "msc_threshold": 6.104734102522128,
  "msc_weight": 2.787338831992953e-05,
  "JF": 0.0024182559346632953,
  "Jf": 0.0024091057455265814,
  "BdotN": 0.007387449388811774,
  "lengths": [
    33.646888812402125,
    32.85680099068931,
    31.443159002796737,
    30.28565654544302,
    30.404219980999592
  ],
  "length": 158.63672533233077,
  "max_curvatures": [
    1.0164275404670067,
    13.61408842815818,
    5.392244349255783,
    3.42516353648445,
    3.7302763588931995
  ],
  "max_max_curvature": 13.61408842815818,
  "coil_coil_distance": 0.9453983992496721,
  "cc_threshold": 0.9454808234350619,
  "cc_weight": 489.5968132071932,
  "gradient_norm": 0.04473945766927358,
  "linking_number": 0,
  "directory": "ncoils_5_order_6_R1_4.6_length_target_3.2e+01_weight_1.1e+01_max_curvature_5.1_weight_4.9e-06_msc_6.1_weight_2.8e-05_cc_0.95_weight_4.9e+02",
  "mean_squared_curvatures": [
    0.11552707058031038,
    0.5602514166388021,
    0.291591141988805,
    0.3139419447642306,
    0.34784586224302044
  ],
  "max_mean_squared_curvature": 0.5602514166388021,
  "message": "STOP: TOTAL NO. of ITERATIONS REACHED LIMIT",
  "success": false,
  "iterations": 700,
  "function_evaluations": 950,
  "coil_currents": [
    9932307.583077017,
    9788502.018431542,
    9771908.543330416,
    9824607.52508961,
    9264089.0481605
  ],
  "coil_surface_distance": 1.198407377782871
}