{
  "nfp": 4,
  "R0": 11.34443056562854,
  "R1": 4.69092776803821,
  "ncoils": 5,
  "order": 7,
  "nphi": 32,
  "ntheta": 32,
  "length_target": 40.34400305444733,
  "length_weight": 6.20726870589165,
  "max_curvature_threshold": 6.680123277231762,
  "max_curvature_weight": 1.7649656994969053e-06,
  "msc_threshold": 3.315727405591812,
  "msc_weight": 3.465444369892014e-05,
  "JF": 0.0012446377645335652,
  "Jf": 0.0012388820152556056,
  "BdotN": 0.006859299688121615,
  "lengths": [
    42.21019356967269,
    43.59196907863486,
    40.244672842160874,
    37.43347552668801,
    38.24009259040768
  ],
  "length": 201.7204036075641,
  "max_curvatures": [
    13.742658602167907,
    1.6850100742804346,
    2.77919563662209,
    2.114747245687137,
    14.549385057230596
  ],
  "max_max_curvature": 14.549385057230596,
  "coil_coil_distance": 0.8395654307484063,
  "cc_threshold": 0.8403951309991332,
  "cc_weight": 3.0355711150806606,
  "gradient_norm": 0.04770698440455596,
  "linking_number": 0,
  "directory": "ncoils_5_order_7_R1_4.7_length_target_4e+01_weight_6.2_max_curvature_6.7_weight_1.8e-06_msc_3.3_weight_3.5e-05_cc_0.84_weight_3.0",
  "mean_squared_curvatures": [
    0.3594302730242493,
    0.1764746059800532,
    0.1949748517206121,
    0.21315321082241304,
    0.7760583470835617
  ],
  "max_mean_squared_curvature": 0.7760583470835617,
  "message": "STOP: TOTAL NO. of ITERATIONS REACHED LIMIT",
  "success": false,
  "iterations": 700,
  "function_evaluations": 797,
  "coil_currents": [
    9770728.980541648,
    9637096.47671604,
    9723010.734384846,
    9695151.231940681,
    9755427.294505864
  ],
  "coil_surface_distance": 1.2756765148014213
}