{
  "nfp": 4,
  "R0": 11.34443056562854,
  "R1": 4.218497599729776,
  "ncoils": 4,
  "order": 10,
  "nphi": 32,
  "ntheta": 32,
  "length_target": 32.918446005543316,
  "length_weight": 27.973812432988254,
  "max_curvature_threshold": 1.2555687941257627,
  "max_curvature_weight": 0.0012958996103192523,
  "msc_threshold": 5.029652499090753,
  "msc_weight": 1.0705564957205463e-05,
  "JF": 0.00791882993800616,
  "Jf": 0.007307810903241135,
  "BdotN": 0.014958111406959738,
  "lengths": [
    34.53136187312381,
    33.702484882016435,
    32.52418377804847,
    30.91577084870684
  ],
  "length": 131.67380138189554,
  "max_curvatures": [
    1.3198872139560256,
    1.3180403765141422,
    1.3401231420634698,
    1.448430215354592
  ],
  "max_max_curvature": 1.448430215354592,
  "coil_coil_distance": 1.1470737855475455,
  "cc_threshold": 1.198881284810006,
  "cc_weight": 0.1538142644276158,
  "gradient_norm": 0.006524957971618645,
  "linking_number": 0,
  "directory": "ncoils_4_order_10_R1_4.2_length_target_3.3e+01_weight_2.8e+01_max_curvature_1.3_weight_0.0013_msc_5.0_weight_1.1e-05_cc_1.2_weight_0.15",
  "mean_squared_curvatures": [
    0.13504163213929435,
    0.17255988945866524,
    0.19967749033852905,
    0.26754739235331665
  ],
  "max_mean_squared_curvature": 0.26754739235331665,
  "message": "STOP: TOTAL NO. of ITERATIONS REACHED LIMIT",
  "success": false,
  "iterations": 700,
  "function_evaluations": 793,
  "coil_currents": [
    12382008.317232255,
    12292944.313184623,
    12102768.582474161,
    11803693.50519804
  ],
  "coil_surface_distance": 1.1607579343785812
}