{
  "nfp": 4,
  "R0": 11.34443056562854,
  "R1": 4.1287725930543155,
  "ncoils": 5,
  "order": 11,
  "nphi": 32,
  "ntheta": 32,
  "length_target": 39.436722525704546,
  "length_weight": 2.082550324764284,
  "max_curvature_threshold": 5.778192052208846,
  "max_curvature_weight": 0.0056462301961035105,
  "msc_threshold": 6.840688405865141,
  "msc_weight": 2.871267032352836e-06,
  "JF": 0.0005112350403404265,
  "Jf": 0.0005111360920305904,
  "BdotN": 0.0037470701890300303,
  "lengths": [
    38.86972355753435,
    40.1059663899132,
    38.70937188480982,
    39.64252834094295,
    39.856020649357696
  ],
  "length": 197.18361082255802,
  "max_curvatures": [
    5.140456794035152,
    5.69465483928402,
    4.099523536858733,
    5.5790414442933365,
    5.73705034430255
  ],
  "max_max_curvature": 5.73705034430255,
  "coil_coil_distance": 0.7262847820084006,
  "cc_threshold": 0.7264632277479309,
  "cc_weight": 35.682335477526635,
  "gradient_norm": 0.00507502760867989,
  "linking_number": 0,
  "directory": "ncoils_5_order_11_R1_4.1_length_target_3.9e+01_weight_2.1_max_curvature_5.8_weight_0.0056_msc_6.8_weight_2.9e-06_cc_0.73_weight_3.6e+01",
  "mean_squared_curvatures": [
    0.38577805684126665,
    0.3150075770460364,
    0.4100057322358669,
    0.772222158517743,
    0.7344575656686747
  ],
  "max_mean_squared_curvature": 0.772222158517743,
  "message": "STOP: TOTAL NO. of ITERATIONS REACHED LIMIT",
  "success": false,
  "iterations": 700,
  "function_evaluations": 803,
  "coil_currents": [
    9611498.899152836,
    9568181.280305881,
    9597060.570955707,
    9630176.23799594,
    10174497.72967872
  ],
  "coil_surface_distance": 1.3214820725236054
}