{
  "nfp": 4,
  "R0": 11.34443056562854,
  "R1": 4.66046139367697,
  "ncoils": 3,
  "order": 9,
  "nphi": 32,
  "ntheta": 32,
  "length_target": 28.590851713850675,
  "length_weight": 0.015571874863218597,
  "max_curvature_threshold": 7.319171709009674,
  "max_curvature_weight": 5.452570113532697e-05,
  "msc_threshold": 4.38062292672677,
  "msc_weight": 7.337466873804337e-06,
  "JF": 0.18579437344234406,
  "Jf": 0.1687180227590109,
  "BdotN": 0.06887336026935753,
  "lengths": [
    30.193898925226847,
    28.786510405076733,
    28.27225918487312
  ],
  "length": 87.25266851517671,
  "max_curvatures": [
    9.307522880989662,
    16.003680505760048,
    11.00730214064173
  ],
  "max_max_curvature": 16.003680505760048,
  "coil_coil_distance": 1.0859267471868108,
  "cc_threshold": 0.9159882236879093,
  "cc_weight": 193.78797413206334,
  "gradient_norm": 8.37969726956979,
  "linking_number": 0,
  "directory": "ncoils_3_order_9_R1_4.7_length_target_2.9e+01_weight_0.016_max_curvature_7.3_weight_5.5e-05_msc_4.4_weight_7.3e-06_cc_0.92_weight_1.9e+02",
  "mean_squared_curvatures": [
    0.19112088449851847,
    0.20624434549526904,
    0.5493448307907032
  ],
  "max_mean_squared_curvature": 0.5493448307907032,
  "message": "CONVERGENCE: REL_REDUCTION_OF_F_<=_FACTR*EPSMCH",
  "success": true,
  "iterations": 144,
  "function_evaluations": 259,
  "coil_currents": [
    16246102.59179299,
    16204824.626898067,
    16130487.499398023
  ],
  "coil_surface_distance": 1.3365998871194271
}