{
  "nfp": 4,
  "R0": 11.34443056562854,
  "R1": 4.466052254136517,
  "ncoils": 3,
  "order": 15,
  "nphi": 32,
  "ntheta": 32,
  "length_target": 29.154221388456943,
  "length_weight": 0.6352426704366967,
  "max_curvature_threshold": 3.7045192484228004,
  "max_curvature_weight": 0.0004493587753302192,
  "msc_threshold": 5.92187249092845,
  "msc_weight": 7.62392299883655e-07,
  "JF": 0.1672452149300614,
  "Jf": 0.1668231227838896,
  "BdotN": 0.06755097218771072,
  "lengths": [
    30.259116119926897,
    28.891571193901704,
    28.34803215314373
  ],
  "length": 87.49871946697233,
  "max_curvatures": [
    13.977499818987624,
    5.5387818215413045,
    4.911761525495341
  ],
  "max_max_curvature": 13.977499818987624,
  "coil_coil_distance": 1.090793872502356,
  "cc_threshold": 0.9206386252093965,
  "cc_weight": 1.911689298985918,
  "gradient_norm": 5582.327606077383,
  "linking_number": 0,
  "directory": "ncoils_3_order_15_R1_4.5_length_target_2.9e+01_weight_0.64_max_curvature_3.7_weight_0.00045_msc_5.9_weight_7.6e-07_cc_0.92_weight_1.9",
  "mean_squared_curvatures": [
    0.1104982680763041,
    0.13617942616446035,
    0.2694911631449143
  ],
  "max_mean_squared_curvature": 0.2694911631449143,
  "message": "STOP: TOTAL NO. of ITERATIONS REACHED LIMIT",
  "success": false,
  "iterations": 700,
  "function_evaluations": 1122,
  "coil_currents": [
    16232003.078335814,
    16230367.285290424,
    16119044.354462843
  ],
  "coil_surface_distance": 1.3248012464878132
}