{
  "nfp": 4,
  "ncoils": 6,
  "R0": 11.34443056562854,
  "R1": 4.886757469084398,
  "order": 8,
  "nphi": 32,
  "ntheta": 32,
  "length_target": 35.52383792983096,
  "length_weight": 0.11456111639025511,
  "max_curvature_threshold": 4.047980860356235,
  "max_curvature_weight": 3.387216585670446e-05,
  "msc_threshold": 4.56122555178437,
  "msc_weight": 1.9487883645307633e-05,
  "JF": 4.000480359648949,
  "Jf": 0.00047777826834407346,
  "BdotN": 0.004282542675678023,
  "lengths": [
    44.04951784413707,
    35.85207704576575,
    34.62786673767219,
    34.46523261598501,
    31.354038504931303,
    32.79486023221783
  ],
  "length": 213.14359298070917,
  "max_curvatures": [
    4.2593989094013756,
    2.728945063588153,
    4.298632343848098,
    1.8476253877577482,
    4.277981075029267,
    4.425325797757365
  ],
  "max_max_curvature": 4.425325797757365,
  "coil_coil_distance": 0.8371770821170962,
  "cc_threshold": 0.840477843619716,
  "cc_weight": 0.5040256114169683,
  "gradient_norm": 0.0022749645309407163,
  "linking_number": 4,
  "directory": "ncoils_6_order_8_R1_4.9_length_target_3.6e+01_weight_0.11_max_curvature_4.0_weight_3.4e-05_msc_4.6_weight_1.9e-05_cc_0.84_weight_0.5",
  "mean_squared_curvatures": [
    0.5004568581625787,
    0.24098710400267448,
    0.3729600349948322,
    0.22338395369111247,
    0.6497303210035186,
    0.6390837338127976
  ],
  "max_mean_squared_curvature": 0.6497303210035186,
  "message": "STOP: TOTAL NO. of ITERATIONS REACHED LIMIT",
  "success": false,
  "iterations": 700,
  "function_evaluations": 729,
  "coil_currents": [
    8592949.706782874,
    9321498.120020786,
    8718694.343240116,
    8263962.423725081,
    7038557.5001109,
    6645752.624209322
  ],
  "coil_surface_distance": 1.2042409848538789
}