{
  "nfp": 4,
  "R0": 11.34443056562854,
  "R1": 4.598324663485646,
  "ncoils": 4,
  "order": 10,
  "nphi": 32,
  "ntheta": 32,
  "length_target": 36.28696145788816,
  "length_weight": 0.5946593844022621,
  "max_curvature_threshold": 5.583542965872593,
  "max_curvature_weight": 5.144772764535577e-06,
  "msc_threshold": 1.2897808293036679,
  "msc_weight": 3.2230338840070024e-06,
  "JF": 0.001322658809586461,
  "Jf": 0.0013098575314126105,
  "BdotN": 0.006245899889736312,
  "lengths": [
    37.51096031282276,
    35.76296512965029,
    36.86271647314593,
    35.01143031258404
  ],
  "length": 145.14807222820303,
  "max_curvatures": [
    8.420837257536565,
    2.812601981877675,
    4.222862481108685,
    4.1365304066668225
  ],
  "max_max_curvature": 8.420837257536565,
  "coil_coil_distance": 0.9663196569719603,
  "cc_threshold": 0.975687381853542,
  "cc_weight": 0.6073011285928254,
  "gradient_norm": 0.0021226479006931516,
  "linking_number": 0,
  "directory": "ncoils_4_order_10_R1_4.6_length_target_3.6e+01_weight_0.59_max_curvature_5.6_weight_5.1e-06_msc_1.3_weight_3.2e-06_cc_0.98_weight_0.61",
  "mean_squared_curvatures": [
    0.4188846960089993,
    0.28207344057257033,
    0.38000199053139083,
    0.41644354052842053
  ],
  "max_mean_squared_curvature": 0.4188846960089993,
  "message": "STOP: TOTAL NO. of ITERATIONS REACHED LIMIT",
  "success": false,
  "iterations": 700,
  "function_evaluations": 740,
  "coil_currents": [
    12145368.093290856,
    12352487.175060526,
    12679334.313487848,
    11404225.136249848
  ],
  "coil_surface_distance": 1.3114246911259377
}