{
  "nfp": 4,
  "R0": 11.34443056562854,
  "R1": 4.16275126304605,
  "ncoils": 6,
  "order": 8,
  "nphi": 32,
  "ntheta": 32,
  "length_target": 29.837813722513243,
  "length_weight": 3.615134643128043,
  "max_curvature_threshold": 2.1127975503690775,
  "max_curvature_weight": 0.000610838811684028,
  "msc_threshold": 1.5424030444438026,
  "msc_weight": 2.672590286285282e-07,
  "JF": 0.004952177527767431,
  "Jf": 0.00394016345434692,
  "BdotN": 0.010234565786859114,
  "lengths": [
    30.78024319400439,
    30.753974230137636,
    29.85408536197178,
    31.19540999658777,
    30.90454356718501,
    25.539096614287807
  ],
  "length": 179.0273529641744,
  "max_curvatures": [
    2.846798652542447,
    3.6601769295333364,
    2.97366907250145,
    2.6324282592710415,
    3.2142214233078854,
    3.2353655896141276
  ],
  "max_max_curvature": 3.6601769295333364,
  "coil_coil_distance": 0.9180938834810289,
  "cc_threshold": 0.9181670224178176,
  "cc_weight": 627.8489803646469,
  "gradient_norm": 0.05829485198915092,
  "linking_number": 0,
  "directory": "ncoils_6_order_8_R1_4.2_length_target_3e+01_weight_3.6_max_curvature_2.1_weight_0.00061_msc_1.5_weight_2.7e-07_cc_0.92_weight_6.3e+02",
  "mean_squared_curvatures": [
    0.579914171955713,
    0.7734375719557853,
    0.6714846409425537,
    0.6605174437893072,
    0.9752690219557505,
    0.6472046513561084
  ],
  "max_mean_squared_curvature": 0.9752690219557505,
  "message": "STOP: TOTAL NO. of ITERATIONS REACHED LIMIT",
  "success": false,
  "iterations": 700,
  "function_evaluations": 866,
  "coil_currents": [
    8103994.595525103,
    8139409.1177077945,
    8154035.229575824,
    8178434.174468988,
    8147519.475006657,
    7858022.125804715
  ],
  "coil_surface_distance": 0.9395225126573249
}