{
  "nfp": 4,
  "ncoils": 6,
  "R0": 11.34443056562854,
  "R1": 4.6242885163773755,
  "order": 15,
  "nphi": 32,
  "ntheta": 32,
  "length_target": 40.73034762220603,
  "length_weight": 0.19823728317840295,
  "max_curvature_threshold": 4.074051264983504,
  "max_curvature_weight": 4.476693804032684e-06,
  "msc_threshold": 0.7960834291195963,
  "msc_weight": 2.8398227360307425e-05,
  "JF": 0.000667242264733103,
  "Jf": 0.0005151967805290012,
  "BdotN": 0.004961965998568337,
  "lengths": [
    44.086363742749285,
    41.43171032894189,
    36.79878836543468,
    40.51932897709151,
    38.46138280624233,
    43.08044379658957
  ],
  "length": 244.37801801704927,
  "max_curvatures": [
    5.290348539587153,
    5.1977881052768495,
    5.9583845731502745,
    5.689923797813255,
    7.506371356942815,
    6.224357190040679
  ],
  "max_max_curvature": 7.506371356942815,
  "coil_coil_distance": 0.6697156867849233,
  "cc_threshold": 0.6697168841692638,
  "cc_weight": 3873.1056968814255,
  "gradient_norm": 0.0605890404101669,
  "linking_number": 0,
  "directory": "ncoils_6_order_15_R1_4.6_length_target_4.1e+01_weight_0.2_max_curvature_4.1_weight_4.5e-06_msc_0.8_weight_2.8e-05_cc_0.67_weight_3.9e+03",
  "mean_squared_curvatures": [
    2.280711184330813,
    2.4659618198963273,
    1.5280836852911732,
    1.3366561880913688,
    2.1668879031216184,
    2.1746990329328573
  ],
  "max_mean_squared_curvature": 2.4659618198963273,
  "message": "STOP: TOTAL NO. of ITERATIONS REACHED LIMIT",
  "success": false,
  "iterations": 700,
  "function_evaluations": 1266,
  "coil_currents": [
    8106130.614508256,
    8038303.508310546,
    8085951.740013295,
    8044576.202526899,
    8075929.3125157505,
    8230523.340214334
  ],
  "coil_surface_distance": 1.1803717222115702
}