{
  "nfp": 4,
  "R0": 11.34443056562854,
  "R1": 4.549886696968411,
  "ncoils": 5,
  "order": 13,
  "nphi": 32,
  "ntheta": 32,
  "length_target": 44.195937588533454,
  "length_weight": 2.670671078736552,
  "max_curvature_threshold": 1.481636699958167,
  "max_curvature_weight": 7.176704352080592e-05,
  "msc_threshold": 3.8646638067205545,
  "msc_weight": 9.83791287578871e-07,
  "JF": 0.0017089658391159148,
  "Jf": 0.0016112389251540127,
  "BdotN": 0.006828312076160078,
  "lengths": [
    42.1973667513047,
    41.469228660379635,
    43.297547871511355,
    45.152843514120114,
    48.8630015149305
  ],
  "length": 220.9799883122463,
  "max_curvatures": [
    2.074826525366986,
    2.0502419433792807,
    2.2435337935731834,
    2.365275979180473,
    2.7489431556790804
  ],
  "max_max_curvature": 2.7489431556790804,
  "coil_coil_distance": 0.9354176110655262,
  "cc_threshold": 0.9472823375207493,
  "cc_weight": 0.16603231218506198,
  "gradient_norm": 0.027347724847235338,
  "linking_number": 0,
  "directory": "ncoils_5_order_13_R1_4.5_length_target_4.4e+01_weight_2.7_max_curvature_1.5_weight_7.2e-05_msc_3.9_weight_9.8e-07_cc_0.95_weight_0.17",
  "mean_squared_curvatures": [
    0.29376280375777264,
    0.28009639243527285,
    0.5444980643100978,
    0.36299809855317067,
    0.5069824069033265
  ],
  "max_mean_squared_curvature": 0.5444980643100978,
  "message": "STOP: TOTAL NO. of ITERATIONS REACHED LIMIT",
  "success": false,
  "iterations": 700,
  "function_evaluations": 792,
  "coil_currents": [
    9877866.049940364,
    9769933.39161269,
    9774458.38147345,
    9590154.11414417,
    9569002.780918404
  ],
  "coil_surface_distance": 1.2207271939924706
}