{
  "nfp": 4,
  "R0": 11.34443056562854,
  "R1": 4.931767576660789,
  "ncoils": 5,
  "order": 13,
  "nphi": 32,
  "ntheta": 32,
  "length_target": 42.59819916614614,
  "length_weight": 27.371465916838293,
  "max_curvature_threshold": 4.671946388882595,
  "max_curvature_weight": 5.9982051048925155e-06,
  "msc_threshold": 2.6973974639955847,
  "msc_weight": 7.46147605588165e-06,
  "JF": 0.016180416135108035,
  "Jf": 0.014522127904271034,
  "BdotN": 0.020327041519987633,
  "lengths": [
    36.936005952828104,
    40.033282945281286,
    40.35079856394194,
    46.719481039840296,
    48.952587399952066
  ],
  "length": 212.99215590184372,
  "max_curvatures": [
    12.89969577608802,
    15.151904620424183,
    27.258749287431304,
    25.31880886819941,
    30.322818250939378
  ],
  "max_max_curvature": 30.322818250939378,
  "coil_coil_distance": 0.9807230153714265,
  "cc_threshold": 0.9811477015965109,
  "cc_weight": 587.4628483397734,
  "gradient_norm": 2.241727913698157,
  "linking_number": 0,
  "directory": "ncoils_5_order_13_R1_4.9_length_target_4.3e+01_weight_2.7e+01_max_curvature_4.7_weight_6e-06_msc_2.7_weight_7.5e-06_cc_0.98_weight_5.9e+02",
  "mean_squared_curvatures": [
    3.029401537639266,
    3.624985109206773,
    8.57114537809473,
    7.695340820872878,
    6.856794442356521
  ],
  "max_mean_squared_curvature": 8.57114537809473,
  "message": "STOP: TOTAL NO. of ITERATIONS REACHED LIMIT",
  "success": false,
  "iterations": 700,
  "function_evaluations": 881,
  "coil_currents": [
    9499761.186251406,
    9612883.770429276,
    9663892.809842203,
    9724562.899818754,
    10080314.051747441
  ],
  "coil_surface_distance": 0.8049078699911271
}