{
  "nfp": 4,
  "R0": 11.34443056562854,
  "R1": 4.344568679548848,
  "ncoils": 6,
  "order": 12,
  "nphi": 32,
  "ntheta": 32,
  "length_target": 30.636678681565847,
  "length_weight": 34.666579787536804,
  "max_curvature_threshold": 5.997135890059082,
  "max_curvature_weight": 0.0004467461041224971,
  "msc_threshold": 4.802594482297626,
  "msc_weight": 2.2170030336101745e-07,
  "JF": 0.001946675941749172,
  "Jf": 0.0017721584693687431,
  "BdotN": 0.0074570723941171785,
  "lengths": [
    32.24122713846187,
    31.41447873488683,
    30.72373166947485,
    30.761115934704506,
    29.996925259837738,
    28.682759470825346
  ],
  "length": 183.82023820819114,
  "max_curvatures": [
    2.1516483777477884,
    2.07385461782257,
    3.367788904778071,
    5.742147935617591,
    4.242080519419208,
    5.979529650168347
  ],
  "max_max_curvature": 5.979529650168347,
  "coil_coil_distance": 0.9371527396903244,
  "cc_threshold": 0.9712130850995853,
  "cc_weight": 0.07979191811408622,
  "gradient_norm": 0.12038093443424716,
  "linking_number": 0,
  "directory": "ncoils_6_order_12_R1_4.3_length_target_3.1e+01_weight_3.5e+01_max_curvature_6.0_weight_0.00045_msc_4.8_weight_2.2e-07_cc_0.97_weight_0.08",
  "mean_squared_curvatures": [
    0.2109509254552772,
    0.21079545886211418,
    0.27897719994503706,
    0.5381526152264877,
    0.2399640638132029,
    0.5186373586312568
  ],
  "max_mean_squared_curvature": 0.5381526152264877,
  "message": "STOP: TOTAL NO. of ITERATIONS REACHED LIMIT",
  "success": false,
  "iterations": 700,
  "function_evaluations": 837,
  "coil_currents": [
    8184259.025886766,
    8089811.787575233,
    7981359.686633085,
    7960144.328391956,
    7978074.934017017,
    8387764.955585025
  ],
  "coil_surface_distance": 0.9940412321845877
}