{
  "nfp": 4,
  "R0": 11.34443056562854,
  "R1": 4.38761716708655,
  "ncoils": 4,
  "order": 10,
  "nphi": 32,
  "ntheta": 32,
  "length_target": 37.49968227415402,
  "length_weight": 0.11688162905922225,
  "max_curvature_threshold": 6.213940822101594,
  "max_curvature_weight": 1.292388409420445e-05,
  "msc_threshold": 2.1932247923698003,
  "msc_weight": 4.2548245529477634e-07,
  "JF": 0.004148408062406637,
  "Jf": 0.00410614108509473,
  "BdotN": 0.012813514283238701,
  "lengths": [
    38.03418134892717,
    39.071507009096756,
    38.72289491604647,
    34.17533429593121
  ],
  "length": 150.0039175700016,
  "max_curvatures": [
    8.001950708907,
    7.567155514840638,
    8.523006034864991,
    8.056030708720352
  ],
  "max_max_curvature": 8.523006034864991,
  "coil_coil_distance": 1.170864427615529,
  "cc_threshold": 1.1773870641859923,
  "cc_weight": 2.76260316666043,
  "gradient_norm": 0.014818831271095345,
  "linking_number": 0,
  "directory": "ncoils_4_order_10_R1_4.4_length_target_3.7e+01_weight_0.12_max_curvature_6.2_weight_1.3e-05_msc_2.2_weight_4.3e-07_cc_1.2_weight_2.8",
  "mean_squared_curvatures": [
    0.34140453148045735,
    0.9688222098025862,
    0.8726354769585886,
    1.1663343895757228
  ],
  "max_mean_squared_curvature": 1.1663343895757228,
  "message": "STOP: TOTAL NO. of ITERATIONS REACHED LIMIT",
  "success": false,
  "iterations": 700,
  "function_evaluations": 738,
  "coil_currents": [
    12637564.007149726,
    12974800.2532737,
    12572664.887650711,
    10396385.570014946
  ],
  "coil_surface_distance": 1.1948468236740304
}