{
  "nfp": 4,
  "R0": 11.34443056562854,
  "R1": 4.833275594646498,
  "ncoils": 6,
  "order": 10,
  "nphi": 32,
  "ntheta": 32,
  "length_target": 28.957851524186175,
  "length_weight": 8.517379852832121,
  "max_curvature_threshold": 7.845123647848158,
  "max_curvature_weight": 0.0008783921311991559,
  "msc_threshold": 5.678043020604116,
  "msc_weight": 2.795983055645908e-07,
  "JF": 0.0016789623619328099,
  "Jf": 0.0016752661625623214,
  "BdotN": 0.006827927737651379,
  "lengths": [
    30.182046120949806,
    29.546073695924747,
    28.580272240124145,
    29.48515180595132,
    28.545211573853226,
    27.40856159863426
  ],
  "length": 173.7473170354375,
  "max_curvatures": [
    8.052816311222198,
    7.472039459276527,
    5.720650988091609,
    6.173853220692804,
    8.052514605968705,
    7.711276024322897
  ],
  "max_max_curvature": 8.052816311222198,
  "coil_coil_distance": 0.8730033870697212,
  "cc_threshold": 0.8734148596705567,
  "cc_weight": 813.920738638614,
  "gradient_norm": 0.07309101898210432,
  "linking_number": 0,
  "directory": "ncoils_6_order_10_R1_4.8_length_target_2.9e+01_weight_8.5_max_curvature_7.8_weight_0.00088_msc_5.7_weight_2.8e-07_cc_0.87_weight_8.1e+02",
  "mean_squared_curvatures": [
    1.5285774616207168,
    0.95286043947982,
    0.6274253709228189,
    0.7069874997349963,
    0.6895626188942194,
    1.4496275625597155
  ],
  "max_mean_squared_curvature": 1.5285774616207168,
  "message": "STOP: TOTAL NO. of ITERATIONS REACHED LIMIT",
  "success": false,
  "iterations": 700,
  "function_evaluations": 852,
  "coil_currents": [
    8190682.151780228,
    8183385.312892323,
    8089286.280496536,
    8096025.970024025,
    8127977.357123981,
    7894057.645771988
  ],
  "coil_surface_distance": 0.9154464202070359
}