{
  "nfp": 4,
  "R0": 11.34443056562854,
  "R1": 4.53369024248822,
  "ncoils": 4,
  "order": 15,
  "nphi": 32,
  "ntheta": 32,
  "length_target": 28.27415865450659,
  "length_weight": 0.04832233596497948,
  "max_curvature_threshold": 1.1561032387889758,
  "max_curvature_weight": 0.003513945210679774,
  "msc_threshold": 5.039171268045979,
  "msc_weight": 2.572556601506067e-06,
  "JF": 0.021928575724963553,
  "Jf": 0.021754310873803497,
  "BdotN": 0.024197434684290683,
  "lengths": [
    29.831789413644877,
    28.724867713442546,
    27.630320202185203,
    26.974484546776033
  ],
  "length": 113.16146187604866,
  "max_curvatures": [
    1.4071860862551184,
    1.3975433880063126,
    1.3806291268077682,
    1.4106554768021884
  ],
  "max_max_curvature": 1.4106554768021884,
  "coil_coil_distance": 0.9017954438853722,
  "cc_threshold": 0.970659266971299,
  "cc_weight": 0.03736849442315475,
  "gradient_norm": 0.04027340928709854,
  "linking_number": 0,
  "directory": "ncoils_4_order_15_R1_4.5_length_target_2.8e+01_weight_0.048_max_curvature_1.2_weight_0.0035_msc_5.0_weight_2.6e-06_cc_0.97_weight_0.037",
  "mean_squared_curvatures": [
    0.11944023378378113,
    0.12811385053847474,
    0.18056729943275848,
    0.23707713312919793
  ],
  "max_mean_squared_curvature": 0.23707713312919793,
  "message": "STOP: TOTAL NO. of ITERATIONS REACHED LIMIT",
  "success": false,
  "iterations": 700,
  "function_evaluations": 790,
  "coil_currents": [
    12323637.157478472,
    12279383.545039237,
    12203996.664794391,
    11774397.350776978
  ],
  "coil_surface_distance": 1.2796636307088793
}