{
  "nfp": 4,
  "R0": 11.34443056562854,
  "R1": 4.951751154323965,
  "ncoils": 5,
  "order": 6,
  "nphi": 32,
  "ntheta": 32,
  "length_target": 41.311852484700516,
  "length_weight": 0.012256421463839156,
  "max_curvature_threshold": 1.5457306267051079,
  "max_curvature_weight": 0.009339327640434563,
  "msc_threshold": 5.672761987060921,
  "msc_weight": 2.919843998191433e-05,
  "JF": 0.00025786041922238234,
  "Jf": 0.00025678877404931833,
  "BdotN": 0.004417991125599392,
  "lengths": [
    42.77306511619628,
    40.69991164795914,
    37.01399445908272,
    45.81225989539183,
    40.25979499251419
  ],
  "length": 206.55902611114414,
  "max_curvatures": [
    1.150278932922851,
    1.5515530094352967,
    1.5525374897045916,
    1.5498052169880172,
    1.5507641816005273
  ],
  "max_max_curvature": 1.5525374897045916,
  "coil_coil_distance": 0.6755036167981328,
  "cc_threshold": 0.6802452485458186,
  "cc_weight": 0.09050204963447085,
  "gradient_norm": 0.0004169760356203284,
  "linking_number": 0,
  "directory": "ncoils_5_order_6_R1_5.0_length_target_4.1e+01_weight_0.012_max_curvature_1.5_weight_0.0093_msc_5.7_weight_2.9e-05_cc_0.68_weight_0.091",
  "mean_squared_curvatures": [
    0.1753347036652524,
    0.17760892949590523,
    0.1598942831518665,
    0.25419573814117075,
    0.2833596992144037
  ],
  "max_mean_squared_curvature": 0.2833596992144037,
  "message": "STOP: TOTAL NO. of ITERATIONS REACHED LIMIT",
  "success": false,
  "iterations": 700,
  "function_evaluations": 780,
  "coil_currents": [
    9915403.186268453,
    9134747.280353023,
    9912242.144473769,
    9574886.08999608,
    10044136.016997762
  ],
  "coil_surface_distance": 1.3789711221442784
}