{
  "nfp": 4,
  "R0": 11.34443056562854,
  "R1": 4.824517454752706,
  "ncoils": 5,
  "order": 9,
  "nphi": 32,
  "ntheta": 32,
  "length_target": 36.20069293966038,
  "length_weight": 3.2333215719992565,
  "max_curvature_threshold": 7.068345354825955,
  "max_curvature_weight": 3.5784084435959e-05,
  "msc_threshold": 4.423773905016738,
  "msc_weight": 2.1228093405055788e-07,
  "JF": 0.0006848354042808158,
  "Jf": 0.0006829918258038722,
  "BdotN": 0.005331268301241857,
  "lengths": [
    36.827081940920124,
    37.53565919718792,
    36.45367976746147,
    34.7231470327325,
    35.46375603882865
  ],
  "length": 181.00332397713066,
  "max_curvatures": [
    5.3082044525670975,
    2.935053992970991,
    2.5418722868253787,
    7.3514563083248525,
    7.913688615886095
  ],
  "max_max_curvature": 7.913688615886095,
  "coil_coil_distance": 0.7558205364832447,
  "cc_threshold": 0.7558601818054476,
  "cc_weight": 112.81226206429088,
  "gradient_norm": 0.01215916394278861,
  "linking_number": 0,
  "directory": "ncoils_5_order_9_R1_4.8_length_target_3.6e+01_weight_3.2_max_curvature_7.1_weight_3.6e-05_msc_4.4_weight_2.1e-07_cc_0.76_weight_1.1e+02",
  "mean_squared_curvatures": [
    0.3715348847257431,
    0.3078986582589967,
    0.21534172575185676,
    0.4756787619022849,
    1.4684028669865814
  ],
  "max_mean_squared_curvature": 1.4684028669865814,
  "message": "STOP: TOTAL NO. of ITERATIONS REACHED LIMIT",
  "success": false,
  "iterations": 700,
  "function_evaluations": 911,
  "coil_currents": [
    9710716.194479086,
    9612453.770411244,
    9671398.846489137,
    9638382.508562699,
    9948463.398146912
  ],
  "coil_surface_distance": 1.3114812379222436
}