{
  "nfp": 4,
  "R0": 11.34443056562854,
  "R1": 4.248920494189445,
  "ncoils": 3,
  "order": 7,
  "nphi": 32,
  "ntheta": 32,
  "length_target": 41.80416323870534,
  "length_weight": 22.744761955050617,
  "max_curvature_threshold": 1.7982512095216214,
  "max_curvature_weight": 0.00019014197190884115,
  "msc_threshold": 1.5677382380894358,
  "msc_weight": 1.4547534533347396e-05,
  "JF": 0.0026908777276513397,
  "Jf": 0.002623367011432092,
  "BdotN": 0.010088624680429353,
  "lengths": [
    43.56915153197023,
    41.352053428464174,
    40.49159729937109
  ],
  "length": 125.41280225980549,
  "max_curvatures": [
    1.9541511179943742,
    3.032229509411022,
    2.8626428935863553
  ],
  "max_max_curvature": 3.032229509411022,
  "coil_coil_distance": 0.5868094659862975,
  "cc_threshold": 0.6068651392712546,
  "cc_weight": 0.17654691270401504,
  "gradient_norm": 0.11106307169863544,
  "linking_number": 0,
  "directory": "ncoils_3_order_7_R1_4.2_length_target_4.2e+01_weight_2.3e+01_max_curvature_1.8_weight_0.00019_msc_1.6_weight_1.5e-05_cc_0.61_weight_0.18",
  "mean_squared_curvatures": [
    0.12781397032061,
    0.2127513232141805,
    0.2967236763632995
  ],
  "max_mean_squared_curvature": 0.2967236763632995,
  "message": "STOP: TOTAL NO. of ITERATIONS REACHED LIMIT",
  "success": false,
  "iterations": 700,
  "function_evaluations": 834,
  "coil_currents": [
    16325203.364627821,
    16161243.541814635,
    16094967.811646625
  ],
  "coil_surface_distance": 1.5748210009086197
}