{
  "nfp": 4,
  "ncoils": 6,
  "R0": 11.34443056562854,
  "R1": 4.607737804467669,
  "order": 13,
  "nphi": 32,
  "ntheta": 32,
  "length_target": 31.916980162238634,
  "length_weight": 0.9027871281189669,
  "max_curvature_threshold": 1.9056697632747466,
  "max_curvature_weight": 1.255956887458808e-05,
  "msc_threshold": 4.584119634684216,
  "msc_weight": 5.143157988949387e-05,
  "JF": 0.0001441556995288412,
  "Jf": 0.00014408468490859785,
  "BdotN": 0.004398829892687702,
  "lengths": [
    34.0568965584719,
    33.02380395203149,
    31.927352674138508,
    30.897877919277626,
    31.06479433771948,
    30.53118529341581
  ],
  "length": 191.50191073505482,
  "max_curvatures": [
    1.9190111101193812,
    1.9894186439465802,
    1.7562972265156174,
    2.048499936791942,
    2.0358010631221823,
    2.019706023832535
  ],
  "max_max_curvature": 2.048499936791942,
  "coil_coil_distance": 0.4359456288654315,
  "cc_threshold": 0.4375277161740039,
  "cc_weight": 0.2003372664469175,
  "gradient_norm": 0.0007051755457604776,
  "linking_number": 0,
  "directory": "ncoils_6_order_13_R1_4.6_length_target_3.2e+01_weight_0.9_max_curvature_1.9_weight_1.3e-05_msc_4.6_weight_5.1e-05_cc_0.44_weight_0.2",
  "mean_squared_curvatures": [
    0.3302249687714523,
    0.19423113882349144,
    0.2276584490424124,
    0.22598757680356912,
    0.26772861222633293,
    0.3178520714769527
  ],
  "max_mean_squared_curvature": 0.3302249687714523,
  "message": "STOP: TOTAL NO. of ITERATIONS REACHED LIMIT",
  "success": false,
  "iterations": 500,
  "function_evaluations": 538,
  "coil_currents": [
    8080351.445584636,
    8029018.833720457,
    7975746.7523279935,
    7988051.425128176,
    8040924.565908565,
    8467321.695419252
  ],
  "coil_surface_distance": 1.313828153657694
}