{
  "nfp": 4,
  "R0": 11.34443056562854,
  "R1": 4.751803134016783,
  "ncoils": 5,
  "order": 11,
  "nphi": 32,
  "ntheta": 32,
  "length_target": 29.686075894004297,
  "length_weight": 12.477396267418557,
  "max_curvature_threshold": 4.051410273853529,
  "max_curvature_weight": 0.0004556822049209482,
  "msc_threshold": 5.231897698584616,
  "msc_weight": 2.828133010465177e-06,
  "JF": 0.001467403107853142,
  "Jf": 0.0014376487515944157,
  "BdotN": 0.005584002571635885,
  "lengths": [
    31.5204978831309,
    30.441260776271232,
    29.319781806801366,
    28.75325084469645,
    28.39588758456065
  ],
  "length": 148.4306788954606,
  "max_curvatures": [
    3.644915590461726,
    2.919408569490495,
    4.0404483339966735,
    4.048384962226635,
    4.045330959018834
  ],
  "max_max_curvature": 4.048384962226635,
  "coil_coil_distance": 0.918004450433527,
  "cc_threshold": 0.9355207504558756,
  "cc_weight": 0.23202338887529783,
  "gradient_norm": 0.0677041654763537,
  "linking_number": 0,
  "directory": "ncoils_5_order_11_R1_4.8_length_target_3e+01_weight_1.2e+01_max_curvature_4.1_weight_0.00046_msc_5.2_weight_2.8e-06_cc_0.94_weight_0.23",
  "mean_squared_curvatures": [
    0.24912601814905946,
    0.13772910329663016,
    0.26590774184848387,
    0.30488189856191644,
    0.37376776007194423
  ],
  "max_mean_squared_curvature": 0.37376776007194423,
  "message": "STOP: TOTAL NO. of ITERATIONS REACHED LIMIT",
  "success": false,
  "iterations": 700,
  "function_evaluations": 792,
  "coil_currents": [
    9790906.070312178,
    9745917.649226915,
    9680879.788369725,
    9686012.78100509,
    9677698.429175176
  ],
  "coil_surface_distance": 1.1289892676399655
}