{
  "nfp": 4,
  "ncoils": 6,
  "R0": 11.34443056562854,
  "R1": 4.347680303349745,
  "order": 13,
  "nphi": 32,
  "ntheta": 32,
  "length_target": 35.23398443770045,
  "length_weight": 0.5198225354416768,
  "max_curvature_threshold": 2.086881514371929,
  "max_curvature_weight": 7.325656640976819e-06,
  "msc_threshold": 4.895522478330436,
  "msc_weight": 2.126651024489549e-05,
  "JF": 0.0002986937061650349,
  "Jf": 0.0002956758074580874,
  "BdotN": 0.004840438111685941,
  "lengths": [
    35.29671353176563,
    34.50470764497925,
    34.80251123900673,
    35.07543361138493,
    34.003536311775484,
    37.72083012739588
  ],
  "length": 211.40373246630793,
  "max_curvatures": [
    2.525203895178112,
    1.9696785344091488,
    3.2745402456819286,
    2.273976090280305,
    2.782739414623826,
    2.9810154018382478
  ],
  "max_max_curvature": 3.2745402456819286,
  "coil_coil_distance": 0.7985234687321308,
  "cc_threshold": 0.80112308224248,
  "cc_weight": 1.5585267839936832,
  "gradient_norm": 0.003108762733023186,
  "linking_number": 0,
  "directory": "ncoils_6_order_13_R1_4.3_length_target_3.5e+01_weight_0.52_max_curvature_2.1_weight_7.3e-06_msc_4.9_weight_2.1e-05_cc_0.8_weight_1.6",
  "mean_squared_curvatures": [
    0.435570700646893,
    0.23072714945568296,
    0.5441717551524552,
    0.30426115147959926,
    0.4840306705978217,
    0.6521287310192345
  ],
  "max_mean_squared_curvature": 0.6521287310192345,
  "message": "STOP: TOTAL NO. of ITERATIONS REACHED LIMIT",
  "success": false,
  "iterations": 700,
  "function_evaluations": 750,
  "coil_currents": [
    8172402.132694295,
    7978137.4099457,
    7991372.586208497,
    7998655.823922021,
    7900989.215364931,
    8539857.549953632
  ],
  "coil_surface_distance": 1.1238645156905491
}