{
  "nfp": 4,
  "R0": 11.34443056562854,
  "R1": 4.997849638179466,
  "ncoils": 5,
  "order": 9,
  "nphi": 32,
  "ntheta": 32,
  "length_target": 44.357345580731646,
  "length_weight": 0.10749301326454665,
  "max_curvature_threshold": 2.1169466110065365,
  "max_curvature_weight": 1.8820271314603762e-06,
  "msc_threshold": 1.1632534491995759,
  "msc_weight": 5.339350082823251e-07,
  "JF": 0.001953894931107325,
  "Jf": 0.0018552282969660405,
  "BdotN": 0.0115346159841132,
  "lengths": [
    39.512469785474146,
    34.055247231743905,
    37.93536135628075,
    61.22636088120317,
    49.05964706486067
  ],
  "length": 221.78908631956267,
  "max_curvatures": [
    5.1795845100331945,
    6.117182239616931,
    15.785651531265811,
    16.972331825594097,
    11.730687699528909
  ],
  "max_max_curvature": 16.972331825594097,
  "coil_coil_distance": 0.9411558878743155,
  "cc_threshold": 0.9416220276428875,
  "cc_weight": 44.16035414007284,
  "gradient_norm": 0.04342034548521626,
  "linking_number": 0,
  "directory": "ncoils_5_order_9_R1_5.0_length_target_4.4e+01_weight_0.11_max_curvature_2.1_weight_1.9e-06_msc_1.2_weight_5.3e-07_cc_0.94_weight_4.4e+01",
  "mean_squared_curvatures": [
    0.717282982758081,
    0.3854901398492791,
    1.9676348801338697,
    2.04507343848241,
    1.130277803745162
  ],
  "max_mean_squared_curvature": 2.04507343848241,
  "message": "STOP: TOTAL NO. of ITERATIONS REACHED LIMIT",
  "success": false,
  "iterations": 700,
  "function_evaluations": 858,
  "coil_currents": [
    10535291.808487251,
    10239316.315277623,
    10113948.505418079,
    1080465.8744822738,
    16612392.214423858
  ],
  "coil_surface_distance": 0.19305975136809087
}