{
  "nfp": 4,
  "R0": 11.34443056562854,
  "R1": 4.183142415461505,
  "ncoils": 5,
  "order": 5,
  "nphi": 32,
  "ntheta": 32,
  "length_target": 40.398802649222716,
  "length_weight": 2.7443796103229343,
  "max_curvature_threshold": 6.5862306129380705,
  "max_curvature_weight": 0.0013877510083889553,
  "msc_threshold": 7.208870392067957,
  "msc_weight": 5.433230257134259e-05,
  "JF": 0.00042108851607287553,
  "Jf": 0.00042096881787751335,
  "BdotN": 0.005016826501216214,
  "lengths": [
    43.230811202783286,
    42.32670041555221,
    39.49223992583861,
    38.57689279763946,
    38.36743641179346
  ],
  "length": 201.99408075360702,
  "max_curvatures": [
    4.14874646148289,
    0.8449757417309027,
    1.6959311291482722,
    1.2793756918170864,
    3.769835264282104
  ],
  "max_max_curvature": 4.14874646148289,
  "coil_coil_distance": 0.65153841711322,
  "cc_threshold": 0.6519708431985888,
  "cc_weight": 0.4849343872373245,
  "gradient_norm": 0.0038304495785009504,
  "linking_number": 0,
  "directory": "ncoils_5_order_5_R1_4.2_length_target_4e+01_weight_2.7_max_curvature_6.6_weight_0.0014_msc_7.2_weight_5.4e-05_cc_0.65_weight_0.48",
  "mean_squared_curvatures": [
    0.20615518394540794,
    0.1143217175481599,
    0.1976580948491155,
    0.13543367855963867,
    0.29512519674221577
  ],
  "max_mean_squared_curvature": 0.29512519674221577,
  "message": "STOP: TOTAL NO. of ITERATIONS REACHED LIMIT",
  "success": false,
  "iterations": 700,
  "function_evaluations": 793,
  "coil_currents": [
    9964059.995617049,
    9839492.80000664,
    9856518.188340249,
    9998524.883424858,
    8922818.850700289
  ],
  "coil_surface_distance": 1.2838272059737856
}