{
  "nfp": 4,
  "ncoils": 6,
  "R0": 11.34443056562854,
  "R1": 4.440104718319203,
  "order": 8,
  "nphi": 32,
  "ntheta": 32,
  "length_target": 31.918852791945664,
  "length_weight": 6.827605008912782,
  "max_curvature_threshold": 2.5045299246963904,
  "max_curvature_weight": 4.803341599011141e-06,
  "msc_threshold": 2.4781596913259354,
  "msc_weight": 5.971952571422984e-06,
  "JF": 0.0018316156327799105,
  "Jf": 0.0017994290102765573,
  "BdotN": 0.007619150183460437,
  "lengths": [
    34.44160950995658,
    33.30241500623097,
    32.99688955679644,
    32.07901143703283,
    29.52246994906398,
    29.17094994499252
  ],
  "length": 191.51334540407333,
  "max_curvatures": [
    2.261203111815152,
    4.421808935324766,
    4.6177980720391565,
    4.789441766820881,
    6.349959012572203,
    4.1738644642170195
  ],
  "max_max_curvature": 6.349959012572203,
  "coil_coil_distance": 0.9991658052119282,
  "cc_threshold": 1.0086089893243297,
  "cc_weight": 0.7974532055927054,
  "gradient_norm": 0.03137808731257368,
  "linking_number": 0,
  "directory": "ncoils_6_order_8_R1_4.4_length_target_3.2e+01_weight_6.8_max_curvature_2.5_weight_4.8e-06_msc_2.5_weight_6e-06_cc_1.0_weight_0.8",
  "mean_squared_curvatures": [
    0.2164893026640249,
    0.23570151213053203,
    0.31035134961139144,
    0.2101425162656119,
    0.5198794153148364,
    0.3010811465655124
  ],
  "max_mean_squared_curvature": 0.5198794153148364,
  "message": "STOP: TOTAL NO. of ITERATIONS REACHED LIMIT",
  "success": false,
  "iterations": 700,
  "function_evaluations": 767,
  "coil_currents": [
    8643592.750662904,
    8104743.758968153,
    7864201.801376541,
    7795656.997201711,
    7917076.897707531,
    8256142.5121722445
  ],
  "coil_surface_distance": 1.0666623000500692
}