{
  "nfp": 4,
  "R0": 11.34443056562854,
  "R1": 4.345187496431541,
  "ncoils": 6,
  "order": 11,
  "nphi": 32,
  "ntheta": 32,
  "length_target": 36.193552498224335,
  "length_weight": 0.07755931713387516,
  "max_curvature_threshold": 7.668737805938134,
  "max_curvature_weight": 8.995339768208524e-05,
  "msc_threshold": 7.330540794445294,
  "msc_weight": 1.9361210360882613e-06,
  "JF": 0.00362501879886169,
  "Jf": 0.0035513289563492163,
  "BdotN": 0.018583500764258232,
  "lengths": [
    38.31761744544415,
    35.480998461097116,
    33.60050004629157,
    34.132199496278886,
    32.013254623684546,
    43.61468602312522
  ],
  "length": 217.15925609592148,
  "max_curvatures": [
    7.096973588461664,
    5.806224887129557,
    9.039730433318734,
    8.95224246787586,
    8.403838502602408,
    10.377158159366079
  ],
  "max_max_curvature": 10.377158159366079,
  "coil_coil_distance": 0.9509256187760049,
  "cc_threshold": 0.9511833590098537,
  "cc_weight": 906.251092839864,
  "gradient_norm": 0.4159920645740887,
  "linking_number": 0,
  "directory": "ncoils_6_order_11_R1_4.3_length_target_3.6e+01_weight_0.078_max_curvature_7.7_weight_9e-05_msc_7.3_weight_1.9e-06_cc_0.95_weight_9.1e+02",
  "mean_squared_curvatures": [
    1.1842629972172798,
    0.9771403397350418,
    1.4135471456544013,
    1.469968171932171,
    1.4786285470902067,
    2.72522507594591
  ],
  "max_mean_squared_curvature": 2.72522507594591,
  "message": "STOP: TOTAL NO. of ITERATIONS REACHED LIMIT",
  "success": false,
  "iterations": 700,
  "function_evaluations": 1279,
  "coil_currents": [
    9163508.08460362,
    9242169.845761463,
    9148560.391215852,
    9478359.993662963,
    9126683.361985007,
    2422133.040860176
  ],
  "coil_surface_distance": 0.09019786880896907
}