{
  "nfp": 4,
  "R0": 11.34443056562854,
  "R1": 4.856632199874313,
  "ncoils": 3,
  "order": 14,
  "nphi": 32,
  "ntheta": 32,
  "length_target": 44.04266865866648,
  "length_weight": 0.4867187524025998,
  "max_curvature_threshold": 6.106147138895801,
  "max_curvature_weight": 4.3844053151759926e-05,
  "msc_threshold": 3.083913922627008,
  "msc_weight": 5.802162020604432e-06,
  "JF": 0.001191653618937254,
  "Jf": 0.0011898255689592272,
  "BdotN": 0.00758292693024766,
  "lengths": [
    44.09052621439569,
    43.503233961622506,
    44.534574509515416
  ],
  "length": 132.12833468553362,
  "max_curvatures": [
    5.978646275622996,
    7.227050271659581,
    4.667695680327525
  ],
  "max_max_curvature": 7.227050271659581,
  "coil_coil_distance": 0.6788728067892023,
  "cc_threshold": 0.6792306870480406,
  "cc_weight": 12.091488294867442,
  "gradient_norm": 0.003905157205685221,
  "linking_number": 0,
  "directory": "ncoils_3_order_14_R1_4.9_length_target_4.4e+01_weight_0.49_max_curvature_6.1_weight_4.4e-05_msc_3.1_weight_5.8e-06_cc_0.68_weight_1.2e+01",
  "mean_squared_curvatures": [
    0.24972884567803066,
    0.3983506040563867,
    0.29614431058160506
  ],
  "max_mean_squared_curvature": 0.3983506040563867,
  "message": "STOP: TOTAL NO. of ITERATIONS REACHED LIMIT",
  "success": false,
  "iterations": 700,
  "function_evaluations": 800,
  "coil_currents": [
    16249409.809232045,
    16253805.404483149,
    16078199.504373886
  ],
  "coil_surface_distance": 1.4062159752183705
}