{
  "nfp": 4,
  "R0": 11.34443056562854,
  "R1": 4.232546432265156,
  "ncoils": 5,
  "order": 9,
  "nphi": 32,
  "ntheta": 32,
  "length_target": 30.568203837841637,
  "length_weight": 3.3630163383689884,
  "max_curvature_threshold": 3.648673610328447,
  "max_curvature_weight": 7.48776428343638e-05,
  "msc_threshold": 3.967850542106853,
  "msc_weight": 5.701252679711564e-06,
  "JF": 0.007158604832029861,
  "Jf": 0.007056269514401399,
  "BdotN": 0.016185785659603536,
  "lengths": [
    32.24089890863871,
    30.967856453572658,
    30.60032607213323,
    30.58322115644004,
    28.44951068655444
  ],
  "length": 152.8418132773391,
  "max_curvatures": [
    4.28244272353135,
    4.51157029577101,
    2.013967966335324,
    3.03206626037332,
    4.454739581841449
  ],
  "max_max_curvature": 4.51157029577101,
  "coil_coil_distance": 1.1878932971373697,
  "cc_threshold": 1.198351784309439,
  "cc_weight": 2.6090064712385668,
  "gradient_norm": 0.05523021190840016,
  "linking_number": 0,
  "directory": "ncoils_5_order_9_R1_4.2_length_target_3.1e+01_weight_3.4_max_curvature_3.6_weight_7.5e-05_msc_4.0_weight_5.7e-06_cc_1.2_weight_2.6",
  "mean_squared_curvatures": [
    0.3323282170936315,
    0.43254991189190223,
    0.2259154496295474,
    0.39496200674237514,
    0.4577457568439574
  ],
  "max_mean_squared_curvature": 0.4577457568439574,
  "message": "STOP: TOTAL NO. of ITERATIONS REACHED LIMIT",
  "success": false,
  "iterations": 700,
  "function_evaluations": 740,
  "coil_currents": [
    10682304.704091292,
    9880190.663976686,
    10088275.827959113,
    9807601.59106324,
    8123041.93099875
  ],
  "coil_surface_distance": 1.1201168104226822
}