{
  "nfp": 4,
  "ncoils": 6,
  "R0": 11.34443056562854,
  "R1": 4.691841191018962,
  "order": 7,
  "nphi": 32,
  "ntheta": 32,
  "length_target": 31.54888051344169,
  "length_weight": 0.4883595277573917,
  "max_curvature_threshold": 4.882020878898004,
  "max_curvature_weight": 1.8232081834122546e-06,
  "msc_threshold": 4.150257136186694,
  "msc_weight": 1.3021297254803726e-07,
  "JF": 0.00016584221453274392,
  "Jf": 0.00016518952426637702,
  "BdotN": 0.004471764673020736,
  "lengths": [
    33.51711303195007,
    32.50767013261745,
    31.13934596652266,
    30.701725892286625,
    31.662287043159047,
    29.765457845474582
  ],
  "length": 189.2935999120104,
  "max_curvatures": [
    4.51810057640463,
    2.749248363462337,
    1.5497771212427662,
    7.071487646038186,
    2.029312573910312,
    2.644928100346609
  ],
  "max_max_curvature": 7.071487646038186,
  "coil_coil_distance": 0.6682875837670157,
  "cc_threshold": 0.6702613493050071,
  "cc_weight": 0.22483584932471015,
  "gradient_norm": 0.0030970658188180645,
  "linking_number": 0,
  "directory": "ncoils_6_order_7_R1_4.7_length_target_3.2e+01_weight_0.49_max_curvature_4.9_weight_1.8e-06_msc_4.2_weight_1.3e-07_cc_0.67_weight_0.22",
  "mean_squared_curvatures": [
    0.24375243929732518,
    0.17966231438854574,
    0.1363039620459271,
    0.37285871717024327,
    0.2465141074006159,
    0.24211098789784843
  ],
  "max_mean_squared_curvature": 0.37285871717024327,
  "message": "STOP: TOTAL NO. of ITERATIONS REACHED LIMIT",
  "success": false,
  "iterations": 700,
  "function_evaluations": 734,
  "coil_currents": [
    8283678.749627919,
    8231468.856087437,
    8140384.92844881,
    8032873.667123669,
    8196854.47116124,
    7696154.045640007
  ],
  "coil_surface_distance": 1.246844013806114
}