{
  "nfp": 4,
  "R0": 11.34443056562854,
  "R1": 4.517376983119476,
  "ncoils": 4,
  "order": 15,
  "nphi": 32,
  "ntheta": 32,
  "length_target": 46.47993764838289,
  "length_weight": 0.11666612496094296,
  "max_curvature_threshold": 2.8004853435161703,
  "max_curvature_weight": 0.00040678387383829705,
  "msc_threshold": 6.790842037951552,
  "msc_weight": 4.3886699193884846e-07,
  "JF": 0.00374267586448371,
  "Jf": 0.0036721140352873258,
  "BdotN": 0.013686525657008172,
  "lengths": [
    45.075330291463956,
    44.24158013615765,
    46.3401895395067,
    50.26875424628588
  ],
  "length": 185.9258542134142,
  "max_curvatures": [
    3.67613579555999,
    3.156057402414346,
    2.8098720202968477,
    2.9380328226246215
  ],
  "max_max_curvature": 3.67613579555999,
  "coil_coil_distance": 1.146580602245958,
  "cc_threshold": 1.1567717284049135,
  "cc_weight": 1.4074330240657256,
  "gradient_norm": 0.11363938927911345,
  "linking_number": 0,
  "directory": "ncoils_4_order_15_R1_4.5_length_target_4.6e+01_weight_0.12_max_curvature_2.8_weight_0.00041_msc_6.8_weight_4.4e-07_cc_1.2_weight_1.4",
  "mean_squared_curvatures": [
    0.5622041922393811,
    0.5681528524270362,
    0.6974015397534772,
    0.5326619066801545
  ],
  "max_mean_squared_curvature": 0.6974015397534772,
  "message": "STOP: TOTAL NO. of ITERATIONS REACHED LIMIT",
  "success": false,
  "iterations": 700,
  "function_evaluations": 749,
  "coil_currents": [
    12137768.631370347,
    12180386.04825455,
    11991963.953839563,
    12271296.084624626
  ],
  "coil_surface_distance": 1.1445255056616441
}