{
  "nfp": 4,
  "R0": 11.34443056562854,
  "R1": 4.34013966069422,
  "ncoils": 3,
  "order": 7,
  "nphi": 32,
  "ntheta": 32,
  "length_target": 35.9725646669975,
  "length_weight": 4.6389642052023845,
  "max_curvature_threshold": 3.4775391187232705,
  "max_curvature_weight": 0.00012147052971545027,
  "msc_threshold": 4.006694841049257,
  "msc_weight": 7.578727484137758e-07,
  "JF": 0.01542262746862466,
  "Jf": 0.015353804769517096,
  "BdotN": 0.016721081423200005,
  "lengths": [
    37.80889347451362,
    36.17165389005949,
    33.937620013903484
  ],
  "length": 107.9181673784766,
  "max_curvatures": [
    3.7359004004532506,
    4.988212504002276,
    4.288856141748949
  ],
  "max_max_curvature": 4.988212504002276,
  "coil_coil_distance": 1.1600832709534652,
  "cc_threshold": 1.1689923621728546,
  "cc_weight": 5.692187518538127,
  "gradient_norm": 0.015346526750489937,
  "linking_number": 0,
  "directory": "ncoils_3_order_7_R1_4.3_length_target_3.6e+01_weight_4.6_max_curvature_3.5_weight_0.00012_msc_4.0_weight_7.6e-07_cc_1.2_weight_5.7",
  "mean_squared_curvatures": [
    0.17095280654404008,
    0.34650888716233547,
    0.4060293786187993
  ],
  "max_mean_squared_curvature": 0.4060293786187993,
  "message": "STOP: TOTAL NO. of ITERATIONS REACHED LIMIT",
  "success": false,
  "iterations": 700,
  "function_evaluations": 758,
  "coil_currents": [
    16752740.269812506,
    16536649.64170322,
    15292024.806573354
  ],
  "coil_surface_distance": 1.2111263328233732
}