{
  "nfp": 4,
  "R0": 11.34443056562854,
  "R1": 4.507247208234348,
  "ncoils": 4,
  "order": 9,
  "nphi": 32,
  "ntheta": 32,
  "length_target": 37.391269104897326,
  "length_weight": 21.725132432271,
  "max_curvature_threshold": 4.061471266682908,
  "max_curvature_weight": 4.876578335207584e-05,
  "msc_threshold": 2.355802120042976,
  "msc_weight": 2.2553254796688938e-05,
  "JF": 0.0022993526953184176,
  "Jf": 0.002112685412035669,
  "BdotN": 0.0091957898127717,
  "lengths": [
    40.25102334479096,
    37.92399331242719,
    35.890089814254274,
    35.50015122604802
  ],
  "length": 149.56525769752045,
  "max_curvatures": [
    4.097726902362995,
    3.111457336449418,
    4.506649592707185,
    5.005732100417164
  ],
  "max_max_curvature": 5.005732100417164,
  "coil_coil_distance": 0.8416942818625819,
  "cc_threshold": 0.937775466958291,
  "cc_weight": 0.04196186123018024,
  "gradient_norm": 0.0618252877639674,
  "linking_number": 0,
  "directory": "ncoils_4_order_9_R1_4.5_length_target_3.7e+01_weight_2.2e+01_max_curvature_4.1_weight_4.9e-05_msc_2.4_weight_2.3e-05_cc_0.94_weight_0.042",
  "mean_squared_curvatures": [
    0.2318220752186223,
    0.1714842723312872,
    0.21988023373661225,
    0.38755159586821886
  ],
  "max_mean_squared_curvature": 0.38755159586821886,
  "message": "STOP: TOTAL NO. of ITERATIONS REACHED LIMIT",
  "success": false,
  "iterations": 700,
  "function_evaluations": 830,
  "coil_currents": [
    12214691.123898486,
    12171826.981825775,
    12079116.770882277,
    12115779.841482542
  ],
  "coil_surface_distance": 1.3554937874016855
}