{
  "nfp": 4,
  "R0": 11.34443056562854,
  "R1": 4.146728007526627,
  "ncoils": 5,
  "order": 8,
  "nphi": 32,
  "ntheta": 32,
  "length_target": 39.868302948413145,
  "length_weight": 62.80608141018134,
  "max_curvature_threshold": 0.07861854278411301,
  "max_curvature_weight": 0.0002778504002508252,
  "msc_threshold": 3.0125008148350716,
  "msc_weight": 7.574131582805669e-06,
  "JF": 0.011910460265213831,
  "Jf": 0.006936056475835345,
  "BdotN": 0.01977399547037111,
  "lengths": [
    41.358450371425924,
    41.902043015954035,
    40.47501394600022,
    35.270772567360076,
    40.33577620555658
  ],
  "length": 199.34205610629684,
  "max_curvatures": [
    1.0994480694617565,
    1.3989240952554474,
    1.593156399989387,
    2.205086414803411,
    1.8585750637943521
  ],
  "max_max_curvature": 2.205086414803411,
  "coil_coil_distance": 0.9444187663884093,
  "cc_threshold": 0.9473603338138551,
  "cc_weight": 6.173657774705483,
  "gradient_norm": 0.82889839772879,
  "linking_number": 0,
  "directory": "ncoils_5_order_8_R1_4.1_length_target_4e+01_weight_6.3e+01_max_curvature_0.079_weight_0.00028_msc_3.0_weight_7.6e-06_cc_0.95_weight_6.2",
  "mean_squared_curvatures": [
    0.17301856841995528,
    0.20126836098777287,
    0.22534245378338943,
    0.2896335441180604,
    0.2793781325270488
  ],
  "max_mean_squared_curvature": 0.2896335441180604,
  "message": "STOP: TOTAL NO. of ITERATIONS REACHED LIMIT",
  "success": false,
  "iterations": 700,
  "function_evaluations": 845,
  "coil_currents": [
    9586189.932840193,
    9467319.993476981,
    9592673.197218528,
    9657395.74633641,
    10277835.848216973
  ],
  "coil_surface_distance": 1.2165024498588166
}