{
  "nfp": 4,
  "R0": 11.34443056562854,
  "R1": 4.224572437054636,
  "ncoils": 4,
  "order": 11,
  "nphi": 32,
  "ntheta": 32,
  "length_target": 40.61342321677992,
  "length_weight": 0.5518518365478984,
  "max_curvature_threshold": 1.1854592003275686,
  "max_curvature_weight": 1.7996598611182733e-05,
  "msc_threshold": 4.51479869402887,
  "msc_weight": 3.824563057973662e-05,
  "JF": 0.00249286658454062,
  "Jf": 0.0024394494317781603,
  "BdotN": 0.00872554885544541,
  "lengths": [
    39.09981634670443,
    38.73964274858772,
    41.05531684621613,
    43.55932624211183
  ],
  "length": 162.4541021836201,
  "max_curvatures": [
    1.921793496896783,
    2.251441917732769,
    2.898739000683338,
    2.5951946896621862
  ],
  "max_max_curvature": 2.898739000683338,
  "coil_coil_distance": 1.0859478626412031,
  "cc_threshold": 1.0915769952724066,
  "cc_weight": 2.074794655482167,
  "gradient_norm": 0.007565986946200108,
  "linking_number": 0,
  "directory": "ncoils_4_order_11_R1_4.2_length_target_4.1e+01_weight_0.55_max_curvature_1.2_weight_1.8e-05_msc_4.5_weight_3.8e-05_cc_1.1_weight_2.1",
  "mean_squared_curvatures": [
    0.25666014416164207,
    0.2187454812844776,
    0.4043122692405858,
    0.4660628585662146
  ],
  "max_mean_squared_curvature": 0.4660628585662146,
  "message": "STOP: TOTAL NO. of ITERATIONS REACHED LIMIT",
  "success": false,
  "iterations": 700,
  "function_evaluations": 742,
  "coil_currents": [
    12080930.309648978,
    12178515.828692699,
    12246198.131421044,
    12075770.448326357
  ],
  "coil_surface_distance": 1.240269757425824
}