{
  "nfp": 4,
  "R0": 11.34443056562854,
  "R1": 4.744386750166771,
  "ncoils": 5,
  "order": 11,
  "nphi": 32,
  "ntheta": 32,
  "length_target": 37.198205854007156,
  "length_weight": 24.8237310093909,
  "max_curvature_threshold": 1.5753869823887277,
  "max_curvature_weight": 0.00030240243770203386,
  "msc_threshold": 3.627150652906989,
  "msc_weight": 2.2901266164499754e-07,
  "JF": 0.004603594451150069,
  "Jf": 0.0037907015328123754,
  "BdotN": 0.010704830157888309,
  "lengths": [
    38.70794792955515,
    37.72793862887824,
    38.127282495518514,
    35.89923971427147,
    35.52878459987563
  ],
  "length": 185.991193368099,
  "max_curvatures": [
    2.0516125155672014,
    1.7361877261047538,
    1.9311832035689387,
    1.208128697957272,
    2.0137088712597593
  ],
  "max_max_curvature": 2.0516125155672014,
  "coil_coil_distance": 0.9873443265386271,
  "cc_threshold": 1.110086720185504,
  "cc_weight": 0.023282646937654385,
  "gradient_norm": 0.07684153690657149,
  "linking_number": 0,
  "directory": "ncoils_5_order_11_R1_4.7_length_target_3.7e+01_weight_2.5e+01_max_curvature_1.6_weight_0.0003_msc_3.6_weight_2.3e-07_cc_1.1_weight_0.023",
  "mean_squared_curvatures": [
    0.17435818847607856,
    0.15030814541012655,
    0.20094640103038292,
    0.12282669944805513,
    0.22939580695824982
  ],
  "max_mean_squared_curvature": 0.22939580695824982,
  "message": "STOP: TOTAL NO. of ITERATIONS REACHED LIMIT",
  "success": false,
  "iterations": 700,
  "function_evaluations": 844,
  "coil_currents": [
    9826712.99922631,
    9690513.431498157,
    9592549.16061325,
    9559820.920688795,
    9911818.20606257
  ],
  "coil_surface_distance": 1.1176729562792345
}