{
  "nfp": 4,
  "R0": 11.34443056562854,
  "R1": 4.81050881191303,
  "ncoils": 6,
  "order": 12,
  "nphi": 32,
  "ntheta": 32,
  "length_target": 32.09619751556937,
  "length_weight": 0.24637899903427837,
  "max_curvature_threshold": 0.540045479457328,
  "max_curvature_weight": 0.00021963916979761183,
  "msc_threshold": 5.541711526047911,
  "msc_weight": 3.8573088517986415e-06,
  "JF": 4.000764779441303,
  "Jf": 0.0005906531431148239,
  "BdotN": 0.005907301047344836,
  "lengths": [
    33.56706870881303,
    31.06638135361255,
    29.712280677993917,
    33.15138164660969,
    32.89029959846264,
    32.190278250776416
  ],
  "length": 192.57769023626827,
  "max_curvatures": [
    1.597972786890115,
    1.1865170050275833,
    0.7795246237402275,
    0.685917002740245,
    0.7036354411657536,
    0.803410450534299
  ],
  "max_max_curvature": 1.597972786890115,
  "coil_coil_distance": 0.7242904815487866,
  "cc_threshold": 0.7282577375212202,
  "cc_weight": 4.675441138656109,
  "gradient_norm": 0.0031596018267543375,
  "linking_number": 4,
  "directory": "ncoils_6_order_12_R1_4.8_length_target_3.2e+01_weight_0.25_max_curvature_0.54_weight_0.00022_msc_5.5_weight_3.9e-06_cc_0.73_weight_4.7",
  "mean_squared_curvatures": [
    0.24366134939769163,
    0.17977514576462988,
    0.15789280216534582,
    0.1560525319801623,
    0.18344398584188182,
    0.22978508865283445
  ],
  "max_mean_squared_curvature": 0.24366134939769163,
  "message": "STOP: TOTAL NO. of ITERATIONS REACHED LIMIT",
  "success": false,
  "iterations": 700,
  "function_evaluations": 736,
  "coil_currents": [
    8961819.838603543,
    7708701.418902056,
    7979794.71175722,
    8035780.329544906,
    8019953.922091943,
    7875364.49718941
  ],
  "coil_surface_distance": 1.1228207032266044
}