{
  "nfp": 4,
  "R0": 11.34443056562854,
  "R1": 4.9568196956240325,
  "ncoils": 6,
  "order": 7,
  "nphi": 32,
  "ntheta": 32,
  "length_target": 41.13607462408159,
  "length_weight": 1.2204028020422382,
  "max_curvature_threshold": 7.850342515425216,
  "max_curvature_weight": 1.1769248213913646e-05,
  "msc_threshold": 4.767380756402874,
  "msc_weight": 6.532277672102532e-05,
  "JF": 0.0026372637451607538,
  "Jf": 0.00254762940596049,
  "BdotN": 0.010017603448680062,
  "lengths": [
    39.936995813607275,
    40.27741489071064,
    41.095041226004525,
    38.06506117721182,
    43.02245049129789,
    44.419020475707526
  ],
  "length": 246.81598407453967,
  "max_curvatures": [
    4.795476342219764,
    11.026421202987674,
    1.2341281532141413,
    12.880224222150556,
    10.846893652633126,
    15.096063965279187
  ],
  "max_max_curvature": 15.096063965279187,
  "coil_coil_distance": 0.8821804696579817,
  "cc_threshold": 0.882248605350076,
  "cc_weight": 393.9988639393908,
  "gradient_norm": 0.25618761023340114,
  "linking_number": 0,
  "directory": "ncoils_6_order_7_R1_5.0_length_target_4.1e+01_weight_1.2_max_curvature_7.9_weight_1.2e-05_msc_4.8_weight_6.5e-05_cc_0.88_weight_3.9e+02",
  "mean_squared_curvatures": [
    0.26899219058847834,
    0.803233932952447,
    0.13397056126686954,
    1.1469636895723827,
    1.160526769993735,
    2.3888374445536393
  ],
  "max_mean_squared_curvature": 2.3888374445536393,
  "message": "STOP: TOTAL NO. of ITERATIONS REACHED LIMIT",
  "success": false,
  "iterations": 700,
  "function_evaluations": 1409,
  "coil_currents": [
    7429040.012319751,
    8200489.218351219,
    7669018.179124377,
    8377663.34147388,
    8405106.164126182,
    8500097.802693672
  ],
  "coil_surface_distance": 1.2200353852072738
}