{
  "nfp": 4,
  "R0": 11.34443056562854,
  "R1": 4.340733916381739,
  "ncoils": 5,
  "order": 7,
  "nphi": 32,
  "ntheta": 32,
  "length_target": 40.33383323479803,
  "length_weight": 0.13052417828960058,
  "max_curvature_threshold": 2.8058632463055275,
  "max_curvature_weight": 4.309798838849453e-06,
  "msc_threshold": 5.110829158649971,
  "msc_weight": 1.439931648615355e-07,
  "JF": 0.00026520837727635654,
  "Jf": 0.00026313663000341946,
  "BdotN": 0.004284989633627956,
  "lengths": [
    39.37365092561435,
    37.891232432869394,
    43.34982352967907,
    39.27581848554838,
    41.778582595111004
  ],
  "length": 201.6691079688222,
  "max_curvatures": [
    2.6225637693717827,
    4.8532717107823595,
    2.7252780517797,
    2.1268217751801988,
    4.78697666014047
  ],
  "max_max_curvature": 4.8532717107823595,
  "coil_coil_distance": 0.6997789426503045,
  "cc_threshold": 0.6999852438779864,
  "cc_weight": 1.1287946701273017,
  "gradient_norm": 0.001974768046266215,
  "linking_number": 0,
  "directory": "ncoils_5_order_7_R1_4.3_length_target_4e+01_weight_0.13_max_curvature_2.8_weight_4.3e-06_msc_5.1_weight_1.4e-07_cc_0.7_weight_1.1",
  "mean_squared_curvatures": [
    0.3202988876616983,
    0.3040811890532116,
    0.2948097039797238,
    0.23900918629450482,
    0.25208866260931956
  ],
  "max_mean_squared_curvature": 0.3202988876616983,
  "message": "STOP: TOTAL NO. of ITERATIONS REACHED LIMIT",
  "success": false,
  "iterations": 700,
  "function_evaluations": 761,
  "coil_currents": [
    10183050.829517571,
    9930381.279802088,
    10011053.540281566,
    9623950.57828406,
    8832978.490203798
  ],
  "coil_surface_distance": 1.360616723955171
}