{
  "nfp": 4,
  "R0": 11.34443056562854,
  "R1": 4.965831843507292,
  "ncoils": 5,
  "order": 12,
  "nphi": 32,
  "ntheta": 32,
  "length_target": 42.34772714285151,
  "length_weight": 0.027004062665676582,
  "max_curvature_threshold": 5.460243108278731,
  "max_curvature_weight": 1.6100157224776328e-05,
  "msc_threshold": 7.707867029188318,
  "msc_weight": 7.510381025146345e-07,
  "JF": 0.00037961057272669745,
  "Jf": 0.00037728196994836857,
  "BdotN": 0.004402687942772406,
  "lengths": [
    41.8385992745812,
    40.6950439838398,
    39.3038353787172,
    42.88789523176486,
    47.01357356424345
  ],
  "length": 211.73894743314648,
  "max_curvatures": [
    4.950701090790371,
    6.68347939867204,
    6.06437434612081,
    5.940501339130929,
    5.412364977889492
  ],
  "max_max_curvature": 6.68347939867204,
  "coil_coil_distance": 0.691680476522127,
  "cc_threshold": 0.6916845190388426,
  "cc_weight": 390.8224647395298,
  "gradient_norm": 0.006847546373067022,
  "linking_number": 0,
  "directory": "ncoils_5_order_12_R1_5.0_length_target_4.2e+01_weight_0.027_max_curvature_5.5_weight_1.6e-05_msc_7.7_weight_7.5e-07_cc_0.69_weight_3.9e+02",
  "mean_squared_curvatures": [
    0.6019630669917891,
    1.7786098477139285,
    0.696413139454259,
    1.2144695947682242,
    1.3028714349806148
  ],
  "max_mean_squared_curvature": 1.7786098477139285,
  "message": "STOP: TOTAL NO. of ITERATIONS REACHED LIMIT",
  "success": false,
  "iterations": 700,
  "function_evaluations": 1547,
  "coil_currents": [
    9896388.542208325,
    9865447.863962455,
    9761591.30245493,
    9743776.421570988,
    9314210.587892383
  ],
  "coil_surface_distance": 1.2956905449910872
}