{
  "nfp": 4,
  "R0": 11.34443056562854,
  "R1": 4.513085953048825,
  "ncoils": 6,
  "order": 9,
  "nphi": 32,
  "ntheta": 32,
  "length_target": 42.94573466905525,
  "length_weight": 85.97259688909804,
  "max_curvature_threshold": 7.624838450539985,
  "max_curvature_weight": 1.2440314125505893e-06,
  "msc_threshold": 6.390091678591164,
  "msc_weight": 9.520419388693788e-07,
  "JF": 0.008316935958455394,
  "Jf": 0.007960077824752996,
  "BdotN": 0.02337038740143857,
  "lengths": [
    43.9011714569054,
    43.7985796727843,
    44.09129710313559,
    40.87397212460169,
    38.53011683760391,
    46.47999006909529
  ],
  "length": 257.67512726412616,
  "max_curvatures": [
    26.84067193664315,
    36.160222071573926,
    43.06152884528802,
    31.394248643983836,
    35.753927929060104,
    13.14114571148365
  ],
  "max_max_curvature": 43.06152884528802,
  "coil_coil_distance": 0.8227214893740006,
  "cc_threshold": 0.882024353987834,
  "cc_weight": 0.15607720933568348,
  "gradient_norm": 1.5743826660599727,
  "linking_number": 0,
  "directory": "ncoils_6_order_9_R1_4.5_length_target_4.3e+01_weight_8.6e+01_max_curvature_7.6_weight_1.2e-06_msc_6.4_weight_9.5e-07_cc_0.88_weight_0.16",
  "mean_squared_curvatures": [
    1.8606734199264445,
    1.249212359348419,
    4.19928185513234,
    0.9943345788486564,
    0.9557600067643519,
    0.5971529122474467
  ],
  "max_mean_squared_curvature": 4.19928185513234,
  "message": "STOP: TOTAL NO. of ITERATIONS REACHED LIMIT",
  "success": false,
  "iterations": 700,
  "function_evaluations": 939,
  "coil_currents": [
    7937835.970840009,
    7812151.797875658,
    7809887.616409912,
    7970203.746471381,
    7937143.947999951,
    9114191.638492167
  ],
  "coil_surface_distance": 1.0626937015827116
}