{
  "nfp": 4,
  "R0": 11.34443056562854,
  "R1": 4.602833221397655,
  "ncoils": 5,
  "order": 9,
  "nphi": 32,
  "ntheta": 32,
  "length_target": 42.91196494570018,
  "length_weight": 0.022674193874168965,
  "max_curvature_threshold": 7.150072473082756,
  "max_curvature_weight": 9.62355978786449e-06,
  "msc_threshold": 6.574517328707225,
  "msc_weight": 3.072739458145507e-07,
  "JF": 0.00038362019035296824,
  "Jf": 0.00037794263703335026,
  "BdotN": 0.004519059295317419,
  "lengths": [
    41.19998176092827,
    39.60839245524433,
    45.76176562776521,
    44.485073390181995,
    43.50430862223488
  ],
  "length": 214.55952185635465,
  "max_curvatures": [
    3.751504121331302,
    8.862644319698934,
    8.040520709741156,
    7.653180310523709,
    9.384629982612234
  ],
  "max_max_curvature": 9.384629982612234,
  "coil_coil_distance": 0.6054826941904943,
  "cc_threshold": 0.6054863335992452,
  "cc_weight": 800.7915291218571,
  "gradient_norm": 0.004745694684088802,
  "linking_number": 0,
  "directory": "ncoils_5_order_9_R1_4.6_length_target_4.3e+01_weight_0.023_max_curvature_7.2_weight_9.6e-06_msc_6.6_weight_3.1e-07_cc_0.61_weight_8e+02",
  "mean_squared_curvatures": [
    0.5917234002774642,
    1.3546391446624984,
    1.1935006133730541,
    1.318582823589905,
    1.8554530320926306
  ],
  "max_mean_squared_curvature": 1.8554530320926306,
  "message": "STOP: TOTAL NO. of ITERATIONS REACHED LIMIT",
  "success": false,
  "iterations": 700,
  "function_evaluations": 1897,
  "coil_currents": [
    10038075.532469008,
    9920791.091598758,
    9772031.559444163,
    9459985.320729814,
    9390531.213847332
  ],
  "coil_surface_distance": 1.1244195520594262
}