{
  "nfp": 4,
  "R0": 11.34443056562854,
  "R1": 4.156396999089276,
  "ncoils": 5,
  "order": 11,
  "nphi": 32,
  "ntheta": 32,
  "length_target": 46.68259749282717,
  "length_weight": 9.421607791066231,
  "max_curvature_threshold": 0.6938718805057791,
  "max_curvature_weight": 4.363450935511978e-06,
  "msc_threshold": 1.4797994263757983,
  "msc_weight": 1.2529688027631128e-06,
  "JF": 0.0023792423623827863,
  "Jf": 0.0020281097588847282,
  "BdotN": 0.008746100540622678,
  "lengths": [
    45.557343378760756,
    46.12444335992521,
    45.988405929751096,
    46.73475794686839,
    49.008855267261914
  ],
  "length": 233.41380588256735,
  "max_curvatures": [
    9.511315376363664,
    7.527805593063653,
    6.3238366072875305,
    12.975234742879636,
    10.517023977411265
  ],
  "max_max_curvature": 12.975234742879636,
  "coil_coil_distance": 0.6096821368630091,
  "cc_threshold": 0.6103918577978841,
  "cc_weight": 18.37498981077001,
  "gradient_norm": 0.3136097458932471,
  "linking_number": 0,
  "directory": "ncoils_5_order_11_R1_4.2_length_target_4.7e+01_weight_9.4_max_curvature_0.69_weight_4.4e-06_msc_1.5_weight_1.3e-06_cc_0.61_weight_1.8e+01",
  "mean_squared_curvatures": [
    0.6541709977243464,
    0.9703939563386266,
    0.8553964778656923,
    1.616501058557607,
    1.4354975135530874
  ],
  "max_mean_squared_curvature": 1.616501058557607,
  "message": "STOP: TOTAL NO. of ITERATIONS REACHED LIMIT",
  "success": false,
  "iterations": 700,
  "function_evaluations": 864,
  "coil_currents": [
    9418324.385964574,
    9418430.088815201,
    9519739.090107458,
    9557135.135975443,
    10667786.017226405
  ],
  "coil_surface_distance": 1.343017093732306
}