{
  "nfp": 4,
  "R0": 11.34443056562854,
  "R1": 4.7061392396740285,
  "ncoils": 4,
  "order": 13,
  "nphi": 32,
  "ntheta": 32,
  "length_target": 33.32249139594105,
  "length_weight": 1.2814527241306612,
  "max_curvature_threshold": 0.35974348890499025,
  "max_curvature_weight": 1.3971151141681703e-06,
  "msc_threshold": 4.001906108604152,
  "msc_weight": 2.1805782951783328e-05,
  "JF": 0.0013171207704984753,
  "Jf": 0.001305860677222374,
  "BdotN": 0.005589847769321886,
  "lengths": [
    34.96437152557979,
    33.55818487582529,
    32.535646791662934,
    32.23183762588724
  ],
  "length": 133.29004081895525,
  "max_curvatures": [
    3.2810440735067865,
    13.641226697167776,
    2.661938789704867,
    5.550077555007004
  ],
  "max_max_curvature": 13.641226697167776,
  "coil_coil_distance": 0.6542849802868974,
  "cc_threshold": 0.6552583852255374,
  "cc_weight": 4.957981647171273,
  "gradient_norm": 0.02804948409342397,
  "linking_number": 0,
  "directory": "ncoils_4_order_13_R1_4.7_length_target_3.3e+01_weight_1.3_max_curvature_0.36_weight_1.4e-06_msc_4.0_weight_2.2e-05_cc_0.66_weight_5.0",
  "mean_squared_curvatures": [
    0.1341304195003391,
    0.23088510619945746,
    0.24629113898957408,
    0.4200401895633356
  ],
  "max_mean_squared_curvature": 0.4200401895633356,
  "message": "STOP: TOTAL NO. of ITERATIONS REACHED LIMIT",
  "success": false,
  "iterations": 700,
  "function_evaluations": 810,
  "coil_currents": [
    12191006.157969827,
    12157967.82558846,
    12101869.94039433,
    12130570.794136465
  ],
  "coil_surface_distance": 1.3893341598835622
}