{
  "nfp": 4,
  "R0": 11.34443056562854,
  "R1": 4.237634204803168,
  "ncoils": 4,
  "order": 10,
  "nphi": 32,
  "ntheta": 32,
  "length_target": 42.63945306838487,
  "length_weight": 0.049619066346539516,
  "max_curvature_threshold": 2.8600120889077205,
  "max_curvature_weight": 0.0021669780528662994,
  "msc_threshold": 7.383636400362332,
  "msc_weight": 1.4000216442110836e-07,
  "JF": 0.0018940959424103851,
  "Jf": 0.001741414600667869,
  "BdotN": 0.007876022492430895,
  "lengths": [
    42.50946354113974,
    40.52708267162379,
    40.787777587508714,
    46.73721016050147
  ],
  "length": 170.56153396077372,
  "max_curvatures": [
    2.904353925814258,
    2.427769656418651,
    2.8642514168076723,
    2.9096295620078383
  ],
  "max_max_curvature": 2.9096295620078383,
  "coil_coil_distance": 1.0521956787401596,
  "cc_threshold": 1.1012344937237248,
  "cc_weight": 0.05949911290688369,
  "gradient_norm": 0.005315728872421897,
  "linking_number": 0,
  "directory": "ncoils_4_order_10_R1_4.2_length_target_4.3e+01_weight_0.05_max_curvature_2.9_weight_0.0022_msc_7.4_weight_1.4e-07_cc_1.1_weight_0.059",
  "mean_squared_curvatures": [
    0.7930769252577119,
    0.2967191797301697,
    0.3092993524448153,
    0.7893943401644098
  ],
  "max_mean_squared_curvature": 0.7930769252577119,
  "message": "STOP: TOTAL NO. of ITERATIONS REACHED LIMIT",
  "success": false,
  "iterations": 700,
  "function_evaluations": 727,
  "coil_currents": [
    12349225.521089684,
    12446939.901646167,
    12022457.201784424,
    11762792.09356881
  ],
  "coil_surface_distance": 1.1579556870561336
}