{
  "nfp": 4,
  "R0": 11.34443056562854,
  "R1": 4.47604750220823,
  "ncoils": 5,
  "order": 11,
  "nphi": 32,
  "ntheta": 32,
  "length_target": 42.570531117140845,
  "length_weight": 29.479586749288206,
  "max_curvature_threshold": 1.8473800069151947,
  "max_curvature_weight": 6.1659397955491545e-06,
  "msc_threshold": 1.216513132781766,
  "msc_weight": 2.4665566614994875e-05,
  "JF": 0.0028065356365923008,
  "Jf": 0.0025386147344753987,
  "BdotN": 0.013366578409126745,
  "lengths": [
    42.84663661187704,
    43.43965347705975,
    42.958628205029385,
    39.88008707085119,
    43.72809044067517
  ],
  "length": 212.85309580549253,
  "max_curvatures": [
    7.4743558981361895,
    10.184669180531094,
    8.090133968500353,
    11.20889148830451,
    8.624677630203177
  ],
  "max_max_curvature": 11.20889148830451,
  "coil_coil_distance": 0.6418331384408859,
  "cc_threshold": 0.643684126348284,
  "cc_weight": 6.8905431468528695,
  "gradient_norm": 0.4706404107052599,
  "linking_number": 0,
  "directory": "ncoils_5_order_11_R1_4.5_length_target_4.3e+01_weight_2.9e+01_max_curvature_1.8_weight_6.2e-06_msc_1.2_weight_2.5e-05_cc_0.64_weight_6.9",
  "mean_squared_curvatures": [
    0.7270653841615252,
    1.6347442319698327,
    1.2164344346665767,
    1.4796938574406293,
    1.1447350120490358
  ],
  "max_mean_squared_curvature": 1.6347442319698327,
  "message": "STOP: TOTAL NO. of ITERATIONS REACHED LIMIT",
  "success": false,
  "iterations": 700,
  "function_evaluations": 855,
  "coil_currents": [
    9647455.793300629,
    9653491.40425664,
    9781561.743119115,
    9610971.67963595,
    9887934.097776748
  ],
  "coil_surface_distance": 1.2390699259990678
}