{
  "nfp": 4,
  "ncoils": 6,
  "R0": 11.34443056562854,
  "R1": 4.501153064976059,
  "order": 8,
  "nphi": 32,
  "ntheta": 32,
  "length_target": 37.857911249121955,
  "length_weight": 0.4029276023241341,
  "max_curvature_threshold": 2.4461188068360773,
  "max_curvature_weight": 8.307591223003618e-05,
  "msc_threshold": 3.0311605629424427,
  "msc_weight": 3.319628961072297e-05,
  "JF": 0.008246538096814448,
  "Jf": 0.007893049010240313,
  "BdotN": 0.011853361509156352,
  "lengths": [
    33.909514224650415,
    33.45528398968253,
    37.27745253527278,
    38.8116899529659,
    35.6600543716129,
    48.03371738182321
  ],
  "length": 227.14771245600772,
  "max_curvatures": [
    1.8078473080722828,
    3.9489121303645125,
    2.5567311640584705,
    3.7580557591199915,
    7.108127541889674,
    4.145103388302897
  ],
  "max_max_curvature": 7.108127541889674,
  "coil_coil_distance": 1.0942923689109407,
  "cc_threshold": 1.0946450450967702,
  "cc_weight": 66.20407208623614,
  "gradient_norm": 0.16593228778027638,
  "linking_number": 0,
  "directory": "ncoils_6_order_8_R1_4.5_length_target_3.8e+01_weight_0.4_max_curvature_2.4_weight_8.3e-05_msc_3.0_weight_3.3e-05_cc_1.1_weight_6.6e+01",
  "mean_squared_curvatures": [
    0.24196214250931183,
    1.0480042556564264,
    0.31090808785832913,
    0.7181996057658125,
    1.1646275547008815,
    0.9083293083847294
  ],
  "max_mean_squared_curvature": 1.1646275547008815,
  "message": "STOP: TOTAL NO. of ITERATIONS REACHED LIMIT",
  "success": false,
  "iterations": 700,
  "function_evaluations": 873,
  "coil_currents": [
    7961930.131323008,
    8336163.521030901,
    7531393.495621547,
    8425064.98569923,
    8097840.304745274,
    8229022.279669121
  ],
  "coil_surface_distance": 1.028837143589111
}