{
  "nfp": 4,
  "R0": 11.34443056562854,
  "R1": 4.466984697859816,
  "ncoils": 6,
  "order": 10,
  "nphi": 32,
  "ntheta": 32,
  "length_target": 38.392702763438116,
  "length_weight": 1.3664707114572432,
  "max_curvature_threshold": 6.599136405402423,
  "max_curvature_weight": 0.0004395430874285337,
  "msc_threshold": 2.107522935833688,
  "msc_weight": 1.247051706789053e-05,
  "JF": 0.0005305162146116889,
  "Jf": 0.0005303149579622889,
  "BdotN": 0.00445544942153261,
  "lengths": [
    37.1055759117599,
    38.0205224757729,
    37.6882925307795,
    36.91049847091102,
    37.75726445243219,
    42.87361633860208
  ],
  "length": 230.35577018025762,
  "max_curvatures": [
    6.196418339745743,
    6.112187405321997,
    6.5379453500647005,
    6.588940239732532,
    5.214995588063445,
    6.629524395765329
  ],
  "max_max_curvature": 6.629524395765329,
  "coil_coil_distance": 0.7852137846987127,
  "cc_threshold": 0.785276045257273,
  "cc_weight": 31.969847809193645,
  "gradient_norm": 0.018972957146325582,
  "linking_number": 0,
  "directory": "ncoils_6_order_10_R1_4.5_length_target_3.8e+01_weight_1.4_max_curvature_6.6_weight_0.00044_msc_2.1_weight_1.2e-05_cc_0.79_weight_3.2e+01",
  "mean_squared_curvatures": [
    0.4925143022369261,
    0.5013852484143407,
    0.6249815708379634,
    0.8030584193936858,
    0.5984030631000395,
    0.8217232013718466
  ],
  "max_mean_squared_curvature": 0.8217232013718466,
  "message": "STOP: TOTAL NO. of ITERATIONS REACHED LIMIT",
  "success": false,
  "iterations": 700,
  "function_evaluations": 848,
  "coil_currents": [
    7935647.14765127,
    7864535.676718604,
    8060115.01780937,
    7794335.089328041,
    7896020.192845469,
    9030761.593736328
  ],
  "coil_surface_distance": 1.205055667713932
}