{
  "nfp": 4,
  "R0": 11.34443056562854,
  "R1": 4.710224170262329,
  "ncoils": 5,
  "order": 11,
  "nphi": 32,
  "ntheta": 32,
  "length_target": 40.81549532623885,
  "length_weight": 2.4496209799670123,
  "max_curvature_threshold": 6.422814565149744,
  "max_curvature_weight": 8.659910100649505e-05,
  "msc_threshold": 4.737724324550825,
  "msc_weight": 3.586785436349079e-05,
  "JF": 0.013121200725305985,
  "Jf": 0.012871248541042575,
  "BdotN": 0.018715000081136374,
  "lengths": [
    38.037672599973725,
    37.76539763913788,
    39.10686600859369,
    39.71879239473173,
    49.44915219725858
  ],
  "length": 204.0778808396956,
  "max_curvatures": [
    5.498459586090193,
    6.804210597787334,
    9.308790208819577,
    5.800266283011857,
    17.89836148229433
  ],
  "max_max_curvature": 17.89836148229433,
  "coil_coil_distance": 1.1582287683776478,
  "cc_threshold": 1.1682154757896726,
  "cc_weight": 2.968071430698619,
  "gradient_norm": 4013.620614282319,
  "linking_number": 0,
  "directory": "ncoils_5_order_11_R1_4.7_length_target_4.1e+01_weight_2.4_max_curvature_6.4_weight_8.7e-05_msc_4.7_weight_3.6e-05_cc_1.2_weight_3.0",
  "mean_squared_curvatures": [
    0.6300160976334582,
    0.5416359042957279,
    1.0645035267926184,
    0.7935101084931228,
    1.9037913443844867
  ],
  "max_mean_squared_curvature": 1.9037913443844867,
  "message": "STOP: TOTAL NO. of ITERATIONS REACHED LIMIT",
  "success": false,
  "iterations": 700,
  "function_evaluations": 941,
  "coil_currents": [
    9580373.242755584,
    9559388.665777652,
    9612022.339303663,
    9652108.377488673,
    10177522.092763506
  ],
  "coil_surface_distance": 0.9773321381745287
}