{
  "nfp": 4,
  "R0": 11.34443056562854,
  "R1": 4.397345060063706,
  "ncoils": 6,
  "order": 12,
  "nphi": 32,
  "ntheta": 32,
  "length_target": 43.18995030616356,
  "length_weight": 0.018768660836739455,
  "max_curvature_threshold": 1.39291231782631,
  "max_curvature_weight": 0.007444268595467945,
  "msc_threshold": 4.373885403627545,
  "msc_weight": 6.589398342391656e-07,
  "JF": 0.0004577816511244553,
  "Jf": 0.0004554632719529322,
  "BdotN": 0.004721465900229735,
  "lengths": [
    45.773239521649785,
    41.310983795193536,
    37.185779107341354,
    39.455963455248146,
    45.85655033398662,
    49.55864841129307
  ],
  "length": 259.1411646247125,
  "max_curvatures": [
    1.4065955557133196,
    1.407356632721525,
    1.4130782167841291,
    1.3948054788004587,
    1.405374613743057,
    1.391664608452737
  ],
  "max_max_curvature": 1.4130782167841291,
  "coil_coil_distance": 0.8377400257186706,
  "cc_threshold": 0.8409737310590302,
  "cc_weight": 1.692479282336926,
  "gradient_norm": 0.0024489460645677847,
  "linking_number": 0,
  "directory": "ncoils_6_order_12_R1_4.4_length_target_4.3e+01_weight_0.019_max_curvature_1.4_weight_0.0074_msc_4.4_weight_6.6e-07_cc_0.84_weight_1.7",
  "mean_squared_curvatures": [
    0.3004813733034692,
    0.28460521641128084,
    0.4443257564065746,
    0.31001624214037254,
    0.39543435903574414,
    0.3915805475697154
  ],
  "max_mean_squared_curvature": 0.4443257564065746,
  "message": "STOP: TOTAL NO. of ITERATIONS REACHED LIMIT",
  "success": false,
  "iterations": 700,
  "function_evaluations": 776,
  "coil_currents": [
    9462592.776862381,
    8380689.731953275,
    8328407.020162398,
    7520227.060929079,
    461866.99472283374,
    14427631.133459106
  ],
  "coil_surface_distance": 0.14297430566422034
}