{
  "nfp": 4,
  "R0": 11.34443056562854,
  "R1": 4.441204509539736,
  "ncoils": 5,
  "order": 14,
  "nphi": 32,
  "ntheta": 32,
  "length_target": 32.971191080225296,
  "length_weight": 0.13537855643376634,
  "max_curvature_threshold": 4.159329758463912,
  "max_curvature_weight": 0.0019172175437304165,
  "msc_threshold": 2.6744732511923135,
  "msc_weight": 7.45010255610869e-05,
  "JF": 0.000404397776906976,
  "Jf": 0.00040260263480740776,
  "BdotN": 0.004359265606076977,
  "lengths": [
    34.82513969752009,
    33.41799372553125,
    32.537135599414164,
    33.23600467595633,
    30.840110883913656
  ],
  "length": 164.85638458233552,
  "max_curvatures": [
    4.163159031660945,
    4.1634679578144995,
    4.060513266395997,
    4.162582946533692,
    4.162489547182314
  ],
  "max_max_curvature": 4.1634679578144995,
  "coil_coil_distance": 0.8572611557917631,
  "cc_threshold": 0.8605609351664256,
  "cc_weight": 0.7906562576187459,
  "gradient_norm": 0.0013272049847287274,
  "linking_number": 0,
  "directory": "ncoils_5_order_14_R1_4.4_length_target_3.3e+01_weight_0.14_max_curvature_4.2_weight_0.0019_msc_2.7_weight_7.5e-05_cc_0.86_weight_0.79",
  "mean_squared_curvatures": [
    0.29032134817108773,
    0.41411390599944875,
    0.6341178833103085,
    0.5303900038072265,
    0.6213069695051763
  ],
  "max_mean_squared_curvature": 0.6341178833103085,
  "message": "STOP: TOTAL NO. of ITERATIONS REACHED LIMIT",
  "success": false,
  "iterations": 700,
  "function_evaluations": 790,
  "coil_currents": [
    10115417.160687746,
    9943740.646080844,
    9815029.474646082,
    9892319.143279165,
    8814908.293395244
  ],
  "coil_surface_distance": 1.2346020010602448
}