{
  "nfp": 4,
  "R0": 11.34443056562854,
  "R1": 4.879073351368842,
  "ncoils": 4,
  "order": 7,
  "nphi": 32,
  "ntheta": 32,
  "length_target": 32.820211758038546,
  "length_weight": 0.01699046164716648,
  "max_curvature_threshold": 0.45101143651515935,
  "max_curvature_weight": 0.00010256447546766744,
  "msc_threshold": 2.7629081154308146,
  "msc_weight": 2.5786000617415985e-07,
  "JF": 0.005707064167133986,
  "Jf": 0.005387497333442734,
  "BdotN": 0.01250431571855724,
  "lengths": [
    34.747085034580444,
    33.956127369213334,
    33.384400236160864,
    29.21450671468464
  ],
  "length": 131.30211935463927,
  "max_curvatures": [
    1.3818347594952767,
    1.6598492113647967,
    1.6048911972473403,
    2.3089169503962643
  ],
  "max_max_curvature": 2.3089169503962643,
  "coil_coil_distance": 1.1295637861664662,
  "cc_threshold": 1.1392297841301784,
  "cc_weight": 1.3232488692377928,
  "gradient_norm": 0.0012641132505593637,
  "linking_number": 0,
  "directory": "ncoils_4_order_7_R1_4.9_length_target_3.3e+01_weight_0.017_max_curvature_0.45_weight_0.0001_msc_2.8_weight_2.6e-07_cc_1.1_weight_1.3",
  "mean_squared_curvatures": [
    0.1352522207103329,
    0.1411472499321554,
    0.22894912573682313,
    0.30664708963629317
  ],
  "max_mean_squared_curvature": 0.30664708963629317,
  "message": "STOP: TOTAL NO. of ITERATIONS REACHED LIMIT",
  "success": false,
  "iterations": 700,
  "function_evaluations": 729,
  "coil_currents": [
    12680435.677480433,
    13757988.119276375,
    13954138.694220364,
    8188852.227111913
  ],
  "coil_surface_distance": 1.1753518592389123
}