{
  "nfp": 4,
  "R0": 11.34443056562854,
  "R1": 4.676088763616245,
  "ncoils": 6,
  "order": 15,
  "nphi": 32,
  "ntheta": 32,
  "length_target": 29.590491788063694,
  "length_weight": 14.050261662332078,
  "max_curvature_threshold": 2.600189663172801,
  "max_curvature_weight": 0.0005632735294702055,
  "msc_threshold": 7.9528168354546,
  "msc_weight": 1.2696458952320427e-07,
  "JF": 0.01852303693875232,
  "Jf": 0.014661033570499674,
  "BdotN": 0.026281461668633842,
  "lengths": [
    30.146801002721393,
    30.071352615550783,
    29.908039728173577,
    32.77840851976824,
    33.126823847259224,
    21.513007937071432
  ],
  "length": 177.54443365054465,
  "max_curvatures": [
    2.683338741303239,
    3.0146427840823153,
    2.828626451455489,
    3.7065838640230453,
    3.223606004785323,
    9.82421475922602
  ],
  "max_max_curvature": 9.82421475922602,
  "coil_coil_distance": 1.0563882437184793,
  "cc_threshold": 1.0574694504272184,
  "cc_weight": 308.2259259346066,
  "gradient_norm": 0.6241669206427849,
  "linking_number": 0,
  "directory": "ncoils_6_order_15_R1_4.7_length_target_3e+01_weight_1.4e+01_max_curvature_2.6_weight_0.00056_msc_8.0_weight_1.3e-07_cc_1.1_weight_3.1e+02",
  "mean_squared_curvatures": [
    0.22392397996734031,
    0.2632144720043707,
    0.3322042173548779,
    0.532296037000004,
    0.4404771455058452,
    2.640099869570799
  ],
  "max_mean_squared_curvature": 2.640099869570799,
  "message": "STOP: TOTAL NO. of ITERATIONS REACHED LIMIT",
  "success": false,
  "iterations": 700,
  "function_evaluations": 794,
  "coil_currents": [
    8004501.844972658,
    8091190.341283127,
    8125317.042106536,
    8456786.128502395,
    8500257.840799158,
    7403361.520425208
  ],
  "coil_surface_distance": 0.053231937281436874
}