{
  "nfp": 4,
  "ncoils": 6,
  "R0": 11.34443056562854,
  "R1": 4.518739562992275,
  "order": 6,
  "nphi": 32,
  "ntheta": 32,
  "length_target": 37.9965532463454,
  "length_weight": 8.81820382687298,
  "max_curvature_threshold": 2.8413081986861526,
  "max_curvature_weight": 2.6402821533893454e-05,
  "msc_threshold": 2.434510867103758,
  "msc_weight": 1.9949814789587277e-06,
  "JF": 0.0013800156802885994,
  "Jf": 0.001343835021089456,
  "BdotN": 0.006903701790900193,
  "lengths": [
    37.15504150533701,
    38.172260424095334,
    38.29400529868036,
    35.89673200830016,
    36.98506646609192,
    41.476641040645355
  ],
  "length": 227.97974674315012,
  "max_curvatures": [
    2.4312433987924837,
    1.2282701549615074,
    3.3929255743166062,
    1.1808286289186054,
    3.8537123037825722,
    6.296502952586499
  ],
  "max_max_curvature": 6.296502952586499,
  "coil_coil_distance": 0.6687990649576223,
  "cc_threshold": 0.6678823269133545,
  "cc_weight": 2868.1776628050397,
  "gradient_norm": 0.08153524638011085,
  "linking_number": 0,
  "directory": "ncoils_6_order_6_R1_4.5_length_target_3.8e+01_weight_8.8_max_curvature_2.8_weight_2.6e-05_msc_2.4_weight_2e-06_cc_0.67_weight_2.9e+03",
  "mean_squared_curvatures": [
    0.1741637889795615,
    0.12755250173753985,
    0.23696882330012803,
    0.12832149698279902,
    0.48381708721685884,
    0.4492529046244573
  ],
  "max_mean_squared_curvature": 0.48381708721685884,
  "message": "STOP: TOTAL NO. of ITERATIONS REACHED LIMIT",
  "success": false,
  "iterations": 700,
  "function_evaluations": 1526,
  "coil_currents": [
    8109084.645049284,
    8134742.601242657,
    8271407.044901901,
    8018576.155596191,
    8026497.984073846,
    8021106.287225202
  ],
  "coil_surface_distance": 1.24486077986801
}