{
  "nfp": 4,
  "ncoils": 6,
  "R0": 11.34443056562854,
  "R1": 4.57972411838594,
  "order": 13,
  "nphi": 32,
  "ntheta": 32,
  "length_target": 37.49299359289248,
  "length_weight": 2.6046467296002334,
  "max_curvature_threshold": 1.0350992844277012,
  "max_curvature_weight": 4.1692107502695724e-05,
  "msc_threshold": 1.6244076554748568,
  "msc_weight": 6.884701914177088e-05,
  "JF": 0.002465822913442527,
  "Jf": 0.0014995888840596537,
  "BdotN": 0.01281876817777267,
  "lengths": [
    35.14821257860921,
    35.98544956981766,
    36.43619147971394,
    36.81043414793438,
    42.38055103884203,
    38.19717417652603
  ],
  "length": 224.95801299144327,
  "max_curvatures": [
    3.465953618164604,
    2.98256153088456,
    4.013446637654965,
    4.259900472106524,
    5.969664613855266,
    3.284546859338632
  ],
  "max_max_curvature": 5.969664613855266,
  "coil_coil_distance": 0.6814670769086414,
  "cc_threshold": 0.6813778705167226,
  "cc_weight": 2025.9291629352128,
  "gradient_norm": 0.015413791240919038,
  "linking_number": 0,
  "directory": "ncoils_6_order_13_R1_4.6_length_target_3.7e+01_weight_2.6_max_curvature_1.0_weight_4.2e-05_msc_1.6_weight_6.9e-05_cc_0.68_weight_2e+03",
  "mean_squared_curvatures": [
    0.5830947010652267,
    0.6428089293726822,
    0.8553204966147632,
    1.024279102842825,
    1.177169988426104,
    0.7450026492135832
  ],
  "max_mean_squared_curvature": 1.177169988426104,
  "message": "STOP: TOTAL NO. of ITERATIONS REACHED LIMIT",
  "success": false,
  "iterations": 500,
  "function_evaluations": 729,
  "coil_currents": [
    7976821.440080366,
    8005871.129836782,
    8066749.5748644015,
    8033056.650036029,
    8117446.137087924,
    8381469.786183581
  ],
  "coil_surface_distance": 1.1317470505800498
}