{
  "nfp": 4,
  "R0": 11.34443056562854,
  "R1": 4.816934241874395,
  "ncoils": 4,
  "order": 14,
  "nphi": 32,
  "ntheta": 32,
  "length_target": 38.848998028495004,
  "length_weight": 0.1528644747718177,
  "max_curvature_threshold": 0.7060321792842632,
  "max_curvature_weight": 2.554871735940121e-06,
  "msc_threshold": 6.70318635499697,
  "msc_weight": 7.985902007959888e-06,
  "JF": 0.005148827854369542,
  "Jf": 0.005022310956514638,
  "BdotN": 0.013054470798882667,
  "lengths": [
    37.317112944155625,
    36.82961082497691,
    39.44661113781652,
    41.80459095539309
  ],
  "length": 155.39792586234213,
  "max_curvatures": [
    5.782016466720087,
    4.4356443534985495,
    9.316493521379634,
    14.66062345817993
  ],
  "max_max_curvature": 14.66062345817993,
  "coil_coil_distance": 1.1586865231562304,
  "cc_threshold": 1.1588277508753644,
  "cc_weight": 589.6439500157735,
  "gradient_norm": 0.06125524549404701,
  "linking_number": 0,
  "directory": "ncoils_4_order_14_R1_4.8_length_target_3.9e+01_weight_0.15_max_curvature_0.71_weight_2.6e-06_msc_6.7_weight_8e-06_cc_1.2_weight_5.9e+02",
  "mean_squared_curvatures": [
    0.4392582058421165,
    0.5312240664465958,
    1.3169978791102166,
    2.0772450233560527
  ],
  "max_mean_squared_curvature": 2.0772450233560527,
  "message": "STOP: TOTAL NO. of ITERATIONS REACHED LIMIT",
  "success": false,
  "iterations": 700,
  "function_evaluations": 943,
  "coil_currents": [
    12233894.234908326,
    12156718.598955616,
    12186307.180541772,
    12004494.703683369
  ],
  "coil_surface_distance": 0.8962083953416046
}