{
  "nfp": 4,
  "ncoils": 6,
  "R0": 11.34443056562854,
  "R1": 4.623427555939279,
  "order": 13,
  "nphi": 32,
  "ntheta": 32,
  "length_target": 37.53119301831822,
  "length_weight": 3.4285716576022014,
  "max_curvature_threshold": 3.5766297061527044,
  "max_curvature_weight": 1.679243245041242e-05,
  "msc_threshold": 1.639006044180816,
  "msc_weight": 8.431507449974184e-06,
  "JF": 0.00029180000059839074,
  "Jf": 0.0002898862724058198,
  "BdotN": 0.005053583293042331,
  "lengths": [
    37.59549646735972,
    37.781151419588156,
    38.03451525412199,
    37.504188208014604,
    36.65289406443402,
    37.61897122420167
  ],
  "length": 225.18721663772016,
  "max_curvatures": [
    3.8323294893782007,
    3.8263942382555185,
    4.029740223097472,
    4.558836197988246,
    4.4756302242405335,
    4.445812393203463
  ],
  "max_max_curvature": 4.558836197988246,
  "coil_coil_distance": 0.6041103601320437,
  "cc_threshold": 0.6041627869358931,
  "cc_weight": 357.6001077527486,
  "gradient_norm": 0.00834834520537441,
  "linking_number": 0,
  "directory": "ncoils_6_order_13_R1_4.6_length_target_3.8e+01_weight_3.4_max_curvature_3.6_weight_1.7e-05_msc_1.6_weight_8.4e-06_cc_0.6_weight_3.6e+02",
  "mean_squared_curvatures": [
    0.7751385661740974,
    0.6621763728742543,
    0.5219580074627252,
    0.4552629357282451,
    0.918086304887395,
    0.6391565797370452
  ],
  "max_mean_squared_curvature": 0.918086304887395,
  "message": "STOP: TOTAL NO. of ITERATIONS REACHED LIMIT",
  "success": false,
  "iterations": 700,
  "function_evaluations": 960,
  "coil_currents": [
    8009672.160333521,
    8011233.216811196,
    8052029.564018003,
    8015629.588643735,
    8055503.68870545,
    8437346.499577172
  ],
  "coil_surface_distance": 1.2670749854044785
}