{
  "nfp": 4,
  "R0": 11.34443056562854,
  "R1": 4.3898923380775114,
  "ncoils": 6,
  "order": 9,
  "nphi": 32,
  "ntheta": 32,
  "length_target": 33.948143402424165,
  "length_weight": 0.7246009280096116,
  "max_curvature_threshold": 4.875070087055105,
  "max_curvature_weight": 2.5717425791642027e-06,
  "msc_threshold": 6.8264254137335545,
  "msc_weight": 1.556637503411561e-07,
  "JF": 0.05689912406596363,
  "Jf": 0.05637893179447155,
  "BdotN": 0.08735989249422775,
  "lengths": [
    36.5538061401737,
    34.782077676388454,
    45.76645861408895,
    26.61056132134902,
    29.43044830257305,
    30.546689512844615
  ],
  "length": 203.69004156741778,
  "max_curvatures": [
    21.878075845827453,
    35.924359296477895,
    25.405689680270722,
    11.676942415079166,
    46.204773502869365,
    83.55175066639788
  ],
  "max_max_curvature": 83.55175066639788,
  "coil_coil_distance": 1.0752665234008274,
  "cc_threshold": 1.075590747383761,
  "cc_weight": 658.2540385784896,
  "gradient_norm": 1.5380001919829938,
  "linking_number": 0,
  "directory": "ncoils_6_order_9_R1_4.4_length_target_3.4e+01_weight_0.72_max_curvature_4.9_weight_2.6e-06_msc_6.8_weight_1.6e-07_cc_1.1_weight_6.6e+02",
  "mean_squared_curvatures": [
    1.6697076204703762,
    3.166964708008574,
    2.730393945156979,
    1.7641432679876194,
    3.8686122038342505,
    9.376335361787033
  ],
  "max_mean_squared_curvature": 9.376335361787033,
  "message": "STOP: TOTAL NO. of ITERATIONS REACHED LIMIT",
  "success": false,
  "iterations": 700,
  "function_evaluations": 897,
  "coil_currents": [
    9099901.075629579,
    9301283.783565272,
    9696459.465986496,
    8408157.818839725,
    7970258.807993317,
    4105353.7660746872
  ],
  "coil_surface_distance": 0.08582118098162099
}