{
  "nfp": 4,
  "R0": 11.34443056562854,
  "R1": 4.367402308931746,
  "ncoils": 5,
  "order": 14,
  "nphi": 32,
  "ntheta": 32,
  "length_target": 40.05374771363963,
  "length_weight": 17.623902138435795,
  "max_curvature_threshold": 7.753295900226586,
  "max_curvature_weight": 0.0009242586096031812,
  "msc_threshold": 1.529164967884602,
  "msc_weight": 9.261329853611264e-05,
  "JF": 0.018486351720667427,
  "Jf": 0.018177554779014702,
  "BdotN": 0.02254657098038942,
  "lengths": [
    34.960094991751305,
    37.1422814619296,
    39.87463162286037,
    39.475522239403915,
    48.816768579336724
  ],
  "length": 200.2692988952819,
  "max_curvatures": [
    8.03214764520107,
    7.394957857620316,
    8.693113963394117,
    7.458423707813617,
    8.044035894600711
  ],
  "max_max_curvature": 8.693113963394117,
  "coil_coil_distance": 1.1218509444115892,
  "cc_threshold": 1.1236287826579936,
  "cc_weight": 347.91742298637337,
  "gradient_norm": 0.6483256693745312,
  "linking_number": 0,
  "directory": "ncoils_5_order_14_R1_4.4_length_target_4e+01_weight_1.8e+01_max_curvature_7.8_weight_0.00092_msc_1.5_weight_9.3e-05_cc_1.1_weight_3.5e+02",
  "mean_squared_curvatures": [
    2.0753632369074784,
    2.268045341689323,
    2.8027049626148104,
    2.7501378364454974,
    2.221685616914117
  ],
  "max_mean_squared_curvature": 2.8027049626148104,
  "message": "STOP: TOTAL NO. of ITERATIONS REACHED LIMIT",
  "success": false,
  "iterations": 700,
  "function_evaluations": 818,
  "coil_currents": [
    9480052.304511964,
    9522461.778127003,
    9592408.713192133,
    9647208.585116105,
    10339283.337141879
  ],
  "coil_surface_distance": 1.0286751510833017
}