{
  "nfp": 4,
  "R0": 11.34443056562854,
  "R1": 4.654196741722025,
  "ncoils": 3,
  "order": 7,
  "nphi": 32,
  "ntheta": 32,
  "length_target": 46.2120717373696,
  "length_weight": 2.1346564958894407,
  "max_curvature_threshold": 0.4552110252939158,
  "max_curvature_weight": 0.000409857809982465,
  "msc_threshold": 7.590102879717909,
  "msc_weight": 1.1819276597497983e-07,
  "JF": 2.7087259698611756,
  "Jf": 2.6117614904087683,
  "BdotN": 0.2143865528867802,
  "lengths": [
    55.35449602101017,
    41.67454530276846,
    41.46704253482317
  ],
  "length": 138.4960838586018,
  "max_curvatures": [
    1.653019278723456,
    7.872137276985256,
    2.467888427261215
  ],
  "max_max_curvature": 7.872137276985256,
  "coil_coil_distance": 0.29962127192139165,
  "cc_threshold": 0.8239233356952083,
  "cc_weight": 0.23784445368091614,
  "gradient_norm": 5.36947782841958,
  "linking_number": 8,
  "directory": "ncoils_3_order_7_R1_4.7_length_target_4.6e+01_weight_2.1_max_curvature_0.46_weight_0.00041_msc_7.6_weight_1.2e-07_cc_0.82_weight_0.24",
  "mean_squared_curvatures": [
    0.1523586263973094,
    0.34633262499489714,
    0.1940869321517977
  ],
  "max_mean_squared_curvature": 0.34633262499489714,
  "message": "ABNORMAL_TERMINATION_IN_LNSRCH",
  "success": false,
  "iterations": 36,
  "function_evaluations": 146,
  "coil_currents": [
    15611939.529447464,
    15929809.190142429,
    17039665.99849919
  ],
  "coil_surface_distance": 1.5842886883990486
}