{
  "nfp": 4,
  "R0": 11.34443056562854,
  "R1": 4.16186264327606,
  "ncoils": 4,
  "order": 8,
  "nphi": 32,
  "ntheta": 32,
  "length_target": 42.14259481716115,
  "length_weight": 13.187603508555657,
  "max_curvature_threshold": 4.415121205145063,
  "max_curvature_weight": 5.245411049252376e-06,
  "msc_threshold": 0.9345584747821414,
  "msc_weight": 1.966083985469091e-06,
  "JF": 0.0013895005493747214,
  "Jf": 0.001349152966540447,
  "BdotN": 0.006787567133160735,
  "lengths": [
    42.83284622709057,
    41.8505135243094,
    41.94394883596736,
    41.94362737384386
  ],
  "length": 168.57093596121118,
  "max_curvatures": [
    6.598861188827824,
    7.409137369723537,
    8.483112674047726,
    10.404250204009289
  ],
  "max_max_curvature": 10.404250204009289,
  "coil_coil_distance": 0.7276611474107747,
  "cc_threshold": 0.7441710201493617,
  "cc_weight": 0.15903890177367622,
  "gradient_norm": 0.19036643641038486,
  "linking_number": 0,
  "directory": "ncoils_4_order_8_R1_4.2_length_target_4.2e+01_weight_1.3e+01_max_curvature_4.4_weight_5.2e-06_msc_0.93_weight_2e-06_cc_0.74_weight_0.16",
  "mean_squared_curvatures": [
    0.6856380323859343,
    0.6049508620337152,
    1.073959321658976,
    1.0963650749888545
  ],
  "max_mean_squared_curvature": 1.0963650749888545,
  "message": "STOP: TOTAL NO. of ITERATIONS REACHED LIMIT",
  "success": false,
  "iterations": 700,
  "function_evaluations": 837,
  "coil_currents": [
    12471141.808546878,
    12254158.991013352,
    12196169.832547516,
    11659944.085981332
  ],
  "coil_surface_distance": 1.3833120400478
}