{
  "nfp": 4,
  "R0": 11.34443056562854,
  "R1": 4.894215363809261,
  "ncoils": 4,
  "order": 7,
  "nphi": 32,
  "ntheta": 32,
  "length_target": 29.646771375817217,
  "length_weight": 10.282859879909298,
  "max_curvature_threshold": 4.92194746375268,
  "max_curvature_weight": 2.3220427791611703e-06,
  "msc_threshold": 2.0936446210618844,
  "msc_weight": 4.1287218057644143e-07,
  "JF": 0.009122631580090326,
  "Jf": 0.009117026687039263,
  "BdotN": 0.016298747105653624,
  "lengths": [
    31.530850579851347,
    30.305832883711208,
    29.021218082809913,
    27.72931024293503
  ],
  "length": 118.58721178930749,
  "max_curvatures": [
    16.682646383434555,
    13.395937895674816,
    12.238757544441594,
    12.08261988844491
  ],
  "max_max_curvature": 16.682646383434555,
  "coil_coil_distance": 0.7509573251333139,
  "cc_threshold": 0.7281871566380409,
  "cc_weight": 339.70682336470816,
  "gradient_norm": 0.10467060136369583,
  "linking_number": 0,
  "directory": "ncoils_4_order_7_R1_4.9_length_target_3e+01_weight_1e+01_max_curvature_4.9_weight_2.3e-06_msc_2.1_weight_4.1e-07_cc_0.73_weight_3.4e+02",
  "mean_squared_curvatures": [
    0.17551587368723506,
    0.29167307277158533,
    0.36391992658367256,
    0.4921988314804517
  ],
  "max_mean_squared_curvature": 0.4921988314804517,
  "message": "STOP: TOTAL NO. of ITERATIONS REACHED LIMIT",
  "success": false,
  "iterations": 700,
  "function_evaluations": 827,
  "coil_currents": [
    12583897.077137802,
    12541240.927432217,
    12334878.602230301,
    11121398.111288764
  ],
  "coil_surface_distance": 1.3643223364553612
}