{
  "nfp": 4,
  "R0": 11.34443056562854,
  "R1": 4.475108222860694,
  "ncoils": 4,
  "order": 6,
  "nphi": 32,
  "ntheta": 32,
  "length_target": 32.00622563519472,
  "length_weight": 0.17478941076348098,
  "max_curvature_threshold": 0.08455753448032148,
  "max_curvature_weight": 0.002107149124078985,
  "msc_threshold": 6.7470276669245335,
  "msc_weight": 1.0491028577651247e-07,
  "JF": 0.012206258502821577,
  "Jf": 0.003915659501686372,
  "BdotN": 0.012068425986508438,
  "lengths": [
    34.65316040702942,
    33.07551121426267,
    31.31062061016278,
    28.988148986015744
  ],
  "length": 128.0274412174706,
  "max_curvatures": [
    0.46855669366839525,
    0.6264665008399237,
    0.8449157367577239,
    0.8534596589512788
  ],
  "max_max_curvature": 0.8534596589512788,
  "coil_coil_distance": 0.8219761917629091,
  "cc_threshold": 0.8223468808384835,
  "cc_weight": 11.92885630779477,
  "gradient_norm": 0.002172983963496043,
  "linking_number": 0,
  "directory": "ncoils_4_order_6_R1_4.5_length_target_3.2e+01_weight_0.17_max_curvature_0.085_weight_0.0021_msc_6.7_weight_1e-07_cc_0.82_weight_1.2e+01",
  "mean_squared_curvatures": [
    0.07183374020440539,
    0.08590480239296049,
    0.11312841213061818,
    0.14381020450862644
  ],
  "max_mean_squared_curvature": 0.14381020450862644,
  "message": "STOP: TOTAL NO. of ITERATIONS REACHED LIMIT",
  "success": false,
  "iterations": 700,
  "function_evaluations": 730,
  "coil_currents": [
    13371789.121184329,
    13300046.207810204,
    12347801.390926404,
    9561777.99816814
  ],
  "coil_surface_distance": 1.2406231460512251
}