{
  "nfp": 4,
  "R0": 11.34443056562854,
  "R1": 4.246408576160505,
  "ncoils": 5,
  "order": 10,
  "nphi": 32,
  "ntheta": 32,
  "length_target": 38.45120088074916,
  "length_weight": 55.54249511916794,
  "max_curvature_threshold": 6.451579117701453,
  "max_curvature_weight": 0.0002811081046016992,
  "msc_threshold": 1.5244430213260987,
  "msc_weight": 5.5537651595650314e-05,
  "JF": 0.00205595389025381,
  "Jf": 0.002016027700385987,
  "BdotN": 0.009013476058363012,
  "lengths": [
    40.8768831845683,
    39.286232032543296,
    37.36165837769992,
    36.58259173971759,
    38.14875846202498
  ],
  "length": 192.25612379655408,
  "max_curvatures": [
    5.308726354242718,
    5.2402777726825365,
    4.934014464064145,
    6.295268885934153,
    6.29385215525695
  ],
  "max_max_curvature": 6.295268885934153,
  "coil_coil_distance": 0.5409396274718495,
  "cc_threshold": 0.6026842271903581,
  "cc_weight": 0.04865287891439957,
  "gradient_norm": 0.15336756332994583,
  "linking_number": 0,
  "directory": "ncoils_5_order_10_R1_4.2_length_target_3.8e+01_weight_5.6e+01_max_curvature_6.5_weight_0.00028_msc_1.5_weight_5.6e-05_cc_0.6_weight_0.049",
  "mean_squared_curvatures": [
    0.4117717701783961,
    0.3857326483309376,
    0.34335931188328966,
    0.4636198161658653,
    0.550126264897879
  ],
  "max_mean_squared_curvature": 0.550126264897879,
  "message": "STOP: TOTAL NO. of ITERATIONS REACHED LIMIT",
  "success": false,
  "iterations": 700,
  "function_evaluations": 870,
  "coil_currents": [
    9713848.234896254,
    9622536.749576664,
    9633032.865255132,
    9678862.39188856,
    9933134.476472475
  ],
  "coil_surface_distance": 1.2750275645700706
}