{
  "nfp": 4,
  "R0": 11.34443056562854,
  "R1": 4.329144255194864,
  "ncoils": 6,
  "order": 13,
  "nphi": 32,
  "ntheta": 32,
  "length_target": 43.94885527281731,
  "length_weight": 4.412317891416935,
  "max_curvature_threshold": 4.2960083228153,
  "max_curvature_weight": 0.0019665441466391056,
  "msc_threshold": 6.490341161127917,
  "msc_weight": 1.439532723224761e-07,
  "JF": 13.23734899692377,
  "Jf": 13.102041133667358,
  "BdotN": 0.41750864223621525,
  "lengths": [
    56.71803306197798,
    47.48046394353676,
    42.334097302555044,
    39.42461178576687,
    38.83162163350473,
    38.89774975145716
  ],
  "length": 263.68657747879854,
  "max_curvatures": [
    18.281552060916372,
    21.144557133192148,
    16.333180548213804,
    13.834945970009253,
    18.52581360562183,
    15.04514017253956
  ],
  "max_max_curvature": 21.144557133192148,
  "coil_coil_distance": 0.033367369311866166,
  "cc_threshold": 0.6304294233520862,
  "cc_weight": 0.0513960941287283,
  "gradient_norm": 6.5063900281406175,
  "linking_number": 8,
  "directory": "ncoils_6_order_13_R1_4.3_length_target_4.4e+01_weight_4.4_max_curvature_4.3_weight_0.002_msc_6.5_weight_1.4e-07_cc_0.63_weight_0.051",
  "mean_squared_curvatures": [
    1.9230568761765259,
    1.5026303741117677,
    1.5394971602056748,
    0.7903915202980067,
    1.0561823078442079,
    1.2205275833719123
  ],
  "max_mean_squared_curvature": 1.9230568761765259,
  "message": "ABNORMAL_TERMINATION_IN_LNSRCH",
  "success": false,
  "iterations": 45,
  "function_evaluations": 152,
  "coil_currents": [
    6619556.81493202,
    6921009.242254954,
    7372566.353901856,
    7760470.152744817,
    7995199.135067329,
    11912613.019188106
  ],
  "coil_surface_distance": 2.390119630846157
}