{
  "nfp": 4,
  "R0": 11.34443056562854,
  "R1": 4.21631467661432,
  "ncoils": 5,
  "order": 9,
  "nphi": 32,
  "ntheta": 32,
  "length_target": 43.71869366604555,
  "length_weight": 8.540566586524834,
  "max_curvature_threshold": 2.206273034488425,
  "max_curvature_weight": 0.002771518043077062,
  "msc_threshold": 4.8508293424039755,
  "msc_weight": 4.376054436441533e-05,
  "JF": 0.0017258315780525916,
  "Jf": 0.0017233087202998532,
  "BdotN": 0.008437816390280583,
  "lengths": [
    43.671485890846675,
    47.29960423696213,
    42.404502858606016,
    40.523354501730076,
    44.694560855963125
  ],
  "length": 218.59350834410802,
  "max_curvatures": [
    2.2108251152632845,
    2.248302355872859,
    1.8281348168872749,
    1.5934712494489802,
    2.2305172356097316
  ],
  "max_max_curvature": 2.248302355872859,
  "coil_coil_distance": 0.8579185115676734,
  "cc_threshold": 0.8595008907178165,
  "cc_weight": 2.3260392494685327,
  "gradient_norm": 0.008654864162981007,
  "linking_number": 0,
  "directory": "ncoils_5_order_9_R1_4.2_length_target_4.4e+01_weight_8.5_max_curvature_2.2_weight_0.0028_msc_4.9_weight_4.4e-05_cc_0.86_weight_2.3",
  "mean_squared_curvatures": [
    0.14186973984899165,
    0.19167218427792093,
    0.24909171172495767,
    0.17778616144035267,
    0.2815122267897037
  ],
  "max_mean_squared_curvature": 0.2815122267897037,
  "message": "STOP: TOTAL NO. of ITERATIONS REACHED LIMIT",
  "success": false,
  "iterations": 700,
  "function_evaluations": 822,
  "coil_currents": [
    9894749.09588009,
    9764899.458815198,
    9700121.304542422,
    9511361.819325134,
    9710283.039526239
  ],
  "coil_surface_distance": 1.3013533036691145
}