{
  "nfp": 4,
  "R0": 11.34443056562854,
  "R1": 4.349309803690029,
  "ncoils": 4,
  "order": 6,
  "nphi": 32,
  "ntheta": 32,
  "length_target": 44.2177190945257,
  "length_weight": 0.13507018268452073,
  "max_curvature_threshold": 6.714518143493551,
  "max_curvature_weight": 6.333963137624589e-06,
  "msc_threshold": 1.4047696297716707,
  "msc_weight": 8.845225246054291e-07,
  "JF": 0.004486705221450709,
  "Jf": 0.004448498227056278,
  "BdotN": 0.014151761286581993,
  "lengths": [
    48.25185055959401,
    42.79095275069748,
    42.08290181093156,
    43.746158981868895
  ],
  "length": 176.87186410309195,
  "max_curvatures": [
    1.8332747860537235,
    10.768086360825713,
    4.9730144347503735,
    7.69874079346586
  ],
  "max_max_curvature": 10.768086360825713,
  "coil_coil_distance": 1.0962586869583633,
  "cc_threshold": 1.0998157583922705,
  "cc_weight": 1.2679537942058365,
  "gradient_norm": 0.003368100877737774,
  "linking_number": 0,
  "directory": "ncoils_4_order_6_R1_4.3_length_target_4.4e+01_weight_0.14_max_curvature_6.7_weight_6.3e-06_msc_1.4_weight_8.8e-07_cc_1.1_weight_1.3",
  "mean_squared_curvatures": [
    0.19256479044822367,
    0.525003216063058,
    0.44625812865883613,
    0.5300055889179797
  ],
  "max_mean_squared_curvature": 0.5300055889179797,
  "message": "STOP: TOTAL NO. of ITERATIONS REACHED LIMIT",
  "success": false,
  "iterations": 700,
  "function_evaluations": 767,
  "coil_currents": [
    12485449.740432119,
    12773387.437965615,
    11762378.744026393,
    11560198.795664959
  ],
  "coil_surface_distance": 1.3291376641417831
}