{
  "nfp": 4,
  "ncoils": 6,
  "R0": 11.34443056562854,
  "R1": 4.546723010851078,
  "order": 11,
  "nphi": 32,
  "ntheta": 32,
  "length_target": 32.535768844544954,
  "length_weight": 0.9640352328631449,
  "max_curvature_threshold": 2.7842060500343493,
  "max_curvature_weight": 1.954285651709525e-05,
  "msc_threshold": 0.8983086561629796,
  "msc_weight": 6.775468626661637e-05,
  "JF": 0.0007596154427762072,
  "Jf": 0.0007533691447056079,
  "BdotN": 0.005559494130710159,
  "lengths": [
    34.260788289101335,
    33.442398845462534,
    33.03415369070184,
    31.88423331773829,
    31.497608324854273,
    31.095936222890806
  ],
  "length": 195.21511869074908,
  "max_curvatures": [
    3.748746143308841,
    3.905501627040807,
    3.038686454284698,
    2.1716611775454115,
    3.19752882982857,
    3.3763691334927253
  ],
  "max_max_curvature": 3.905501627040807,
  "coil_coil_distance": 0.9265659439971389,
  "cc_threshold": 0.9299864420585577,
  "cc_weight": 2.574710149482436,
  "gradient_norm": 0.01203337583798742,
  "linking_number": 0,
  "directory": "ncoils_6_order_11_R1_4.5_length_target_3.3e+01_weight_0.96_max_curvature_2.8_weight_2e-05_msc_0.9_weight_6.8e-05_cc_0.93_weight_2.6",
  "mean_squared_curvatures": [
    0.18843292176422324,
    0.2775347843404589,
    0.2965599912071139,
    0.21122096777468677,
    0.5435435260115756,
    0.5837179800597356
  ],
  "max_mean_squared_curvature": 0.5837179800597356,
  "message": "STOP: TOTAL NO. of ITERATIONS REACHED LIMIT",
  "success": false,
  "iterations": 700,
  "function_evaluations": 748,
  "coil_currents": [
    8383736.985937624,
    8025226.905415753,
    8125049.945932252,
    7810391.186035361,
    7986828.144661071,
    8250181.550107017
  ],
  "coil_surface_distance": 1.1381657917272745
}