{
  "nfp": 4,
  "R0": 11.34443056562854,
  "R1": 4.502869365226885,
  "ncoils": 4,
  "order": 11,
  "nphi": 32,
  "ntheta": 32,
  "length_target": 30.05143768534948,
  "length_weight": 25.75756297188629,
  "max_curvature_threshold": 4.931684569603501,
  "max_curvature_weight": 0.0002519535586785966,
  "msc_threshold": 7.842279683124761,
  "msc_weight": 2.1032994053337438e-05,
  "JF": 0.00876535768869201,
  "Jf": 0.008760585694831673,
  "BdotN": 0.014749126403552715,
  "lengths": [
    31.72402754431011,
    30.47231678594644,
    29.401284987811014,
    28.60823547095331
  ],
  "length": 120.20586478902086,
  "max_curvatures": [
    5.294520158839939,
    5.351479218391324,
    3.596451154000733,
    2.959712350185478
  ],
  "max_max_curvature": 5.351479218391324,
  "coil_coil_distance": 1.006597960209671,
  "cc_threshold": 1.007827319147068,
  "cc_weight": 20.80544751094576,
  "gradient_norm": 0.24489854370796643,
  "linking_number": 0,
  "directory": "ncoils_4_order_11_R1_4.5_length_target_3e+01_weight_2.6e+01_max_curvature_4.9_weight_0.00025_msc_7.8_weight_2.1e-05_cc_1.0_weight_2.1e+01",
  "mean_squared_curvatures": [
    0.14444313925630156,
    0.15909251099734775,
    0.23785515675866764,
    0.2924418871492219
  ],
  "max_mean_squared_curvature": 0.2924418871492219,
  "message": "STOP: TOTAL NO. of ITERATIONS REACHED LIMIT",
  "success": false,
  "iterations": 700,
  "function_evaluations": 831,
  "coil_currents": [
    12371039.488620335,
    12305848.552675553,
    12168485.245236235,
    11736041.431556962
  ],
  "coil_surface_distance": 1.2541807182848002
}