{
  "nfp": 4,
  "R0": 11.34443056562854,
  "R1": 4.949562727117544,
  "ncoils": 3,
  "order": 14,
  "nphi": 32,
  "ntheta": 32,
  "length_target": 33.98372005532071,
  "length_weight": 0.023169294686716288,
  "max_curvature_threshold": 2.95047779459291,
  "max_curvature_weight": 0.008600393236421859,
  "msc_threshold": 3.6571511039362967,
  "msc_weight": 3.080259694477805e-05,
  "JF": 0.023182366682139827,
  "Jf": 0.022998174145093225,
  "BdotN": 0.024730048775031984,
  "lengths": [
    35.17598720075087,
    33.76779238096205,
    33.13310991403955
  ],
  "length": 102.07688949575247,
  "max_curvatures": [
    3.0500198725768373,
    3.017518164436784,
    2.5608325444620776
  ],
  "max_max_curvature": 3.0500198725768373,
  "coil_coil_distance": 0.9472635797555091,
  "cc_threshold": 0.9474563162860569,
  "cc_weight": 389.9186244537557,
  "gradient_norm": 0.16872898114929302,
  "linking_number": 0,
  "directory": "ncoils_3_order_14_R1_4.9_length_target_3.4e+01_weight_0.023_max_curvature_3.0_weight_0.0086_msc_3.7_weight_3.1e-05_cc_0.95_weight_3.9e+02",
  "mean_squared_curvatures": [
    0.0972805476651803,
    0.1898241809933842,
    0.25568799676273374
  ],
  "max_mean_squared_curvature": 0.25568799676273374,
  "message": "STOP: TOTAL NO. of ITERATIONS REACHED LIMIT",
  "success": false,
  "iterations": 700,
  "function_evaluations": 990,
  "coil_currents": [
    16235886.180007813,
    16247656.894550562,
    16097871.643530704
  ],
  "coil_surface_distance": 1.4693894703002968
}