{
  "nfp": 4,
  "R0": 11.34443056562854,
  "R1": 4.951618405352382,
  "ncoils": 4,
  "order": 13,
  "nphi": 32,
  "ntheta": 32,
  "length_target": 40.175396316031026,
  "length_weight": 3.3211265823170004,
  "max_curvature_threshold": 3.3767099039218453,
  "max_curvature_weight": 0.003094277312339061,
  "msc_threshold": 1.4402308539962232,
  "msc_weight": 2.519458593518072e-06,
  "JF": 0.003043661341127383,
  "Jf": 0.003038904497551965,
  "BdotN": 0.009584699672523057,
  "lengths": [
    42.356491428748804,
    40.69970190913956,
    39.68829245462301,
    37.95736320558609
  ],
  "length": 160.7018489980975,
  "max_curvatures": [
    3.459177225819859,
    2.0269072807777277,
    1.829902617057488,
    3.262201733551366
  ],
  "max_max_curvature": 3.459177225819859,
  "coil_coil_distance": 1.0162344539464807,
  "cc_threshold": 1.01763178523789,
  "cc_weight": 13.9457115533113,
  "gradient_norm": 0.022167487317962687,
  "linking_number": 0,
  "directory": "ncoils_4_order_13_R1_5.0_length_target_4e+01_weight_3.3_max_curvature_3.4_weight_0.0031_msc_1.4_weight_2.5e-06_cc_1.0_weight_1.4e+01",
  "mean_squared_curvatures": [
    0.4109448478079482,
    0.2543987476527578,
    0.2079767201431999,
    0.5153423940152703
  ],
  "max_mean_squared_curvature": 0.5153423940152703,
  "message": "STOP: TOTAL NO. of ITERATIONS REACHED LIMIT",
  "success": false,
  "iterations": 700,
  "function_evaluations": 780,
  "coil_currents": [
    12212590.250118159,
    12176745.117395923,
    12271498.681305625,
    11920580.669269376
  ],
  "coil_surface_distance": 1.3279906827086772
}