{
  "nfp": 4,
  "R0": 11.34443056562854,
  "R1": 4.246940375546781,
  "ncoils": 5,
  "order": 6,
  "nphi": 32,
  "ntheta": 32,
  "length_target": 42.45171026242818,
  "length_weight": 23.254326875206985,
  "max_curvature_threshold": 2.6636137491809575,
  "max_curvature_weight": 0.009466201469249196,
  "msc_threshold": 0.6639289988989288,
  "msc_weight": 6.386559290446983e-06,
  "JF": 0.003989353532555732,
  "Jf": 0.003969396270339369,
  "BdotN": 0.017370433020843883,
  "lengths": [
    44.2504466078203,
    44.76678910891141,
    43.683068489682185,
    39.17167327038702,
    40.386968178020965
  ],
  "length": 212.25894565482187,
  "max_curvatures": [
    2.6943522505533806,
    2.668783837510462,
    2.643393403842528,
    2.6052153097327326,
    2.67364917600592
  ],
  "max_max_curvature": 2.6943522505533806,
  "coil_coil_distance": 0.9764307919209568,
  "cc_threshold": 0.9800317158113809,
  "cc_weight": 1.3704790288853248,
  "gradient_norm": 0.20858691188794562,
  "linking_number": 0,
  "directory": "ncoils_5_order_6_R1_4.2_length_target_4.2e+01_weight_2.3e+01_max_curvature_2.7_weight_0.0095_msc_0.66_weight_6.4e-06_cc_0.98_weight_1.4",
  "mean_squared_curvatures": [
    0.23054680216229792,
    0.17326909336841434,
    0.30734063735777845,
    0.30162908948211586,
    0.31501247840648877
  ],
  "max_mean_squared_curvature": 0.31501247840648877,
  "message": "STOP: TOTAL NO. of ITERATIONS REACHED LIMIT",
  "success": false,
  "iterations": 700,
  "function_evaluations": 801,
  "coil_currents": [
    9708598.283409145,
    9691278.060788848,
    9832092.08363387,
    9692309.019515472,
    9657137.270741746
  ],
  "coil_surface_distance": 1.171277771823273
}