{
  "nfp": 4,
  "R0": 11.34443056562854,
  "R1": 4.99987889302512,
  "ncoils": 3,
  "order": 6,
  "nphi": 32,
  "ntheta": 32,
  "length_target": 31.785876424031578,
  "length_weight": 0.40472428803162536,
  "max_curvature_threshold": 1.5453258373306886,
  "max_curvature_weight": 1.5516410581800616e-05,
  "msc_threshold": 5.938690347279564,
  "msc_weight": 1.6205972322580973e-07,
  "JF": 0.05633332351249982,
  "Jf": 0.05619625104819172,
  "BdotN": 0.036234123993540646,
  "lengths": [
    33.04939694400554,
    31.50652781961614,
    30.818956411991856
  ],
  "length": 95.37488117561352,
  "max_curvatures": [
    5.594294416287864,
    9.554498515908625,
    2.3210319495884715
  ],
  "max_max_curvature": 9.554498515908625,
  "coil_coil_distance": 1.1521120844365575,
  "cc_threshold": 1.1662822054442081,
  "cc_weight": 2.770706687131888,
  "gradient_norm": 0.01353293071973077,
  "linking_number": 0,
  "directory": "ncoils_3_order_6_R1_5.0_length_target_3.2e+01_weight_0.4_max_curvature_1.5_weight_1.6e-05_msc_5.9_weight_1.6e-07_cc_1.2_weight_2.8",
  "mean_squared_curvatures": [
    0.1368420046004925,
    0.19540810343234558,
    0.2401234917413055
  ],
  "max_mean_squared_curvature": 0.2401234917413055,
  "message": "ABNORMAL_TERMINATION_IN_LNSRCH",
  "success": false,
  "iterations": 500,
  "function_evaluations": 667,
  "coil_currents": [
    16437973.656221537,
    16433194.988078177,
    15710246.073789366
  ],
  "coil_surface_distance": 1.3984092893235518
}