{
  "nfp": 4,
  "R0": 11.34443056562854,
  "R1": 4.374123634963223,
  "ncoils": 6,
  "order": 7,
  "nphi": 32,
  "ntheta": 32,
  "length_target": 39.67249324794453,
  "length_weight": 0.016209732208118128,
  "max_curvature_threshold": 5.399449508184286,
  "max_curvature_weight": 1.2067768350152952e-05,
  "msc_threshold": 1.3241342987692977,
  "msc_weight": 7.02478424355832e-07,
  "JF": 0.020182312932141722,
  "Jf": 0.01984435639594902,
  "BdotN": 0.031494462404244326,
  "lengths": [
    42.97345292964979,
    46.88933386239853,
    43.05841962580408,
    37.217767856012905,
    38.78559908662284,
    29.13081386002604
  ],
  "length": 238.05538722051418,
  "max_curvatures": [
    13.042598286607834,
    26.145217836863488,
    13.799468869372223,
    3.753609152572394,
    7.032803669040579,
    7.768406642903384
  ],
  "max_max_curvature": 26.145217836863488,
  "coil_coil_distance": 1.057807716466768,
  "cc_threshold": 1.0593063932171336,
  "cc_weight": 58.112010253245465,
  "gradient_norm": 0.11664807348589531,
  "linking_number": 0,
  "directory": "ncoils_6_order_7_R1_4.4_length_target_4e+01_weight_0.016_max_curvature_5.4_weight_1.2e-05_msc_1.3_weight_7e-07_cc_1.1_weight_5.8e+01",
  "mean_squared_curvatures": [
    1.68678070675091,
    2.080396331695894,
    1.2085289602091784,
    0.45666942462876386,
    0.7219292413151734,
    1.5870850079231515
  ],
  "max_mean_squared_curvature": 2.080396331695894,
  "message": "STOP: TOTAL NO. of ITERATIONS REACHED LIMIT",
  "success": false,
  "iterations": 700,
  "function_evaluations": 838,
  "coil_currents": [
    8100478.249667589,
    9479223.294918096,
    8742951.473525546,
    9144536.380489336,
    9692778.171338255,
    3421447.148150265
  ],
  "coil_surface_distance": 0.07877782362610601
}