{
  "nfp": 4,
  "R0": 11.34443056562854,
  "R1": 4.432804233341848,
  "ncoils": 5,
  "order": 12,
  "nphi": 32,
  "ntheta": 32,
  "length_target": 32.836419157862885,
  "length_weight": 0.8076558056880346,
  "max_curvature_threshold": 6.456496110943124,
  "max_curvature_weight": 0.00015845551864911115,
  "msc_threshold": 6.965059567401303,
  "msc_weight": 2.610495143174511e-07,
  "JF": 0.00026833824979509814,
  "Jf": 0.0002678629846219643,
  "BdotN": 0.004182752593829301,
  "lengths": [
    34.268155259227655,
    33.35559826972309,
    32.502426838791365,
    32.72887284803291,
    31.327178670020487
  ],
  "length": 164.1822318857955,
  "max_curvatures": [
    6.486628374936518,
    6.376434586505023,
    6.113060258173219,
    6.345164635486748,
    6.4916189633381824
  ],
  "max_max_curvature": 6.4916189633381824,
  "coil_coil_distance": 0.7155618351032863,
  "cc_threshold": 0.7200999344614103,
  "cc_weight": 0.384246627731547,
  "gradient_norm": 0.0022690380342244884,
  "linking_number": 0,
  "directory": "ncoils_5_order_12_R1_4.4_length_target_3.3e+01_weight_0.81_max_curvature_6.5_weight_0.00016_msc_7.0_weight_2.6e-07_cc_0.72_weight_0.38",
  "mean_squared_curvatures": [
    0.7843416624347246,
    0.5087241311931668,
    0.48581848643577796,
    0.3049132601246258,
    0.575506854561033
  ],
  "max_mean_squared_curvature": 0.7843416624347246,
  "message": "STOP: TOTAL NO. of ITERATIONS REACHED LIMIT",
  "success": false,
  "iterations": 700,
  "function_evaluations": 752,
  "coil_currents": [
    9963647.840403367,
    9875007.692171495,
    9685815.430626245,
    9736490.320533914,
    9320453.43435406
  ],
  "coil_surface_distance": 1.3114813326637091
}