{
  "nfp": 4,
  "R0": 11.34443056562854,
  "R1": 4.113998954124888,
  "ncoils": 6,
  "order": 6,
  "nphi": 32,
  "ntheta": 32,
  "length_target": 29.278232926310874,
  "length_weight": 0.4063095155092457,
  "max_curvature_threshold": 7.359597763144155,
  "max_curvature_weight": 1.360152687912606e-05,
  "msc_threshold": 2.991492104767652,
  "msc_weight": 1.3804188727702883e-05,
  "JF": 0.0040554760655824185,
  "Jf": 0.004024114716070991,
  "BdotN": 0.01003606317339758,
  "lengths": [
    30.385715174245973,
    29.201732681141596,
    31.495630144626674,
    30.411996942929495,
    28.059235086780575,
    26.116034303741902
  ],
  "length": 175.67034433346623,
  "max_curvatures": [
    13.032178007765305,
    2.933785670467672,
    6.8931715999799295,
    10.827980902153055,
    6.3934715620318885,
    4.5712846296488285
  ],
  "max_max_curvature": 13.032178007765305,
  "coil_coil_distance": 0.8444191403739185,
  "cc_threshold": 0.8497974007293417,
  "cc_weight": 200.04427421165434,
  "gradient_norm": 0.038637016359797924,
  "linking_number": 0,
  "directory": "ncoils_6_order_6_R1_4.1_length_target_2.9e+01_weight_0.41_max_curvature_7.4_weight_1.4e-05_msc_3.0_weight_1.4e-05_cc_0.85_weight_2e+02",
  "mean_squared_curvatures": [
    1.0425720793013888,
    0.24116103700435804,
    1.1808568395950128,
    2.029581762107764,
    0.7740684631811778,
    0.623176331114155
  ],
  "max_mean_squared_curvature": 2.029581762107764,
  "message": "CONVERGENCE: REL_REDUCTION_OF_F_<=_FACTR*EPSMCH",
  "success": true,
  "iterations": 459,
  "function_evaluations": 623,
  "coil_currents": [
    8308762.40180024,
    8221492.544609543,
    8208346.400472884,
    8186968.960520199,
    8142579.695073584,
    7513264.715612635
  ],
  "coil_surface_distance": 1.097474992850213
}