{
  "nfp": 4,
  "R0": 11.34443056562854,
  "R1": 4.1420160038499985,
  "ncoils": 5,
  "order": 9,
  "nphi": 32,
  "ntheta": 32,
  "length_target": 40.76335327389882,
  "length_weight": 0.06717414572068847,
  "max_curvature_threshold": 7.875502853834846,
  "max_curvature_weight": 1.2376802594212783e-05,
  "msc_threshold": 6.812019056110263,
  "msc_weight": 6.585481252714534e-06,
  "JF": 0.001098906629652958,
  "Jf": 0.0010687422616520441,
  "BdotN": 0.0065470232147231775,
  "lengths": [
    41.065293344910216,
    38.27059060248116,
    40.53121702091157,
    41.99459294076823,
    41.95634460256085
  ],
  "length": 203.818038511632,
  "max_curvatures": [
    10.097590698556644,
    7.490837909136079,
    9.677750436224837,
    4.660315812643139,
    8.240147327303552
  ],
  "max_max_curvature": 10.097590698556644,
  "coil_coil_distance": 1.0101216838836404,
  "cc_threshold": 1.0238779670128817,
  "cc_weight": 0.2106814671221968,
  "gradient_norm": 0.13473872184516247,
  "linking_number": 0,
  "directory": "ncoils_5_order_9_R1_4.1_length_target_4.1e+01_weight_0.067_max_curvature_7.9_weight_1.2e-05_msc_6.8_weight_6.6e-06_cc_1.0_weight_0.21",
  "mean_squared_curvatures": [
    1.1167265179380463,
    0.40497885484351814,
    0.8164750746317245,
    0.6036090024153888,
    0.9911544914934269
  ],
  "max_mean_squared_curvature": 1.1167265179380463,
  "message": "STOP: TOTAL NO. of ITERATIONS REACHED LIMIT",
  "success": false,
  "iterations": 700,
  "function_evaluations": 755,
  "coil_currents": [
    10235986.834933147,
    9480843.69748997,
    9567068.77249426,
    9031106.082041515,
    10266409.331130192
  ],
  "coil_surface_distance": 1.218914521472266
}