{
  "nfp": 4,
  "R0": 11.34443056562854,
  "R1": 4.697028112641536,
  "ncoils": 4,
  "order": 5,
  "nphi": 32,
  "ntheta": 32,
  "length_target": 31.81342580854065,
  "length_weight": 3.682276671614331,
  "max_curvature_threshold": 3.9122150832068825,
  "max_curvature_weight": 2.248860243399758e-05,
  "msc_threshold": 7.138477777150146,
  "msc_weight": 2.6982481964912774e-05,
  "JF": 0.003974699907760539,
  "Jf": 0.003954292363252043,
  "BdotN": 0.009432259166771366,
  "lengths": [
    34.96127648185871,
    33.19767920551819,
    30.94327335298,
    28.151549867399797
  ],
  "length": 127.2537789077567,
  "max_curvatures": [
    3.5722776524290136,
    2.611123069195002,
    3.4046420830965305,
    3.244270209411276
  ],
  "max_max_curvature": 3.5722776524290136,
  "coil_coil_distance": 0.9454110528142156,
  "cc_threshold": 0.9558964335115533,
  "cc_weight": 0.2549761720744773,
  "gradient_norm": 0.0012200991622990781,
  "linking_number": 0,
  "directory": "ncoils_4_order_5_R1_4.7_length_target_3.2e+01_weight_3.7_max_curvature_3.9_weight_2.2e-05_msc_7.1_weight_2.7e-05_cc_0.96_weight_0.25",
  "mean_squared_curvatures": [
    0.16325129333075802,
    0.19907848364683756,
    0.2105875524230513,
    0.2898626873556632
  ],
  "max_mean_squared_curvature": 0.2898626873556632,
  "message": "STOP: TOTAL NO. of ITERATIONS REACHED LIMIT",
  "success": false,
  "iterations": 700,
  "function_evaluations": 745,
  "coil_currents": [
    13465792.694055604,
    13313170.02562034,
    12468642.273606949,
    9333809.72480619
  ],
  "coil_surface_distance": 1.3353389243554403
}