{
  "nfp": 4,
  "R0": 11.34443056562854,
  "R1": 4.75704923911662,
  "ncoils": 6,
  "order": 6,
  "nphi": 32,
  "ntheta": 32,
  "length_target": 31.270189155590835,
  "length_weight": 28.16702311473697,
  "max_curvature_threshold": 2.266672618510409,
  "max_curvature_weight": 0.004233637259842295,
  "msc_threshold": 5.025667055370783,
  "msc_weight": 4.25353742493578e-07,
  "JF": 0.0011554842816012569,
  "Jf": 0.001144016664119019,
  "BdotN": 0.006089737749431268,
  "lengths": [
    32.259048164874784,
    31.516664148948372,
    30.858226663942663,
    30.16675088261315,
    30.712971972672108,
    32.107425356240455
  ],
  "length": 187.62108718929153,
  "max_curvatures": [
    0.895666035129669,
    0.8773190549173661,
    1.3496102571429514,
    2.2855897598962045,
    2.1647033615331255,
    2.131415149035497
  ],
  "max_max_curvature": 2.2855897598962045,
  "coil_coil_distance": 0.8784518754193501,
  "cc_threshold": 0.884313705483887,
  "cc_weight": 0.8567639913471354,
  "gradient_norm": 0.025881674299427976,
  "linking_number": 0,
  "directory": "ncoils_6_order_6_R1_4.8_length_target_3.1e+01_weight_2.8e+01_max_curvature_2.3_weight_0.0042_msc_5.0_weight_4.3e-07_cc_0.88_weight_0.86",
  "mean_squared_curvatures": [
    0.11653502460004402,
    0.115901396078888,
    0.1445600352141224,
    0.19282913555200576,
    0.18169234583703403,
    0.20994044655024544
  ],
  "max_mean_squared_curvature": 0.20994044655024544,
  "message": "STOP: TOTAL NO. of ITERATIONS REACHED LIMIT",
  "success": false,
  "iterations": 700,
  "function_evaluations": 773,
  "coil_currents": [
    8315419.819370694,
    8184192.87399659,
    8092885.850757547,
    8113391.167084511,
    7930298.178217737,
    7945226.828662001
  ],
  "coil_surface_distance": 1.0649634170783608
}