{
  "nfp": 4,
  "R0": 11.34443056562854,
  "R1": 4.6795749388900045,
  "ncoils": 4,
  "order": 6,
  "nphi": 32,
  "ntheta": 32,
  "length_target": 28.842733314996792,
  "length_weight": 0.4864955285656988,
  "max_curvature_threshold": 6.992737017875189,
  "max_curvature_weight": 1.8351799383874752e-05,
  "msc_threshold": 3.5060014742671686,
  "msc_weight": 8.090057804917532e-06,
  "JF": 0.013954643893596939,
  "Jf": 0.013928671724979675,
  "BdotN": 0.02062289011338813,
  "lengths": [
    31.648773621128715,
    30.099719467671395,
    28.247458006044823,
    25.379244573912075
  ],
  "length": 115.37519566875702,
  "max_curvatures": [
    7.432488289844533,
    7.916372145812618,
    8.549090627073053,
    6.760067296237565
  ],
  "max_max_curvature": 8.549090627073053,
  "coil_coil_distance": 0.86549126433678,
  "cc_threshold": 0.9266837960879436,
  "cc_weight": 0.024495856383913644,
  "gradient_norm": 0.3833270539297035,
  "linking_number": 0,
  "directory": "ncoils_4_order_6_R1_4.7_length_target_2.9e+01_weight_0.49_max_curvature_7.0_weight_1.8e-05_msc_3.5_weight_8.1e-06_cc_0.93_weight_0.024",
  "mean_squared_curvatures": [
    0.10969922856403459,
    0.12539025514286656,
    0.23961714986027624,
    0.2797116293989176
  ],
  "max_mean_squared_curvature": 0.2797116293989176,
  "message": "STOP: TOTAL NO. of ITERATIONS REACHED LIMIT",
  "success": false,
  "iterations": 700,
  "function_evaluations": 1012,
  "coil_currents": [
    13394978.00635056,
    13245396.46908709,
    12718888.748093938,
    9222151.494557492
  ],
  "coil_surface_distance": 1.1652195305660917
}