{
  "nfp": 4,
  "R0": 11.34443056562854,
  "R1": 4.218499277270093,
  "ncoils": 6,
  "order": 11,
  "nphi": 32,
  "ntheta": 32,
  "length_target": 30.04184104942972,
  "length_weight": 1.4753592939308637,
  "max_curvature_threshold": 4.060998428248291,
  "max_curvature_weight": 0.0020282297444207432,
  "msc_threshold": 4.74833961350995,
  "msc_weight": 6.107245054245273e-07,
  "JF": 0.0026618572760640047,
  "Jf": 0.0026424800402604213,
  "BdotN": 0.009791582352592683,
  "lengths": [
    31.440307791652675,
    30.26792826427772,
    30.70891773790749,
    30.410348311776602,
    28.817470435241717,
    28.6061230597651
  ],
  "length": 180.2510956006213,
  "max_curvatures": [
    4.103007892528366,
    4.030214427375369,
    4.463161024239645,
    4.037306328179916,
    3.952103391726116,
    4.1168511022291705
  ],
  "max_max_curvature": 4.463161024239645,
  "coil_coil_distance": 1.0452192104017959,
  "cc_threshold": 1.0489675861249155,
  "cc_weight": 4.075654922895885,
  "gradient_norm": 0.46082812909098564,
  "linking_number": 0,
  "directory": "ncoils_6_order_11_R1_4.2_length_target_3e+01_weight_1.5_max_curvature_4.1_weight_0.002_msc_4.7_weight_6.1e-07_cc_1.0_weight_4.1",
  "mean_squared_curvatures": [
    0.23541666968937808,
    0.33902094625827145,
    0.48669149012723545,
    0.22196302415462052,
    0.32512811874225434,
    0.5929242766067945
  ],
  "max_mean_squared_curvature": 0.5929242766067945,
  "message": "STOP: TOTAL NO. of ITERATIONS REACHED LIMIT",
  "success": false,
  "iterations": 700,
  "function_evaluations": 790,
  "coil_currents": [
    8965789.600567257,
    8465586.868198583,
    8160689.957317145,
    7993982.0278213415,
    8161966.144717216,
    6833400.119467542
  ],
  "coil_surface_distance": 0.9802799341326768
}