{
  "nfp": 4,
  "ncoils": 6,
  "R0": 11.34443056562854,
  "R1": 4.542788935350648,
  "order": 14,
  "nphi": 32,
  "ntheta": 32,
  "length_target": 32.08192537426697,
  "length_weight": 0.16414633607850015,
  "max_curvature_threshold": 1.7828994167143692,
  "max_curvature_weight": 2.9955269531010992e-05,
  "msc_threshold": 1.4926420454581617,
  "msc_weight": 8.030029516765244e-06,
  "JF": 0.00013303305597856639,
  "Jf": 0.00013289383466635744,
  "BdotN": 0.004341251979886222,
  "lengths": [
    33.572714256115184,
    33.02566786163094,
    31.948569585131622,
    31.070544030347435,
    31.538207425173784,
    31.336012911512015
  ],
  "length": 192.49171606991098,
  "max_curvatures": [
    1.8517289428978214,
    1.7037389232950766,
    1.9543509048137229,
    1.5471298737248507,
    1.6689098429374802,
    1.9113097535392538
  ],
  "max_max_curvature": 1.9543509048137229,
  "coil_coil_distance": 0.5711886247843296,
  "cc_threshold": 0.5712964773042338,
  "cc_weight": 25.69026484112294,
  "gradient_norm": 0.0007575948376800635,
  "linking_number": 0,
  "directory": "ncoils_6_order_14_R1_4.5_length_target_3.2e+01_weight_0.16_max_curvature_1.8_weight_3e-05_msc_1.5_weight_8e-06_cc_0.57_weight_2.6e+01",
  "mean_squared_curvatures": [
    0.22316644836841382,
    0.1891037998139177,
    0.29725323531755976,
    0.2387206495647214,
    0.3370358963874376,
    0.48854791897907784
  ],
  "max_mean_squared_curvature": 0.48854791897907784,
  "message": "STOP: TOTAL NO. of ITERATIONS REACHED LIMIT",
  "success": false,
  "iterations": 700,
  "function_evaluations": 779,
  "coil_currents": [
    8147776.094589806,
    8118225.0200876035,
    8048825.024846609,
    8032218.848710819,
    8035200.5663350215,
    8199169.163519219
  ],
  "coil_surface_distance": 1.3155352676093282
}