{
  "nfp": 4,
  "R0": 11.34443056562854,
  "R1": 4.106978421299461,
  "ncoils": 6,
  "order": 11,
  "nphi": 32,
  "ntheta": 32,
  "length_target": 30.449179287692388,
  "length_weight": 0.19138496652562093,
  "max_curvature_threshold": 6.518340788677344,
  "max_curvature_weight": 2.8976248075496477e-05,
  "msc_threshold": 2.0532031328015927,
  "msc_weight": 4.629382061467995e-07,
  "JF": 0.00041816154013443984,
  "Jf": 0.00038775103754548195,
  "BdotN": 0.004547463738674377,
  "lengths": [
    32.60879184819298,
    31.40208181328838,
    30.76869399516048,
    29.938973762620908,
    30.251194532663497,
    27.72510063571201
  ],
  "length": 182.69483658763824,
  "max_curvatures": [
    5.129349635165631,
    6.116248894112891,
    5.662413441166783,
    6.5425232941998175,
    6.574550781369365,
    6.503283889082561
  ],
  "max_max_curvature": 6.574550781369365,
  "coil_coil_distance": 0.8650517715965721,
  "cc_threshold": 0.8976053693893844,
  "cc_weight": 0.01865756183676883,
  "gradient_norm": 0.0015462858619060093,
  "linking_number": 0,
  "directory": "ncoils_6_order_11_R1_4.1_length_target_3e+01_weight_0.19_max_curvature_6.5_weight_2.9e-05_msc_2.1_weight_4.6e-07_cc_0.9_weight_0.019",
  "mean_squared_curvatures": [
    0.29344368105999713,
    0.22977478644711236,
    0.3533930072209262,
    0.6994181282839088,
    0.7605232849166298,
    0.702294703743025
  ],
  "max_mean_squared_curvature": 0.7605232849166298,
  "message": "STOP: TOTAL NO. of ITERATIONS REACHED LIMIT",
  "success": false,
  "iterations": 700,
  "function_evaluations": 765,
  "coil_currents": [
    8917243.660594579,
    8428339.578581573,
    8152150.948578278,
    8101686.602480976,
    8250099.136194047,
    6731894.791659631
  ],
  "coil_surface_distance": 1.0353383939539196
}