{
  "nfp": 4,
  "R0": 11.34443056562854,
  "R1": 4.211074410610099,
  "ncoils": 5,
  "order": 10,
  "nphi": 32,
  "ntheta": 32,
  "length_target": 34.44504416176382,
  "length_weight": 0.45631588835389,
  "max_curvature_threshold": 7.952475284452493,
  "max_curvature_weight": 0.00044653177501885753,
  "msc_threshold": 1.8669856444988437,
  "msc_weight": 2.596364747244128e-06,
  "JF": 0.0005197740225325986,
  "Jf": 0.0005188608392858334,
  "BdotN": 0.004694849761049174,
  "lengths": [
    34.7346915023695,
    34.45489233885782,
    33.87085302562925,
    34.62693392013055,
    34.5383169778695
  ],
  "length": 172.22568776485662,
  "max_curvatures": [
    6.1054309801461635,
    7.958524294729882,
    8.057416639598182,
    7.926519373317874,
    8.046269851456964
  ],
  "max_max_curvature": 8.057416639598182,
  "coil_coil_distance": 0.8447278389388466,
  "cc_threshold": 0.8452325033632493,
  "cc_weight": 29.67751715292202,
  "gradient_norm": 0.006351445368537129,
  "linking_number": 0,
  "directory": "ncoils_5_order_10_R1_4.2_length_target_3.4e+01_weight_0.46_max_curvature_8.0_weight_0.00045_msc_1.9_weight_2.6e-06_cc_0.85_weight_3e+01",
  "mean_squared_curvatures": [
    0.22360754797486748,
    0.912288947980406,
    0.7949665377684515,
    0.6678188395280805,
    0.6581653268046238
  ],
  "max_mean_squared_curvature": 0.912288947980406,
  "message": "STOP: TOTAL NO. of ITERATIONS REACHED LIMIT",
  "success": false,
  "iterations": 700,
  "function_evaluations": 780,
  "coil_currents": [
    9817428.273936054,
    9724817.435174238,
    9879041.235241912,
    9660236.87872204,
    9499890.895014837
  ],
  "coil_surface_distance": 1.0761971568789503
}