{
  "nfp": 4,
  "R0": 11.34443056562854,
  "R1": 4.941904859150117,
  "ncoils": 5,
  "order": 13,
  "nphi": 32,
  "ntheta": 32,
  "length_target": 38.0335316261619,
  "length_weight": 22.52995269163248,
  "max_curvature_threshold": 4.459383196831146,
  "max_curvature_weight": 0.00023157371202498474,
  "msc_threshold": 7.772838090427501,
  "msc_weight": 8.413663505107704e-07,
  "JF": 0.007684482218066539,
  "Jf": 0.006967607646565901,
  "BdotN": 0.013476614977929654,
  "lengths": [
    38.65777375521936,
    38.534668280115675,
    38.34686180899684,
    37.462536580629795,
    37.16596816988823
  ],
  "length": 190.1678085948499,
  "max_curvatures": [
    4.892615009080972,
    4.6899994505777896,
    5.019135754613554,
    4.844732670486633,
    5.932803997991722
  ],
  "max_max_curvature": 5.932803997991722,
  "coil_coil_distance": 1.1039971847003895,
  "cc_threshold": 1.1560161442321455,
  "cc_weight": 0.17390791508883224,
  "gradient_norm": 0.0866219825480928,
  "linking_number": 0,
  "directory": "ncoils_5_order_13_R1_4.9_length_target_3.8e+01_weight_2.3e+01_max_curvature_4.5_weight_0.00023_msc_7.8_weight_8.4e-07_cc_1.2_weight_0.17",
  "mean_squared_curvatures": [
    0.3628983140819499,
    0.395779801423587,
    0.5043979513548421,
    0.3595314491390203,
    0.9028321815671433
  ],
  "max_mean_squared_curvature": 0.9028321815671433,
  "message": "STOP: TOTAL NO. of ITERATIONS REACHED LIMIT",
  "success": false,
  "iterations": 700,
  "function_evaluations": 835,
  "coil_currents": [
    9835947.308116868,
    9608117.188607816,
    9702696.882349206,
    9632809.632529307,
    9801843.70648589
  ],
  "coil_surface_distance": 1.0414189898054662
}