{
  "nfp": 4,
  "R0": 11.34443056562854,
  "R1": 4.8073910647137605,
  "ncoils": 6,
  "order": 11,
  "nphi": 32,
  "ntheta": 32,
  "length_target": 34.825738982839084,
  "length_weight": 0.04086173323960386,
  "max_curvature_threshold": 3.9041036470712935,
  "max_curvature_weight": 0.0005032889606130793,
  "msc_threshold": 6.088076647408588,
  "msc_weight": 1.0896262518523368e-07,
  "JF": 0.00018741824225343865,
  "Jf": 0.00018702896610346868,
  "BdotN": 0.0044194717225376975,
  "lengths": [
    35.20765214754235,
    34.432826223246586,
    33.75426611622401,
    32.67455145271929,
    35.387792459747686,
    37.49802390460634
  ],
  "length": 208.9551123040863,
  "max_curvatures": [
    3.813962856303407,
    3.9184035374043362,
    3.879393780219016,
    3.9104968673807563,
    3.7168662671355297,
    3.8355855029611576
  ],
  "max_max_curvature": 3.9184035374043362,
  "coil_coil_distance": 0.779377690420041,
  "cc_threshold": 0.7808104001818477,
  "cc_weight": 0.8792188836747699,
  "gradient_norm": 0.0009150485729692362,
  "linking_number": 0,
  "directory": "ncoils_6_order_11_R1_4.8_length_target_3.5e+01_weight_0.041_max_curvature_3.9_weight_0.0005_msc_6.1_weight_1.1e-07_cc_0.78_weight_0.88",
  "mean_squared_curvatures": [
    0.3897064864484709,
    0.3133780120096709,
    0.48172924607590006,
    0.41900316891478817,
    0.6085185560909593,
    0.8667075234980587
  ],
  "max_mean_squared_curvature": 0.8667075234980587,
  "message": "STOP: TOTAL NO. of ITERATIONS REACHED LIMIT",
  "success": false,
  "iterations": 700,
  "function_evaluations": 729,
  "coil_currents": [
    8014918.458995904,
    7857841.337185655,
    7951144.895644771,
    7808302.153152175,
    8045613.918736354,
    8903593.954374224
  ],
  "coil_surface_distance": 1.1959994398992773
}