{
  "nfp": 4,
  "R0": 11.34443056562854,
  "R1": 4.176483216252807,
  "ncoils": 6,
  "order": 13,
  "nphi": 32,
  "ntheta": 32,
  "length_target": 44.70952546073192,
  "length_weight": 3.18581686582076,
  "max_curvature_threshold": 0.9125562927592132,
  "max_curvature_weight": 0.0006221986200738454,
  "msc_threshold": 7.43583278893159,
  "msc_weight": 1.1824326615524398e-05,
  "JF": 0.0011486198878003634,
  "Jf": 0.0010480366532644274,
  "BdotN": 0.00823166961410283,
  "lengths": [
    42.50911678649321,
    44.11893319808015,
    49.608536292449365,
    42.93499382452958,
    43.019001218339575,
    46.06767120411548
  ],
  "length": 268.2582525240074,
  "max_curvatures": [
    1.0140565871818517,
    1.0551974994922517,
    1.1796966358759977,
    1.2053350811048724,
    1.1607730466652508,
    1.4018764476324794
  ],
  "max_max_curvature": 1.4018764476324794,
  "coil_coil_distance": 0.7088964825245302,
  "cc_threshold": 0.7091258238616612,
  "cc_weight": 41.91869536334709,
  "gradient_norm": 0.12874510384618482,
  "linking_number": 0,
  "directory": "ncoils_6_order_13_R1_4.2_length_target_4.5e+01_weight_3.2_max_curvature_0.91_weight_0.00062_msc_7.4_weight_1.2e-05_cc_0.71_weight_4.2e+01",
  "mean_squared_curvatures": [
    0.21150190377627395,
    0.24104932447635646,
    0.3160940352432844,
    0.2807643388864451,
    0.22061810894268927,
    0.2150944756871231
  ],
  "max_mean_squared_curvature": 0.3160940352432844,
  "message": "STOP: TOTAL NO. of ITERATIONS REACHED LIMIT",
  "success": false,
  "iterations": 700,
  "function_evaluations": 840,
  "coil_currents": [
    7955061.670902728,
    7797933.872224485,
    7985018.476292597,
    7985035.140811455,
    8089486.79085265,
    8768878.767005168
  ],
  "coil_surface_distance": 1.2264949997073202
}