{
  "nfp": 4,
  "R0": 11.34443056562854,
  "R1": 4.511367083185589,
  "ncoils": 6,
  "order": 14,
  "nphi": 32,
  "ntheta": 32,
  "length_target": 40.53281121135292,
  "length_weight": 0.017290671808199216,
  "max_curvature_threshold": 6.345867558166668,
  "max_curvature_weight": 0.0005996012752808396,
  "msc_threshold": 4.510098632437423,
  "msc_weight": 3.3108991406228227e-06,
  "JF": 0.00017149607973680062,
  "Jf": 0.00017126005086021798,
  "BdotN": 0.004444911817901657,
  "lengths": [
    37.16639432070402,
    40.0701630604848,
    39.474544650711515,
    37.50719771335227,
    44.20417292761652,
    44.77448534046943
  ],
  "length": 243.19695801333856,
  "max_curvatures": [
    6.377897191366406,
    6.359265768453352,
    6.16200298082003,
    5.653389285157562,
    6.337594729474473,
    6.171898779572112
  ],
  "max_max_curvature": 6.377897191366406,
  "coil_coil_distance": 0.6461472840454558,
  "cc_threshold": 0.6463545901957305,
  "cc_weight": 49.18941898188446,
  "gradient_norm": 0.010679385221644905,
  "linking_number": 0,
  "directory": "ncoils_6_order_14_R1_4.5_length_target_4.1e+01_weight_0.017_max_curvature_6.3_weight_0.0006_msc_4.5_weight_3.3e-06_cc_0.65_weight_4.9e+01",
  "mean_squared_curvatures": [
    0.9373117942275877,
    2.2280518185802483,
    1.2105287852886646,
    0.7607156757494941,
    1.4976670535574068,
    1.415875646110864
  ],
  "max_mean_squared_curvature": 2.2280518185802483,
  "message": "STOP: TOTAL NO. of ITERATIONS REACHED LIMIT",
  "success": false,
  "iterations": 700,
  "function_evaluations": 1069,
  "coil_currents": [
    8216191.968175471,
    8174614.162483289,
    8039923.991601833,
    7785790.463523236,
    7909513.518457718,
    8455380.613847531
  ],
  "coil_surface_distance": 1.3215027697285369
}