{
  "nfp": 4,
  "R0": 11.34443056562854,
  "R1": 4.597662973781795,
  "ncoils": 4,
  "order": 7,
  "nphi": 32,
  "ntheta": 32,
  "length_target": 36.832274006223216,
  "length_weight": 2.2090168982118743,
  "max_curvature_threshold": 7.468701448802603,
  "max_curvature_weight": 5.373832226384745e-05,
  "msc_threshold": 4.43328807790147,
  "msc_weight": 1.21000559948486e-06,
  "JF": 0.0005991984067773043,
  "Jf": 0.0005881652394296559,
  "BdotN": 0.004129908975006237,
  "lengths": [
    38.60191367615551,
    36.64821897061523,
    36.75180008141222,
    35.32756424096284
  ],
  "length": 147.3294969691458,
  "max_curvatures": [
    1.5684201807446734,
    0.89318559252296,
    7.673780998129103,
    7.581816414075404
  ],
  "max_max_curvature": 7.673780998129103,
  "coil_coil_distance": 0.6843096095187438,
  "cc_threshold": 0.711207540029478,
  "cc_weight": 0.034090696462153736,
  "gradient_norm": 0.014891064678381662,
  "linking_number": 0,
  "directory": "ncoils_4_order_7_R1_4.6_length_target_3.7e+01_weight_2.2_max_curvature_7.5_weight_5.4e-05_msc_4.4_weight_1.2e-06_cc_0.71_weight_0.034",
  "mean_squared_curvatures": [
    0.16096162040725998,
    0.11000812014798521,
    0.4031380154894221,
    0.45509739589981446
  ],
  "max_mean_squared_curvature": 0.45509739589981446,
  "message": "STOP: TOTAL NO. of ITERATIONS REACHED LIMIT",
  "success": false,
  "iterations": 700,
  "function_evaluations": 778,
  "coil_currents": [
    12354532.903737325,
    12325927.183258548,
    12141467.965015944,
    11759486.666077264
  ],
  "coil_surface_distance": 1.4694293971533297
}