{
  "nfp": 4,
  "R0": 11.34443056562854,
  "R1": 4.213323525957982,
  "ncoils": 6,
  "order": 15,
  "nphi": 32,
  "ntheta": 32,
  "length_target": 28.297836509733205,
  "length_weight": 85.40069831416986,
  "max_curvature_threshold": 4.37682979066636,
  "max_curvature_weight": 0.0028922589613159687,
  "msc_threshold": 0.6037139576080285,
  "msc_weight": 3.933330059828499e-07,
  "JF": 0.0027984716854818517,
  "Jf": 0.0026929625293101657,
  "BdotN": 0.011746786898917004,
  "lengths": [
    30.28655383744243,
    29.59914930656373,
    28.591914536334446,
    27.96807206606516,
    27.007731236367757,
    26.333730684381145
  ],
  "length": 169.78715166715466,
  "max_curvatures": [
    4.060329654744573,
    4.297878056667237,
    3.6751717451441235,
    4.190084037964095,
    3.167515644534498,
    4.0497438152586005
  ],
  "max_max_curvature": 4.297878056667237,
  "coil_coil_distance": 0.8689071894177324,
  "cc_threshold": 0.9049706716619268,
  "cc_weight": 0.15887760852946683,
  "gradient_norm": 0.2171880638839242,
  "linking_number": 0,
  "directory": "ncoils_6_order_15_R1_4.2_length_target_2.8e+01_weight_8.5e+01_max_curvature_4.4_weight_0.0029_msc_0.6_weight_3.9e-07_cc_0.9_weight_0.16",
  "mean_squared_curvatures": [
    0.2937523808177734,
    0.27913585809968683,
    0.33665055563532387,
    0.3765347770657192,
    0.2431463345332878,
    0.3858304517272529
  ],
  "max_mean_squared_curvature": 0.3858304517272529,
  "message": "STOP: TOTAL NO. of ITERATIONS REACHED LIMIT",
  "success": false,
  "iterations": 700,
  "function_evaluations": 848,
  "coil_currents": [
    8094389.81160943,
    8067922.045446499,
    8002518.586054339,
    7967745.07935241,
    8010033.933270009,
    8438805.262356393
  ],
  "coil_surface_distance": 0.9799032104313748
}