{
  "nfp": 4,
  "R0": 11.34443056562854,
  "R1": 4.414056986650085,
  "ncoils": 4,
  "order": 8,
  "nphi": 32,
  "ntheta": 32,
  "length_target": 31.743850071430177,
  "length_weight": 8.978400512638297,
  "max_curvature_threshold": 6.0317811216231885,
  "max_curvature_weight": 9.427550022519428e-05,
  "msc_threshold": 0.9977489051174466,
  "msc_weight": 1.718687190445575e-06,
  "JF": 0.00378450345263071,
  "Jf": 0.003783075176176633,
  "BdotN": 0.009612382161510514,
  "lengths": [
    33.48339406802918,
    31.960921959429278,
    31.128082934269035,
    30.402903971437475
  ],
  "length": 126.97530293316495,
  "max_curvatures": [
    1.7061348895530086,
    5.606677810102963,
    5.8356755655354995,
    4.977414730939609
  ],
  "max_max_curvature": 5.8356755655354995,
  "coil_coil_distance": 0.9387749917102268,
  "cc_threshold": 0.9395757104871557,
  "cc_weight": 13.701918659866617,
  "gradient_norm": 0.020243306037532417,
  "linking_number": 0,
  "directory": "ncoils_4_order_8_R1_4.4_length_target_3.2e+01_weight_9.0_max_curvature_6.0_weight_9.4e-05_msc_1.0_weight_1.7e-06_cc_0.94_weight_1.4e+01",
  "mean_squared_curvatures": [
    0.12379140446070905,
    0.16771990746927434,
    0.33849381984072757,
    0.3431782594343414
  ],
  "max_mean_squared_curvature": 0.3431782594343414,
  "message": "STOP: TOTAL NO. of ITERATIONS REACHED LIMIT",
  "success": false,
  "iterations": 700,
  "function_evaluations": 762,
  "coil_currents": [
    12283026.87234946,
    12250580.684196152,
    12110165.277638258,
    11937641.88390521
  ],
  "coil_surface_distance": 1.3015918173919099
}