{
  "nfp": 4,
  "R0": 11.34443056562854,
  "R1": 4.551824517370279,
  "ncoils": 5,
  "order": 12,
  "nphi": 32,
  "ntheta": 32,
  "length_target": 42.758763231525535,
  "length_weight": 26.17922925529316,
  "max_curvature_threshold": 4.906065509447583,
  "max_curvature_weight": 0.0019035937009547993,
  "msc_threshold": 5.012567902987532,
  "msc_weight": 8.358551013614934e-07,
  "JF": 0.0014204777587776645,
  "Jf": 0.0013990906977215446,
  "BdotN": 0.007359737035415441,
  "lengths": [
    43.28616948385735,
    45.2008270011493,
    41.715011682214666,
    40.29904817954912,
    43.2928443956269
  ],
  "length": 213.79390074239734,
  "max_curvatures": [
    4.586834320674433,
    4.213903459504204,
    4.969850359494975,
    4.96541522223849,
    5.0716421697184595
  ],
  "max_max_curvature": 5.0716421697184595,
  "coil_coil_distance": 0.6299856279821909,
  "cc_threshold": 0.6526034119769647,
  "cc_weight": 0.08585199154732258,
  "gradient_norm": 0.062425002439773294,
  "linking_number": 0,
  "directory": "ncoils_5_order_12_R1_4.6_length_target_4.3e+01_weight_2.6e+01_max_curvature_4.9_weight_0.0019_msc_5.0_weight_8.4e-07_cc_0.65_weight_0.086",
  "mean_squared_curvatures": [
    0.33823728392379493,
    0.48398972483176894,
    0.45185892728855925,
    0.3802498110357926,
    0.6438023135429229
  ],
  "max_mean_squared_curvature": 0.6438023135429229,
  "message": "STOP: TOTAL NO. of ITERATIONS REACHED LIMIT",
  "success": false,
  "iterations": 700,
  "function_evaluations": 986,
  "coil_currents": [
    9632874.62418524,
    9562059.978036264,
    9560493.581159666,
    9631777.935938502,
    10194208.598769411
  ],
  "coil_surface_distance": 1.2979193690289597
}