{
  "nfp": 4,
  "ncoils": 6,
  "R0": 11.34443056562854,
  "R1": 4.29261316357063,
  "order": 10,
  "nphi": 32,
  "ntheta": 32,
  "length_target": 43.82683295809737,
  "length_weight": 4.044387871018926,
  "max_curvature_threshold": 2.060532891609195,
  "max_curvature_weight": 5.262060820392061e-06,
  "msc_threshold": 1.7451203623992018,
  "msc_weight": 3.655194882498682e-05,
  "JF": 0.031321815184920325,
  "Jf": 0.030654630082274596,
  "BdotN": 0.03401535846129456,
  "lengths": [
    41.28239035064513,
    44.968978127220105,
    39.596439857003475,
    39.602314347614545,
    51.000729292760425,
    46.50679518924199
  ],
  "length": 262.95764716448565,
  "max_curvatures": [
    13.703946754160391,
    45.61355867760356,
    5.230518299257625,
    12.954561426098174,
    9.00073975797412,
    19.56823187831088
  ],
  "max_max_curvature": 45.61355867760356,
  "coil_coil_distance": 1.0728372303929896,
  "cc_threshold": 1.0730059274183423,
  "cc_weight": 1204.3340829978542,
  "gradient_norm": 0.5994067695583501,
  "linking_number": 0,
  "directory": "ncoils_6_order_10_R1_4.3_length_target_4.4e+01_weight_4.0_max_curvature_2.1_weight_5.3e-06_msc_1.7_weight_3.7e-05_cc_1.1_weight_1.2e+03",
  "mean_squared_curvatures": [
    0.8745671038939394,
    3.995927616017163,
    0.4245844787316661,
    0.4980287151720128,
    1.4387590015076381,
    1.7242093946296124
  ],
  "max_mean_squared_curvature": 3.995927616017163,
  "message": "STOP: TOTAL NO. of ITERATIONS REACHED LIMIT",
  "success": false,
  "iterations": 700,
  "function_evaluations": 1157,
  "coil_currents": [
    7672620.932967159,
    7970303.344325358,
    7585278.747426309,
    7701885.994379216,
    8145880.594948174,
    9505445.104042865
  ],
  "coil_surface_distance": 0.9141475799969382
}