{
  "nfp": 4,
  "R0": 11.34443056562854,
  "R1": 4.121273007624332,
  "ncoils": 5,
  "order": 9,
  "nphi": 32,
  "ntheta": 32,
  "length_target": 43.864553953133516,
  "length_weight": 0.11593713861645695,
  "max_curvature_threshold": 7.798774681448761,
  "max_curvature_weight": 5.7908000408914807e-05,
  "msc_threshold": 4.707260480146475,
  "msc_weight": 2.835146655409263e-07,
  "JF": 0.0024857320365005648,
  "Jf": 0.0024792115309005117,
  "BdotN": 0.00984835127145733,
  "lengths": [
    48.77940051371653,
    45.47501611026417,
    41.41307462207106,
    41.44572721291523,
    42.20875195483961
  ],
  "length": 219.32197041380658,
  "max_curvatures": [
    6.926791693709367,
    6.796636739443836,
    8.160809327903797,
    7.860967072425717,
    8.193533344938581
  ],
  "max_max_curvature": 8.193533344938581,
  "coil_coil_distance": 1.1245072514128007,
  "cc_threshold": 1.1255253184225986,
  "cc_weight": 1.2678327182256657,
  "gradient_norm": 0.0060672574374856705,
  "linking_number": 0,
  "directory": "ncoils_5_order_9_R1_4.1_length_target_4.4e+01_weight_0.12_max_curvature_7.8_weight_5.8e-05_msc_4.7_weight_2.8e-07_cc_1.1_weight_1.3",
  "mean_squared_curvatures": [
    0.9400789640170122,
    0.8189206660185502,
    1.1176861432074419,
    0.5745614096673927,
    1.3975427977569685
  ],
  "max_mean_squared_curvature": 1.3975427977569685,
  "message": "STOP: TOTAL NO. of ITERATIONS REACHED LIMIT",
  "success": false,
  "iterations": 700,
  "function_evaluations": 771,
  "coil_currents": [
    10817057.69412391,
    10211768.23858934,
    9442522.530632962,
    8970668.03198101,
    9139398.222761862
  ],
  "coil_surface_distance": 1.2236824795587817
}