{
  "nfp": 4,
  "R0": 11.34443056562854,
  "R1": 4.8817698600964015,
  "ncoils": 5,
  "order": 15,
  "nphi": 32,
  "ntheta": 32,
  "length_target": 28.433567822631076,
  "length_weight": 0.14472407268555815,
  "max_curvature_threshold": 0.5196769228953146,
  "max_curvature_weight": 0.00014727650304194916,
  "msc_threshold": 6.142944555957622,
  "msc_weight": 1.3243430364733439e-05,
  "JF": 0.0024000988427125124,
  "Jf": 0.0021533594028962932,
  "BdotN": 0.006886449768277459,
  "lengths": [
    30.656512185896442,
    29.57803000080388,
    28.324652638292942,
    27.317872515342877,
    26.29225287135574
  ],
  "length": 142.16932021169188,
  "max_curvatures": [
    1.082267406601327,
    1.008763064025361,
    1.1202338386559525,
    1.4167811215924966,
    1.355910573195075
  ],
  "max_max_curvature": 1.4167811215924966,
  "coil_coil_distance": 0.8904473837987482,
  "cc_threshold": 0.9457353546369369,
  "cc_weight": 0.022867966744700617,
  "gradient_norm": 0.8825271531395693,
  "linking_number": 0,
  "directory": "ncoils_5_order_15_R1_4.9_length_target_2.8e+01_weight_0.14_max_curvature_0.52_weight_0.00015_msc_6.1_weight_1.3e-05_cc_0.95_weight_0.023",
  "mean_squared_curvatures": [
    0.12369751032794954,
    0.1295757240606989,
    0.17887239896817433,
    0.21196137654967626,
    0.25078271541610797
  ],
  "max_mean_squared_curvature": 0.25078271541610797,
  "message": "STOP: TOTAL NO. of ITERATIONS REACHED LIMIT",
  "success": false,
  "iterations": 700,
  "function_evaluations": 796,
  "coil_currents": [
    10197180.979272867,
    10023651.91513031,
    9907831.738535877,
    9739447.749792475,
    8713302.335357554
  ],
  "coil_surface_distance": 1.1578482946392872
}