{
  "nfp": 4,
  "R0": 11.34443056562854,
  "R1": 4.774957488458932,
  "ncoils": 5,
  "order": 15,
  "nphi": 32,
  "ntheta": 32,
  "length_target": 33.462760717145386,
  "length_weight": 0.5378279148334812,
  "max_curvature_threshold": 7.857521537429905,
  "max_curvature_weight": 0.0017750439713033932,
  "msc_threshold": 5.791394264562221,
  "msc_weight": 2.008627357416045e-05,
  "JF": 0.0028446092500530712,
  "Jf": 0.0028423280747026662,
  "BdotN": 0.00842029333767331,
  "lengths": [
    31.93949621203789,
    31.73360059648033,
    33.036441487304074,
    39.50415935044413,
    31.10020213793586
  ],
  "length": 167.3138997842023,
  "max_curvatures": [
    7.978281902698767,
    7.909237646702306,
    7.961126908442398,
    7.991188514386891,
    7.930907550446345
  ],
  "max_max_curvature": 7.991188514386891,
  "coil_coil_distance": 1.0072258095081446,
  "cc_threshold": 1.0074186283950008,
  "cc_weight": 565.1192349255757,
  "gradient_norm": 0.0455518780530049,
  "linking_number": 0,
  "directory": "ncoils_5_order_15_R1_4.8_length_target_3.3e+01_weight_0.54_max_curvature_7.9_weight_0.0018_msc_5.8_weight_2e-05_cc_1.0_weight_5.7e+02",
  "mean_squared_curvatures": [
    1.5712473195067886,
    1.6625810731847426,
    1.428707040898308,
    1.482498333037391,
    1.8667001491759707
  ],
  "max_mean_squared_curvature": 1.8667001491759707,
  "message": "STOP: TOTAL NO. of ITERATIONS REACHED LIMIT",
  "success": false,
  "iterations": 700,
  "function_evaluations": 874,
  "coil_currents": [
    9828038.716856154,
    9800982.629078142,
    9861613.16726829,
    9794860.097114291,
    9295920.107772209
  ],
  "coil_surface_distance": 0.20245064246081268
}