{
  "nfp": 4,
  "R0": 11.34443056562854,
  "R1": 4.8384776809820265,
  "ncoils": 5,
  "order": 12,
  "nphi": 32,
  "ntheta": 32,
  "length_target": 28.171499585770253,
  "length_weight": 22.263464342097794,
  "max_curvature_threshold": 4.066200182882457,
  "max_curvature_weight": 0.0027138254745290753,
  "msc_threshold": 6.772620779743256,
  "msc_weight": 5.679733910038589e-07,
  "JF": 0.0032248248915625905,
  "Jf": 0.003223663696867401,
  "BdotN": 0.00911644494728587,
  "lengths": [
    29.83608186567806,
    29.022428341544572,
    28.046257833662423,
    27.224008066078888,
    26.72877922865006
  ],
  "length": 140.85755533561402,
  "max_curvatures": [
    3.9592644453363808,
    4.301836693124858,
    3.992955885783361,
    3.9461742428397617,
    4.097830046877558
  ],
  "max_max_curvature": 4.301836693124858,
  "coil_coil_distance": 0.9108627056298076,
  "cc_threshold": 0.9111374080323236,
  "cc_weight": 351.83554961927905,
  "gradient_norm": 0.03957320427771816,
  "linking_number": 0,
  "directory": "ncoils_5_order_12_R1_4.8_length_target_2.8e+01_weight_2.2e+01_max_curvature_4.1_weight_0.0027_msc_6.8_weight_5.7e-07_cc_0.91_weight_3.5e+02",
  "mean_squared_curvatures": [
    0.1673491723662492,
    0.1968827554722361,
    0.2729197677658678,
    0.3073542774683897,
    0.3086336440489271
  ],
  "max_mean_squared_curvature": 0.3086336440489271,
  "message": "STOP: TOTAL NO. of ITERATIONS REACHED LIMIT",
  "success": false,
  "iterations": 700,
  "function_evaluations": 820,
  "coil_currents": [
    9927513.324577484,
    9824228.631806212,
    9654542.632081777,
    9657250.620507795,
    9517879.509115808
  ],
  "coil_surface_distance": 1.1275791278260348
}