{
  "nfp": 4,
  "ncoils": 6,
  "R0": 11.34443056562854,
  "R1": 4.83056230248805,
  "order": 10,
  "nphi": 32,
  "ntheta": 32,
  "length_target": 34.08478314166871,
  "length_weight": 1.3944216523381778,
  "max_curvature_threshold": 3.67281271847322,
  "max_curvature_weight": 2.4253926549178273e-05,
  "msc_threshold": 4.4462947437813565,
  "msc_weight": 1.7889649211619218e-05,
  "JF": 0.0002368337462317561,
  "Jf": 0.00023643139171647195,
  "BdotN": 0.004317607464194436,
  "lengths": [
    34.040384946390375,
    33.59002461805816,
    33.913088378722776,
    33.71054877663789,
    33.71641453324855,
    35.538572252625094
  ],
  "length": 204.50903350568285,
  "max_curvatures": [
    4.135867820448165,
    3.6655798553572034,
    3.999747100832376,
    3.809003713815064,
    3.2320861027809005,
    3.710382274682755
  ],
  "max_max_curvature": 4.135867820448165,
  "coil_coil_distance": 0.6684282320827885,
  "cc_threshold": 0.6683817047729101,
  "cc_weight": 425.27705596539334,
  "gradient_norm": 0.01217831947582728,
  "linking_number": 0,
  "directory": "ncoils_6_order_10_R1_4.8_length_target_3.4e+01_weight_1.4_max_curvature_3.7_weight_2.4e-05_msc_4.4_weight_1.8e-05_cc_0.67_weight_4.3e+02",
  "mean_squared_curvatures": [
    0.3611706568744987,
    0.2834084022550745,
    0.4443460801882883,
    0.4440832748958022,
    0.39868646198410085,
    0.45117917145448894
  ],
  "max_mean_squared_curvature": 0.45117917145448894,
  "message": "STOP: TOTAL NO. of ITERATIONS REACHED LIMIT",
  "success": false,
  "iterations": 700,
  "function_evaluations": 970,
  "coil_currents": [
    8173497.870356849,
    8177306.474488591,
    8189447.744433162,
    8048395.475354532,
    8090045.372489143,
    7902721.780966811
  ],
  "coil_surface_distance": 1.2728813820672549
}