{
  "nfp": 4,
  "R0": 11.34443056562854,
  "R1": 4.576572437378577,
  "ncoils": 6,
  "order": 9,
  "nphi": 32,
  "ntheta": 32,
  "length_target": 38.995250924145076,
  "length_weight": 12.201893406052395,
  "max_curvature_threshold": 1.919948799516582,
  "max_curvature_weight": 0.0028917039743221146,
  "msc_threshold": 1.0771409863873442,
  "msc_weight": 6.053425965305251e-07,
  "JF": 0.0006101469335539253,
  "Jf": 0.0006095658119622363,
  "BdotN": 0.005134780058423486,
  "lengths": [
    39.7034947959416,
    39.84102231057165,
    41.4048699244798,
    37.02608793032645,
    36.54603213174554,
    39.4499127367843
  ],
  "length": 233.9714198298493,
  "max_curvatures": [
    1.1464091840578317,
    1.9406038894406736,
    1.9535865640340826,
    1.843989147532425,
    1.1140606489668416,
    1.9440783381208058
  ],
  "max_max_curvature": 1.9535865640340826,
  "coil_coil_distance": 0.6243077851966443,
  "cc_threshold": 0.6246811911062943,
  "cc_weight": 3.9938493707183924,
  "gradient_norm": 0.023521421011764285,
  "linking_number": 0,
  "directory": "ncoils_6_order_9_R1_4.6_length_target_3.9e+01_weight_1.2e+01_max_curvature_1.9_weight_0.0029_msc_1.1_weight_6.1e-07_cc_0.62_weight_4.0",
  "mean_squared_curvatures": [
    0.11669062463289238,
    0.16850067031736787,
    0.16463624435375676,
    0.21256486194984658,
    0.1339032086122082,
    0.264797332468516
  ],
  "max_mean_squared_curvature": 0.264797332468516,
  "message": "STOP: TOTAL NO. of ITERATIONS REACHED LIMIT",
  "success": false,
  "iterations": 700,
  "function_evaluations": 828,
  "coil_currents": [
    8015539.892935884,
    7938549.014688265,
    7915920.053116954,
    7879496.941801496,
    7946858.795702942,
    8885050.019843541
  ],
  "coil_surface_distance": 1.2499137833762455
}