{
  "nfp": 4,
  "R0": 11.34443056562854,
  "R1": 4.15113670423018,
  "ncoils": 5,
  "order": 15,
  "nphi": 32,
  "ntheta": 32,
  "length_target": 35.33957325645312,
  "length_weight": 35.719446469252496,
  "max_curvature_threshold": 4.3030767982000375,
  "max_curvature_weight": 3.675476426137733e-05,
  "msc_threshold": 1.606885591945713,
  "msc_weight": 9.715221042813556e-07,
  "JF": 0.001369458933724818,
  "Jf": 0.0013146884967209845,
  "BdotN": 0.007731162551276428,
  "lengths": [
    35.499701046780714,
    35.11748170657257,
    34.549998806454575,
    36.32030551542197,
    35.210232833963744
  ],
  "length": 176.69771990919358,
  "max_curvatures": [
    5.598978031748172,
    3.9447270474564156,
    6.200762446428761,
    6.400430040116587,
    5.510309788475168
  ],
  "max_max_curvature": 6.400430040116587,
  "coil_coil_distance": 0.7563648032629061,
  "cc_threshold": 0.8019553181143563,
  "cc_weight": 0.047432700437706886,
  "gradient_norm": 0.14853261412579308,
  "linking_number": 0,
  "directory": "ncoils_5_order_15_R1_4.2_length_target_3.5e+01_weight_3.6e+01_max_curvature_4.3_weight_3.7e-05_msc_1.6_weight_9.7e-07_cc_0.8_weight_0.047",
  "mean_squared_curvatures": [
    0.8336732461201753,
    0.38552727705254786,
    0.5650577568350783,
    1.1462854965586537,
    0.5025201756660813
  ],
  "max_mean_squared_curvature": 1.1462854965586537,
  "message": "STOP: TOTAL NO. of ITERATIONS REACHED LIMIT",
  "success": false,
  "iterations": 700,
  "function_evaluations": 874,
  "coil_currents": [
    9633944.706669908,
    9621869.04009983,
    9634751.443583347,
    9671359.772192627,
    10019489.755543374
  ],
  "coil_surface_distance": 1.2480738162119211
}