{
  "nfp": 4,
  "R0": 11.34443056562854,
  "R1": 4.8800701260734805,
  "ncoils": 5,
  "order": 10,
  "nphi": 32,
  "ntheta": 32,
  "length_target": 30.3219436460841,
  "length_weight": 0.12908472678383096,
  "max_curvature_threshold": 7.739350718516284,
  "max_curvature_weight": 0.0007481679895391465,
  "msc_threshold": 6.398145736251333,
  "msc_weight": 9.180146618877878e-05,
  "JF": 0.003198913128488835,
  "Jf": 0.0028343020846862865,
  "BdotN": 0.008260256940830952,
  "lengths": [
    33.54583884022116,
    32.12023934009995,
    31.540394712821833,
    29.230753576304267,
    25.17401777433541
  ],
  "length": 151.6112442437826,
  "max_curvatures": [
    7.737275735504572,
    8.318406377960356,
    7.768905895379268,
    7.385652898409865,
    6.233569034385171
  ],
  "max_max_curvature": 8.318406377960356,
  "coil_coil_distance": 1.0489379342989633,
  "cc_threshold": 1.122815193238932,
  "cc_weight": 0.03384760049920091,
  "gradient_norm": 7.955230627228445,
  "linking_number": 0,
  "directory": "ncoils_5_order_10_R1_4.9_length_target_3e+01_weight_0.13_max_curvature_7.7_weight_0.00075_msc_6.4_weight_9.2e-05_cc_1.1_weight_0.034",
  "mean_squared_curvatures": [
    0.21577270082216748,
    0.20584280138112088,
    1.0502780358011294,
    0.36430117685585345,
    0.7979793276782311
  ],
  "max_mean_squared_curvature": 1.0502780358011294,
  "message": "STOP: TOTAL NO. of ITERATIONS REACHED LIMIT",
  "success": false,
  "iterations": 700,
  "function_evaluations": 917,
  "coil_currents": [
    11628338.042943537,
    10698882.610946907,
    10254742.922288872,
    10179301.058202803,
    5820150.08370696
  ],
  "coil_surface_distance": 0.8607876720337241
}