{
  "nfp": 4,
  "R0": 11.34443056562854,
  "R1": 4.550547801496231,
  "ncoils": 5,
  "order": 14,
  "nphi": 32,
  "ntheta": 32,
  "length_target": 36.272736128229106,
  "length_weight": 0.012902282047289411,
  "max_curvature_threshold": 7.124468135853818,
  "max_curvature_weight": 0.006220599014073873,
  "msc_threshold": 7.600684660365436,
  "msc_weight": 1.3533206167861142e-06,
  "JF": 0.00029168693743110685,
  "Jf": 0.00029156510834536694,
  "BdotN": 0.00466986252846222,
  "lengths": [
    35.48445274802186,
    35.61607430099074,
    34.61444412046175,
    37.550440804305595,
    38.099417922765156
  ],
  "length": 181.3648298965451,
  "max_curvatures": [
    5.300051937609166,
    7.09482399786017,
    6.482878479051183,
    7.131095112498511,
    7.130773617810218
  ],
  "max_max_curvature": 7.131095112498511,
  "coil_coil_distance": 0.795384702304854,
  "cc_threshold": 0.7958206209864822,
  "cc_weight": 19.04804423115113,
  "gradient_norm": 0.0023431269997596827,
  "linking_number": 0,
  "directory": "ncoils_5_order_14_R1_4.6_length_target_3.6e+01_weight_0.013_max_curvature_7.1_weight_0.0062_msc_7.6_weight_1.4e-06_cc_0.8_weight_1.9e+01",
  "mean_squared_curvatures": [
    0.4714113417222934,
    0.8865441922241798,
    0.42207968347983976,
    1.1520417123347517,
    1.8106557240948182
  ],
  "max_mean_squared_curvature": 1.8106557240948182,
  "message": "STOP: TOTAL NO. of ITERATIONS REACHED LIMIT",
  "success": false,
  "iterations": 700,
  "function_evaluations": 832,
  "coil_currents": [
    9739811.40555104,
    9720041.602165055,
    9640210.00908796,
    9679179.723710513,
    9802171.977574512
  ],
  "coil_surface_distance": 1.0913722551882494
}