{
  "nfp": 4,
  "R0": 11.34443056562854,
  "R1": 4.704275993280895,
  "ncoils": 5,
  "order": 5,
  "nphi": 32,
  "ntheta": 32,
  "length_target": 37.18194670984932,
  "length_weight": 1.3099311450482451,
  "max_curvature_threshold": 0.0957255769199413,
  "max_curvature_weight": 1.3667104329626508e-05,
  "msc_threshold": 4.7356199333271025,
  "msc_weight": 1.9966455171877468e-07,
  "JF": 0.00038880823600699404,
  "Jf": 0.00029428003406919176,
  "BdotN": 0.004055174914007273,
  "lengths": [
    38.416792853803145,
    37.54649211776834,
    36.65962092102991,
    37.91539877244864,
    35.371633083842305
  ],
  "length": 185.90993774889233,
  "max_curvatures": [
    0.6607908243096143,
    0.6307394710656222,
    1.809719210373189,
    0.9917631558088824,
    0.8229042772572539
  ],
  "max_max_curvature": 1.809719210373189,
  "coil_coil_distance": 0.6446497934854806,
  "cc_threshold": 0.6504788673228294,
  "cc_weight": 0.026688533722589055,
  "gradient_norm": 0.004787794411744406,
  "linking_number": 0,
  "directory": "ncoils_5_order_5_R1_4.7_length_target_3.7e+01_weight_1.3_max_curvature_0.096_weight_1.4e-05_msc_4.7_weight_2e-07_cc_0.65_weight_0.027",
  "mean_squared_curvatures": [
    0.10347701802662347,
    0.09324718864845355,
    0.129557942023189,
    0.1367224326147114,
    0.13484253883788877
  ],
  "max_mean_squared_curvature": 0.1367224326147114,
  "message": "STOP: TOTAL NO. of ITERATIONS REACHED LIMIT",
  "success": false,
  "iterations": 700,
  "function_evaluations": 760,
  "coil_currents": [
    10019316.919444203,
    9912467.896492677,
    9904621.71064342,
    10198101.568926495,
    8546906.622582294
  ],
  "coil_surface_distance": 1.3081332195302346
}