{
  "nfp": 4,
  "R0": 11.34443056562854,
  "R1": 4.384063991193787,
  "ncoils": 5,
  "order": 8,
  "nphi": 32,
  "ntheta": 32,
  "length_target": 46.42540054185668,
  "length_weight": 0.26735746943689376,
  "max_curvature_threshold": 7.551629710838857,
  "max_curvature_weight": 0.0001403797031023178,
  "msc_threshold": 0.8911620775085303,
  "msc_weight": 6.984917243730165e-05,
  "JF": 0.000460357541435788,
  "Jf": 0.0004495376386001301,
  "BdotN": 0.00509236893206056,
  "lengths": [
    42.613250033704446,
    41.931268740932765,
    41.99390822268097,
    44.04478005666452,
    61.54385262435329
  ],
  "length": 232.127059678336,
  "max_curvatures": [
    4.739534751231473,
    4.746722481183129,
    5.2322235558784,
    6.96045877754282,
    7.56610513639332
  ],
  "max_max_curvature": 7.56610513639332,
  "coil_coil_distance": 0.694142100789577,
  "cc_threshold": 0.6941368745204156,
  "cc_weight": 537.1435329946236,
  "gradient_norm": 0.0020954041656364433,
  "linking_number": 0,
  "directory": "ncoils_5_order_8_R1_4.4_length_target_4.6e+01_weight_0.27_max_curvature_7.6_weight_0.00014_msc_0.89_weight_7e-05_cc_0.69_weight_5.4e+02",
  "mean_squared_curvatures": [
    0.37086358940493896,
    0.6821420932665881,
    1.111727343349208,
    1.3992027786578196,
    0.94575927163762
  ],
  "max_mean_squared_curvature": 1.3992027786578196,
  "message": "STOP: TOTAL NO. of ITERATIONS REACHED LIMIT",
  "success": false,
  "iterations": 700,
  "function_evaluations": 1489,
  "coil_currents": [
    9821882.710635915,
    9784745.819188474,
    9730990.583170041,
    9709505.804036861,
    9534289.801057786
  ],
  "coil_surface_distance": 1.3144981496986194
}