{
  "nfp": 4,
  "R0": 11.34443056562854,
  "R1": 4.652542289811579,
  "ncoils": 5,
  "order": 13,
  "nphi": 32,
  "ntheta": 32,
  "length_target": 41.39323059063179,
  "length_weight": 0.9423634087725794,
  "max_curvature_threshold": 4.995428512262697,
  "max_curvature_weight": 7.476370894402165e-06,
  "msc_threshold": 1.942608355972204,
  "msc_weight": 5.990184426124288e-07,
  "JF": 0.0025409769993701846,
  "Jf": 0.0024106063892309253,
  "BdotN": 0.008341175832322153,
  "lengths": [
    39.42074783388675,
    40.46176134399265,
    40.11577332459192,
    41.88363481837015,
    45.084049729433325
  ],
  "length": 206.9659670502748,
  "max_curvatures": [
    9.235097612911018,
    11.307040342058563,
    6.287771417057745,
    13.57135289829162,
    18.157801085453887
  ],
  "max_max_curvature": 18.157801085453887,
  "coil_coil_distance": 1.0411096343838682,
  "cc_threshold": 1.0491735649576852,
  "cc_weight": 4.182398732589324,
  "gradient_norm": 0.020035780468336095,
  "linking_number": 0,
  "directory": "ncoils_5_order_13_R1_4.7_length_target_4.1e+01_weight_0.94_max_curvature_5.0_weight_7.5e-06_msc_1.9_weight_6e-07_cc_1.0_weight_4.2",
  "mean_squared_curvatures": [
    1.4986629998630707,
    1.2803465171973731,
    1.357290120650265,
    2.332614456874431,
    2.6496602735892636
  ],
  "max_mean_squared_curvature": 2.6496602735892636,
  "message": "STOP: TOTAL NO. of ITERATIONS REACHED LIMIT",
  "success": false,
  "iterations": 700,
  "function_evaluations": 793,
  "coil_currents": [
    9632562.277868174,
    9532623.043344231,
    9646882.105622021,
    9667772.553023633,
    10101574.738231026
  ],
  "coil_surface_distance": 0.8722034581525125
}