{
  "nfp": 4,
  "R0": 11.34443056562854,
  "R1": 4.7573800020634245,
  "ncoils": 3,
  "order": 10,
  "nphi": 32,
  "ntheta": 32,
  "length_target": 46.390951517163074,
  "length_weight": 1.5810526869176433,
  "max_curvature_threshold": 7.401798072930398,
  "max_curvature_weight": 1.312745895213639e-06,
  "msc_threshold": 6.103428573879419,
  "msc_weight": 1.4519331141622763e-05,
  "JF": 0.0020500047271735174,
  "Jf": 0.0020268418652083084,
  "BdotN": 0.006495919583871397,
  "lengths": [
    45.11646887867002,
    43.98441579725162,
    50.07161622881146
  ],
  "length": 139.17250090473308,
  "max_curvatures": [
    27.410036549807707,
    26.87646678557427,
    16.891472074926593
  ],
  "max_max_curvature": 27.410036549807707,
  "coil_coil_distance": 0.8111649958119496,
  "cc_threshold": 0.8111419158593469,
  "cc_weight": 259.97083298953197,
  "gradient_norm": 0.0235571208913553,
  "linking_number": 0,
  "directory": "ncoils_3_order_10_R1_4.8_length_target_4.6e+01_weight_1.6_max_curvature_7.4_weight_1.3e-06_msc_6.1_weight_1.5e-05_cc_0.81_weight_2.6e+02",
  "mean_squared_curvatures": [
    0.8171923131084132,
    1.412379695121194,
    1.0521364609922919
  ],
  "max_mean_squared_curvature": 1.412379695121194,
  "message": "STOP: TOTAL NO. of ITERATIONS REACHED LIMIT",
  "success": false,
  "iterations": 700,
  "function_evaluations": 1132,
  "coil_currents": [
    16263506.233307414,
    16183119.253014648,
    16134789.231767021
  ],
  "coil_surface_distance": 1.4379111924931793
}