{
  "nfp": 4,
  "R0": 11.34443056562854,
  "R1": 4.44655651769988,
  "ncoils": 6,
  "order": 12,
  "nphi": 32,
  "ntheta": 32,
  "length_target": 38.29615216497544,
  "length_weight": 4.655003771043691,
  "max_curvature_threshold": 0.21637230822266593,
  "max_curvature_weight": 7.37251908534713e-05,
  "msc_threshold": 1.8900947303412372,
  "msc_weight": 5.2224210060539716e-05,
  "JF": 0.01905849435090095,
  "Jf": 0.010312718223187018,
  "BdotN": 0.030654765480193195,
  "lengths": [
    33.3453430416395,
    35.184056297301474,
    36.82296246259586,
    41.54184493567697,
    43.954182046621504,
    38.92859666946798
  ],
  "length": 229.77698545330327,
  "max_curvatures": [
    2.599028060726168,
    2.429493732575528,
    4.145173638482954,
    4.596284685064108,
    5.364545287167334,
    17.83263017867153
  ],
  "max_max_curvature": 17.83263017867153,
  "coil_coil_distance": 0.8330822227086145,
  "cc_threshold": 0.8358790927627314,
  "cc_weight": 121.38876642705843,
  "gradient_norm": 6.015516860876027,
  "linking_number": 0,
  "directory": "ncoils_6_order_12_R1_4.4_length_target_3.8e+01_weight_4.7_max_curvature_0.22_weight_7.4e-05_msc_1.9_weight_5.2e-05_cc_0.84_weight_1.2e+02",
  "mean_squared_curvatures": [
    0.6154571560167322,
    0.7209913273033086,
    1.0146376902608827,
    1.0620405876560397,
    1.485264974393189,
    2.779438506994328
  ],
  "max_mean_squared_curvature": 2.779438506994328,
  "message": "STOP: TOTAL NO. of ITERATIONS REACHED LIMIT",
  "success": false,
  "iterations": 700,
  "function_evaluations": 845,
  "coil_currents": [
    8110439.556460292,
    8186094.0999294305,
    8284572.532102579,
    8341039.045338201,
    8581511.443757229,
    7077758.040501349
  ],
  "coil_surface_distance": 0.018891156152294
}