{
  "nfp": 4,
  "R0": 11.34443056562854,
  "R1": 4.295060226177356,
  "ncoils": 5,
  "order": 7,
  "nphi": 32,
  "ntheta": 32,
  "length_target": 30.330376971625647,
  "length_weight": 2.010422641595021,
  "max_curvature_threshold": 4.022718880904824,
  "max_curvature_weight": 6.523758187935663e-06,
  "msc_threshold": 5.19858398728759,
  "msc_weight": 8.923158371431649e-05,
  "JF": 0.0012844421686148513,
  "Jf": 0.00127853182507507,
  "BdotN": 0.005837414093539803,
  "lengths": [
    32.6795315632821,
    31.27135989035026,
    30.10609395898816,
    29.83663841541105,
    27.758114697529905
  ],
  "length": 151.65173852556148,
  "max_curvatures": [
    2.337266432768957,
    0.8418377672613327,
    7.08719516718859,
    3.1379692473423115,
    4.541804154760928
  ],
  "max_max_curvature": 7.08719516718859,
  "coil_coil_distance": 0.8904538875150936,
  "cc_threshold": 0.8918637463326656,
  "cc_weight": 2.2015410898999703,
  "gradient_norm": 0.007164303874423228,
  "linking_number": 0,
  "directory": "ncoils_5_order_7_R1_4.3_length_target_3e+01_weight_2.0_max_curvature_4.0_weight_6.5e-06_msc_5.2_weight_8.9e-05_cc_0.89_weight_2.2",
  "mean_squared_curvatures": [
    0.17965165861365393,
    0.1192762654324338,
    0.5326036496993161,
    0.286592824616088,
    0.3927656621764467
  ],
  "max_mean_squared_curvature": 0.5326036496993161,
  "message": "STOP: TOTAL NO. of ITERATIONS REACHED LIMIT",
  "success": false,
  "iterations": 700,
  "function_evaluations": 744,
  "coil_currents": [
    10348932.796821086,
    10070061.656677222,
    9788395.072462149,
    9978249.625635207,
    8395775.566493414
  ],
  "coil_surface_distance": 1.097586836098993
}