{
  "nfp": 4,
  "ncoils": 6,
  "R0": 11.34443056562854,
  "R1": 4.474335506468053,
  "order": 7,
  "nphi": 32,
  "ntheta": 32,
  "length_target": 43.107782064325505,
  "length_weight": 0.4215683122410609,
  "max_curvature_threshold": 1.2858205259813174,
  "max_curvature_weight": 5.973898303988674e-06,
  "msc_threshold": 3.212070921516532,
  "msc_weight": 7.354095143959124e-06,
  "JF": 0.01513245332842877,
  "Jf": 0.014713857073494006,
  "BdotN": 0.019716482821090182,
  "lengths": [
    38.79863405977643,
    42.69524484291386,
    38.27603946094581,
    44.32974057842286,
    43.812209677873234,
    50.73466344006622
  ],
  "length": 258.64653205999844,
  "max_curvatures": [
    18.187569527092705,
    6.940356623352142,
    2.72430724074989,
    7.2756336669983535,
    22.347600026124862,
    13.256541776340777
  ],
  "max_max_curvature": 22.347600026124862,
  "coil_coil_distance": 0.8037754021872499,
  "cc_threshold": 0.8040456397202694,
  "cc_weight": 659.7951446474154,
  "gradient_norm": 0.23317164456975537,
  "linking_number": 0,
  "directory": "ncoils_6_order_7_R1_4.5_length_target_4.3e+01_weight_0.42_max_curvature_1.3_weight_6e-06_msc_3.2_weight_7.4e-06_cc_0.8_weight_6.6e+02",
  "mean_squared_curvatures": [
    1.7872723264926433,
    0.7359230164752869,
    0.4970667911282925,
    1.0741065193229011,
    1.3817591102447744,
    1.258387483869253
  ],
  "max_mean_squared_curvature": 1.7872723264926433,
  "message": "STOP: TOTAL NO. of ITERATIONS REACHED LIMIT",
  "success": false,
  "iterations": 500,
  "function_evaluations": 878,
  "coil_currents": [
    7930216.70640423,
    7899833.176997017,
    8047699.393513078,
    8005531.551708654,
    8127926.202634438,
    8570207.686831668
  ],
  "coil_surface_distance": 1.0606214335602495
}