{
  "nfp": 4,
  "R0": 11.34443056562854,
  "R1": 4.640935695130661,
  "ncoils": 6,
  "order": 10,
  "nphi": 32,
  "ntheta": 32,
  "length_target": 45.850920892365295,
  "length_weight": 0.5647932408342695,
  "max_curvature_threshold": 7.2378565532081796,
  "max_curvature_weight": 8.785883035212027e-05,
  "msc_threshold": 1.4186220500252538,
  "msc_weight": 2.9494377622630736e-07,
  "JF": 0.00034913062032106075,
  "Jf": 0.0003486992498418178,
  "BdotN": 0.004254764710150248,
  "lengths": [
    44.582888385697856,
    43.64098353406929,
    45.00204658375429,
    41.38571177692194,
    43.14457383543001,
    57.34850590834876
  ],
  "length": 275.10471002422213,
  "max_curvatures": [
    7.351931513672712,
    4.888044379426397,
    6.972564792598168,
    6.413845229610306,
    7.246206332833474,
    7.302253626534458
  ],
  "max_max_curvature": 7.351931513672712,
  "coil_coil_distance": 0.645469065752432,
  "cc_threshold": 0.6456041016325024,
  "cc_weight": 38.16513749862902,
  "gradient_norm": 0.02175399747480948,
  "linking_number": 0,
  "directory": "ncoils_6_order_10_R1_4.6_length_target_4.6e+01_weight_0.56_max_curvature_7.2_weight_8.8e-05_msc_1.4_weight_2.9e-07_cc_0.65_weight_3.8e+01",
  "mean_squared_curvatures": [
    0.6335440416457655,
    0.49642917517112967,
    0.7650088389809052,
    0.8703283554600039,
    0.8720132360278935,
    1.154081633360027
  ],
  "max_mean_squared_curvature": 1.154081633360027,
  "message": "STOP: TOTAL NO. of ITERATIONS REACHED LIMIT",
  "success": false,
  "iterations": 700,
  "function_evaluations": 900,
  "coil_currents": [
    7809844.153009295,
    7736610.2849894455,
    8033662.988293092,
    8111173.75473901,
    7951627.607359497,
    8938495.929698743
  ],
  "coil_surface_distance": 1.2451165143111502
}