{
  "nfp": 4,
  "ncoils": 6,
  "R0": 11.34443056562854,
  "R1": 4.834865741937041,
  "order": 11,
  "nphi": 32,
  "ntheta": 32,
  "length_target": 39.64902124072899,
  "length_weight": 0.27995093719702685,
  "max_curvature_threshold": 2.96071450964112,
  "max_curvature_weight": 5.522539751598994e-06,
  "msc_threshold": 4.423230670775845,
  "msc_weight": 2.8044530425944362e-05,
  "JF": 0.0002876177190400091,
  "Jf": 0.00026422787641123,
  "BdotN": 0.005607219646103426,
  "lengths": [
    38.074891469582646,
    38.2397391264504,
    40.18550739691464,
    37.1146705397801,
    45.68113209463319,
    38.598089584070856
  ],
  "length": 237.89403021143184,
  "max_curvatures": [
    3.5727632496450092,
    6.949444771379134,
    5.962621579053801,
    3.267798646580079,
    4.175409422762605,
    4.152286635213828
  ],
  "max_max_curvature": 6.949444771379134,
  "coil_coil_distance": 0.5515765585291464,
  "cc_threshold": 0.5515194309746199,
  "cc_weight": 75.17995550937664,
  "gradient_norm": 0.0025043576501900485,
  "linking_number": 0,
  "directory": "ncoils_6_order_11_R1_4.8_length_target_4e+01_weight_0.28_max_curvature_3.0_weight_5.5e-06_msc_4.4_weight_2.8e-05_cc_0.55_weight_7.5e+01",
  "mean_squared_curvatures": [
    0.6900326403690412,
    0.8965337396053764,
    0.964594887599604,
    0.36984764309385665,
    1.192040240283222,
    0.7795521005900118
  ],
  "max_mean_squared_curvature": 1.192040240283222,
  "message": "STOP: TOTAL NO. of ITERATIONS REACHED LIMIT",
  "success": false,
  "iterations": 700,
  "function_evaluations": 967,
  "coil_currents": [
    8195526.913805864,
    8083847.877197838,
    8012642.483063159,
    8048044.066575869,
    8139190.682928532,
    8102162.694517814
  ],
  "coil_surface_distance": 1.188131772477776
}