{
  "nfp": 4,
  "R0": 11.34443056562854,
  "R1": 4.715016168600607,
  "ncoils": 6,
  "order": 6,
  "nphi": 32,
  "ntheta": 32,
  "length_target": 46.94178624365189,
  "length_weight": 3.1953639349085035,
  "max_curvature_threshold": 0.6624902861022222,
  "max_curvature_weight": 1.2667719053714372e-05,
  "msc_threshold": 4.970622799277326,
  "msc_weight": 4.868602111583797e-06,
  "JF": 43.94740133001873,
  "Jf": 40.90761100214267,
  "BdotN": 0.6260350195901666,
  "lengths": [
    46.67498943537407,
    47.20018803312615,
    46.88971003609987,
    47.19773698930017,
    47.301931263715296,
    46.92194983395984
  ],
  "length": 282.1865055915754,
  "max_curvatures": [
    1.1464558629662531,
    1.5006658560751704,
    2.760350439388693,
    4.673094439644953,
    5.620427994378696,
    6.105651699725339
  ],
  "max_max_curvature": 6.105651699725339,
  "coil_coil_distance": 0.034688458652502335,
  "cc_threshold": 1.1946417198545356,
  "cc_weight": 0.09552536501362195,
  "gradient_norm": 44.77495200637776,
  "linking_number": 0,
  "directory": "ncoils_6_order_6_R1_4.7_length_target_4.7e+01_weight_3.2_max_curvature_0.66_weight_1.3e-05_msc_5.0_weight_4.9e-06_cc_1.2_weight_0.096",
  "mean_squared_curvatures": [
    0.13478602115282287,
    0.14930318939280546,
    0.24621699498073402,
    0.38347211765330885,
    0.4599438191731433,
    0.49616008256010974
  ],
  "max_mean_squared_curvature": 0.49616008256010974,
  "message": "ABNORMAL_TERMINATION_IN_LNSRCH",
  "success": false,
  "iterations": 13,
  "function_evaluations": 136,
  "coil_currents": [
    7712816.502438184,
    7788073.758540574,
    7900967.921795267,
    8002081.305581031,
    8066693.644896155,
    9110781.584837869
  ],
  "coil_surface_distance": 3.0620644939886037
}