{
  "nfp": 4,
  "ncoils": 6,
  "R0": 11.34443056562854,
  "R1": 4.562932564355119,
  "order": 12,
  "nphi": 32,
  "ntheta": 32,
  "length_target": 35.51494753154087,
  "length_weight": 2.3529546269271906,
  "max_curvature_threshold": 1.6620779880026713,
  "max_curvature_weight": 1.965459887409838e-06,
  "msc_threshold": 1.3408973884665591,
  "msc_weight": 1.4863063404686318e-07,
  "JF": 0.000564242079259228,
  "Jf": 0.0004780342062874619,
  "BdotN": 0.005478140446423888,
  "lengths": [
    35.295895711661565,
    35.66288832862022,
    34.768849293540654,
    35.99701648138172,
    34.952757714712774,
    36.4125957001408
  ],
  "length": 213.09000323005773,
  "max_curvatures": [
    6.265426914325122,
    22.626835333312897,
    7.278714816016884,
    6.22326947817459,
    4.24955697533361,
    5.903654430866374
  ],
  "max_max_curvature": 22.626835333312897,
  "coil_coil_distance": 0.6254602277777214,
  "cc_threshold": 0.625497843723029,
  "cc_weight": 754.8940147685904,
  "gradient_norm": 0.03433063038245728,
  "linking_number": 0,
  "directory": "ncoils_6_order_12_R1_4.6_length_target_3.6e+01_weight_2.4_max_curvature_1.7_weight_2e-06_msc_1.3_weight_1.5e-07_cc_0.63_weight_7.5e+02",
  "mean_squared_curvatures": [
    1.229142355805653,
    2.7029233166381506,
    1.0011037614235767,
    0.8205474418854583,
    0.5103446997699275,
    0.6355208323474213
  ],
  "max_mean_squared_curvature": 2.7029233166381506,
  "message": "STOP: TOTAL NO. of ITERATIONS REACHED LIMIT",
  "success": false,
  "iterations": 500,
  "function_evaluations": 677,
  "coil_currents": [
    8108037.312928735,
    8074605.522810476,
    8072901.782424005,
    8020332.2773233745,
    8015637.153334005,
    8289900.669268489
  ],
  "coil_surface_distance": 1.2648410140687807
}