{
  "nfp": 4,
  "R0": 11.34443056562854,
  "R1": 4.9771025292074995,
  "ncoils": 5,
  "order": 14,
  "nphi": 32,
  "ntheta": 32,
  "length_target": 34.604200728755494,
  "length_weight": 0.16132664641450775,
  "max_curvature_threshold": 1.9509141958730787,
  "max_curvature_weight": 2.4449227289505242e-06,
  "msc_threshold": 4.207455821242216,
  "msc_weight": 1.4886003544195395e-05,
  "JF": 0.002554132677029195,
  "Jf": 0.0025223463144907216,
  "BdotN": 0.00947645700966969,
  "lengths": [
    35.243546557114,
    36.756892119556625,
    35.595393982699676,
    33.14447846380542,
    32.28087563313726
  ],
  "length": 173.021186756313,
  "max_curvatures": [
    7.525268821720092,
    6.166855042807133,
    3.5007830448692565,
    5.622228596995546,
    6.585170353781004
  ],
  "max_max_curvature": 7.525268821720092,
  "coil_coil_distance": 1.0854559747604344,
  "cc_threshold": 1.086386664194569,
  "cc_weight": 14.699187631912679,
  "gradient_norm": 0.008648908523099002,
  "linking_number": 0,
  "directory": "ncoils_5_order_14_R1_5.0_length_target_3.5e+01_weight_0.16_max_curvature_2.0_weight_2.4e-06_msc_4.2_weight_1.5e-05_cc_1.1_weight_1.5e+01",
  "mean_squared_curvatures": [
    1.3752219288471157,
    0.6636660061337922,
    0.5115004095431356,
    0.5616199786449865,
    0.9267034526531533
  ],
  "max_mean_squared_curvature": 1.3752219288471157,
  "message": "STOP: TOTAL NO. of ITERATIONS REACHED LIMIT",
  "success": false,
  "iterations": 700,
  "function_evaluations": 768,
  "coil_currents": [
    9875033.802697817,
    9778708.988030896,
    9719344.459922059,
    9896085.656362295,
    9312241.811076015
  ],
  "coil_surface_distance": 1.1594443287508338
}