{
  "nfp": 4,
  "R0": 11.34443056562854,
  "R1": 4.557398465305634,
  "ncoils": 5,
  "order": 12,
  "nphi": 32,
  "ntheta": 32,
  "length_target": 33.31190900029166,
  "length_weight": 2.487672833655529,
  "max_curvature_threshold": 0.23734946846799881,
  "max_curvature_weight": 0.0009005849918129584,
  "msc_threshold": 7.334116835134184,
  "msc_weight": 5.098019222059963e-07,
  "JF": 0.003201564223647615,
  "Jf": 0.0017111408569461424,
  "BdotN": 0.007216018879012401,
  "lengths": [
    33.78720567619269,
    32.626561380807566,
    32.17466276050989,
    33.84922592782099,
    34.122214766879736
  ],
  "length": 166.55987051221086,
  "max_curvatures": [
    0.5447124691937123,
    0.522495151867553,
    0.7389740892583896,
    0.5835238671595494,
    0.6723553822590511
  ],
  "max_max_curvature": 0.7389740892583896,
  "coil_coil_distance": 0.9716443235628319,
  "cc_threshold": 0.9867237683737455,
  "cc_weight": 0.5684080114988967,
  "gradient_norm": 0.013843584487112691,
  "linking_number": 0,
  "directory": "ncoils_5_order_12_R1_4.6_length_target_3.3e+01_weight_2.5_max_curvature_0.24_weight_0.0009_msc_7.3_weight_5.1e-07_cc_0.99_weight_0.57",
  "mean_squared_curvatures": [
    0.09195892923482633,
    0.09457648067754779,
    0.11547890145842465,
    0.11960946105276582,
    0.1287456354769358
  ],
  "max_mean_squared_curvature": 0.1287456354769358,
  "message": "STOP: TOTAL NO. of ITERATIONS REACHED LIMIT",
  "success": false,
  "iterations": 700,
  "function_evaluations": 746,
  "coil_currents": [
    10064540.061375521,
    9715657.687286811,
    9617406.905096598,
    9876178.885261502,
    9307631.179068647
  ],
  "coil_surface_distance": 1.1702056784350439
}