{
  "nfp": 4,
  "R0": 11.34443056562854,
  "R1": 4.92324745176086,
  "ncoils": 5,
  "order": 14,
  "nphi": 32,
  "ntheta": 32,
  "length_target": 39.06248381030596,
  "length_weight": 58.83111684558177,
  "max_curvature_threshold": 7.691081249788798,
  "max_curvature_weight": 0.0010372694350412619,
  "msc_threshold": 7.183835780264184,
  "msc_weight": 5.5589365546741496e-05,
  "JF": 0.04150030577866666,
  "Jf": 0.041192151912183415,
  "BdotN": 0.040736585321425246,
  "lengths": [
    35.801440255400756,
    37.67371600063862,
    37.07509359484863,
    37.09667084443577,
    47.667589611070326
  ],
  "length": 195.3145103063941,
  "max_curvatures": [
    8.698141506768104,
    7.276711428094492,
    7.758380599497267,
    7.5491193496797315,
    9.155422998154187
  ],
  "max_max_curvature": 9.155422998154187,
  "coil_coil_distance": 1.1478290785872907,
  "cc_threshold": 1.149282409985773,
  "cc_weight": 507.09330665361165,
  "gradient_norm": 6.43233797900197,
  "linking_number": 0,
  "directory": "ncoils_5_order_14_R1_4.9_length_target_3.9e+01_weight_5.9e+01_max_curvature_7.7_weight_0.001_msc_7.2_weight_5.6e-05_cc_1.1_weight_5.1e+02",
  "mean_squared_curvatures": [
    2.4119363486096708,
    1.9438935397259594,
    2.2366634240618253,
    1.9996193384028311,
    2.6214320663936688
  ],
  "max_mean_squared_curvature": 2.6214320663936688,
  "message": "STOP: TOTAL NO. of ITERATIONS REACHED LIMIT",
  "success": false,
  "iterations": 700,
  "function_evaluations": 869,
  "coil_currents": [
    9368811.951578107,
    9301966.431475084,
    9398663.214223413,
    9517656.508366276,
    10994316.612446196
  ],
  "coil_surface_distance": 0.9636847203625146
}