{
  "nfp": 4,
  "R0": 11.34443056562854,
  "R1": 4.371498323972134,
  "ncoils": 4,
  "order": 8,
  "nphi": 32,
  "ntheta": 32,
  "length_target": 43.02832409023926,
  "length_weight": 0.11604694175366731,
  "max_curvature_threshold": 7.687579802948338,
  "max_curvature_weight": 0.0003812018704675288,
  "msc_threshold": 5.938200089170692,
  "msc_weight": 4.152737338987164e-06,
  "JF": 0.001950434067308006,
  "Jf": 0.0019496776994283498,
  "BdotN": 0.009165297927765761,
  "lengths": [
    38.707999923717864,
    38.042450152499626,
    44.648879566949276,
    50.713565501706455
  ],
  "length": 172.11289514487322,
  "max_curvatures": [
    5.454616925141564,
    7.200773113842787,
    7.101129510460533,
    7.845847802287062
  ],
  "max_max_curvature": 7.845847802287062,
  "coil_coil_distance": 0.9066061218482263,
  "cc_threshold": 0.9066571923395181,
  "cc_weight": 619.7212548590027,
  "gradient_norm": 0.03872044906770523,
  "linking_number": 0,
  "directory": "ncoils_4_order_8_R1_4.4_length_target_4.3e+01_weight_0.12_max_curvature_7.7_weight_0.00038_msc_5.9_weight_4.2e-06_cc_0.91_weight_6.2e+02",
  "mean_squared_curvatures": [
    0.42712114385807964,
    0.6197835423638292,
    0.8948303665347707,
    1.593312501349988
  ],
  "max_mean_squared_curvature": 1.593312501349988,
  "message": "STOP: TOTAL NO. of ITERATIONS REACHED LIMIT",
  "success": false,
  "iterations": 700,
  "function_evaluations": 1278,
  "coil_currents": [
    12319522.53250062,
    12171324.732737748,
    12046440.678191543,
    12044126.774659172
  ],
  "coil_surface_distance": 1.0626597076585764
}