{
  "nfp": 4,
  "R0": 11.34443056562854,
  "R1": 4.4669862486071565,
  "ncoils": 6,
  "order": 10,
  "nphi": 32,
  "ntheta": 32,
  "length_target": 43.28735635833671,
  "length_weight": 0.15458415081532456,
  "max_curvature_threshold": 1.6313168564095037,
  "max_curvature_weight": 0.006455027855719001,
  "msc_threshold": 7.420490418810469,
  "msc_weight": 3.1738341812977154e-05,
  "JF": 0.00019728930204004452,
  "Jf": 0.0001970655472399749,
  "BdotN": 0.004314192839167272,
  "lengths": [
    43.471818794352316,
    48.58449611927755,
    42.16338092898216,
    37.66938650503387,
    42.350435484924816,
    45.48484255942296
  ],
  "length": 259.7243603919937,
  "max_curvatures": [
    1.5750490001201949,
    1.6311684709516248,
    1.6321557175640429,
    1.6377043337605528,
    1.5780194851757379,
    1.6342701971608424
  ],
  "max_max_curvature": 1.6377043337605528,
  "coil_coil_distance": 0.6721292905358032,
  "cc_threshold": 0.6728763752300476,
  "cc_weight": 0.2950856112185607,
  "gradient_norm": 0.0012322626888189294,
  "linking_number": 0,
  "directory": "ncoils_6_order_10_R1_4.5_length_target_4.3e+01_weight_0.15_max_curvature_1.6_weight_0.0065_msc_7.4_weight_3.2e-05_cc_0.67_weight_0.3",
  "mean_squared_curvatures": [
    0.2565190611480304,
    0.2778631060625158,
    0.2714803577799518,
    0.26081180531896897,
    0.1984725671845942,
    0.29473377035636333
  ],
  "max_mean_squared_curvature": 0.29473377035636333,
  "message": "STOP: TOTAL NO. of ITERATIONS REACHED LIMIT",
  "success": false,
  "iterations": 700,
  "function_evaluations": 749,
  "coil_currents": [
    8348088.243232432,
    8126849.77764535,
    8249003.433901138,
    8039351.791952084,
    7966656.012300961,
    7851465.459057115
  ],
  "coil_surface_distance": 1.3184712366309495
}