{
  "nfp": 4,
  "ncoils": 6,
  "R0": 11.34443056562854,
  "R1": 4.41897387961896,
  "order": 11,
  "nphi": 32,
  "ntheta": 32,
  "length_target": 42.07711235207893,
  "length_weight": 2.099485737829674,
  "max_curvature_threshold": 2.561594063958889,
  "max_curvature_weight": 7.105180610879072e-06,
  "msc_threshold": 4.801981480206918,
  "msc_weight": 1.168143210872195e-05,
  "JF": 0.00811544276481474,
  "Jf": 0.007502983257234483,
  "BdotN": 0.018292234321600303,
  "lengths": [
    39.13956433437117,
    40.273833047468216,
    41.796320704108695,
    38.488357946565465,
    47.2131194600668,
    45.55204844328312
  ],
  "length": 252.46324393586346,
  "max_curvatures": [
    13.802628294876989,
    16.417561985189185,
    8.254242091333253,
    15.602844645625204,
    12.542562066921128,
    14.145924221821785
  ],
  "max_max_curvature": 16.417561985189185,
  "coil_coil_distance": 0.8594258776027349,
  "cc_threshold": 0.8632175580349761,
  "cc_weight": 42.942374162939196,
  "gradient_norm": 0.2240547056970452,
  "linking_number": 0,
  "directory": "ncoils_6_order_11_R1_4.4_length_target_4.2e+01_weight_2.1_max_curvature_2.6_weight_7.1e-06_msc_4.8_weight_1.2e-05_cc_0.86_weight_4.3e+01",
  "mean_squared_curvatures": [
    1.796017759191542,
    1.9854269195230818,
    1.8964555778321872,
    2.0707368065816008,
    2.9075937457165266,
    2.0408488218719687
  ],
  "max_mean_squared_curvature": 2.9075937457165266,
  "message": "STOP: TOTAL NO. of ITERATIONS REACHED LIMIT",
  "success": false,
  "iterations": 500,
  "function_evaluations": 594,
  "coil_currents": [
    7799874.453727668,
    8005743.207299641,
    8093989.68235479,
    8090186.647353322,
    8196456.033341111,
    8395164.694012552
  ],
  "coil_surface_distance": 0.01949354787120679
}