{
  "nfp": 4,
  "R0": 11.34443056562854,
  "R1": 4.913149625820452,
  "ncoils": 6,
  "order": 9,
  "nphi": 32,
  "ntheta": 32,
  "length_target": 43.483870711610265,
  "length_weight": 0.015275599730073683,
  "max_curvature_threshold": 1.8493762255013724,
  "max_curvature_weight": 0.0001391216085657872,
  "msc_threshold": 2.147104900254234,
  "msc_weight": 9.135986648894097e-05,
  "JF": 0.002174900281490831,
  "Jf": 0.0021064737139629783,
  "BdotN": 0.007620944048461441,
  "lengths": [
    47.85712564565397,
    50.3351837769382,
    39.286071582657456,
    36.97207608087441,
    39.47367477046815,
    46.981544938247744
  ],
  "length": 260.9056767948399,
  "max_curvatures": [
    2.216291942170847,
    2.8806241750871577,
    1.8133213984841765,
    1.9433492237875232,
    2.0562188088805273,
    2.1427395204920754
  ],
  "max_max_curvature": 2.8806241750871577,
  "coil_coil_distance": 1.0968420395076424,
  "cc_threshold": 1.1005097105183492,
  "cc_weight": 0.4546047954975754,
  "gradient_norm": 0.0034762277314223135,
  "linking_number": 0,
  "directory": "ncoils_6_order_9_R1_4.9_length_target_4.3e+01_weight_0.015_max_curvature_1.8_weight_0.00014_msc_2.1_weight_9.1e-05_cc_1.1_weight_0.45",
  "mean_squared_curvatures": [
    0.4219611345820928,
    0.39474287851737555,
    0.21098881245261916,
    0.20272101409818685,
    0.33704882796881613,
    0.4709930212439161
  ],
  "max_mean_squared_curvature": 0.4709930212439161,
  "message": "STOP: TOTAL NO. of ITERATIONS REACHED LIMIT",
  "success": false,
  "iterations": 700,
  "function_evaluations": 752,
  "coil_currents": [
    11709947.358879294,
    8998715.257079042,
    9039423.925832322,
    8167011.440014491,
    8166138.781164083,
    2500177.9551198557
  ],
  "coil_surface_distance": 0.8332035075813071
}