{
  "nfp": 4,
  "R0": 11.34443056562854,
  "R1": 4.301079267043164,
  "ncoils": 4,
  "order": 7,
  "nphi": 32,
  "ntheta": 32,
  "length_target": 41.14177794033225,
  "length_weight": 1.2465566737652263,
  "max_curvature_threshold": 5.158219546092181,
  "max_curvature_weight": 2.8576981938193763e-05,
  "msc_threshold": 7.1113308692781345,
  "msc_weight": 6.14057782263299e-05,
  "JF": 0.0009408350866003982,
  "Jf": 0.0009026748160995727,
  "BdotN": 0.004683308726173931,
  "lengths": [
    41.81111156597248,
    41.023540828173054,
    39.47339206779287,
    42.25936776904226
  ],
  "length": 164.56741223098066,
  "max_curvatures": [
    3.786564765432738,
    6.132699560455678,
    5.047589489203741,
    9.416279388753063
  ],
  "max_max_curvature": 9.416279388753063,
  "coil_coil_distance": 0.76434477620297,
  "cc_threshold": 0.7643992103623424,
  "cc_weight": 55.67059643487795,
  "gradient_norm": 0.01574477280005635,
  "linking_number": 0,
  "directory": "ncoils_4_order_7_R1_4.3_length_target_4.1e+01_weight_1.2_max_curvature_5.2_weight_2.9e-05_msc_7.1_weight_6.1e-05_cc_0.76_weight_5.6e+01",
  "mean_squared_curvatures": [
    0.3116431043336937,
    0.4438085490706273,
    0.3807831570225232,
    0.8029679219780331
  ],
  "max_mean_squared_curvature": 0.8029679219780331,
  "message": "STOP: TOTAL NO. of ITERATIONS REACHED LIMIT",
  "success": false,
  "iterations": 700,
  "function_evaluations": 978,
  "coil_currents": [
    12240823.165172925,
    12242519.531985007,
    12210030.395895978,
    11888041.625035167
  ],
  "coil_surface_distance": 1.4124092406934405
}