{
  "nfp": 4,
  "R0": 11.34443056562854,
  "R1": 4.219872081018527,
  "ncoils": 4,
  "order": 11,
  "nphi": 32,
  "ntheta": 32,
  "length_target": 37.18153909183329,
  "length_weight": 2.699607882575212,
  "max_curvature_threshold": 2.4817788252481585,
  "max_curvature_weight": 0.00036262223862532734,
  "msc_threshold": 2.2493477171922756,
  "msc_weight": 8.206635640237344e-07,
  "JF": 0.00048038267106177257,
  "Jf": 0.0004777955916671978,
  "BdotN": 0.004176821741529558,
  "lengths": [
    38.016223473803215,
    39.60250433382063,
    35.70519324088683,
    35.40230975299757
  ],
  "length": 148.72623080150825,
  "max_curvatures": [
    2.5096926143063536,
    2.6849062156165573,
    2.495363736778335,
    2.6034323790314082
  ],
  "max_max_curvature": 2.6849062156165573,
  "coil_coil_distance": 0.6093856440090297,
  "cc_threshold": 0.6099784800269125,
  "cc_weight": 3.930050747201194,
  "gradient_norm": 0.004224381289677363,
  "linking_number": 0,
  "directory": "ncoils_4_order_11_R1_4.2_length_target_3.7e+01_weight_2.7_max_curvature_2.5_weight_0.00036_msc_2.2_weight_8.2e-07_cc_0.61_weight_3.9",
  "mean_squared_curvatures": [
    0.24388483737067757,
    0.5442359576012165,
    0.30367494038140536,
    0.4205507821002534
  ],
  "max_mean_squared_curvature": 0.5442359576012165,
  "message": "STOP: TOTAL NO. of ITERATIONS REACHED LIMIT",
  "success": false,
  "iterations": 700,
  "function_evaluations": 794,
  "coil_currents": [
    12244417.5529416,
    12193659.315033149,
    12107925.12801792,
    12035412.722096413
  ],
  "coil_surface_distance": 1.4449362513819937
}