{
  "nfp": 4,
  "R0": 11.34443056562854,
  "R1": 4.925049793176575,
  "ncoils": 6,
  "order": 9,
  "nphi": 32,
  "ntheta": 32,
  "length_target": 32.44417931583412,
  "length_weight": 9.660865090169635,
  "max_curvature_threshold": 4.916139327106294,
  "max_curvature_weight": 0.0016801796482569294,
  "msc_threshold": 2.14292070754443,
  "msc_weight": 6.581840608697363e-05,
  "JF": 0.000272714442949158,
  "Jf": 0.0002726120284767601,
  "BdotN": 0.004557953950935782,
  "lengths": [
    34.3154017431007,
    33.22705892235399,
    32.6010298566642,
    32.84254822876868,
    31.013254174872245,
    30.6657830575606
  ],
  "length": 194.66507598332038,
  "max_curvatures": [
    0.954299357586843,
    4.753306575534288,
    4.436592720328155,
    4.84849881887593,
    2.1030580745036622,
    4.915633664968812
  ],
  "max_max_curvature": 4.915633664968812,
  "coil_coil_distance": 0.6330125279337013,
  "cc_threshold": 0.633799885440548,
  "cc_weight": 1.172423244947292,
  "gradient_norm": 0.0013183731090471843,
  "linking_number": 0,
  "directory": "ncoils_6_order_9_R1_4.9_length_target_3.2e+01_weight_9.7_max_curvature_4.9_weight_0.0017_msc_2.1_weight_6.6e-05_cc_0.63_weight_1.2",
  "mean_squared_curvatures": [
    0.13621352236796935,
    0.14885221058816714,
    0.27935290826687664,
    0.31563367080519483,
    0.18126610750013686,
    0.5276206659482916
  ],
  "max_mean_squared_curvature": 0.5276206659482916,
  "message": "STOP: TOTAL NO. of ITERATIONS REACHED LIMIT",
  "success": false,
  "iterations": 700,
  "function_evaluations": 778,
  "coil_currents": [
    8074798.363858138,
    8020731.820145846,
    7938565.414749722,
    7965997.746361501,
    7919819.939936149,
    8661501.433037728
  ],
  "coil_surface_distance": 1.2680277373592843
}