{
  "nfp": 4,
  "R0": 11.34443056562854,
  "R1": 4.516381355106868,
  "ncoils": 3,
  "order": 11,
  "nphi": 32,
  "ntheta": 32,
  "length_target": 45.85264537526143,
  "length_weight": 0.6232345289591407,
  "max_curvature_threshold": 5.750282572442029,
  "max_curvature_weight": 2.8567358432081975e-06,
  "msc_threshold": 0.8046876037520428,
  "msc_weight": 3.4325157304066557e-07,
  "JF": 0.003887282462134141,
  "Jf": 0.0038611570137580056,
  "BdotN": 0.011165035680888193,
  "lengths": [
    45.63373944438454,
    45.06005202485036,
    46.8643882697163
  ],
  "length": 137.5581797389512,
  "max_curvatures": [
    8.950291068725289,
    15.726472992140963,
    12.752384375615675
  ],
  "max_max_curvature": 15.726472992140963,
  "coil_coil_distance": 1.0722441681334791,
  "cc_threshold": 1.072647635174447,
  "cc_weight": 86.23683287636254,
  "gradient_norm": 0.031921205616757826,
  "linking_number": 0,
  "directory": "ncoils_3_order_11_R1_4.5_length_target_4.6e+01_weight_0.62_max_curvature_5.8_weight_2.9e-06_msc_0.8_weight_3.4e-07_cc_1.1_weight_8.6e+01",
  "mean_squared_curvatures": [
    0.5005110606402979,
    1.2256377831168528,
    2.269401595788283
  ],
  "max_mean_squared_curvature": 2.269401595788283,
  "message": "STOP: TOTAL NO. of ITERATIONS REACHED LIMIT",
  "success": false,
  "iterations": 700,
  "function_evaluations": 858,
  "coil_currents": [
    15982038.929920534,
    16053391.019066045,
    16545984.769102503
  ],
  "coil_surface_distance": 1.031006901772457
}