{
  "nfp": 4,
  "R0": 11.34443056562854,
  "R1": 4.243930030438572,
  "ncoils": 6,
  "order": 13,
  "nphi": 32,
  "ntheta": 32,
  "length_target": 36.1801579225723,
  "length_weight": 0.09377957363164789,
  "max_curvature_threshold": 7.8633551289903725,
  "max_curvature_weight": 0.00020274372366254142,
  "msc_threshold": 1.0150625055663056,
  "msc_weight": 2.967247372992293e-07,
  "JF": 0.0040914500963256375,
  "Jf": 0.004071211601850271,
  "BdotN": 0.012189552366027895,
  "lengths": [
    33.53143197853476,
    34.01673511269984,
    33.28684317011723,
    40.27697991748742,
    42.31917063549306,
    33.645499265098316
  ],
  "length": 217.07666007943064,
  "max_curvatures": [
    7.8770558272960445,
    5.337888282772979,
    7.760157752399869,
    8.01071821359234,
    8.598697832540884,
    8.671896110717489
  ],
  "max_max_curvature": 8.671896110717489,
  "coil_coil_distance": 1.0272602838644223,
  "cc_threshold": 1.027835557494007,
  "cc_weight": 181.3255210301088,
  "gradient_norm": 0.07264781003130379,
  "linking_number": 0,
  "directory": "ncoils_6_order_13_R1_4.2_length_target_3.6e+01_weight_0.094_max_curvature_7.9_weight_0.0002_msc_1.0_weight_3e-07_cc_1.0_weight_1.8e+02",
  "mean_squared_curvatures": [
    1.2429181878079703,
    0.8749343351550802,
    1.0610122058681386,
    1.596970358596341,
    2.027126109993368,
    4.113330310981574
  ],
  "max_mean_squared_curvature": 4.113330310981574,
  "message": "STOP: TOTAL NO. of ITERATIONS REACHED LIMIT",
  "success": false,
  "iterations": 700,
  "function_evaluations": 888,
  "coil_currents": [
    8927920.859405944,
    8947756.006932462,
    8852701.527377786,
    9267561.155779349,
    9128778.16646177,
    3456697.0021317676
  ],
  "coil_surface_distance": 0.06568586660142868
}