{
  "nfp": 4,
  "R0": 11.34443056562854,
  "R1": 4.240104503008915,
  "ncoils": 5,
  "order": 11,
  "nphi": 32,
  "ntheta": 32,
  "length_target": 37.73070467408442,
  "length_weight": 38.20937704090907,
  "max_curvature_threshold": 3.613829063196384,
  "max_curvature_weight": 0.00030572138566780136,
  "msc_threshold": 5.831589936999316,
  "msc_weight": 4.942457072022415e-07,
  "JF": 0.0009944384319459923,
  "Jf": 0.0009726500723964691,
  "BdotN": 0.005511667082967963,
  "lengths": [
    38.40917451451076,
    38.00294109996486,
    37.4770255452421,
    36.261073919789816,
    38.50368968593614
  ],
  "length": 188.65390476544368,
  "max_curvatures": [
    3.646283911896946,
    3.7991987070426525,
    3.337930800834314,
    3.6067280258110803,
    4.016673469152502
  ],
  "max_max_curvature": 4.016673469152502,
  "coil_coil_distance": 0.7878275576865565,
  "cc_threshold": 0.81086391159838,
  "cc_weight": 0.2284871103057993,
  "gradient_norm": 0.3735411434055046,
  "linking_number": 0,
  "directory": "ncoils_5_order_11_R1_4.2_length_target_3.8e+01_weight_3.8e+01_max_curvature_3.6_weight_0.00031_msc_5.8_weight_4.9e-07_cc_0.81_weight_0.23",
  "mean_squared_curvatures": [
    0.34958830491316806,
    0.2907379919097158,
    0.4576529173338524,
    0.34629167545721207,
    0.5071330927824435
  ],
  "max_mean_squared_curvature": 0.5071330927824435,
  "message": "STOP: TOTAL NO. of ITERATIONS REACHED LIMIT",
  "success": false,
  "iterations": 700,
  "function_evaluations": 840,
  "coil_currents": [
    9667498.25724989,
    9618406.57228337,
    9722599.18072322,
    9694471.6707612,
    9878439.0370714
  ],
  "coil_surface_distance": 1.2674766700468285
}