{
  "nfp": 4,
  "R0": 11.34443056562854,
  "R1": 4.254740711801789,
  "ncoils": 5,
  "order": 10,
  "nphi": 32,
  "ntheta": 32,
  "length_target": 34.22653244965699,
  "length_weight": 61.45069641674106,
  "max_curvature_threshold": 1.3365794784918892,
  "max_curvature_weight": 2.6213250901969138e-05,
  "msc_threshold": 2.8615117504619287,
  "msc_weight": 8.319303543370327e-07,
  "JF": 0.0055199320055631515,
  "Jf": 0.005429389591157213,
  "BdotN": 0.01167492000073635,
  "lengths": [
    36.532920976688295,
    37.26768837352301,
    34.32018593078931,
    31.58955136291911,
    31.422336130147627
  ],
  "length": 171.13268277406735,
  "max_curvatures": [
    2.6317396470040784,
    3.460576379417759,
    1.9399511300471421,
    4.073672199499693,
    5.716326275524954
  ],
  "max_max_curvature": 5.716326275524954,
  "coil_coil_distance": 0.9861772756741326,
  "cc_threshold": 0.9881916064318672,
  "cc_weight": 9.590300011188146,
  "gradient_norm": 0.028539163240454184,
  "linking_number": 0,
  "directory": "ncoils_5_order_10_R1_4.3_length_target_3.4e+01_weight_6.1e+01_max_curvature_1.3_weight_2.6e-05_msc_2.9_weight_8.3e-07_cc_0.99_weight_9.6",
  "mean_squared_curvatures": [
    0.2170318253488017,
    0.26073261712533224,
    0.17342270732542903,
    0.2950309810386752,
    0.4219273951418327
  ],
  "max_mean_squared_curvature": 0.4219273951418327,
  "message": "STOP: TOTAL NO. of ITERATIONS REACHED LIMIT",
  "success": false,
  "iterations": 700,
  "function_evaluations": 834,
  "coil_currents": [
    9787107.715471515,
    9769174.429061059,
    9527954.281195164,
    9608170.551170861,
    9889007.741190478
  ],
  "coil_surface_distance": 1.1561108391178514
}