{
  "nfp": 4,
  "R0": 11.34443056562854,
  "R1": 4.134465026219548,
  "ncoils": 6,
  "order": 8,
  "nphi": 32,
  "ntheta": 32,
  "length_target": 28.86013290969677,
  "length_weight": 0.12421857880150992,
  "max_curvature_threshold": 2.2261299989117993,
  "max_curvature_weight": 9.691692513582866e-06,
  "msc_threshold": 7.152786104225625,
  "msc_weight": 2.545234234679093e-07,
  "JF": 0.001010828782495532,
  "Jf": 0.0008690819924836883,
  "BdotN": 0.007624126985039248,
  "lengths": [
    29.757643219314684,
    28.77559142857688,
    30.15520769264054,
    29.299533708103702,
    27.425745233034945,
    27.74692628844989
  ],
  "length": 173.16064757012063,
  "max_curvatures": [
    7.720067470778817,
    2.9079960563825082,
    6.3551624301099,
    7.154635637535908,
    2.1989087709840387,
    8.886139081753553
  ],
  "max_max_curvature": 8.886139081753553,
  "coil_coil_distance": 0.6283546449744069,
  "cc_threshold": 0.6283696692975781,
  "cc_weight": 418.0892895059556,
  "gradient_norm": 0.005039601074622329,
  "linking_number": 0,
  "directory": "ncoils_6_order_8_R1_4.1_length_target_2.9e+01_weight_0.12_max_curvature_2.2_weight_9.7e-06_msc_7.2_weight_2.5e-07_cc_0.63_weight_4.2e+02",
  "mean_squared_curvatures": [
    0.4496947014477125,
    0.24381853525250563,
    1.2227363379965057,
    1.3560503790638074,
    0.31274833501046884,
    1.419241659595624
  ],
  "max_mean_squared_curvature": 1.419241659595624,
  "message": "STOP: TOTAL NO. of ITERATIONS REACHED LIMIT",
  "success": false,
  "iterations": 700,
  "function_evaluations": 1133,
  "coil_currents": [
    8224261.524197033,
    8153192.977104611,
    8110550.2561923545,
    8101963.610910565,
    8007037.26281457,
    7984409.086869948
  ],
  "coil_surface_distance": 0.931148835423687
}