{
  "nfp": 4,
  "R0": 11.34443056562854,
  "R1": 4.544737871858111,
  "ncoils": 6,
  "order": 13,
  "nphi": 32,
  "ntheta": 32,
  "length_target": 40.769348638408125,
  "length_weight": 0.028897954791304893,
  "max_curvature_threshold": 7.249235041589014,
  "max_curvature_weight": 2.2695185139617197e-06,
  "msc_threshold": 2.0584533875898114,
  "msc_weight": 3.2800381844205463e-06,
  "JF": 0.000161434321272489,
  "Jf": 0.00015951332468796173,
  "BdotN": 0.004305881272235728,
  "lengths": [
    40.715850062150615,
    39.0608323745039,
    38.437271418933356,
    39.46964403591551,
    40.93205514377421,
    46.00051703404184
  ],
  "length": 244.61617006931945,
  "max_curvatures": [
    9.649405480139285,
    7.146208484354965,
    6.255628839961384,
    7.107770347134753,
    6.698678259589336,
    7.717057526953857
  ],
  "max_max_curvature": 9.649405480139285,
  "coil_coil_distance": 0.7529328014894388,
  "cc_threshold": 0.7661441773294686,
  "cc_weight": 0.04959192616671751,
  "gradient_norm": 0.0002982712219441303,
  "linking_number": 0,
  "directory": "ncoils_6_order_13_R1_4.5_length_target_4.1e+01_weight_0.029_max_curvature_7.2_weight_2.3e-06_msc_2.1_weight_3.3e-06_cc_0.77_weight_0.05",
  "mean_squared_curvatures": [
    1.7338273148998966,
    0.5523342048390213,
    0.8932399966084709,
    0.7973506327975143,
    0.7537650665528531,
    1.2099075558572279
  ],
  "max_mean_squared_curvature": 1.7338273148998966,
  "message": "STOP: TOTAL NO. of ITERATIONS REACHED LIMIT",
  "success": false,
  "iterations": 700,
  "function_evaluations": 740,
  "coil_currents": [
    8063968.38675134,
    7861669.032135551,
    7693136.526536081,
    8000182.487171461,
    7949114.869091586,
    9013343.416403063
  ],
  "coil_surface_distance": 0.9427922929189144
}