{
  "nfp": 4,
  "ncoils": 6,
  "R0": 11.34443056562854,
  "R1": 4.884943932844996,
  "order": 15,
  "nphi": 32,
  "ntheta": 32,
  "length_target": 35.9549187751774,
  "length_weight": 0.6434328503807173,
  "max_curvature_threshold": 4.595106852564481,
  "max_curvature_weight": 1.4493124580300713e-05,
  "msc_threshold": 1.680831165553137,
  "msc_weight": 2.440609751023399e-07,
  "JF": 0.046591211775445146,
  "Jf": 0.04450569901569708,
  "BdotN": 0.05480749399386018,
  "lengths": [
    34.18589978977276,
    31.77344619337002,
    38.11205376952203,
    30.047945241870682,
    42.42598207560949,
    39.184293403698376
  ],
  "length": 215.72962047384334,
  "max_curvatures": [
    15.07522822132211,
    22.125715047265757,
    29.18978944726926,
    41.093708244474804,
    21.970138418343346,
    21.564259501964496
  ],
  "max_max_curvature": 41.093708244474804,
  "coil_coil_distance": 0.8595838240004846,
  "cc_threshold": 0.8605361962353277,
  "cc_weight": 2863.8842186988823,
  "gradient_norm": 1.1399168375869422,
  "linking_number": 0,
  "directory": "ncoils_6_order_15_R1_4.9_length_target_3.6e+01_weight_0.64_max_curvature_4.6_weight_1.4e-05_msc_1.7_weight_2.4e-07_cc_0.86_weight_2.9e+03",
  "mean_squared_curvatures": [
    2.8948407071494335,
    2.3816768875069947,
    4.164320472626659,
    9.838977179903939,
    4.180426478400813,
    5.858832681165044
  ],
  "max_mean_squared_curvature": 9.838977179903939,
  "message": "STOP: TOTAL NO. of ITERATIONS REACHED LIMIT",
  "success": false,
  "iterations": 700,
  "function_evaluations": 1039,
  "coil_currents": [
    8001497.339911515,
    8063877.9440802485,
    8004361.873375083,
    7772653.894899783,
    7108134.799859641,
    9630888.86596281
  ],
  "coil_surface_distance": 0.01640928328023985
}