{
  "nfp": 4,
  "R0": 11.34443056562854,
  "R1": 4.980474291723522,
  "ncoils": 5,
  "order": 9,
  "nphi": 32,
  "ntheta": 32,
  "length_target": 38.97873665388296,
  "length_weight": 11.378990384658696,
  "max_curvature_threshold": 3.8865758238502695,
  "max_curvature_weight": 3.942679567365287e-05,
  "msc_threshold": 1.0959380480862555,
  "msc_weight": 1.4090003791279928e-07,
  "JF": 0.0027186938892222222,
  "Jf": 0.0026818122807390275,
  "BdotN": 0.008838363999967791,
  "lengths": [
    36.659109390159365,
    38.28545745705163,
    39.15249038556746,
    43.257528892251216,
    37.539284665069154
  ],
  "length": 194.89387079009882,
  "max_curvatures": [
    3.945170436123131,
    3.752088075757184,
    5.208085129006936,
    5.849425756683843,
    5.704515151757976
  ],
  "max_max_curvature": 5.849425756683843,
  "coil_coil_distance": 0.947465735898057,
  "cc_threshold": 0.9475423110264727,
  "cc_weight": 216.51200505778576,
  "gradient_norm": 0.08148248358621409,
  "linking_number": 0,
  "directory": "ncoils_5_order_9_R1_5.0_length_target_3.9e+01_weight_1.1e+01_max_curvature_3.9_weight_3.9e-05_msc_1.1_weight_1.4e-07_cc_0.95_weight_2.2e+02",
  "mean_squared_curvatures": [
    0.35452796712686335,
    0.42103292195588504,
    0.90732798398277,
    1.187015392752521,
    0.6326073351516401
  ],
  "max_mean_squared_curvature": 1.187015392752521,
  "message": "STOP: TOTAL NO. of ITERATIONS REACHED LIMIT",
  "success": false,
  "iterations": 700,
  "function_evaluations": 925,
  "coil_currents": [
    9715204.46781544,
    9821581.136564935,
    9955655.403780725,
    10039114.643385004,
    9049859.066542976
  ],
  "coil_surface_distance": 1.186731567962281
}