{
  "nfp": 4,
  "ncoils": 6,
  "R0": 11.34443056562854,
  "R1": 4.272836776326145,
  "order": 10,
  "nphi": 32,
  "ntheta": 32,
  "length_target": 31.035024013202307,
  "length_weight": 0.4301442838976652,
  "max_curvature_threshold": 3.072487704080322,
  "max_curvature_weight": 2.4489299023222272e-05,
  "msc_threshold": 2.5969636291744607,
  "msc_weight": 1.7248379558942457e-07,
  "JF": 0.00041561472028093,
  "Jf": 0.0004139123148695443,
  "BdotN": 0.004175591354635119,
  "lengths": [
    32.65340283489807,
    32.388334766890374,
    32.647741575707464,
    29.648976733400403,
    30.533547484324533,
    28.338366718446252
  ],
  "length": 186.2103701136671,
  "max_curvatures": [
    3.2633549852862207,
    3.6427791805801255,
    3.541675958399828,
    2.8492488901134716,
    2.8964410118614508,
    3.6869548151763225
  ],
  "max_max_curvature": 3.6869548151763225,
  "coil_coil_distance": 0.8436451716305691,
  "cc_threshold": 0.8444100515701267,
  "cc_weight": 5.1599408609225685,
  "gradient_norm": 0.0024769357866575863,
  "linking_number": 0,
  "directory": "ncoils_6_order_10_R1_4.3_length_target_3.1e+01_weight_0.43_max_curvature_3.1_weight_2.4e-05_msc_2.6_weight_1.7e-07_cc_0.84_weight_5.2",
  "mean_squared_curvatures": [
    0.20174105037452056,
    0.30702853348700765,
    0.33141080518193344,
    0.21734264090067654,
    0.4152158612548588,
    0.4020017368797186
  ],
  "max_mean_squared_curvature": 0.4152158612548588,
  "message": "STOP: TOTAL NO. of ITERATIONS REACHED LIMIT",
  "success": false,
  "iterations": 700,
  "function_evaluations": 746,
  "coil_currents": [
    8442019.732640725,
    8291018.168162489,
    8203385.236883736,
    7899368.6933694435,
    8241908.424698135,
    7503714.462334551
  ],
  "coil_surface_distance": 1.0929554069076972
}