{
  "nfp": 4,
  "R0": 11.34443056562854,
  "R1": 4.238357108613269,
  "ncoils": 4,
  "order": 13,
  "nphi": 32,
  "ntheta": 32,
  "length_target": 44.17001893521052,
  "length_weight": 3.6479778669918432,
  "max_curvature_threshold": 4.647594592869161,
  "max_curvature_weight": 0.0002498443169970801,
  "msc_threshold": 6.796815334497931,
  "msc_weight": 1.2114993127821825e-07,
  "JF": 1.9653707036619836,
  "Jf": 1.945917672775448,
  "BdotN": 0.20924611381671723,
  "lengths": [
    53.00827097681984,
    43.67458824302158,
    39.45840727151808,
    40.54327805366146
  ],
  "length": 176.68454454502094,
  "max_curvatures": [
    6.344090146164082,
    8.418620833100462,
    5.300164172028556,
    6.559753295261325
  ],
  "max_max_curvature": 8.418620833100462,
  "coil_coil_distance": 0.0784747511764259,
  "cc_threshold": 0.763786182044267,
  "cc_weight": 0.03752614157462043,
  "gradient_norm": 1.1438933520554178,
  "linking_number": 0,
  "directory": "ncoils_4_order_13_R1_4.2_length_target_4.4e+01_weight_3.6_max_curvature_4.6_weight_0.00025_msc_6.8_weight_1.2e-07_cc_0.76_weight_0.038",
  "mean_squared_curvatures": [
    0.4203309777438699,
    0.35300126375429597,
    0.29629687743947264,
    0.19724430551293956
  ],
  "max_mean_squared_curvature": 0.4203309777438699,
  "message": "ABNORMAL_TERMINATION_IN_LNSRCH",
  "success": false,
  "iterations": 75,
  "function_evaluations": 311,
  "coil_currents": [
    11528015.720268743,
    11707089.31236068,
    11985033.718331926,
    13361275.967127733
  ],
  "coil_surface_distance": 1.5750240798164228
}