{
  "nfp": 4,
  "R0": 11.34443056562854,
  "R1": 4.546249510175006,
  "ncoils": 6,
  "order": 13,
  "nphi": 32,
  "ntheta": 32,
  "length_target": 36.4264706441273,
  "length_weight": 2.0167117154187375,
  "max_curvature_threshold": 6.639952904542774,
  "max_curvature_weight": 0.00011458644795280934,
  "msc_threshold": 3.224597855010057,
  "msc_weight": 5.292214054675709e-07,
  "JF": 4.595121155261944,
  "Jf": 4.5213699740970545,
  "BdotN": 0.2734323701178273,
  "lengths": [
    45.92093079298303,
    38.91965254035098,
    35.64920901030567,
    33.43760719965224,
    31.303722571874832,
    33.18749092983224
  ],
  "length": 218.418613044999,
  "max_curvatures": [
    55.4564686389645,
    33.60944537915139,
    21.31074566862271,
    13.445683890339907,
    14.144679078024932,
    29.227212735285228
  ],
  "max_max_curvature": 55.4564686389645,
  "coil_coil_distance": 0.08530898783250908,
  "cc_threshold": 0.8054538081679236,
  "cc_weight": 0.025662788038146086,
  "gradient_norm": 17.766076307354204,
  "linking_number": 0,
  "directory": "ncoils_6_order_13_R1_4.5_length_target_3.6e+01_weight_2.0_max_curvature_6.6_weight_0.00011_msc_3.2_weight_5.3e-07_cc_0.81_weight_0.026",
  "mean_squared_curvatures": [
    6.617560592442518,
    5.38835354420666,
    5.267483712562599,
    2.56836958977849,
    2.4801658648176996,
    4.357445623239791
  ],
  "max_mean_squared_curvature": 6.617560592442518,
  "message": "ABNORMAL_TERMINATION_IN_LNSRCH",
  "success": false,
  "iterations": 50,
  "function_evaluations": 176,
  "coil_currents": [
    7548804.591764912,
    7585757.392574795,
    7740555.047227121,
    7922125.583555686,
    8039572.099955748,
    9744600.003010817
  ],
  "coil_surface_distance": 1.2282205594420315
}