{
  "nfp": 4,
  "R0": 11.34443056562854,
  "R1": 4.233815120693076,
  "ncoils": 5,
  "order": 14,
  "nphi": 32,
  "ntheta": 32,
  "length_target": 39.238289823752254,
  "length_weight": 0.35217728784999974,
  "max_curvature_threshold": 3.6453089042641467,
  "max_curvature_weight": 0.004453149499197365,
  "msc_threshold": 2.4067634997835325,
  "msc_weight": 1.0778084282116116e-06,
  "JF": 0.001426705038086152,
  "Jf": 0.001203723661394389,
  "BdotN": 0.006858915870997448,
  "lengths": [
    40.179933107306994,
    39.16699211216002,
    37.648919847196545,
    38.25444427762422,
    40.94265991555909
  ],
  "length": 196.19294925984687,
  "max_curvatures": [
    3.6800654381760833,
    3.56763833817867,
    3.605160934329567,
    3.676064978413166,
    3.6556642276783498
  ],
  "max_max_curvature": 3.6800654381760833,
  "coil_coil_distance": 0.9977598159455932,
  "cc_threshold": 1.0663076577862294,
  "cc_weight": 0.02336503694012593,
  "gradient_norm": 0.01841917352780255,
  "linking_number": 0,
  "directory": "ncoils_5_order_14_R1_4.2_length_target_3.9e+01_weight_0.35_max_curvature_3.6_weight_0.0045_msc_2.4_weight_1.1e-06_cc_1.1_weight_0.023",
  "mean_squared_curvatures": [
    0.6609409818261502,
    0.4785928306754729,
    0.4265155360623651,
    0.5211433308762986,
    0.9251326009221776
  ],
  "max_mean_squared_curvature": 0.9251326009221776,
  "message": "STOP: TOTAL NO. of ITERATIONS REACHED LIMIT",
  "success": false,
  "iterations": 700,
  "function_evaluations": 756,
  "coil_currents": [
    9883509.14638853,
    9552474.291716954,
    9654360.631812366,
    9576761.092319833,
    9914309.5558514
  ],
  "coil_surface_distance": 1.1279013636103752
}