{
  "nfp": 4,
  "R0": 11.34443056562854,
  "R1": 4.632113401854658,
  "ncoils": 5,
  "order": 5,
  "nphi": 32,
  "ntheta": 32,
  "length_target": 39.02262901749852,
  "length_weight": 0.3073747293745734,
  "max_curvature_threshold": 6.497305309911239,
  "max_curvature_weight": 3.7921843511925433e-06,
  "msc_threshold": 4.627919472771792,
  "msc_weight": 9.404222371556058e-06,
  "JF": 0.0033602228396931756,
  "Jf": 0.003327783093148889,
  "BdotN": 0.009639697104981342,
  "lengths": [
    47.363251174466654,
    44.477144923979466,
    31.73474063316927,
    33.318016215980215,
    38.22253134234739
  ],
  "length": 195.115684289943,
  "max_curvatures": [
    0.939752933062127,
    2.0158156060073757,
    10.750944956064266,
    1.6230539130643646,
    5.455109901627452
  ],
  "max_max_curvature": 10.750944956064266,
  "coil_coil_distance": 1.1702956865519336,
  "cc_threshold": 1.1761657748596581,
  "cc_weight": 0.3547259535323835,
  "gradient_norm": 0.015257109262017073,
  "linking_number": 0,
  "directory": "ncoils_5_order_5_R1_4.6_length_target_3.9e+01_weight_0.31_max_curvature_6.5_weight_3.8e-06_msc_4.6_weight_9.4e-06_cc_1.2_weight_0.35",
  "mean_squared_curvatures": [
    0.12932438393279713,
    0.21455008146928534,
    0.8354581690590309,
    0.15359623844347303,
    0.38469095654541097
  ],
  "max_mean_squared_curvature": 0.8354581690590309,
  "message": "STOP: TOTAL NO. of ITERATIONS REACHED LIMIT",
  "success": false,
  "iterations": 700,
  "function_evaluations": 747,
  "coil_currents": [
    14139413.95413843,
    12743160.0735162,
    3618339.329589934,
    7093931.164935263,
    10986570.195909254
  ],
  "coil_surface_distance": 0.7716079127571672
}