{
  "nfp": 4,
  "R0": 11.34443056562854,
  "R1": 4.230050126521874,
  "ncoils": 5,
  "order": 15,
  "nphi": 32,
  "ntheta": 32,
  "length_target": 37.72646130118827,
  "length_weight": 7.110218821732858,
  "max_curvature_threshold": 6.471546932415523,
  "max_curvature_weight": 2.1847907716523494e-05,
  "msc_threshold": 7.228810996069983,
  "msc_weight": 2.0411090807525465e-05,
  "JF": 0.008466482229619259,
  "Jf": 0.00828411071542524,
  "BdotN": 0.01693195353889837,
  "lengths": [
    34.880505701354316,
    34.880093509149525,
    36.38907624107247,
    42.123695405710926,
    40.359141170933235
  ],
  "length": 188.63251202822048,
  "max_curvatures": [
    7.7653915890182095,
    9.261671419966824,
    8.717531391430764,
    10.08661203742497,
    15.457961434793425
  ],
  "max_max_curvature": 15.457961434793425,
  "coil_coil_distance": 1.1543932545891662,
  "cc_threshold": 1.1577786689947516,
  "cc_weight": 18.40637722971307,
  "gradient_norm": 0.08564714305181541,
  "linking_number": 0,
  "directory": "ncoils_5_order_15_R1_4.2_length_target_3.8e+01_weight_7.1_max_curvature_6.5_weight_2.2e-05_msc_7.2_weight_2e-05_cc_1.2_weight_1.8e+01",
  "mean_squared_curvatures": [
    2.400415621180393,
    2.872557872215965,
    2.239866408657983,
    3.1729011093509256,
    3.368151626450837
  ],
  "max_mean_squared_curvature": 3.368151626450837,
  "message": "STOP: TOTAL NO. of ITERATIONS REACHED LIMIT",
  "success": false,
  "iterations": 700,
  "function_evaluations": 799,
  "coil_currents": [
    9598284.513908913,
    9643686.664734017,
    9662082.609503662,
    9648140.87482702,
    10029220.055115469
  ],
  "coil_surface_distance": 0.9621358043530591
}