{
  "nfp": 4,
  "ncoils": 6,
  "R0": 11.34443056562854,
  "R1": 4.283797499782876,
  "order": 13,
  "nphi": 32,
  "ntheta": 32,
  "length_target": 33.48471634036728,
  "length_weight": 1.161816257945738,
  "max_curvature_threshold": 2.4147918946244697,
  "max_curvature_weight": 2.8437850970546457e-06,
  "msc_threshold": 1.2177941474208853,
  "msc_weight": 4.3917851783140325e-05,
  "JF": 0.00013453756955791722,
  "Jf": 0.00013440727059315914,
  "BdotN": 0.004405216059299429,
  "lengths": [
    35.56859314910868,
    34.416660266910355,
    33.091518992718186,
    32.41939855516142,
    32.9355415770075,
    32.47664689809888
  ],
  "length": 200.90835943900498,
  "max_curvatures": [
    2.7161404263272506,
    2.512231846297335,
    2.604172075368683,
    2.809680588547178,
    2.9704819414662555,
    2.6594563998679295
  ],
  "max_max_curvature": 2.9704819414662555,
  "coil_coil_distance": 0.5345409698039906,
  "cc_threshold": 0.5363304656433606,
  "cc_weight": 0.11787075156544026,
  "gradient_norm": 0.0018988747349536312,
  "linking_number": 0,
  "directory": "ncoils_6_order_13_R1_4.3_length_target_3.3e+01_weight_1.2_max_curvature_2.4_weight_2.8e-06_msc_1.2_weight_4.4e-05_cc_0.54_weight_0.12",
  "mean_squared_curvatures": [
    0.5186377700990725,
    0.30151123295649224,
    0.2577862340479295,
    0.34705920463771617,
    0.29192536457169604,
    0.3131283716387929
  ],
  "max_mean_squared_curvature": 0.5186377700990725,
  "message": "STOP: TOTAL NO. of ITERATIONS REACHED LIMIT",
  "success": false,
  "iterations": 700,
  "function_evaluations": 770,
  "coil_currents": [
    8132624.315279882,
    8076120.488424033,
    7982888.796604313,
    7970189.266715046,
    8064578.933591072,
    8355012.917474732
  ],
  "coil_surface_distance": 1.3308915236324128
}