{
  "nfp": 4,
  "R0": 11.34443056562854,
  "R1": 4.167303671183967,
  "ncoils": 6,
  "order": 6,
  "nphi": 32,
  "ntheta": 32,
  "length_target": 46.018508540186374,
  "length_weight": 1.22813455114041,
  "max_curvature_threshold": 6.293102032249652,
  "max_curvature_weight": 0.0002872575399903614,
  "msc_threshold": 2.872483173730246,
  "msc_weight": 2.476043535945031e-06,
  "JF": 0.0019044581255654933,
  "Jf": 0.0018932971432709205,
  "BdotN": 0.0075647867043965415,
  "lengths": [
    37.71657766433806,
    38.446466583344815,
    47.35301777984064,
    49.60852152781342,
    47.435975394988596,
    55.55057920399061
  ],
  "length": 276.1111381543161,
  "max_curvatures": [
    4.951639895368692,
    5.4748558440499675,
    4.218236920360666,
    5.43266170385759,
    6.049603638581702,
    6.937655502129609
  ],
  "max_max_curvature": 6.937655502129609,
  "coil_coil_distance": 0.7367645080043493,
  "cc_threshold": 0.7367929179812616,
  "cc_weight": 212.60226470353223,
  "gradient_norm": 0.017232445665312512,
  "linking_number": 0,
  "directory": "ncoils_6_order_6_R1_4.2_length_target_4.6e+01_weight_1.2_max_curvature_6.3_weight_0.00029_msc_2.9_weight_2.5e-06_cc_0.74_weight_2.1e+02",
  "mean_squared_curvatures": [
    0.6481033659184838,
    0.634255599096857,
    0.3728159016074975,
    0.8384303664631833,
    1.0141037073029584,
    0.8721207929023769
  ],
  "max_mean_squared_curvature": 1.0141037073029584,
  "message": "STOP: TOTAL NO. of ITERATIONS REACHED LIMIT",
  "success": false,
  "iterations": 700,
  "function_evaluations": 1208,
  "coil_currents": [
    7875655.487845504,
    7882747.259611703,
    7820898.033764779,
    8023760.644131466,
    8060348.269555606,
    8918005.023180023
  ],
  "coil_surface_distance": 1.0172250554518163
}