{
  "nfp": 4,
  "ncoils": 6,
  "R0": 11.34443056562854,
  "R1": 4.295336782280142,
  "order": 9,
  "nphi": 32,
  "ntheta": 32,
  "length_target": 42.140847100368944,
  "length_weight": 0.4731248849291233,
  "max_curvature_threshold": 4.842100837384941,
  "max_curvature_weight": 2.8001047013182613e-06,
  "msc_threshold": 3.800152735651698,
  "msc_weight": 3.0439661380979504e-07,
  "JF": 0.002718723967432445,
  "Jf": 0.00260528812469412,
  "BdotN": 0.010310500220360638,
  "lengths": [
    45.39773381579588,
    42.9644968551155,
    40.96203820127812,
    48.42237339979363,
    35.287653160049345,
    39.81160942456071
  ],
  "length": 252.8459048565932,
  "max_curvatures": [
    31.89340202800378,
    7.238817244714721,
    7.186441092370569,
    6.726098711227739,
    8.094222775598002,
    12.408971699309731
  ],
  "max_max_curvature": 31.89340202800378,
  "coil_coil_distance": 1.0823881268014361,
  "cc_threshold": 1.084149589047309,
  "cc_weight": 1.8557545422482393,
  "gradient_norm": 0.015190466268865287,
  "linking_number": 0,
  "directory": "ncoils_6_order_9_R1_4.3_length_target_4.2e+01_weight_0.47_max_curvature_4.8_weight_2.8e-06_msc_3.8_weight_3e-07_cc_1.1_weight_1.9",
  "mean_squared_curvatures": [
    2.790444383002151,
    0.8656268840525871,
    0.5441752102243594,
    0.8403801848983259,
    1.0137599967915385,
    0.9314337596084695
  ],
  "max_mean_squared_curvature": 2.790444383002151,
  "message": "STOP: TOTAL NO. of ITERATIONS REACHED LIMIT",
  "success": false,
  "iterations": 700,
  "function_evaluations": 754,
  "coil_currents": [
    8895392.646322774,
    7990825.991084369,
    8094284.84975167,
    8726540.487526359,
    8203011.644066411,
    6671359.099337503
  ],
  "coil_surface_distance": 0.7990403690131596
}