{
  "nfp": 4,
  "R0": 11.34443056562854,
  "R1": 4.76875619569649,
  "ncoils": 5,
  "order": 6,
  "nphi": 32,
  "ntheta": 32,
  "length_target": 36.25113613722468,
  "length_weight": 0.03813637497090729,
  "max_curvature_threshold": 4.753894923655299,
  "max_curvature_weight": 0.003077332789784992,
  "msc_threshold": 4.382152391154031,
  "msc_weight": 1.2425532417470169e-06,
  "JF": 0.00018361849142012335,
  "Jf": 0.00018336131215874595,
  "BdotN": 0.004214602807917657,
  "lengths": [
    36.90860775727182,
    35.46570161232731,
    34.70135394008893,
    36.64266994481116,
    37.53693099747592
  ],
  "length": 181.25526425197512,
  "max_curvatures": [
    1.080005644601782,
    0.8832242233561035,
    3.794801048083695,
    2.6817630077689336,
    4.759636594672095
  ],
  "max_max_curvature": 4.759636594672095,
  "coil_coil_distance": 0.6158440769641675,
  "cc_threshold": 0.6197911631946847,
  "cc_weight": 0.0604335235868439,
  "gradient_norm": 0.0005142013268612283,
  "linking_number": 0,
  "directory": "ncoils_5_order_6_R1_4.8_length_target_3.6e+01_weight_0.038_max_curvature_4.8_weight_0.0031_msc_4.4_weight_1.2e-06_cc_0.62_weight_0.06",
  "mean_squared_curvatures": [
    0.12441231809900717,
    0.14078293597098096,
    0.3803676139485859,
    0.30346055243844633,
    0.3520493967967473
  ],
  "max_mean_squared_curvature": 0.3803676139485859,
  "message": "STOP: TOTAL NO. of ITERATIONS REACHED LIMIT",
  "success": false,
  "iterations": 700,
  "function_evaluations": 750,
  "coil_currents": [
    9687891.981040968,
    9579023.03865601,
    9723544.747700276,
    9707912.049046459,
    9883042.90164537
  ],
  "coil_surface_distance": 1.4133869853727494
}