{
  "nfp": 4,
  "R0": 11.34443056562854,
  "R1": 4.446176764258391,
  "ncoils": 6,
  "order": 15,
  "nphi": 32,
  "ntheta": 32,
  "length_target": 41.284668689802174,
  "length_weight": 11.483003932251155,
  "max_curvature_threshold": 4.011080430303219,
  "max_curvature_weight": 0.004837572542479919,
  "msc_threshold": 2.4359935225445213,
  "msc_weight": 1.065954033678144e-06,
  "JF": 0.003788846967146379,
  "Jf": 0.0037601949750601404,
  "BdotN": 0.012316639781809155,
  "lengths": [
    40.75931107039512,
    37.89238650666907,
    38.87148732270224,
    46.300144961220624,
    42.125296424645285,
    41.759628385368586
  ],
  "length": 247.70825467100093,
  "max_curvatures": [
    3.994872565469052,
    4.112692404464106,
    4.029479741903904,
    4.258175001666051,
    4.1341553678500444,
    4.058954238273183
  ],
  "max_max_curvature": 4.258175001666051,
  "coil_coil_distance": 0.7878905564505743,
  "cc_threshold": 0.789921195340558,
  "cc_weight": 57.665261129541484,
  "gradient_norm": 0.14712655588418352,
  "linking_number": 0,
  "directory": "ncoils_6_order_15_R1_4.4_length_target_4.1e+01_weight_1.1e+01_max_curvature_4.0_weight_0.0048_msc_2.4_weight_1.1e-06_cc_0.79_weight_5.8e+01",
  "mean_squared_curvatures": [
    0.9065544327621116,
    0.8103388431380296,
    0.9722230517891854,
    1.2485721528537335,
    1.1345393402870585,
    0.8643569243847362
  ],
  "max_mean_squared_curvature": 1.2485721528537335,
  "message": "STOP: TOTAL NO. of ITERATIONS REACHED LIMIT",
  "success": false,
  "iterations": 700,
  "function_evaluations": 805,
  "coil_currents": [
    8105092.9697073605,
    8034718.017709572,
    8070804.182733244,
    8130839.866017301,
    8053927.744043502,
    8186031.937878102
  ],
  "coil_surface_distance": 1.1104355590475994
}