{
  "nfp": 4,
  "R0": 11.34443056562854,
  "R1": 4.810657773278653,
  "ncoils": 5,
  "order": 8,
  "nphi": 32,
  "ntheta": 32,
  "length_target": 33.413073943955176,
  "length_weight": 0.15572452528602654,
  "max_curvature_threshold": 1.103307768732995,
  "max_curvature_weight": 2.4369725869325235e-05,
  "msc_threshold": 6.136319590395607,
  "msc_weight": 2.9424230706130613e-05,
  "JF": 0.002941900007552887,
  "Jf": 0.0027966206675544636,
  "BdotN": 0.00922331021411689,
  "lengths": [
    36.06718225083763,
    34.67219534400195,
    35.8359626237454,
    31.326930128132748,
    29.163593759601326
  ],
  "length": 167.06586410631905,
  "max_curvatures": [
    2.1567804036996256,
    2.7012180350311437,
    1.4849716855125068,
    2.4644646284209664,
    2.8104009339618736
  ],
  "max_max_curvature": 2.8104009339618736,
  "coil_coil_distance": 1.0865100797569422,
  "cc_threshold": 1.1157726916133863,
  "cc_weight": 0.2063661575280048,
  "gradient_norm": 0.0013432949047516845,
  "linking_number": 0,
  "directory": "ncoils_5_order_8_R1_4.8_length_target_3.3e+01_weight_0.16_max_curvature_1.1_weight_2.4e-05_msc_6.1_weight_2.9e-05_cc_1.1_weight_0.21",
  "mean_squared_curvatures": [
    0.2790657195084194,
    0.29965484015283883,
    0.20293147713920373,
    0.36329778617362934,
    0.5146981785136768
  ],
  "max_mean_squared_curvature": 0.5146981785136768,
  "message": "STOP: TOTAL NO. of ITERATIONS REACHED LIMIT",
  "success": false,
  "iterations": 700,
  "function_evaluations": 718,
  "coil_currents": [
    10849933.24808798,
    10214241.188131304,
    10241311.208511742,
    9216952.526316501,
    8058976.547041558
  ],
  "coil_surface_distance": 1.1049041770480252
}