{
  "nfp": 4,
  "ncoils": 6,
  "R0": 11.34443056562854,
  "R1": 4.400351457391171,
  "order": 12,
  "nphi": 32,
  "ntheta": 32,
  "length_target": 34.730259887316755,
  "length_weight": 1.7708419515214773,
  "max_curvature_threshold": 2.6582380334705045,
  "max_curvature_weight": 2.0472956445160935e-06,
  "msc_threshold": 2.7038727093630444,
  "msc_weight": 2.1295854996612096e-05,
  "JF": 0.0002001980132713018,
  "Jf": 0.00019884897509527937,
  "BdotN": 0.0046790756995454125,
  "lengths": [
    35.824105885599984,
    35.09514729622422,
    34.595617337577394,
    34.43449717767214,
    34.35779415291437,
    34.07467686282936
  ],
  "length": 208.38183871281748,
  "max_curvatures": [
    4.093891099941881,
    3.843766037413418,
    3.5752613203637615,
    3.2615645602844254,
    3.0548294079074134,
    3.6375485279370405
  ],
  "max_max_curvature": 4.093891099941881,
  "coil_coil_distance": 0.664074661993609,
  "cc_threshold": 0.6668765171534935,
  "cc_weight": 0.1950356375451134,
  "gradient_norm": 0.013500832347561054,
  "linking_number": 0,
  "directory": "ncoils_6_order_12_R1_4.4_length_target_3.5e+01_weight_1.8_max_curvature_2.7_weight_2e-06_msc_2.7_weight_2.1e-05_cc_0.67_weight_0.2",
  "mean_squared_curvatures": [
    0.46561676465120977,
    0.39344038876020876,
    0.44589203092095203,
    0.39096318684354137,
    0.357037292174364,
    0.3775395815872288
  ],
  "max_mean_squared_curvature": 0.46561676465120977,
  "message": "STOP: TOTAL NO. of ITERATIONS REACHED LIMIT",
  "success": false,
  "iterations": 500,
  "function_evaluations": 554,
  "coil_currents": [
    8134464.304380552,
    8088691.228631392,
    7972473.763801688,
    8011007.2649392765,
    8045945.547926918,
    8328832.608409256
  ],
  "coil_surface_distance": 1.2428981269489894
}