{
  "nfp": 4,
  "R0": 11.34443056562854,
  "R1": 4.51478255861384,
  "ncoils": 4,
  "order": 10,
  "nphi": 32,
  "ntheta": 32,
  "length_target": 33.31393796247745,
  "length_weight": 1.3303963813832023,
  "max_curvature_threshold": 2.322071262619204,
  "max_curvature_weight": 1.7337230417233244e-05,
  "msc_threshold": 3.2544194143557097,
  "msc_weight": 9.274766443638751e-06,
  "JF": 0.0019544518149212167,
  "Jf": 0.0019111493755004673,
  "BdotN": 0.007007759601444295,
  "lengths": [
    35.01331087848867,
    33.75468586000522,
    32.66669622217668,
    31.821272730161738
  ],
  "length": 133.25596569083228,
  "max_curvatures": [
    3.0536898812851856,
    3.202033685429386,
    4.484687312321239,
    3.2319206338047115
  ],
  "max_max_curvature": 4.484687312321239,
  "coil_coil_distance": 0.9311556550362521,
  "cc_threshold": 0.9586953268810416,
  "cc_weight": 0.15270783824088638,
  "gradient_norm": 0.004575418331710015,
  "linking_number": 0,
  "directory": "ncoils_4_order_10_R1_4.5_length_target_3.3e+01_weight_1.3_max_curvature_2.3_weight_1.7e-05_msc_3.3_weight_9.3e-06_cc_0.96_weight_0.15",
  "mean_squared_curvatures": [
    0.15812418626642416,
    0.17330245804145686,
    0.3470244062542595,
    0.36869454380737005
  ],
  "max_mean_squared_curvature": 0.36869454380737005,
  "message": "STOP: TOTAL NO. of ITERATIONS REACHED LIMIT",
  "success": false,
  "iterations": 700,
  "function_evaluations": 776,
  "coil_currents": [
    12286362.01796039,
    12314209.976023912,
    12069007.439908339,
    11911835.284196436
  ],
  "coil_surface_distance": 1.2208039333332996
}