{
  "nfp": 4,
  "R0": 11.34443056562854,
  "R1": 4.934653949700895,
  "ncoils": 5,
  "order": 10,
  "nphi": 32,
  "ntheta": 32,
  "length_target": 34.49090510793554,
  "length_weight": 2.2787715601729275,
  "max_curvature_threshold": 2.592446746790104,
  "max_curvature_weight": 6.041597913352723e-06,
  "msc_threshold": 6.266272434280905,
  "msc_weight": 4.87066590609835e-06,
  "JF": 0.0037658523667136942,
  "Jf": 0.003615527507847956,
  "BdotN": 0.00985427862573543,
  "lengths": [
    33.47005146727486,
    33.718274034360455,
    33.35547140975508,
    38.02821455645376,
    33.88394449924561
  ],
  "length": 172.45595596708978,
  "max_curvatures": [
    6.675720971353017,
    6.024032381175399,
    8.101484458233875,
    18.416490607414012,
    11.969773334743026
  ],
  "max_max_curvature": 18.416490607414012,
  "coil_coil_distance": 1.0094140547723578,
  "cc_threshold": 1.009457173209766,
  "cc_weight": 2419.99683571682,
  "gradient_norm": 0.1213475118646425,
  "linking_number": 0,
  "directory": "ncoils_5_order_10_R1_4.9_length_target_3.4e+01_weight_2.3_max_curvature_2.6_weight_6e-06_msc_6.3_weight_4.9e-06_cc_1.0_weight_2.4e+03",
  "mean_squared_curvatures": [
    0.9038965017659372,
    0.4509680951086027,
    0.9449514506910871,
    1.7016016359639479,
    1.994030298187546
  ],
  "max_mean_squared_curvature": 1.994030298187546,
  "message": "STOP: TOTAL NO. of ITERATIONS REACHED LIMIT",
  "success": false,
  "iterations": 700,
  "function_evaluations": 1131,
  "coil_currents": [
    9933342.106399577,
    9912922.085001754,
    10028355.752871424,
    9853369.168980867,
    8853425.604835458
  ],
  "coil_surface_distance": 0.855556118291705
}