{
  "nfp": 4,
  "ncoils": 6,
  "R0": 11.34443056562854,
  "R1": 4.430175449473256,
  "order": 8,
  "nphi": 32,
  "ntheta": 32,
  "length_target": 40.25476138083024,
  "length_weight": 0.31885302274006116,
  "max_curvature_threshold": 3.624404652945444,
  "max_curvature_weight": 7.580075676662533e-05,
  "msc_threshold": 3.1354890611388226,
  "msc_weight": 2.3080291141780864e-07,
  "JF": 0.0020923248948590805,
  "Jf": 0.001971825980447483,
  "BdotN": 0.007133180865724146,
  "lengths": [
    33.43180079288131,
    37.1296278382199,
    33.959184628580914,
    42.81224502848707,
    49.79634516093385,
    44.39968887863695
  ],
  "length": 241.52889232773998,
  "max_curvatures": [
    4.223375749590031,
    4.174535625401032,
    3.0959240320331776,
    4.78425951581765,
    5.258194077111413,
    5.1061237874294685
  ],
  "max_max_curvature": 5.258194077111413,
  "coil_coil_distance": 0.9184763706989709,
  "cc_threshold": 0.9188602888252548,
  "cc_weight": 42.57979861232805,
  "gradient_norm": 0.6965832776887957,
  "linking_number": 0,
  "directory": "ncoils_6_order_8_R1_4.4_length_target_4e+01_weight_0.32_max_curvature_3.6_weight_7.6e-05_msc_3.1_weight_2.3e-07_cc_0.92_weight_4.3e+01",
  "mean_squared_curvatures": [
    0.7121616268332105,
    0.5932398615393614,
    0.44244240760202075,
    1.0279278607551425,
    1.3733423615401767,
    1.2172866208423687
  ],
  "max_mean_squared_curvature": 1.3733423615401767,
  "message": "CONVERGENCE: REL_REDUCTION_OF_F_<=_FACTR*EPSMCH",
  "success": true,
  "iterations": 642,
  "function_evaluations": 869,
  "coil_currents": [
    7915357.378337278,
    8017454.728552453,
    7858145.043963165,
    8163285.628757464,
    8063323.380791495,
    8563848.55768723
  ],
  "coil_surface_distance": 1.0384009294389651
}