{
  "nfp": 4,
  "ncoils": 6,
  "R0": 11.34443056562854,
  "R1": 4.274962352805907,
  "order": 11,
  "nphi": 32,
  "ntheta": 32,
  "length_target": 40.393932755849015,
  "length_weight": 3.515108034128342,
  "max_curvature_threshold": 3.0708885251845017,
  "max_curvature_weight": 1.98901486558161e-06,
  "msc_threshold": 3.5845776346424856,
  "msc_weight": 9.230811021472656e-06,
  "JF": 0.014134803750244658,
  "Jf": 0.013393890103874491,
  "BdotN": 0.02536560289942972,
  "lengths": [
    33.65048829722363,
    33.608879307357064,
    35.65758337778548,
    49.942838058777774,
    40.40541001376655,
    49.09879361936628
  ],
  "length": 242.36399267427677,
  "max_curvatures": [
    30.293334148103483,
    22.066018994402047,
    14.89113997704761,
    20.15959053143139,
    35.20844463015908,
    29.775661993241343
  ],
  "max_max_curvature": 35.20844463015908,
  "coil_coil_distance": 0.9783880549332234,
  "cc_threshold": 0.9791171512340271,
  "cc_weight": 502.33473717177736,
  "gradient_norm": 0.19977054578610803,
  "linking_number": 0,
  "directory": "ncoils_6_order_11_R1_4.3_length_target_4e+01_weight_3.5_max_curvature_3.1_weight_2e-06_msc_3.6_weight_9.2e-06_cc_0.98_weight_5e+02",
  "mean_squared_curvatures": [
    5.329456437425228,
    6.745678870881075,
    3.773660145660685,
    4.110804128702728,
    8.010073079465919,
    3.9250472334188906
  ],
  "max_mean_squared_curvature": 8.010073079465919,
  "message": "STOP: TOTAL NO. of ITERATIONS REACHED LIMIT",
  "success": false,
  "iterations": 700,
  "function_evaluations": 882,
  "coil_currents": [
    7837184.321595467,
    7990695.965841234,
    7875644.2611439,
    8042819.940130524,
    7618939.6710268175,
    9216130.558351137
  ],
  "coil_surface_distance": 0.12461897876500981
}