{
  "nfp": 4,
  "ncoils": 6,
  "R0": 11.34443056562854,
  "R1": 4.8499569539055,
  "order": 12,
  "nphi": 32,
  "ntheta": 32,
  "length_target": 34.886276651204774,
  "length_weight": 8.781662020094595,
  "max_curvature_threshold": 0.8316812358706077,
  "max_curvature_weight": 2.055480187140199e-06,
  "msc_threshold": 1.8008722521894862,
  "msc_weight": 5.152643980212659e-07,
  "JF": 0.0010542165489911563,
  "Jf": 0.0010168319313539548,
  "BdotN": 0.005571228528747009,
  "lengths": [
    36.83625432184836,
    35.913397080612626,
    36.25807295790023,
    34.939971882587955,
    32.33511792528811,
    33.034979762253684
  ],
  "length": 209.31779393049095,
  "max_curvatures": [
    5.454851028988769,
    2.356789250280982,
    4.913695247086432,
    1.9676059422440446,
    6.611990522325714,
    3.642536896882807
  ],
  "max_max_curvature": 6.611990522325714,
  "coil_coil_distance": 0.9156546793376716,
  "cc_threshold": 0.9261360996928824,
  "cc_weight": 0.341405435927171,
  "gradient_norm": 0.02550602564090116,
  "linking_number": 0,
  "directory": "ncoils_6_order_12_R1_4.8_length_target_3.5e+01_weight_8.8_max_curvature_0.83_weight_2.1e-06_msc_1.8_weight_5.2e-07_cc_0.93_weight_0.34",
  "mean_squared_curvatures": [
    0.31693132809629554,
    0.20296810649759844,
    0.3003816662263852,
    0.18412731901613516,
    0.41570227603055954,
    0.31674077687803476
  ],
  "max_mean_squared_curvature": 0.41570227603055954,
  "message": "STOP: TOTAL NO. of ITERATIONS REACHED LIMIT",
  "success": false,
  "iterations": 700,
  "function_evaluations": 810,
  "coil_currents": [
    8152882.535412605,
    8039105.541758204,
    7838028.373294974,
    7858483.537155386,
    7971800.455391694,
    8721114.275076218
  ],
  "coil_surface_distance": 1.0683412812961333
}