{
  "nfp": 4,
  "R0": 11.34443056562854,
  "R1": 4.461263573329696,
  "ncoils": 6,
  "order": 6,
  "nphi": 32,
  "ntheta": 32,
  "length_target": 37.26785975130159,
  "length_weight": 0.21057673949727243,
  "max_curvature_threshold": 3.25946780436938,
  "max_curvature_weight": 0.0014874027366831276,
  "msc_threshold": 7.507762741095217,
  "msc_weight": 1.5829532768408445e-07,
  "JF": 0.0006522663838135613,
  "Jf": 0.0006471069478414996,
  "BdotN": 0.005393726001082971,
  "lengths": [
    35.20324674467351,
    34.514834549346475,
    40.451971961287484,
    34.50700694252402,
    35.982777493979796,
    42.947377066915976
  ],
  "length": 223.60721475872725,
  "max_curvatures": [
    1.5719258438507435,
    3.32932921476102,
    3.3986472516304262,
    3.2906447321829475,
    3.336886956510678,
    3.2423968448208065
  ],
  "max_max_curvature": 3.3986472516304262,
  "coil_coil_distance": 0.643323356284105,
  "cc_threshold": 0.6433627812516507,
  "cc_weight": 153.46954322614283,
  "gradient_norm": 0.005165662913562575,
  "linking_number": 0,
  "directory": "ncoils_6_order_6_R1_4.5_length_target_3.7e+01_weight_0.21_max_curvature_3.3_weight_0.0015_msc_7.5_weight_1.6e-07_cc_0.64_weight_1.5e+02",
  "mean_squared_curvatures": [
    0.2295609798746799,
    0.3414147922901394,
    0.5056875685902006,
    0.39172848990927245,
    0.5553337485371916,
    0.6211289562579684
  ],
  "max_mean_squared_curvature": 0.6211289562579684,
  "message": "STOP: TOTAL NO. of ITERATIONS REACHED LIMIT",
  "success": false,
  "iterations": 700,
  "function_evaluations": 1117,
  "coil_currents": [
    8019449.97108421,
    8204397.180013417,
    8097786.791686772,
    7933718.76751078,
    8009138.709358887,
    8316923.2984350175
  ],
  "coil_surface_distance": 1.251448359869039
}