{
  "nfp": 4,
  "ncoils": 6,
  "R0": 11.34443056562854,
  "R1": 4.414211924355607,
  "order": 10,
  "nphi": 32,
  "ntheta": 32,
  "length_target": 34.41261648546875,
  "length_weight": 0.4991029383987173,
  "max_curvature_threshold": 1.7313205427721288,
  "max_curvature_weight": 3.691564320033835e-05,
  "msc_threshold": 2.559453811193876,
  "msc_weight": 9.633298442750184e-06,
  "JF": 0.00018717923659008725,
  "Jf": 0.00018608262121506323,
  "BdotN": 0.00430554033127846,
  "lengths": [
    35.691332974689274,
    34.53553271740067,
    33.96739206084443,
    32.80972003251218,
    33.39479414639506,
    36.077460115318615
  ],
  "length": 206.47623204716024,
  "max_curvatures": [
    1.8815343662583404,
    1.603070210836542,
    1.8791696206489328,
    1.849790133148883,
    1.927199486942544,
    2.0805877946470432
  ],
  "max_max_curvature": 2.0805877946470432,
  "coil_coil_distance": 0.48268868215663474,
  "cc_threshold": 0.48196940233404917,
  "cc_weight": 35.55896774024217,
  "gradient_norm": 0.007114129885124123,
  "linking_number": 0,
  "directory": "ncoils_6_order_10_R1_4.4_length_target_3.4e+01_weight_0.5_max_curvature_1.7_weight_3.7e-05_msc_2.6_weight_9.6e-06_cc_0.48_weight_3.6e+01",
  "mean_squared_curvatures": [
    0.36924959719051104,
    0.2405955365880081,
    0.33556702094324137,
    0.2331923937267504,
    0.27257380433191786,
    0.3924914701285587
  ],
  "max_mean_squared_curvature": 0.3924914701285587,
  "message": "STOP: TOTAL NO. of ITERATIONS REACHED LIMIT",
  "success": false,
  "iterations": 500,
  "function_evaluations": 593,
  "coil_currents": [
    8146720.096846469,
    8094749.995248911,
    7988767.527046381,
    8013372.244629563,
    7981751.524545556,
    8356053.329772204
  ],
  "coil_surface_distance": 1.3380652732716316
}