{
  "nfp": 4,
  "R0": 11.34443056562854,
  "R1": 4.697282185410814,
  "ncoils": 4,
  "order": 12,
  "nphi": 32,
  "ntheta": 32,
  "length_target": 29.292906510225436,
  "length_weight": 6.766211981072473,
  "max_curvature_threshold": 3.5115826083005808,
  "max_curvature_weight": 0.00098203715379552,
  "msc_threshold": 6.912103383347099,
  "msc_weight": 7.809731042974e-06,
  "JF": 0.013739035043993854,
  "Jf": 0.013737081071066876,
  "BdotN": 0.01914367062512793,
  "lengths": [
    30.782563735999307,
    29.63548075436561,
    28.565661823815123,
    28.18816028076508
  ],
  "length": 117.17186659494512,
  "max_curvatures": [
    3.6196383412617203,
    3.7934069446814043,
    3.781835437871849,
    2.2401674946944166
  ],
  "max_max_curvature": 3.7934069446814043,
  "coil_coil_distance": 1.059677972391592,
  "cc_threshold": 1.0598607674620597,
  "cc_weight": 615.215423090071,
  "gradient_norm": 0.058172935244496245,
  "linking_number": 0,
  "directory": "ncoils_4_order_12_R1_4.7_length_target_2.9e+01_weight_6.8_max_curvature_3.5_weight_0.00098_msc_6.9_weight_7.8e-06_cc_1.1_weight_6.2e+02",
  "mean_squared_curvatures": [
    0.18553634087229853,
    0.19970271360591496,
    0.28428782018864107,
    0.25554651034839004
  ],
  "max_mean_squared_curvature": 0.28428782018864107,
  "message": "STOP: TOTAL NO. of ITERATIONS REACHED LIMIT",
  "success": false,
  "iterations": 700,
  "function_evaluations": 890,
  "coil_currents": [
    12288515.480612464,
    12242844.036188921,
    12123202.792784529,
    11926852.408503167
  ],
  "coil_surface_distance": 1.2140539656132217
}