{
  "nfp": 4,
  "R0": 11.34443056562854,
  "R1": 4.924357373966025,
  "ncoils": 5,
  "order": 6,
  "nphi": 32,
  "ntheta": 32,
  "length_target": 40.46876667418526,
  "length_weight": 4.090884526076839,
  "max_curvature_threshold": 7.882197435419372,
  "max_curvature_weight": 8.081861405358723e-05,
  "msc_threshold": 2.1541200622576913,
  "msc_weight": 3.5348940251985813e-07,
  "JF": 0.0006385038360661724,
  "Jf": 0.0006308510973532234,
  "BdotN": 0.004937499956103813,
  "lengths": [
    43.18642981451667,
    42.17262092930696,
    40.746872607210435,
    38.536003114564316,
    37.70213730618001
  ],
  "length": 202.3440637717784,
  "max_curvatures": [
    1.9371128521622492,
    1.1066779921780912,
    2.865313566901082,
    1.8829510103389269,
    8.013570351347987
  ],
  "max_max_curvature": 8.013570351347987,
  "coil_coil_distance": 0.7884425739198605,
  "cc_threshold": 0.7967790437492864,
  "cc_weight": 0.06621107327613515,
  "gradient_norm": 0.01774684609674025,
  "linking_number": 0,
  "directory": "ncoils_5_order_6_R1_4.9_length_target_4e+01_weight_4.1_max_curvature_7.9_weight_8.1e-05_msc_2.2_weight_3.5e-07_cc_0.8_weight_0.066",
  "mean_squared_curvatures": [
    0.17164160280124882,
    0.09545283112702083,
    0.21509295309714266,
    0.14175865996469164,
    0.5551084965206381
  ],
  "max_mean_squared_curvature": 0.5551084965206381,
  "message": "STOP: TOTAL NO. of ITERATIONS REACHED LIMIT",
  "success": false,
  "iterations": 700,
  "function_evaluations": 791,
  "coil_currents": [
    9929466.7707062,
    9789935.735908778,
    9692099.608600799,
    9513096.164871179,
    9656816.438002132
  ],
  "coil_surface_distance": 1.346862416347104
}