{
  "nfp": 4,
  "R0": 11.34443056562854,
  "R1": 4.6715097594329595,
  "ncoils": 5,
  "order": 7,
  "nphi": 32,
  "ntheta": 32,
  "length_target": 43.383306346578664,
  "length_weight": 4.835267568065671,
  "max_curvature_threshold": 6.488849457268056,
  "max_curvature_weight": 3.6291491935229215e-06,
  "msc_threshold": 6.448757784172624,
  "msc_weight": 1.679494598906206e-07,
  "JF": 0.001469197354957676,
  "Jf": 0.0014680655869404441,
  "BdotN": 0.007421758341155939,
  "lengths": [
    44.898853378771676,
    44.517179304722895,
    42.31879025699243,
    41.64742172859288,
    43.534324755172314
  ],
  "length": 216.9165694242522,
  "max_curvatures": [
    2.375830079734892,
    3.3868285187145455,
    1.1776940472822135,
    3.015227995382861,
    13.966728845009412
  ],
  "max_max_curvature": 13.966728845009412,
  "coil_coil_distance": 0.5571634286389249,
  "cc_threshold": 0.5571558169283323,
  "cc_weight": 906.6674340756615,
  "gradient_norm": 0.01233057195715067,
  "linking_number": 0,
  "directory": "ncoils_5_order_7_R1_4.7_length_target_4.3e+01_weight_4.8_max_curvature_6.5_weight_3.6e-06_msc_6.4_weight_1.7e-07_cc_0.56_weight_9.1e+02",
  "mean_squared_curvatures": [
    0.22659237954173825,
    0.2616729740288545,
    0.15044701985981393,
    0.21288337953028566,
    0.5394926651400848
  ],
  "max_mean_squared_curvature": 0.5394926651400848,
  "message": "STOP: TOTAL NO. of ITERATIONS REACHED LIMIT",
  "success": false,
  "iterations": 700,
  "function_evaluations": 1312,
  "coil_currents": [
    10002369.876520645,
    9966445.841350846,
    10121913.464827385,
    9866586.366490588,
    8624099.168899618
  ],
  "coil_surface_distance": 1.2629861122049644
}