{
  "nfp": 4,
  "ncoils": 6,
  "R0": 11.34443056562854,
  "R1": 4.683668817833027,
  "order": 10,
  "nphi": 32,
  "ntheta": 32,
  "length_target": 38.12213225139722,
  "length_weight": 3.2442750859572036,
  "max_curvature_threshold": 0.9684010370308163,
  "max_curvature_weight": 1.3257687767840608e-06,
  "msc_threshold": 2.4857885632342374,
  "msc_weight": 7.676231302313127e-05,
  "JF": 0.002587454910913364,
  "Jf": 0.0024673877619494676,
  "BdotN": 0.008303781496900963,
  "lengths": [
    36.44790939270861,
    36.35985577195401,
    36.93141819807382,
    38.44610175354127,
    42.42766585509838,
    38.12151722366818
  ],
  "length": 228.7344681950443,
  "max_curvatures": [
    8.456370764793688,
    19.211867481050227,
    8.815822894763913,
    12.915818929958549,
    17.420546015641023,
    17.032630441749554
  ],
  "max_max_curvature": 19.211867481050227,
  "coil_coil_distance": 0.8733160670954151,
  "cc_threshold": 0.8741422038181844,
  "cc_weight": 46.1733307436797,
  "gradient_norm": 0.19757993064033183,
  "linking_number": 0,
  "directory": "ncoils_6_order_10_R1_4.7_length_target_3.8e+01_weight_3.2_max_curvature_0.97_weight_1.3e-06_msc_2.5_weight_7.7e-05_cc_0.87_weight_4.6e+01",
  "mean_squared_curvatures": [
    0.2878939584838211,
    0.7181288089928393,
    0.623214363215736,
    1.3561635351090093,
    1.8893288312307754,
    1.6844786674988492
  ],
  "max_mean_squared_curvature": 1.8893288312307754,
  "message": "STOP: TOTAL NO. of ITERATIONS REACHED LIMIT",
  "success": false,
  "iterations": 500,
  "function_evaluations": 595,
  "coil_currents": [
    7884418.890699207,
    7887462.608144925,
    8049174.852203797,
    8132917.357183734,
    8231090.283162731,
    8396350.726694688
  ],
  "coil_surface_distance": 0.9954625956963297
}