{
  "nfp": 4,
  "R0": 11.34443056562854,
  "R1": 4.5444360433555495,
  "ncoils": 4,
  "order": 6,
  "nphi": 32,
  "ntheta": 32,
  "length_target": 28.797350092251246,
  "length_weight": 0.06308062785161543,
  "max_curvature_threshold": 2.5570043268372435,
  "max_curvature_weight": 4.9737359974084254e-05,
  "msc_threshold": 3.4512623552842356,
  "msc_weight": 4.743055439289634e-06,
  "JF": 0.015431001028207547,
  "Jf": 0.015386001372402517,
  "BdotN": 0.02097996624467222,
  "lengths": [
    30.46534500539932,
    29.349252784700013,
    28.18209950388289,
    27.227225800107412
  ],
  "length": 115.22392309408963,
  "max_curvatures": [
    3.4460834975544334,
    2.5931777186461855,
    5.107053104541065,
    2.2060062813607897
  ],
  "max_max_curvature": 5.107053104541065,
  "coil_coil_distance": 0.8279880787184208,
  "cc_threshold": 0.837332421946391,
  "cc_weight": 0.021783326996995967,
  "gradient_norm": 0.005423888981604626,
  "linking_number": 0,
  "directory": "ncoils_4_order_6_R1_4.5_length_target_2.9e+01_weight_0.063_max_curvature_2.6_weight_5e-05_msc_3.5_weight_4.7e-06_cc_0.84_weight_0.022",
  "mean_squared_curvatures": [
    0.12856509605133767,
    0.12552840719731354,
    0.2710056769913162,
    0.2707179348283871
  ],
  "max_mean_squared_curvature": 0.2710056769913162,
  "message": "STOP: TOTAL NO. of ITERATIONS REACHED LIMIT",
  "success": false,
  "iterations": 700,
  "function_evaluations": 984,
  "coil_currents": [
    12502479.024921754,
    12458272.857516581,
    12321448.68824484,
    11299214.147405908
  ],
  "coil_surface_distance": 1.329776799393903
}