{
  "nfp": 4,
  "R0": 11.34443056562854,
  "R1": 4.307241507721666,
  "ncoils": 5,
  "order": 13,
  "nphi": 32,
  "ntheta": 32,
  "length_target": 42.08408638830728,
  "length_weight": 0.23444462472972416,
  "max_curvature_threshold": 0.737570306376734,
  "max_curvature_weight": 4.469911112155476e-05,
  "msc_threshold": 7.857929519218241,
  "msc_weight": 7.64779916033147e-05,
  "JF": 0.0016649676684699867,
  "Jf": 0.0013719262390584103,
  "BdotN": 0.007899904791244573,
  "lengths": [
    42.34445580379504,
    41.02985633961536,
    40.09669978289935,
    40.12592450281461,
    46.823472112439156
  ],
  "length": 210.42040854156352,
  "max_curvatures": [
    1.372327995388827,
    1.716469161224253,
    1.2349570757481958,
    1.3552081789142618,
    1.3863422808171073
  ],
  "max_max_curvature": 1.716469161224253,
  "coil_coil_distance": 0.9806886608381983,
  "cc_threshold": 1.0761113548593477,
  "cc_weight": 0.017416181515161746,
  "gradient_norm": 0.003756079495671785,
  "linking_number": 0,
  "directory": "ncoils_5_order_13_R1_4.3_length_target_4.2e+01_weight_0.23_max_curvature_0.74_weight_4.5e-05_msc_7.9_weight_7.6e-05_cc_1.1_weight_0.017",
  "mean_squared_curvatures": [
    0.2190128545898423,
    0.23424246407808258,
    0.30010177992600473,
    0.2509171489886471,
    0.19320824818854934
  ],
  "max_mean_squared_curvature": 0.30010177992600473,
  "message": "STOP: TOTAL NO. of ITERATIONS REACHED LIMIT",
  "success": false,
  "iterations": 700,
  "function_evaluations": 753,
  "coil_currents": [
    10415641.598209806,
    9157988.40918258,
    9432432.06068944,
    9433738.109805191,
    10141614.540202066
  ],
  "coil_surface_distance": 1.1911419141537742
}