{
  "nfp": 4,
  "R0": 11.34443056562854,
  "R1": 4.7003827646045035,
  "ncoils": 5,
  "order": 9,
  "nphi": 32,
  "ntheta": 32,
  "length_target": 30.0289217073979,
  "length_weight": 37.949640140494935,
  "max_curvature_threshold": 2.7690563375342423,
  "max_curvature_weight": 0.0016676042404565787,
  "msc_threshold": 7.181633187828877,
  "msc_weight": 7.873469882640515e-05,
  "JF": 0.0012793242516711983,
  "Jf": 0.0012752411699349022,
  "BdotN": 0.007706724368547084,
  "lengths": [
    32.430982756293034,
    31.2536061405112,
    29.52372006249395,
    28.63145809776241,
    28.305079172882127
  ],
  "length": 150.14484622994271,
  "max_curvatures": [
    1.79296997474439,
    2.739083466404277,
    2.415474655523041,
    2.8939331019834276,
    2.8186415649131065
  ],
  "max_max_curvature": 2.8939331019834276,
  "coil_coil_distance": 0.7896805448837066,
  "cc_threshold": 0.7926802836937815,
  "cc_weight": 1.1023440318259825,
  "gradient_norm": 0.14256566221427114,
  "linking_number": 0,
  "directory": "ncoils_5_order_9_R1_4.7_length_target_3e+01_weight_3.8e+01_max_curvature_2.8_weight_0.0017_msc_7.2_weight_7.9e-05_cc_0.79_weight_1.1",
  "mean_squared_curvatures": [
    0.1373875590403637,
    0.13568175533063148,
    0.1728239763978806,
    0.2232628224543466,
    0.31603766680796974
  ],
  "max_mean_squared_curvature": 0.31603766680796974,
  "message": "STOP: TOTAL NO. of ITERATIONS REACHED LIMIT",
  "success": false,
  "iterations": 700,
  "function_evaluations": 811,
  "coil_currents": [
    9787863.522712875,
    9705773.67320846,
    9589845.713578315,
    9617944.419834303,
    9879987.388755128
  ],
  "coil_surface_distance": 1.229801240809408
}