{
  "nfp": 4,
  "R0": 11.34443056562854,
  "R1": 4.679017269123456,
  "ncoils": 6,
  "order": 7,
  "nphi": 32,
  "ntheta": 32,
  "length_target": 37.90313919959223,
  "length_weight": 98.38489951504837,
  "max_curvature_threshold": 6.603879910835469,
  "max_curvature_weight": 0.007466949922559459,
  "msc_threshold": 3.002352705419259,
  "msc_weight": 1.7735148171906343e-07,
  "JF": 0.004684583239971897,
  "Jf": 0.0046836148751546675,
  "BdotN": 0.011576597914987942,
  "lengths": [
    39.718212942594626,
    39.01051972397607,
    37.68399279174386,
    38.231460875698616,
    35.13650271370289,
    37.63825695640704
  ],
  "length": 227.41894600412311,
  "max_curvatures": [
    2.6361039523699628,
    1.7414169092555034,
    5.91640212952836,
    1.7685783515075633,
    2.9182032947692407,
    6.455276072312219
  ],
  "max_max_curvature": 6.455276072312219,
  "coil_coil_distance": 0.6495601726270116,
  "cc_threshold": 0.6498554100202958,
  "cc_weight": 17.98447723518099,
  "gradient_norm": 0.21286261915232801,
  "linking_number": 0,
  "directory": "ncoils_6_order_7_R1_4.7_length_target_3.8e+01_weight_9.8e+01_max_curvature_6.6_weight_0.0075_msc_3.0_weight_1.8e-07_cc_0.65_weight_1.8e+01",
  "mean_squared_curvatures": [
    0.16513924811262393,
    0.12480307836831854,
    0.230608990317222,
    0.1691338841580627,
    0.20545285040551467,
    0.3589752330686415
  ],
  "max_mean_squared_curvature": 0.3589752330686415,
  "message": "STOP: TOTAL NO. of ITERATIONS REACHED LIMIT",
  "success": false,
  "iterations": 700,
  "function_evaluations": 857,
  "coil_currents": [
    7721322.01027151,
    7780273.917519071,
    7727513.293371499,
    7778929.684414648,
    7825036.75874594,
    9748339.053766415
  ],
  "coil_surface_distance": 1.160294492695284
}