{
  "nfp": 4,
  "R0": 11.34443056562854,
  "R1": 4.453339812383868,
  "ncoils": 4,
  "order": 11,
  "nphi": 32,
  "ntheta": 32,
  "length_target": 42.191069840644545,
  "length_weight": 2.101647685603194,
  "max_curvature_threshold": 1.8906530304683629,
  "max_curvature_weight": 0.0015060550455016405,
  "msc_threshold": 5.998058064334223,
  "msc_weight": 1.668912625093167e-05,
  "JF": 0.0004341853875609808,
  "Jf": 0.00043299353529226945,
  "BdotN": 0.0043363806773729675,
  "lengths": [
    42.431297365962834,
    43.91685188182527,
    40.19375382157265,
    42.222691756741874
  ],
  "length": 168.76459482610264,
  "max_curvatures": [
    1.7707266619018778,
    1.9238667691560112,
    1.8292033413904052,
    1.9354364523774148
  ],
  "max_max_curvature": 1.9354364523774148,
  "coil_coil_distance": 0.7778476726737157,
  "cc_threshold": 0.7802579087036933,
  "cc_weight": 1.3962439132663311,
  "gradient_norm": 0.016450929876303727,
  "linking_number": 0,
  "directory": "ncoils_4_order_11_R1_4.5_length_target_4.2e+01_weight_2.1_max_curvature_1.9_weight_0.0015_msc_6.0_weight_1.7e-05_cc_0.78_weight_1.4",
  "mean_squared_curvatures": [
    0.21991402442892344,
    0.32709913590604284,
    0.2561979856437908,
    0.360081851230069
  ],
  "max_mean_squared_curvature": 0.360081851230069,
  "message": "STOP: TOTAL NO. of ITERATIONS REACHED LIMIT",
  "success": false,
  "iterations": 700,
  "function_evaluations": 770,
  "coil_currents": [
    12242014.350017367,
    12125629.857813746,
    12139008.767365629,
    12074761.74289234
  ],
  "coil_surface_distance": 1.292475978982729
}