{
  "nfp": 4,
  "R0": 11.34443056562854,
  "R1": 4.544081089987198,
  "ncoils": 6,
  "order": 15,
  "nphi": 32,
  "ntheta": 32,
  "length_target": 43.78943645824848,
  "length_weight": 76.80505489048583,
  "max_curvature_threshold": 0.3336485785721487,
  "max_curvature_weight": 3.71228396894203e-05,
  "msc_threshold": 1.7226967755808085,
  "msc_weight": 1.5103515591596397e-05,
  "JF": 0.054789719137892504,
  "Jf": 0.050405959714068214,
  "BdotN": 0.04597586796445604,
  "lengths": [
    45.7100916070896,
    45.84067837886082,
    42.431171918071584,
    40.930950416010106,
    40.532584023751205,
    47.29182483211766
  ],
  "length": 262.73730117590094,
  "max_curvatures": [
    8.905776657333291,
    12.39298851804632,
    15.842380803918056,
    13.955656333119482,
    17.045833354821173,
    14.130396795429963
  ],
  "max_max_curvature": 17.045833354821173,
  "coil_coil_distance": 0.6519103762585701,
  "cc_threshold": 0.6521558367399883,
  "cc_weight": 411.4839065178936,
  "gradient_norm": 2.245090849928174,
  "linking_number": 0,
  "directory": "ncoils_6_order_15_R1_4.5_length_target_4.4e+01_weight_7.7e+01_max_curvature_0.33_weight_3.7e-05_msc_1.7_weight_1.5e-05_cc_0.65_weight_4.1e+02",
  "mean_squared_curvatures": [
    0.9244642009424513,
    1.1020086206946067,
    1.1875780304547583,
    1.1656164744717965,
    1.294576817517394,
    1.313255361581691
  ],
  "max_mean_squared_curvature": 1.313255361581691,
  "message": "STOP: TOTAL NO. of ITERATIONS REACHED LIMIT",
  "success": false,
  "iterations": 700,
  "function_evaluations": 930,
  "coil_currents": [
    7885965.622452473,
    7870654.727691133,
    7836739.776897566,
    7841943.18604385,
    7903026.202704167,
    9243085.202299893
  ],
  "coil_surface_distance": 0.9992820784784712
}