x(0),x(1),x(2),x(3),x(4),x(5),x(6),x(7),x(8),x(9),x(10),x(11),x(12),x(13),x(14),x(15),x(16),x(17),x(18),x(19),x(20),x(21),x(22),x(23),mean_iota,aspect,growth_rate,quasisymmetry_total,mirror_ratio
0.04010597987959085,0.0,0.0,0.00943982194365816,0.1592609154294538,-0.07100258641384491,0.0,0.0,0.0,0.0,0.0,0.0,-0.0515635476828767,0.0,0.0,0.006074490915423583,0.15090943612042737,0.05213275330663914,0.0,0.0,0.0,0.0,0.0,0.0,0.4159446618838737,7.00301929523591,0.19534673253463494,0.018454619065314766,0.0
0.04010597987959085,0.0,0.0,0.00943982194365816,0.1592609154294538,-0.07100258641384491,0.0,0.0,0.0,0.0,0.0,0.0,-0.0515635476828767,0.0,0.0,0.006074490915423583,0.15090943612042737,0.05213275330663914,0.0,0.0,0.0,0.0,0.0,0.0,0.4159446618838737,7.00301929523591,0.19534673253463494,0.018454619065314766,0.0
0.04010597987959085,0.0,0.0,0.00943982194365816,0.1592609154294538,-0.07100258641384491,0.0,0.0,0.0,0.0,0.0,0.0,-0.0515635476828767,0.0,0.0,0.006074490915423583,0.15090943612042737,0.05213275330663914,0.0,0.0,0.0,0.0,0.0,0.0,0.4159446618838737,7.00301929523591,0.19534673253463494,0.018454619065314766,0.0
