{
  "nfp": 4,
  "R0": 11.34443056562854,
  "R1": 4.331967858473075,
  "ncoils": 3,
  "order": 14,
  "nphi": 32,
  "ntheta": 32,
  "length_target": 32.27765002511315,
  "length_weight": 18.763435174313877,
  "max_curvature_threshold": 0.9646160870836031,
  "max_curvature_weight": 0.0003111915374346889,
  "msc_threshold": 4.646816092999008,
  "msc_weight": 8.931104507297009e-07,
  "JF": 0.04544281927580902,
  "Jf": 0.0452823259378688,
  "BdotN": 0.034828784430412284,
  "lengths": [
    33.39751146702154,
    32.025964916102396,
    31.409859685525962
  ],
  "length": 96.83333606864988,
  "max_curvatures": [
    2.8792253312550034,
    1.7862258736932408,
    1.8682037390082316
  ],
  "max_max_curvature": 2.8792253312550034,
  "coil_coil_distance": 0.7737146125017357,
  "cc_threshold": 0.9083170497292787,
  "cc_weight": 0.012321916798752127,
  "gradient_norm": 0.08693949523303957,
  "linking_number": 0,
  "directory": "ncoils_3_order_14_R1_4.3_length_target_3.2e+01_weight_1.9e+01_max_curvature_0.96_weight_0.00031_msc_4.6_weight_8.9e-07_cc_0.91_weight_0.012",
  "mean_squared_curvatures": [
    0.09803839841974822,
    0.13082706507651845,
    0.22057813805932766
  ],
  "max_mean_squared_curvature": 0.22057813805932766,
  "message": "CONVERGENCE: REL_REDUCTION_OF_F_<=_FACTR*EPSMCH",
  "success": true,
  "iterations": 609,
  "function_evaluations": 816,
  "coil_currents": [
    16223440.538685143,
    16209079.99753506,
    16148894.181868881
  ],
  "coil_surface_distance": 1.4507842873591061
}