{
  "nfp": 4,
  "R0": 11.34443056562854,
  "R1": 4.475945438270252,
  "ncoils": 5,
  "order": 10,
  "nphi": 32,
  "ntheta": 32,
  "length_target": 46.591309335928585,
  "length_weight": 0.14753067910949433,
  "max_curvature_threshold": 1.074612007601442,
  "max_curvature_weight": 0.00039802321294399274,
  "msc_threshold": 1.2572409994891354,
  "msc_weight": 6.319389807303944e-05,
  "JF": 1.9036028232815898,
  "Jf": 1.86843096740349,
  "BdotN": 0.18075564419734866,
  "lengths": [
    51.18573461889807,
    49.61632824027822,
    43.954744359167925,
    42.935652985338805,
    44.95707239916388
  ],
  "length": 232.6495326028469,
  "max_curvatures": [
    4.650169366896452,
    3.0983968388857317,
    11.217021237384643,
    5.907924396761492,
    12.161191302113423
  ],
  "max_max_curvature": 12.161191302113423,
  "coil_coil_distance": 0.07850504815803391,
  "cc_threshold": 0.8279116871390676,
  "cc_weight": 0.06578750137868755,
  "gradient_norm": 1.759796683339893,
  "linking_number": 0,
  "directory": "ncoils_5_order_10_R1_4.5_length_target_4.7e+01_weight_0.15_max_curvature_1.1_weight_0.0004_msc_1.3_weight_6.3e-05_cc_0.83_weight_0.066",
  "mean_squared_curvatures": [
    0.35039349626771144,
    0.2523060911309192,
    0.6661773773384523,
    0.3735981122225327,
    0.8408101360248056
  ],
  "max_mean_squared_curvature": 0.8408101360248056,
  "message": "ABNORMAL_TERMINATION_IN_LNSRCH",
  "success": false,
  "iterations": 35,
  "function_evaluations": 178,
  "coil_currents": [
    9226324.166565547,
    9255264.190744467,
    9416747.41088322,
    9602732.760530842,
    11080346.189365007
  ],
  "coil_surface_distance": 1.0686380744459774
}