{
  "nfp": 4,
  "R0": 11.34443056562854,
  "R1": 4.157257377063056,
  "ncoils": 4,
  "order": 7,
  "nphi": 32,
  "ntheta": 32,
  "length_target": 30.095191633197025,
  "length_weight": 0.5107402598271865,
  "max_curvature_threshold": 4.42881188049723,
  "max_curvature_weight": 2.020758413791206e-05,
  "msc_threshold": 6.192755178648063,
  "msc_weight": 7.80487041443325e-06,
  "JF": 0.007557555410636048,
  "Jf": 0.007555715089826926,
  "BdotN": 0.01543428994451155,
  "lengths": [
    31.634234204426665,
    30.492639242328938,
    29.532325461102463,
    28.72396732254265
  ],
  "length": 120.38316623040072,
  "max_curvatures": [
    21.014213656764564,
    5.718002215808125,
    2.8844645225027223,
    2.9189638583289677
  ],
  "max_max_curvature": 21.014213656764564,
  "coil_coil_distance": 0.69854624294248,
  "cc_threshold": 0.681266555716289,
  "cc_weight": 77.75025756227089,
  "gradient_norm": 284.02800469757204,
  "linking_number": 0,
  "directory": "ncoils_4_order_7_R1_4.2_length_target_3e+01_weight_0.51_max_curvature_4.4_weight_2e-05_msc_6.2_weight_7.8e-06_cc_0.68_weight_7.8e+01",
  "mean_squared_curvatures": [
    0.14244035160533547,
    0.16776942222156022,
    0.21668047334394525,
    0.27770929591792703
  ],
  "max_mean_squared_curvature": 0.27770929591792703,
  "message": "CONVERGENCE: REL_REDUCTION_OF_F_<=_FACTR*EPSMCH",
  "success": true,
  "iterations": 265,
  "function_evaluations": 374,
  "coil_currents": [
    12326277.469624761,
    12271129.735772772,
    12216732.125304326,
    11767275.387387224
  ],
  "coil_surface_distance": 1.3430886323841933
}