{
  "nfp": 4,
  "R0": 11.34443056562854,
  "R1": 4.683880007117235,
  "ncoils": 6,
  "order": 12,
  "nphi": 32,
  "ntheta": 32,
  "length_target": 44.79970721629219,
  "length_weight": 0.5153614703256795,
  "max_curvature_threshold": 3.8069339227332337,
  "max_curvature_weight": 0.0013088287054077513,
  "msc_threshold": 5.357813178263639,
  "msc_weight": 6.965160809154523e-07,
  "JF": 0.024112810524677487,
  "Jf": 0.023445530574458154,
  "BdotN": 0.029004742107425874,
  "lengths": [
    36.38963612013677,
    48.35020675423548,
    38.43004898592083,
    45.2741014017372,
    43.28037315997825,
    57.07458007109274
  ],
  "length": 268.79894649310125,
  "max_curvatures": [
    4.78403214505588,
    4.336125872991159,
    4.100641526930828,
    4.324974522066811,
    5.513039441732114,
    3.65882787693122
  ],
  "max_max_curvature": 5.513039441732114,
  "coil_coil_distance": 0.9728128238505004,
  "cc_threshold": 0.973263170609159,
  "cc_weight": 863.0685666848711,
  "gradient_norm": 0.5087934855401273,
  "linking_number": 0,
  "directory": "ncoils_6_order_12_R1_4.7_length_target_4.5e+01_weight_0.52_max_curvature_3.8_weight_0.0013_msc_5.4_weight_7e-07_cc_0.97_weight_8.6e+02",
  "mean_squared_curvatures": [
    0.6688789598764635,
    1.0005631611279922,
    0.8002738461729783,
    0.8569200945848815,
    1.4572566652445436,
    0.9064052833747906
  ],
  "max_mean_squared_curvature": 1.4572566652445436,
  "message": "STOP: TOTAL NO. of ITERATIONS REACHED LIMIT",
  "success": false,
  "iterations": 700,
  "function_evaluations": 1160,
  "coil_currents": [
    7901801.981141156,
    8308915.005158513,
    7825908.470930484,
    7977660.371483501,
    7838412.014899147,
    8728716.874476284
  ],
  "coil_surface_distance": 0.09379474134135238
}