{
  "nfp": 4,
  "R0": 11.34443056562854,
  "R1": 4.355633459161922,
  "ncoils": 3,
  "order": 6,
  "nphi": 32,
  "ntheta": 32,
  "length_target": 34.02922660115722,
  "length_weight": 45.816600893051636,
  "max_curvature_threshold": 4.6915941200973,
  "max_curvature_weight": 0.0001720031706645831,
  "msc_threshold": 1.6841528172783886,
  "msc_weight": 2.9108631996743662e-05,
  "JF": 0.021631378422239708,
  "Jf": 0.02162910834758471,
  "BdotN": 0.024484584937170477,
  "lengths": [
    35.686007752507194,
    33.99245248972258,
    32.409262958839335
  ],
  "length": 102.08772320106911,
  "max_curvatures": [
    4.814495332163475,
    5.26025685399851,
    3.8792891885747185
  ],
  "max_max_curvature": 5.26025685399851,
  "coil_coil_distance": 0.791232445256568,
  "cc_threshold": 0.7913750587000811,
  "cc_weight": 32.78264823034716,
  "gradient_norm": 0.011802668673958815,
  "linking_number": 0,
  "directory": "ncoils_3_order_6_R1_4.4_length_target_3.4e+01_weight_4.6e+01_max_curvature_4.7_weight_0.00017_msc_1.7_weight_2.9e-05_cc_0.79_weight_3.3e+01",
  "mean_squared_curvatures": [
    0.12421338622452596,
    0.22641549780155046,
    0.2831912603655699
  ],
  "max_mean_squared_curvature": 0.2831912603655699,
  "message": "STOP: TOTAL NO. of ITERATIONS REACHED LIMIT",
  "success": false,
  "iterations": 700,
  "function_evaluations": 846,
  "coil_currents": [
    16763754.302965423,
    16642842.117077598,
    15174818.29804606
  ],
  "coil_surface_distance": 1.5328652481343936
}