{
  "nfp": 4,
  "ncoils": 6,
  "R0": 11.34443056562854,
  "R1": 4.820769537820508,
  "order": 14,
  "nphi": 32,
  "ntheta": 32,
  "length_target": 35.721192379861776,
  "length_weight": 0.3821923924799355,
  "max_curvature_threshold": 4.96288265092799,
  "max_curvature_weight": 1.651540512329797e-06,
  "msc_threshold": 2.9752406738145,
  "msc_weight": 1.2354867631816077e-07,
  "JF": 0.00016149268807996242,
  "Jf": 0.0001612846737470074,
  "BdotN": 0.004525948646542218,
  "lengths": [
    36.061939091803374,
    36.16893520415641,
    36.24533523250778,
    35.53465303951406,
    34.973752773354114,
    35.342439061832685
  ],
  "length": 214.32705440316843,
  "max_curvatures": [
    4.676733892122906,
    3.924567968755209,
    5.491618910129088,
    5.132051685099541,
    4.134338429547703,
    5.681673257841604
  ],
  "max_max_curvature": 5.681673257841604,
  "coil_coil_distance": 0.7199243891146486,
  "cc_threshold": 0.721377370228478,
  "cc_weight": 1.2874805421933773,
  "gradient_norm": 0.001206775046531149,
  "linking_number": 0,
  "directory": "ncoils_6_order_14_R1_4.8_length_target_3.6e+01_weight_0.38_max_curvature_5.0_weight_1.7e-06_msc_3.0_weight_1.2e-07_cc_0.72_weight_1.3",
  "mean_squared_curvatures": [
    0.4508354218950266,
    0.47985341197276293,
    0.7310324512417807,
    0.4585091765524285,
    0.39271523682979753,
    0.8256903074593195
  ],
  "max_mean_squared_curvature": 0.8256903074593195,
  "message": "STOP: TOTAL NO. of ITERATIONS REACHED LIMIT",
  "success": false,
  "iterations": 700,
  "function_evaluations": 745,
  "coil_currents": [
    8092535.246038148,
    8007322.5007292,
    7969125.180759242,
    7971710.983712729,
    8048853.2358688135,
    8491867.570980944
  ],
  "coil_surface_distance": 1.2184227273734527
}