{
  "nfp": 4,
  "R0": 11.34443056562854,
  "R1": 4.688563738918605,
  "ncoils": 6,
  "order": 6,
  "nphi": 32,
  "ntheta": 32,
  "length_target": 28.760177608628517,
  "length_weight": 0.6359875887479741,
  "max_curvature_threshold": 4.938042006011043,
  "max_curvature_weight": 1.814389656058229e-05,
  "msc_threshold": 3.303371184518038,
  "msc_weight": 3.5559399055744636e-06,
  "JF": 0.0028901349781949564,
  "Jf": 0.0028780376799397473,
  "BdotN": 0.008286303996615932,
  "lengths": [
    29.762519899419946,
    29.543940870877186,
    28.73207856731132,
    29.973964195326477,
    27.650814779395603,
    26.89800676531872
  ],
  "length": 172.56132507764926,
  "max_curvatures": [
    0.6203833746075507,
    7.581321440226664,
    6.356467494140895,
    5.372464305133425,
    6.191291336427741,
    2.0330552756449056
  ],
  "max_max_curvature": 7.581321440226664,
  "coil_coil_distance": 0.8896585049117245,
  "cc_threshold": 0.8900989676875684,
  "cc_weight": 53.35358287949309,
  "gradient_norm": 0.04923505420943493,
  "linking_number": 0,
  "directory": "ncoils_6_order_6_R1_4.7_length_target_2.9e+01_weight_0.64_max_curvature_4.9_weight_1.8e-05_msc_3.3_weight_3.6e-06_cc_0.89_weight_5.3e+01",
  "mean_squared_curvatures": [
    0.11903595096998887,
    0.7073456784963014,
    0.5068907066136733,
    0.6222758448292569,
    0.8314783670479762,
    0.3347779019637731
  ],
  "max_mean_squared_curvature": 0.8314783670479762,
  "message": "STOP: TOTAL NO. of ITERATIONS REACHED LIMIT",
  "success": false,
  "iterations": 700,
  "function_evaluations": 795,
  "coil_currents": [
    8547767.372824995,
    8786798.617682619,
    8058607.197789383,
    8538862.871516934,
    7982697.124746843,
    6666681.533528306
  ],
  "coil_surface_distance": 0.8133113061802071
}