{
  "nfp": 4,
  "R0": 11.34443056562854,
  "R1": 4.7557892746178485,
  "ncoils": 4,
  "order": 8,
  "nphi": 32,
  "ntheta": 32,
  "length_target": 37.4860208194487,
  "length_weight": 58.501828380140125,
  "max_curvature_threshold": 1.5224559603974703,
  "max_curvature_weight": 0.0002970584457588153,
  "msc_threshold": 5.968821877167036,
  "msc_weight": 6.540783960647396e-07,
  "JF": 0.0015179983033288282,
  "Jf": 0.001494725936960589,
  "BdotN": 0.007522228091935267,
  "lengths": [
    39.753572527942865,
    37.93540314387255,
    36.3971431192865,
    35.858120535513436
  ],
  "length": 149.94423932661533,
  "max_curvatures": [
    1.9149239789301573,
    1.4205980344002713,
    1.6473241809700627,
    2.186880084980549
  ],
  "max_max_curvature": 2.186880084980549,
  "coil_coil_distance": 0.6148667545936923,
  "cc_threshold": 0.6177033468375999,
  "cc_weight": 2.805683672789232,
  "gradient_norm": 0.15609569594984005,
  "linking_number": 0,
  "directory": "ncoils_4_order_8_R1_4.8_length_target_3.7e+01_weight_5.9e+01_max_curvature_1.5_weight_0.0003_msc_6.0_weight_6.5e-07_cc_0.62_weight_2.8",
  "mean_squared_curvatures": [
    0.1863720638300468,
    0.14576488222136963,
    0.18683953087196215,
    0.24352788325673394
  ],
  "max_mean_squared_curvature": 0.24352788325673394,
  "message": "STOP: TOTAL NO. of ITERATIONS REACHED LIMIT",
  "success": false,
  "iterations": 700,
  "function_evaluations": 833,
  "coil_currents": [
    12214770.021837346,
    12172330.602387518,
    12112519.990001071,
    12081794.103863142
  ],
  "coil_surface_distance": 1.4165072680813673
}