{
  "nfp": 4,
  "R0": 11.34443056562854,
  "R1": 4.725025436709989,
  "ncoils": 6,
  "order": 7,
  "nphi": 32,
  "ntheta": 32,
  "length_target": 39.0241538147429,
  "length_weight": 1.9740741958984633,
  "max_curvature_threshold": 7.8733823832785115,
  "max_curvature_weight": 0.00016946964622305494,
  "msc_threshold": 4.881698704555862,
  "msc_weight": 8.026326639489612e-06,
  "JF": 0.0003294506121782575,
  "Jf": 0.00032864716469570147,
  "BdotN": 0.004216654051633393,
  "lengths": [
    40.25534083298081,
    39.385865604089666,
    38.612027199258556,
    38.849202942320204,
    37.35356657703429,
    39.689199760070146
  ],
  "length": 234.14520291575369,
  "max_curvatures": [
    5.527181289164398,
    3.2552320213810138,
    2.8063050914663337,
    3.1588456821467656,
    7.983057891628812,
    7.970944418871344
  ],
  "max_max_curvature": 7.983057891628812,
  "coil_coil_distance": 0.6979209837549392,
  "cc_threshold": 0.6989825181730449,
  "cc_weight": 1.6971007362752348,
  "gradient_norm": 0.014017321943432406,
  "linking_number": 0,
  "directory": "ncoils_6_order_7_R1_4.7_length_target_3.9e+01_weight_2.0_max_curvature_7.9_weight_0.00017_msc_4.9_weight_8e-06_cc_0.7_weight_1.7",
  "mean_squared_curvatures": [
    0.26929098078305014,
    0.2453037861130235,
    0.2434238721673004,
    0.3358575664080124,
    0.45914199776327796,
    0.3404235420681487
  ],
  "max_mean_squared_curvature": 0.45914199776327796,
  "message": "STOP: TOTAL NO. of ITERATIONS REACHED LIMIT",
  "success": false,
  "iterations": 700,
  "function_evaluations": 773,
  "coil_currents": [
    7874550.237822674,
    7795501.639015794,
    7857257.901759541,
    7995514.102799307,
    7851172.826442935,
    9207418.010248832
  ],
  "coil_surface_distance": 1.2252964087376241
}