{
  "nfp": 4,
  "R0": 11.34443056562854,
  "R1": 4.411801843674805,
  "ncoils": 5,
  "order": 10,
  "nphi": 32,
  "ntheta": 32,
  "length_target": 34.15152019318142,
  "length_weight": 20.092657119621894,
  "max_curvature_threshold": 1.0564543715824477,
  "max_curvature_weight": 0.0008882868126639056,
  "msc_threshold": 1.0096951058408346,
  "msc_weight": 3.9337052486091095e-06,
  "JF": 0.005692767726946767,
  "Jf": 0.0056014152174000366,
  "BdotN": 0.012660834174523966,
  "lengths": [
    36.279867954967465,
    36.517035354232455,
    34.30368927941364,
    31.699768053865185,
    31.957520712700344
  ],
  "length": 170.75788135517905,
  "max_curvatures": [
    1.1663313681715193,
    1.4728291796728514,
    1.1745367334993206,
    1.2636525365706408,
    1.3807513834177452
  ],
  "max_max_curvature": 1.4728291796728514,
  "coil_coil_distance": 1.1108452602085117,
  "cc_threshold": 1.1180837373567019,
  "cc_weight": 2.447978368456489,
  "gradient_norm": 0.10177712350475766,
  "linking_number": 0,
  "directory": "ncoils_5_order_10_R1_4.4_length_target_3.4e+01_weight_2e+01_max_curvature_1.1_weight_0.00089_msc_1.0_weight_3.9e-06_cc_1.1_weight_2.4",
  "mean_squared_curvatures": [
    0.14314307797870932,
    0.16515315355076118,
    0.17431574580792583,
    0.19217777286084042,
    0.1953309197074603
  ],
  "max_mean_squared_curvature": 0.1953309197074603,
  "message": "STOP: TOTAL NO. of ITERATIONS REACHED LIMIT",
  "success": false,
  "iterations": 700,
  "function_evaluations": 781,
  "coil_currents": [
    9772701.173527913,
    9599355.405375129,
    9519129.621070925,
    9551994.181955637,
    10138234.336159475
  ],
  "coil_surface_distance": 1.121649610361106
}