{
  "nfp": 4,
  "R0": 11.34443056562854,
  "R1": 4.5694001982800465,
  "ncoils": 6,
  "order": 14,
  "nphi": 32,
  "ntheta": 32,
  "length_target": 30.96131805174511,
  "length_weight": 0.5851168743083707,
  "max_curvature_threshold": 3.721190619261929,
  "max_curvature_weight": 3.252398854347313e-06,
  "msc_threshold": 4.0481725001057045,
  "msc_weight": 1.8048562611927676e-07,
  "JF": 0.0006925981217380733,
  "Jf": 0.0006899448884517194,
  "BdotN": 0.005232126669715393,
  "lengths": [
    32.08406604923218,
    31.086097040064278,
    30.537540926985894,
    32.45742040903747,
    30.563654111464512,
    29.03939242833225
  ],
  "length": 185.76817096511655,
  "max_curvatures": [
    3.5376954456306913,
    4.755769378678877,
    4.071009296879295,
    5.7413105686664165,
    4.069027135465395,
    4.159105703404194
  ],
  "max_max_curvature": 5.7413105686664165,
  "coil_coil_distance": 0.9305841609650041,
  "cc_threshold": 0.9320838610916755,
  "cc_weight": 5.566770305396853,
  "gradient_norm": 0.004188373059353456,
  "linking_number": 0,
  "directory": "ncoils_6_order_14_R1_4.6_length_target_3.1e+01_weight_0.59_max_curvature_3.7_weight_3.3e-06_msc_4.0_weight_1.8e-07_cc_0.93_weight_5.6",
  "mean_squared_curvatures": [
    0.2405285857601686,
    0.23382652372098053,
    0.44542425587458917,
    0.4988077660461116,
    0.5491210122681031,
    0.5892069935357661
  ],
  "max_mean_squared_curvature": 0.5892069935357661,
  "message": "STOP: TOTAL NO. of ITERATIONS REACHED LIMIT",
  "success": false,
  "iterations": 700,
  "function_evaluations": 744,
  "coil_currents": [
    8402972.339142082,
    8160707.475870874,
    8104627.877015756,
    8082828.8388206065,
    8116968.001077801,
    7713310.186161958
  ],
  "coil_surface_distance": 0.9798702725981174
}