{
  "nfp": 4,
  "R0": 11.34443056562854,
  "R1": 4.76890457162168,
  "ncoils": 5,
  "order": 15,
  "nphi": 32,
  "ntheta": 32,
  "length_target": 28.000936921313215,
  "length_weight": 89.59057793089728,
  "max_curvature_threshold": 6.02710392183234,
  "max_curvature_weight": 0.0005215957743006325,
  "msc_threshold": 3.471569061773324,
  "msc_weight": 1.3369856205493297e-05,
  "JF": 0.006888317792051882,
  "Jf": 0.006852096258139839,
  "BdotN": 0.013992811948472456,
  "lengths": [
    29.781889079890888,
    29.41705021491367,
    27.913171129472616,
    26.57535024584085,
    26.317538263898133
  ],
  "length": 140.00499893401616,
  "max_curvatures": [
    5.322336746986095,
    6.268254962286268,
    5.7568885143063016,
    5.513435032857347,
    6.101370650396279
  ],
  "max_max_curvature": 6.268254962286268,
  "coil_coil_distance": 1.0178774685319163,
  "cc_threshold": 1.025916094665812,
  "cc_weight": 8.07419725550714,
  "gradient_norm": 0.5089728847659277,
  "linking_number": 0,
  "directory": "ncoils_5_order_15_R1_4.8_length_target_2.8e+01_weight_9e+01_max_curvature_6.0_weight_0.00052_msc_3.5_weight_1.3e-05_cc_1.0_weight_8.1",
  "mean_squared_curvatures": [
    0.41292394174263447,
    0.43419643411114855,
    0.32268202336428503,
    0.3686140013892689,
    0.47250371314921535
  ],
  "max_mean_squared_curvature": 0.47250371314921535,
  "message": "STOP: TOTAL NO. of ITERATIONS REACHED LIMIT",
  "success": false,
  "iterations": 700,
  "function_evaluations": 846,
  "coil_currents": [
    9766011.580367127,
    9664347.275922239,
    9612450.715162061,
    9607622.448807344,
    9930982.697830312
  ],
  "coil_surface_distance": 1.01565884899916
}