{
  "nfp": 4,
  "ncoils": 6,
  "R0": 11.34443056562854,
  "R1": 4.207246368083457,
  "order": 8,
  "nphi": 32,
  "ntheta": 32,
  "length_target": 34.09707074575962,
  "length_weight": 7.069713964371709,
  "max_curvature_threshold": 0.6341784461838539,
  "max_curvature_weight": 1.2825873063019744e-06,
  "msc_threshold": 2.0812166458094845,
  "msc_weight": 1.289774880708302e-06,
  "JF": 0.0003706661669584481,
  "Jf": 0.00036065984092003813,
  "BdotN": 0.004185698304272575,
  "lengths": [
    35.450474102204105,
    35.2753528064468,
    35.18881774473099,
    33.72928615243374,
    32.23393794278236,
    32.70460813603137
  ],
  "length": 204.58247688462933,
  "max_curvatures": [
    2.220945893322257,
    2.8203627304208165,
    6.967192549672519,
    2.47849158784122,
    4.56911769375752,
    3.56234609763219
  ],
  "max_max_curvature": 6.967192549672519,
  "coil_coil_distance": 0.735178107663075,
  "cc_threshold": 0.7352190989697536,
  "cc_weight": 27.52393303112096,
  "gradient_norm": 0.007628225282432268,
  "linking_number": 0,
  "directory": "ncoils_6_order_8_R1_4.2_length_target_3.4e+01_weight_7.1_max_curvature_0.63_weight_1.3e-06_msc_2.1_weight_1.3e-06_cc_0.74_weight_2.8e+01",
  "mean_squared_curvatures": [
    0.2572104123959615,
    0.17645701392883895,
    0.32376744339796715,
    0.17725904479605994,
    0.32913642531541426,
    0.24281546925299013
  ],
  "max_mean_squared_curvature": 0.32913642531541426,
  "message": "STOP: TOTAL NO. of ITERATIONS REACHED LIMIT",
  "success": false,
  "iterations": 700,
  "function_evaluations": 823,
  "coil_currents": [
    8001378.40644608,
    8013830.337612728,
    7951071.461691377,
    7905642.9401515685,
    7944979.458469345,
    8764512.113717988
  ],
  "coil_surface_distance": 1.1970978070307012
}