{
  "nfp": 4,
  "R0": 11.34443056562854,
  "R1": 4.4998165099555045,
  "ncoils": 6,
  "order": 10,
  "nphi": 32,
  "ntheta": 32,
  "length_target": 44.268266535325594,
  "length_weight": 0.4579441228611067,
  "max_curvature_threshold": 4.445260225703404,
  "max_curvature_weight": 1.1331238602339759e-06,
  "msc_threshold": 4.608036110783269,
  "msc_weight": 1.078238758960676e-06,
  "JF": 0.0006086209528596922,
  "Jf": 0.0005786733745417312,
  "BdotN": 0.004300502646547678,
  "lengths": [
    36.09290797985974,
    35.884152344554046,
    37.14709710058984,
    42.253583657244555,
    59.75412540599223,
    54.47697299774559
  ],
  "length": 265.608839485986,
  "max_curvatures": [
    9.386366492938507,
    8.273556832856054,
    7.469912065968675,
    12.291551205854189,
    17.259432152967197,
    13.693065134485623
  ],
  "max_max_curvature": 17.259432152967197,
  "coil_coil_distance": 0.7697547343956664,
  "cc_threshold": 0.7698928301379462,
  "cc_weight": 33.53835625001985,
  "gradient_norm": 0.017590785357309065,
  "linking_number": 0,
  "directory": "ncoils_6_order_10_R1_4.5_length_target_4.4e+01_weight_0.46_max_curvature_4.4_weight_1.1e-06_msc_4.6_weight_1.1e-06_cc_0.77_weight_3.4e+01",
  "mean_squared_curvatures": [
    1.0989956252985273,
    0.8453953672801918,
    0.978711348856747,
    1.8870971738941482,
    1.905572275733068,
    1.790952125351215
  ],
  "max_mean_squared_curvature": 1.905572275733068,
  "message": "STOP: TOTAL NO. of ITERATIONS REACHED LIMIT",
  "success": false,
  "iterations": 700,
  "function_evaluations": 897,
  "coil_currents": [
    7828424.9119346915,
    7827336.993884754,
    7884749.364878244,
    7905401.567083106,
    7948125.509184095,
    9187376.371124193
  ],
  "coil_surface_distance": 0.8358723978888752
}