{
  "nfp": 4,
  "R0": 11.34443056562854,
  "R1": 4.213149315671205,
  "ncoils": 3,
  "order": 11,
  "nphi": 32,
  "ntheta": 32,
  "length_target": 36.23180377416976,
  "length_weight": 18.274398845742276,
  "max_curvature_threshold": 7.162090927344497,
  "max_curvature_weight": 3.589850710908023e-06,
  "msc_threshold": 2.4861523898425704,
  "msc_weight": 2.9791880846094683e-05,
  "JF": 0.012969498852473955,
  "Jf": 0.012967680238970485,
  "BdotN": 0.01818862311547656,
  "lengths": [
    37.809066863923526,
    35.88219055736578,
    35.004241181435304
  ],
  "length": 108.69549860272461,
  "max_curvatures": [
    5.370805155992883,
    12.753891995699023,
    4.227687809506152
  ],
  "max_max_curvature": 12.753891995699023,
  "coil_coil_distance": 1.0529449175423335,
  "cc_threshold": 1.0530827838880008,
  "cc_weight": 719.3997902600455,
  "gradient_norm": 0.04286467157283233,
  "linking_number": 0,
  "directory": "ncoils_3_order_11_R1_4.2_length_target_3.6e+01_weight_1.8e+01_max_curvature_7.2_weight_3.6e-06_msc_2.5_weight_3e-05_cc_1.1_weight_7.2e+02",
  "mean_squared_curvatures": [
    0.1985527051765801,
    0.30795458662502806,
    0.4460495228197109
  ],
  "max_mean_squared_curvature": 0.4460495228197109,
  "message": "STOP: TOTAL NO. of ITERATIONS REACHED LIMIT",
  "success": false,
  "iterations": 700,
  "function_evaluations": 889,
  "coil_currents": [
    16262368.193809163,
    16229237.733880723,
    16089808.790399194
  ],
  "coil_surface_distance": 1.3775754132409666
}