{
  "nfp": 4,
  "R0": 11.34443056562854,
  "R1": 4.187614344711657,
  "ncoils": 6,
  "order": 6,
  "nphi": 32,
  "ntheta": 32,
  "length_target": 42.76907119956731,
  "length_weight": 0.8718136414714762,
  "max_curvature_threshold": 4.105193241180665,
  "max_curvature_weight": 0.00553380022765155,
  "msc_threshold": 2.8376349011471222,
  "msc_weight": 8.0282984019297e-06,
  "JF": 4.524384963775492,
  "Jf": 4.455177471818763,
  "BdotN": 0.2860301267248527,
  "lengths": [
    50.25662314743626,
    46.58909508771786,
    40.73458448639362,
    39.26805367060561,
    39.99144091949158,
    39.70243455303588
  ],
  "length": 256.5422318646808,
  "max_curvatures": [
    8.200631944748809,
    3.0770531970715553,
    9.429008989496584,
    6.820186685417148,
    2.619517987339815,
    2.9572991350214126
  ],
  "max_max_curvature": 9.429008989496584,
  "coil_coil_distance": 0.0807517000901018,
  "cc_threshold": 0.8796408007925136,
  "cc_weight": 0.01072513304511807,
  "gradient_norm": 3.240139269278898,
  "linking_number": 0,
  "directory": "ncoils_6_order_6_R1_4.2_length_target_4.3e+01_weight_0.87_max_curvature_4.1_weight_0.0055_msc_2.8_weight_8e-06_cc_0.88_weight_0.011",
  "mean_squared_curvatures": [
    0.4587222912427114,
    0.2917421826125,
    0.39362244604526875,
    0.3310544108562844,
    0.23921098595939294,
    0.2267784485799582
  ],
  "max_mean_squared_curvature": 0.4587222912427114,
  "message": "ABNORMAL_TERMINATION_IN_LNSRCH",
  "success": false,
  "iterations": 37,
  "function_evaluations": 234,
  "coil_currents": [
    7296864.521014163,
    7334780.637591908,
    7582770.032179671,
    7853097.738922162,
    8019561.91201025,
    10494339.876370922
  ],
  "coil_surface_distance": 1.5609881106592893
}