{
  "nfp": 4,
  "R0": 11.34443056562854,
  "R1": 4.125271198104143,
  "ncoils": 3,
  "order": 8,
  "nphi": 32,
  "ntheta": 32,
  "length_target": 36.975461524329205,
  "length_weight": 5.696949348790069,
  "max_curvature_threshold": 3.494231345468594,
  "max_curvature_weight": 0.0019642511541782945,
  "msc_threshold": 1.5796259716827767,
  "msc_weight": 4.909172298477181e-06,
  "JF": 0.010188982543741282,
  "Jf": 0.009896779467836143,
  "BdotN": 0.013893327896409199,
  "lengths": [
    38.397528702489026,
    37.28315641713914,
    35.24598452629373
  ],
  "length": 110.92666964592189,
  "max_curvatures": [
    3.8695179988527917,
    3.608219756441758,
    3.584979633123311
  ],
  "max_max_curvature": 3.8695179988527917,
  "coil_coil_distance": 0.9923650119815595,
  "cc_threshold": 1.071805871429087,
  "cc_weight": 0.07015406101421913,
  "gradient_norm": 33.31472305071552,
  "linking_number": 0,
  "directory": "ncoils_3_order_8_R1_4.1_length_target_3.7e+01_weight_5.7_max_curvature_3.5_weight_0.002_msc_1.6_weight_4.9e-06_cc_1.1_weight_0.07",
  "mean_squared_curvatures": [
    0.1433148229421826,
    0.2375966200873905,
    0.2920032261099631
  ],
  "max_mean_squared_curvature": 0.2920032261099631,
  "message": "STOP: TOTAL NO. of ITERATIONS REACHED LIMIT",
  "success": false,
  "iterations": 700,
  "function_evaluations": 891,
  "coil_currents": [
    16600262.604621874,
    16485928.76929844,
    15495223.344168767
  ],
  "coil_surface_distance": 1.4680571473223238
}