{
  "nfp": 4,
  "R0": 11.34443056562854,
  "R1": 4.649545511432082,
  "ncoils": 6,
  "order": 8,
  "nphi": 32,
  "ntheta": 32,
  "length_target": 43.37544096419952,
  "length_weight": 0.03999880372088276,
  "max_curvature_threshold": 3.422682997714453,
  "max_curvature_weight": 0.0010247844671922451,
  "msc_threshold": 3.384810321741237,
  "msc_weight": 2.6320697748941608e-05,
  "JF": 0.0005907125523008261,
  "Jf": 0.0005902107994962277,
  "BdotN": 0.004822372732468302,
  "lengths": [
    47.86448191189869,
    37.97795077319167,
    37.05469922948168,
    37.398703490585824,
    45.81320062905175,
    54.144080345601274
  ],
  "length": 260.2531163798109,
  "max_curvatures": [
    3.4507511783289795,
    2.6681877104938643,
    3.3254677751578012,
    1.085223942477947,
    3.390633618210489,
    3.433422899386655
  ],
  "max_max_curvature": 3.4507511783289795,
  "coil_coil_distance": 0.8706114587194307,
  "cc_threshold": 0.871250573611752,
  "cc_weight": 1.5177675838287372,
  "gradient_norm": 0.0024967989394355994,
  "linking_number": 0,
  "directory": "ncoils_6_order_8_R1_4.6_length_target_4.3e+01_weight_0.04_max_curvature_3.4_weight_0.001_msc_3.4_weight_2.6e-05_cc_0.87_weight_1.5",
  "mean_squared_curvatures": [
    0.7193647935924912,
    0.3031268135578689,
    0.443482367633414,
    0.16364677321821888,
    0.6079113531482282,
    0.618636557640205
  ],
  "max_mean_squared_curvature": 0.7193647935924912,
  "message": "STOP: TOTAL NO. of ITERATIONS REACHED LIMIT",
  "success": false,
  "iterations": 700,
  "function_evaluations": 767,
  "coil_currents": [
    8281327.690480731,
    8382859.003719233,
    8159739.946222267,
    7866396.189648711,
    8001680.225268929,
    7889411.6627492085
  ],
  "coil_surface_distance": 1.2262654410092722
}