{
  "nfp": 4,
  "R0": 11.34443056562854,
  "R1": 4.5676095915247,
  "ncoils": 6,
  "order": 14,
  "nphi": 32,
  "ntheta": 32,
  "length_target": 38.62134568484187,
  "length_weight": 58.83848261537651,
  "max_curvature_threshold": 1.3420777915459035,
  "max_curvature_weight": 0.0034807113250909915,
  "msc_threshold": 3.7612736814480745,
  "msc_weight": 4.494879825261985e-07,
  "JF": 0.009143017668026105,
  "Jf": 0.008767989597617324,
  "BdotN": 0.020055129665720324,
  "lengths": [
    39.311562980986196,
    38.826796389973616,
    38.7023081928646,
    37.669740721457174,
    36.819018206855766,
    40.39873136585557
  ],
  "length": 231.72815785799293,
  "max_curvatures": [
    1.5851444100913916,
    1.9174301481666292,
    1.5731175206273493,
    1.5617395114677506,
    1.635551116172089,
    1.8033015282488716
  ],
  "max_max_curvature": 1.9174301481666292,
  "coil_coil_distance": 0.7624740235898995,
  "cc_threshold": 0.8009187604890158,
  "cc_weight": 0.4092984060968333,
  "gradient_norm": 0.17818796293970476,
  "linking_number": 0,
  "directory": "ncoils_6_order_14_R1_4.6_length_target_3.9e+01_weight_5.9e+01_max_curvature_1.3_weight_0.0035_msc_3.8_weight_4.5e-07_cc_0.8_weight_0.41",
  "mean_squared_curvatures": [
    0.3519308711146237,
    0.2930155959147812,
    0.3268201582579984,
    0.3567562488168373,
    0.3562580722424788,
    0.2870782365789081
  ],
  "max_mean_squared_curvature": 0.3567562488168373,
  "message": "STOP: TOTAL NO. of ITERATIONS REACHED LIMIT",
  "success": false,
  "iterations": 700,
  "function_evaluations": 883,
  "coil_currents": [
    7986810.640085057,
    7907027.911634009,
    7875677.999748152,
    7957174.422350047,
    8002183.488359704,
    8852540.25591211
  ],
  "coil_surface_distance": 1.063582680378611
}