{
  "nfp": 4,
  "R0": 11.34443056562854,
  "R1": 4.823626484021491,
  "ncoils": 4,
  "order": 10,
  "nphi": 32,
  "ntheta": 32,
  "length_target": 42.30031958433968,
  "length_weight": 0.864720358642687,
  "max_curvature_threshold": 1.6829852738071311,
  "max_curvature_weight": 4.879126219194342e-06,
  "msc_threshold": 4.122379255889856,
  "msc_weight": 9.890680563003014e-06,
  "JF": 0.0003057387581683828,
  "Jf": 0.00030224943422369654,
  "BdotN": 0.004316762925160959,
  "lengths": [
    42.446278569793655,
    42.0882748656526,
    43.79737501785312,
    40.86958369246735
  ],
  "length": 169.20151214576674,
  "max_curvatures": [
    2.4042172205650365,
    2.9493913060338195,
    1.7554574747929488,
    3.3677471016009854
  ],
  "max_max_curvature": 3.3677471016009854,
  "coil_coil_distance": 0.6035892092916862,
  "cc_threshold": 0.6056490827558243,
  "cc_weight": 0.39109319025987815,
  "gradient_norm": 0.004457905584833363,
  "linking_number": 0,
  "directory": "ncoils_4_order_10_R1_4.8_length_target_4.2e+01_weight_0.86_max_curvature_1.7_weight_4.9e-06_msc_4.1_weight_9.9e-06_cc_0.61_weight_0.39",
  "mean_squared_curvatures": [
    0.20818713120430213,
    0.2523875404661055,
    0.2515179300583186,
    0.3161776448191959
  ],
  "max_mean_squared_curvature": 0.3161776448191959,
  "message": "STOP: TOTAL NO. of ITERATIONS REACHED LIMIT",
  "success": false,
  "iterations": 700,
  "function_evaluations": 781,
  "coil_currents": [
    12195162.132235564,
    11973831.68053376,
    12210700.485281743,
    12201720.420038015
  ],
  "coil_surface_distance": 1.4597619381111147
}