{
  "nfp": 4,
  "R0": 11.34443056562854,
  "R1": 4.703350392564996,
  "ncoils": 5,
  "order": 14,
  "nphi": 32,
  "ntheta": 32,
  "length_target": 39.829713535972594,
  "length_weight": 6.083837670240351,
  "max_curvature_threshold": 5.942692657926175,
  "max_curvature_weight": 3.194202413185303e-05,
  "msc_threshold": 2.3081828234612085,
  "msc_weight": 8.691191068600102e-06,
  "JF": 0.001028983207352218,
  "Jf": 0.001022765586496995,
  "BdotN": 0.006052431572904835,
  "lengths": [
    40.3511534767273,
    40.815892624614555,
    40.25600291372463,
    37.46383819183958,
    40.26216154515803
  ],
  "length": 199.1490487520641,
  "max_curvatures": [
    6.605124218067818,
    6.11274180593525,
    5.551160279742967,
    6.720261050811881,
    7.228944450866568
  ],
  "max_max_curvature": 7.228944450866568,
  "coil_coil_distance": 0.8130661792867654,
  "cc_threshold": 0.8139959658780949,
  "cc_weight": 5.9407095287350975,
  "gradient_norm": 0.09738472688200275,
  "linking_number": 0,
  "directory": "ncoils_5_order_14_R1_4.7_length_target_4e+01_weight_6.1_max_curvature_5.9_weight_3.2e-05_msc_2.3_weight_8.7e-06_cc_0.81_weight_5.9",
  "mean_squared_curvatures": [
    0.7062165454786787,
    0.6940098509240901,
    0.7424651180460926,
    0.8971139728287145,
    1.6049061550283077
  ],
  "max_mean_squared_curvature": 1.6049061550283077,
  "message": "STOP: TOTAL NO. of ITERATIONS REACHED LIMIT",
  "success": false,
  "iterations": 700,
  "function_evaluations": 795,
  "coil_currents": [
    9620402.055846432,
    9562780.141804226,
    9645070.423749782,
    9657774.482916329,
    10095387.61377231
  ],
  "coil_surface_distance": 1.247611661107911
}