{
  "nfp": 4,
  "R0": 11.34443056562854,
  "R1": 4.793038755093238,
  "ncoils": 5,
  "order": 12,
  "nphi": 32,
  "ntheta": 32,
  "length_target": 43.94186397436824,
  "length_weight": 0.01240156971125011,
  "max_curvature_threshold": 3.156513067031095,
  "max_curvature_weight": 0.0007712713669829432,
  "msc_threshold": 4.229845395508675,
  "msc_weight": 2.1858958392207795e-07,
  "JF": 0.000964273335153881,
  "Jf": 0.0009616333346968805,
  "BdotN": 0.005159555959548782,
  "lengths": [
    41.75095005496294,
    41.982889376030734,
    39.665740749164904,
    40.54812159470979,
    55.762988605569866
  ],
  "length": 219.71069038043822,
  "max_curvatures": [
    2.875742876389552,
    3.178146906788443,
    2.618041018606021,
    2.702095452023532,
    3.2292473435756572
  ],
  "max_max_curvature": 3.2292473435756572,
  "coil_coil_distance": 0.9302956516971885,
  "cc_threshold": 0.9309120304878549,
  "cc_weight": 3.7370374408541567,
  "gradient_norm": 0.0035385960232371563,
  "linking_number": 0,
  "directory": "ncoils_5_order_12_R1_4.8_length_target_4.4e+01_weight_0.012_max_curvature_3.2_weight_0.00077_msc_4.2_weight_2.2e-07_cc_0.93_weight_3.7",
  "mean_squared_curvatures": [
    0.3934146329949055,
    0.8224174912563827,
    0.32885953798277834,
    0.45764259026619053,
    1.2216620799147226
  ],
  "max_mean_squared_curvature": 1.2216620799147226,
  "message": "STOP: TOTAL NO. of ITERATIONS REACHED LIMIT",
  "success": false,
  "iterations": 700,
  "function_evaluations": 779,
  "coil_currents": [
    9673196.668488137,
    9418382.307997178,
    9408063.026029132,
    9484811.604773745,
    10596961.110800885
  ],
  "coil_surface_distance": 1.2107724321706415
}