{
  "nfp": 4,
  "ncoils": 6,
  "R0": 11.34443056562854,
  "R1": 4.28394448498045,
  "order": 10,
  "nphi": 32,
  "ntheta": 32,
  "length_target": 39.15313425853109,
  "length_weight": 0.2820490866188399,
  "max_curvature_threshold": 3.9599514609787505,
  "max_curvature_weight": 4.5772664350699155e-06,
  "msc_threshold": 1.8613296572694735,
  "msc_weight": 8.60109237016591e-05,
  "JF": 0.01479335150697228,
  "Jf": 0.014542569558609237,
  "BdotN": 0.024827947377042078,
  "lengths": [
    36.39133400081162,
    39.17693428599881,
    36.151711453166854,
    44.193532212999834,
    36.76444840108456,
    42.24209220636781
  ],
  "length": 234.92005256042947,
  "max_curvatures": [
    4.6045765579374365,
    16.141809341570887,
    2.9115312090606458,
    11.323602489972332,
    16.90365277813881,
    10.924498687356422
  ],
  "max_max_curvature": 16.90365277813881,
  "coil_coil_distance": 1.0867910417043012,
  "cc_threshold": 1.0872713645524583,
  "cc_weight": 88.18955123033255,
  "gradient_norm": 0.13721530762053047,
  "linking_number": 0,
  "directory": "ncoils_6_order_10_R1_4.3_length_target_3.9e+01_weight_0.28_max_curvature_4.0_weight_4.6e-06_msc_1.9_weight_8.6e-05_cc_1.1_weight_8.8e+01",
  "mean_squared_curvatures": [
    0.5691350964998464,
    2.8119970485464956,
    0.32935581521361557,
    1.3946669564228085,
    2.507735478181449,
    2.07093439318405
  ],
  "max_mean_squared_curvature": 2.8119970485464956,
  "message": "STOP: TOTAL NO. of ITERATIONS REACHED LIMIT",
  "success": false,
  "iterations": 700,
  "function_evaluations": 890,
  "coil_currents": [
    7709631.311143127,
    8518153.30987102,
    7527249.346883082,
    8569411.912079373,
    8142789.568630396,
    8114179.269482084
  ],
  "coil_surface_distance": 0.9132122707218719
}