{
  "nfp": 4,
  "R0": 11.34443056562854,
  "R1": 4.501399615471087,
  "ncoils": 5,
  "order": 14,
  "nphi": 32,
  "ntheta": 32,
  "length_target": 34.98581988772768,
  "length_weight": 8.807337840970057,
  "max_curvature_threshold": 2.17678421880232,
  "max_curvature_weight": 0.0017544543353978383,
  "msc_threshold": 4.438796444349155,
  "msc_weight": 3.139226910870504e-05,
  "JF": 0.0007443572664820273,
  "Jf": 0.0007230192708134748,
  "BdotN": 0.004203468015416319,
  "lengths": [
    35.662909462985226,
    35.281873960780224,
    34.33656136143418,
    35.085973052845844,
    34.561827725426205
  ],
  "length": 174.92914556347168,
  "max_curvatures": [
    2.2025365909801646,
    1.8797050299657434,
    2.222392406500786,
    2.2389551535919443,
    2.2652929544136415
  ],
  "max_max_curvature": 2.2652929544136415,
  "coil_coil_distance": 0.8960020816230023,
  "cc_threshold": 0.9110132316130126,
  "cc_weight": 0.21276415253292255,
  "gradient_norm": 0.010636558860829063,
  "linking_number": 0,
  "directory": "ncoils_5_order_14_R1_4.5_length_target_3.5e+01_weight_8.8_max_curvature_2.2_weight_0.0018_msc_4.4_weight_3.1e-05_cc_0.91_weight_0.21",
  "mean_squared_curvatures": [
    0.22571811253067212,
    0.2398512519503095,
    0.26841511021343784,
    0.2873811774150567,
    0.26132463952109214
  ],
  "max_mean_squared_curvature": 0.2873811774150567,
  "message": "STOP: TOTAL NO. of ITERATIONS REACHED LIMIT",
  "success": false,
  "iterations": 700,
  "function_evaluations": 818,
  "coil_currents": [
    9759225.769191874,
    9680139.589842852,
    9675740.104225108,
    9685176.50790859,
    9781132.74692066
  ],
  "coil_surface_distance": 1.204218200265528
}