{
  "nfp": 4,
  "R0": 11.34443056562854,
  "R1": 4.501990843805801,
  "ncoils": 5,
  "order": 12,
  "nphi": 32,
  "ntheta": 32,
  "length_target": 29.142782565942692,
  "length_weight": 46.268070692825106,
  "max_curvature_threshold": 0.45525275014512895,
  "max_curvature_weight": 7.5201139645336134e-06,
  "msc_threshold": 6.120935982712047,
  "msc_weight": 7.225369776175319e-06,
  "JF": 0.0019099538826920879,
  "Jf": 0.0018741471741433166,
  "BdotN": 0.008389906004222679,
  "lengths": [
    31.13032970938034,
    30.298984383639198,
    28.716795322399708,
    27.84182980360658,
    27.726075422751386
  ],
  "length": 145.71401464177723,
  "max_curvatures": [
    10.02469123865543,
    0.9585550328376035,
    18.88903156120801,
    2.8973000361936436,
    3.3139189842725587
  ],
  "max_max_curvature": 18.88903156120801,
  "coil_coil_distance": 0.681776231152002,
  "cc_threshold": 0.68367781939262,
  "cc_weight": 5.059952493995739,
  "gradient_norm": 0.12067976505080776,
  "linking_number": 0,
  "directory": "ncoils_5_order_12_R1_4.5_length_target_2.9e+01_weight_4.6e+01_max_curvature_0.46_weight_7.5e-06_msc_6.1_weight_7.2e-06_cc_0.68_weight_5.1",
  "mean_squared_curvatures": [
    0.16107440926602976,
    0.130894128305175,
    0.24398316134190737,
    0.2342112150761053,
    0.2832567498907926
  ],
  "max_mean_squared_curvature": 0.2832567498907926,
  "message": "STOP: TOTAL NO. of ITERATIONS REACHED LIMIT",
  "success": false,
  "iterations": 700,
  "function_evaluations": 848,
  "coil_currents": [
    9683600.882186864,
    9635150.460784785,
    9603347.564660063,
    9624387.656426596,
    10034928.154030778
  ],
  "coil_surface_distance": 1.282132559741846
}