{
  "nfp": 4,
  "R0": 11.34443056562854,
  "R1": 4.216258268805401,
  "ncoils": 4,
  "order": 15,
  "nphi": 32,
  "ntheta": 32,
  "length_target": 34.355649168624666,
  "length_weight": 13.453328631969972,
  "max_curvature_threshold": 7.02825856028489,
  "max_curvature_weight": 2.0389851002097733e-06,
  "msc_threshold": 6.4075412533383815,
  "msc_weight": 5.005078774581779e-05,
  "JF": 0.00691041654351342,
  "Jf": 0.006555559748069545,
  "BdotN": 0.013615029062085492,
  "lengths": [
    36.037178622543024,
    34.448388094223226,
    34.1234850908959,
    32.81359172869284
  ],
  "length": 137.422643536355,
  "max_curvatures": [
    36.84437209580716,
    7.979628826600188,
    4.167410671424758,
    17.745400705665304
  ],
  "max_max_curvature": 36.84437209580716,
  "coil_coil_distance": 1.1080879564080666,
  "cc_threshold": 1.1462793797631634,
  "cc_weight": 0.27888769113789846,
  "gradient_norm": 14.030277705796282,
  "linking_number": 0,
  "directory": "ncoils_4_order_15_R1_4.2_length_target_3.4e+01_weight_1.3e+01_max_curvature_7.0_weight_2e-06_msc_6.4_weight_5e-05_cc_1.1_weight_0.28",
  "mean_squared_curvatures": [
    1.5422746114363806,
    0.49339484804736006,
    0.2553932170171942,
    0.7968322998523559
  ],
  "max_mean_squared_curvature": 1.5422746114363806,
  "message": "CONVERGENCE: REL_REDUCTION_OF_F_<=_FACTR*EPSMCH",
  "success": true,
  "iterations": 569,
  "function_evaluations": 726,
  "coil_currents": [
    12135474.805687783,
    12118498.791233506,
    12137235.353294669,
    12190205.767873123
  ],
  "coil_surface_distance": 1.21150860201504
}