{
  "nfp": 4,
  "R0": 11.34443056562854,
  "R1": 4.148278861860166,
  "ncoils": 5,
  "order": 8,
  "nphi": 32,
  "ntheta": 32,
  "length_target": 37.682521162696354,
  "length_weight": 1.2686678224920074,
  "max_curvature_threshold": 5.951123762161176,
  "max_curvature_weight": 5.6604229806552174e-05,
  "msc_threshold": 6.240940453610109,
  "msc_weight": 3.7966273583285803e-07,
  "JF": 0.00384225303912055,
  "Jf": 0.0035160987838463807,
  "BdotN": 0.011223194378194886,
  "lengths": [
    42.45638865971442,
    38.05098891808992,
    36.08967180303308,
    35.65970725941516,
    36.156633460215154
  ],
  "length": 188.4133901004677,
  "max_curvatures": [
    4.823438724301306,
    6.0884493021000825,
    4.543093449142291,
    6.493056423093598,
    5.9447061974539315
  ],
  "max_max_curvature": 6.493056423093598,
  "coil_coil_distance": 1.096968101076067,
  "cc_threshold": 1.167533370794692,
  "cc_weight": 0.08055504956428663,
  "gradient_norm": 0.026718207401222004,
  "linking_number": 0,
  "directory": "ncoils_5_order_8_R1_4.1_length_target_3.8e+01_weight_1.3_max_curvature_6.0_weight_5.7e-05_msc_6.2_weight_3.8e-07_cc_1.2_weight_0.081",
  "mean_squared_curvatures": [
    0.6916718673659281,
    0.464481786627062,
    0.3615316108789156,
    0.7171038405262107,
    0.9850935775655686
  ],
  "max_mean_squared_curvature": 0.9850935775655686,
  "message": "STOP: TOTAL NO. of ITERATIONS REACHED LIMIT",
  "success": false,
  "iterations": 700,
  "function_evaluations": 749,
  "coil_currents": [
    10792627.8095892,
    9412092.849986807,
    9636538.609159475,
    9351781.293130148,
    9388374.156223454
  ],
  "coil_surface_distance": 1.1724907538712996
}