{
  "nfp": 4,
  "R0": 11.34443056562854,
  "R1": 4.893642609767829,
  "ncoils": 6,
  "order": 6,
  "nphi": 32,
  "ntheta": 32,
  "length_target": 29.32480291572813,
  "length_weight": 0.0344147370611722,
  "max_curvature_threshold": 3.1264967200826024,
  "max_curvature_weight": 3.151543564304919e-05,
  "msc_threshold": 6.836865577675898,
  "msc_weight": 1.2186504483092906e-07,
  "JF": 0.010880554043442566,
  "Jf": 0.01051535189364064,
  "BdotN": 0.03145405096452776,
  "lengths": [
    28.982453364257154,
    28.87040169264441,
    29.212828927240697,
    29.778424917256434,
    33.015748691747255,
    26.093763234917184
  ],
  "length": 175.95362082806312,
  "max_curvatures": [
    2.3914261714070792,
    3.4658920574875807,
    9.323585612583281,
    6.198549867669591,
    4.434085496579391,
    12.318095764936297
  ],
  "max_max_curvature": 12.318095764936297,
  "coil_coil_distance": 0.980902014844712,
  "cc_threshold": 0.9814025845049055,
  "cc_weight": 46.16290743409366,
  "gradient_norm": 50.32593196243347,
  "linking_number": 0,
  "directory": "ncoils_6_order_6_R1_4.9_length_target_2.9e+01_weight_0.034_max_curvature_3.1_weight_3.2e-05_msc_6.8_weight_1.2e-07_cc_0.98_weight_4.6e+01",
  "mean_squared_curvatures": [
    0.19292225818533082,
    0.21586473160998806,
    0.5253533326789307,
    0.8540347961285955,
    0.5743431158200287,
    2.9127771508788576
  ],
  "max_mean_squared_curvature": 2.9127771508788576,
  "message": "STOP: TOTAL NO. of ITERATIONS REACHED LIMIT",
  "success": false,
  "iterations": 700,
  "function_evaluations": 872,
  "coil_currents": [
    8128572.559124068,
    8201029.510742012,
    8319353.970401071,
    8463634.185771117,
    8571180.255043343,
    6897644.237007469
  ],
  "coil_surface_distance": 0.02182895948540552
}