{
  "nfp": 4,
  "R0": 11.34443056562854,
  "R1": 4.833153743053361,
  "ncoils": 6,
  "order": 7,
  "nphi": 32,
  "ntheta": 32,
  "length_target": 38.210126724602745,
  "length_weight": 4.842997253739014,
  "max_curvature_threshold": 6.936116208533413,
  "max_curvature_weight": 3.960952157305872e-05,
  "msc_threshold": 5.088431631197101,
  "msc_weight": 6.874986714104971e-05,
  "JF": 0.0003913249940897637,
  "Jf": 0.00039066117843451986,
  "BdotN": 0.004615140684924336,
  "lengths": [
    38.58580496493067,
    37.574387126870256,
    37.6622087223857,
    37.956421000910325,
    37.557785627126236,
    39.92429677347564
  ],
  "length": 229.26090421569882,
  "max_curvatures": [
    2.291510792740657,
    3.687816261529787,
    7.374239506863798,
    7.01526527239024,
    1.2784761517864855,
    1.8189677301449436
  ],
  "max_max_curvature": 7.374239506863798,
  "coil_coil_distance": 0.6208517405770061,
  "cc_threshold": 0.6226458357216107,
  "cc_weight": 0.36985693761755645,
  "gradient_norm": 0.013712454758321283,
  "linking_number": 0,
  "directory": "ncoils_6_order_7_R1_4.8_length_target_3.8e+01_weight_4.8_max_curvature_6.9_weight_4e-05_msc_5.1_weight_6.9e-05_cc_0.62_weight_0.37",
  "mean_squared_curvatures": [
    0.16490078088949595,
    0.20236369855095807,
    0.31034031264631984,
    0.27589406158519386,
    0.11119868572340726,
    0.1567082689093147
  ],
  "max_mean_squared_curvature": 0.31034031264631984,
  "message": "STOP: TOTAL NO. of ITERATIONS REACHED LIMIT",
  "success": false,
  "iterations": 700,
  "function_evaluations": 793,
  "coil_currents": [
    8187391.694312789,
    8070195.397361434,
    7928284.698179181,
    8050716.078165334,
    7853203.452223085,
    8491623.397847258
  ],
  "coil_surface_distance": 1.3369866675117066
}