{
  "nfp": 4,
  "R0": 11.34443056562854,
  "R1": 4.876751749415263,
  "ncoils": 3,
  "order": 6,
  "nphi": 32,
  "ntheta": 32,
  "length_target": 35.97754948393445,
  "length_weight": 0.11707399727549674,
  "max_curvature_threshold": 0.6748424641174668,
  "max_curvature_weight": 3.086685462794104e-06,
  "msc_threshold": 2.166312124540986,
  "msc_weight": 5.2696767595350866e-05,
  "JF": 0.009569416916790538,
  "Jf": 0.009545310198649395,
  "BdotN": 0.01658274239744971,
  "lengths": [
    38.07105672627893,
    36.22534072708928,
    33.64652165580606
  ],
  "length": 107.94291910917428,
  "max_curvatures": [
    2.8329978381284757,
    11.461271773707047,
    4.237662001922153
  ],
  "max_max_curvature": 11.461271773707047,
  "coil_coil_distance": 0.6741408229450976,
  "cc_threshold": 0.6741830875133542,
  "cc_weight": 192.31216052534086,
  "gradient_norm": 0.018326838848985134,
  "linking_number": 0,
  "directory": "ncoils_3_order_6_R1_4.9_length_target_3.6e+01_weight_0.12_max_curvature_0.67_weight_3.1e-06_msc_2.2_weight_5.3e-05_cc_0.67_weight_1.9e+02",
  "mean_squared_curvatures": [
    0.09983679386897179,
    0.3482034344032893,
    0.32704620160545
  ],
  "max_mean_squared_curvature": 0.3482034344032893,
  "message": "CONVERGENCE: REL_REDUCTION_OF_F_<=_FACTR*EPSMCH",
  "success": true,
  "iterations": 470,
  "function_evaluations": 693,
  "coil_currents": [
    16985933.728431474,
    16958383.271894343,
    14637097.717763267
  ],
  "coil_surface_distance": 1.4599442933789422
}