{
  "nfp": 4,
  "ncoils": 6,
  "R0": 11.34443056562854,
  "R1": 4.619038352620613,
  "order": 15,
  "nphi": 32,
  "ntheta": 32,
  "length_target": 35.45085909053998,
  "length_weight": 7.824963763659551,
  "max_curvature_threshold": 2.115472532606018,
  "max_curvature_weight": 1.266591820286304e-05,
  "msc_threshold": 1.3137644690555028,
  "msc_weight": 2.627551986370678e-07,
  "JF": 0.0015112468146317288,
  "Jf": 0.0014419412046845622,
  "BdotN": 0.006706665982687657,
  "lengths": [
    35.56662806010263,
    35.69774455630989,
    35.74371219650645,
    34.68126911845505,
    34.87467740362351,
    36.14082808612003
  ],
  "length": 212.70485942111753,
  "max_curvatures": [
    6.318795583356217,
    4.3177418686253315,
    4.779267016929039,
    4.480911047622643,
    4.642985803561121,
    7.355855788996697
  ],
  "max_max_curvature": 7.355855788996697,
  "coil_coil_distance": 0.4148181177317852,
  "cc_threshold": 0.4146136876822373,
  "cc_weight": 9467.617661460785,
  "gradient_norm": 0.06872450106259217,
  "linking_number": 0,
  "directory": "ncoils_6_order_15_R1_4.6_length_target_3.5e+01_weight_7.8_max_curvature_2.1_weight_1.3e-05_msc_1.3_weight_2.6e-07_cc_0.41_weight_9.5e+03",
  "mean_squared_curvatures": [
    0.7754683530460353,
    0.5707373606158488,
    0.4825761359989886,
    0.41810105399930403,
    0.3516816369187603,
    0.6901480426055411
  ],
  "max_mean_squared_curvature": 0.7754683530460353,
  "message": "STOP: TOTAL NO. of ITERATIONS REACHED LIMIT",
  "success": false,
  "iterations": 500,
  "function_evaluations": 783,
  "coil_currents": [
    8140629.073605508,
    8103698.477379874,
    8028019.062151746,
    8016675.196785643,
    8049377.827836265,
    8243015.080330044
  ],
  "coil_surface_distance": 1.1865393910831734
}