{
  "nfp": 4,
  "R0": 11.34443056562854,
  "R1": 4.389058124588607,
  "ncoils": 4,
  "order": 13,
  "nphi": 32,
  "ntheta": 32,
  "length_target": 35.7631964012212,
  "length_weight": 0.02424360125816269,
  "max_curvature_threshold": 4.945861307096809,
  "max_curvature_weight": 4.521522671207009e-06,
  "msc_threshold": 2.7143656494954778,
  "msc_weight": 1.8619409795717225e-06,
  "JF": 0.0021681512909436465,
  "Jf": 0.002130161525010436,
  "BdotN": 0.007732768720571673,
  "lengths": [
    36.02636309950822,
    35.59724928165552,
    35.85295080725271,
    35.58288817046541
  ],
  "length": 143.05945135888186,
  "max_curvatures": [
    5.916439052148562,
    12.38951785693071,
    4.782665770864441,
    8.297240600554469
  ],
  "max_max_curvature": 12.38951785693071,
  "coil_coil_distance": 1.0410988280312037,
  "cc_threshold": 1.042203493668294,
  "cc_weight": 57.473274802575,
  "gradient_norm": 0.012052300815106075,
  "linking_number": 0,
  "directory": "ncoils_4_order_13_R1_4.4_length_target_3.6e+01_weight_0.024_max_curvature_4.9_weight_4.5e-06_msc_2.7_weight_1.9e-06_cc_1.0_weight_5.7e+01",
  "mean_squared_curvatures": [
    0.3942743451382526,
    1.8469837664698663,
    0.43063392580867127,
    1.0838166927066633
  ],
  "max_mean_squared_curvature": 1.8469837664698663,
  "message": "STOP: TOTAL NO. of ITERATIONS REACHED LIMIT",
  "success": false,
  "iterations": 700,
  "function_evaluations": 837,
  "coil_currents": [
    12228779.765587308,
    12241880.837560812,
    12114546.413176373,
    11996207.701764591
  ],
  "coil_surface_distance": 1.092442368151238
}