{
  "nfp": 4,
  "R0": 11.34443056562854,
  "R1": 4.1125217952207045,
  "ncoils": 4,
  "order": 7,
  "nphi": 32,
  "ntheta": 32,
  "length_target": 29.948173403411516,
  "length_weight": 0.015069376219001972,
  "max_curvature_threshold": 7.400591633592895,
  "max_curvature_weight": 0.0006871179273685725,
  "msc_threshold": 1.0449195557915825,
  "msc_weight": 5.754357307953913e-05,
  "JF": 0.014512629690437883,
  "Jf": 0.014360955724321554,
  "BdotN": 0.018304027947882235,
  "lengths": [
    33.31293175466626,
    31.59964780955488,
    30.181571859847743,
    24.807287283232547
  ],
  "length": 119.90143870730142,
  "max_curvatures": [
    7.537201367142934,
    7.49931933437804,
    6.792854612968074,
    7.526837918011802
  ],
  "max_max_curvature": 7.537201367142934,
  "coil_coil_distance": 1.1208000674058836,
  "cc_threshold": 1.1322556213838983,
  "cc_weight": 1.4270535446760264,
  "gradient_norm": 0.02037643236372746,
  "linking_number": 0,
  "directory": "ncoils_4_order_7_R1_4.1_length_target_3e+01_weight_0.015_max_curvature_7.4_weight_0.00069_msc_1.0_weight_5.8e-05_cc_1.1_weight_1.4",
  "mean_squared_curvatures": [
    0.264075198911373,
    0.23408034160182054,
    0.22436019363783416,
    0.5341951513033917
  ],
  "max_mean_squared_curvature": 0.5341951513033917,
  "message": "STOP: TOTAL NO. of ITERATIONS REACHED LIMIT",
  "success": false,
  "iterations": 700,
  "function_evaluations": 975,
  "coil_currents": [
    14215831.327452194,
    14140206.95535381,
    14210734.616296152,
    6014641.81898693
  ],
  "coil_surface_distance": 0.8775461124720401
}