{
  "nfp": 4,
  "R0": 11.34443056562854,
  "R1": 4.826715414469704,
  "ncoils": 5,
  "order": 6,
  "nphi": 32,
  "ntheta": 32,
  "length_target": 40.30229058884087,
  "length_weight": 11.283963610389575,
  "max_curvature_threshold": 0.28572956267530525,
  "max_curvature_weight": 0.0011927480636574053,
  "msc_threshold": 1.8734204590758896,
  "msc_weight": 9.956473147057865e-07,
  "JF": 0.0024318040838683286,
  "Jf": 0.0015182140068484744,
  "BdotN": 0.01170846195717041,
  "lengths": [
    40.343043925533244,
    41.916648598141634,
    42.685208404633556,
    36.78787940322019,
    39.778973067766884
  ],
  "length": 201.51175339929551,
  "max_curvatures": [
    0.6262465581445428,
    0.6476178184089543,
    0.7508753472049279,
    0.6290184052357694,
    0.529389230006809
  ],
  "max_max_curvature": 0.7508753472049279,
  "coil_coil_distance": 0.792853428265093,
  "cc_threshold": 0.7945623775085202,
  "cc_weight": 0.7977022723539839,
  "gradient_norm": 0.057568356469038226,
  "linking_number": 0,
  "directory": "ncoils_5_order_6_R1_4.8_length_target_4e+01_weight_1.1e+01_max_curvature_0.29_weight_0.0012_msc_1.9_weight_1e-06_cc_0.79_weight_0.8",
  "mean_squared_curvatures": [
    0.062410978661223394,
    0.07692140823875612,
    0.09781024725060708,
    0.08041387557148277,
    0.08252800516068165
  ],
  "max_mean_squared_curvature": 0.09781024725060708,
  "message": "STOP: TOTAL NO. of ITERATIONS REACHED LIMIT",
  "success": false,
  "iterations": 700,
  "function_evaluations": 809,
  "coil_currents": [
    9948101.140902234,
    9838428.698468093,
    9805377.759860551,
    9427295.195605088,
    9562211.923253112
  ],
  "coil_surface_distance": 1.2816780815933055
}