{
  "nfp": 4,
  "R0": 11.34443056562854,
  "R1": 4.784239195845356,
  "ncoils": 5,
  "order": 11,
  "nphi": 32,
  "ntheta": 32,
  "length_target": 45.85470598038644,
  "length_weight": 0.026888866492555796,
  "max_curvature_threshold": 6.745466282461431,
  "max_curvature_weight": 7.1895986866560036e-06,
  "msc_threshold": 3.6565477078810917,
  "msc_weight": 9.69576697773877e-07,
  "JF": 0.0007366156560869779,
  "Jf": 0.0007285909474599582,
  "BdotN": 0.005178562723524938,
  "lengths": [
    43.79574794428489,
    43.54986203964587,
    42.2893291676329,
    45.82616869706427,
    53.81127637102137
  ],
  "length": 229.2723842196493,
  "max_curvatures": [
    8.327126403446995,
    7.28594308430773,
    5.124602202854085,
    7.767555612537646,
    9.604601714171404
  ],
  "max_max_curvature": 9.604601714171404,
  "coil_coil_distance": 0.8809257187759706,
  "cc_threshold": 0.8810444820367722,
  "cc_weight": 13.571337577692072,
  "gradient_norm": 0.005680684239134869,
  "linking_number": 0,
  "directory": "ncoils_5_order_11_R1_4.8_length_target_4.6e+01_weight_0.027_max_curvature_6.7_weight_7.2e-06_msc_3.7_weight_9.7e-07_cc_0.88_weight_1.4e+01",
  "mean_squared_curvatures": [
    0.9625953426965057,
    0.9157027475139925,
    0.44427725503215726,
    0.9343921438688824,
    1.6516712640740505
  ],
  "max_mean_squared_curvature": 1.6516712640740505,
  "message": "STOP: TOTAL NO. of ITERATIONS REACHED LIMIT",
  "success": false,
  "iterations": 700,
  "function_evaluations": 916,
  "coil_currents": [
    9673720.911797255,
    9683588.136706926,
    9295218.842615098,
    9523345.745371135,
    10405541.08159867
  ],
  "coil_surface_distance": 1.2277084651096781
}