{
  "nfp": 4,
  "R0": 11.34443056562854,
  "R1": 4.660242509163203,
  "ncoils": 3,
  "order": 10,
  "nphi": 32,
  "ntheta": 32,
  "length_target": 44.52822651728833,
  "length_weight": 57.88442601019705,
  "max_curvature_threshold": 2.5601656038652965,
  "max_curvature_weight": 0.00025307550963586423,
  "msc_threshold": 4.308923374982586,
  "msc_weight": 2.7307836481972597e-05,
  "JF": 0.011888668076743306,
  "Jf": 0.01051500685874427,
  "BdotN": 0.016265819917964476,
  "lengths": [
    48.196191708493586,
    43.59715049123743,
    41.79149866664969
  ],
  "length": 133.58484086638072,
  "max_curvatures": [
    3.1783207271562017,
    2.476429627430328,
    3.8790519515644366
  ],
  "max_max_curvature": 3.8790519515644366,
  "coil_coil_distance": 0.9381359587633348,
  "cc_threshold": 1.1049534597396242,
  "cc_weight": 0.03969086132240463,
  "gradient_norm": 0.22332945530563358,
  "linking_number": 0,
  "directory": "ncoils_3_order_10_R1_4.7_length_target_4.5e+01_weight_5.8e+01_max_curvature_2.6_weight_0.00025_msc_4.3_weight_2.7e-05_cc_1.1_weight_0.04",
  "mean_squared_curvatures": [
    0.5150286657964074,
    0.4254373918643315,
    0.4956376272363266
  ],
  "max_mean_squared_curvature": 0.5150286657964074,
  "message": "STOP: TOTAL NO. of ITERATIONS REACHED LIMIT",
  "success": false,
  "iterations": 700,
  "function_evaluations": 891,
  "coil_currents": [
    16308193.132099131,
    16223759.316542786,
    16049462.269447163
  ],
  "coil_surface_distance": 1.4791603527010442
}