{
  "nfp": 4,
  "R0": 11.34443056562854,
  "R1": 4.308478863491972,
  "ncoils": 5,
  "order": 11,
  "nphi": 32,
  "ntheta": 32,
  "length_target": 28.873070551504878,
  "length_weight": 0.9206204708872556,
  "max_curvature_threshold": 3.7643755512224826,
  "max_curvature_weight": 0.0007949608422526866,
  "msc_threshold": 4.352552675735835,
  "msc_weight": 4.8589559816232276e-05,
  "JF": 0.0014344802227962703,
  "Jf": 0.0014161846729610578,
  "BdotN": 0.006697733354180411,
  "lengths": [
    30.678009954499068,
    29.743913417972397,
    28.606747546470718,
    27.90622466621323,
    27.430655383195504
  ],
  "length": 144.36555096835093,
  "max_curvatures": [
    3.7516344398822983,
    3.816317362552156,
    3.727253105411273,
    3.8097337850600637,
    3.194370188356593
  ],
  "max_max_curvature": 3.816317362552156,
  "coil_coil_distance": 0.8038168070263715,
  "cc_threshold": 0.8448086859747139,
  "cc_weight": 0.016574480674634948,
  "gradient_norm": 0.003567045001192623,
  "linking_number": 0,
  "directory": "ncoils_5_order_11_R1_4.3_length_target_2.9e+01_weight_0.92_max_curvature_3.8_weight_0.00079_msc_4.4_weight_4.9e-05_cc_0.84_weight_0.017",
  "mean_squared_curvatures": [
    0.20435169640899475,
    0.16954541746130056,
    0.20712636303929627,
    0.34510688191533756,
    0.3194697371087434
  ],
  "max_mean_squared_curvature": 0.34510688191533756,
  "message": "STOP: TOTAL NO. of ITERATIONS REACHED LIMIT",
  "success": false,
  "iterations": 700,
  "function_evaluations": 917,
  "coil_currents": [
    9899257.157522434,
    9815940.8950292,
    9736522.924889568,
    9694005.520438312,
    9435688.220209569
  ],
  "coil_surface_distance": 1.2178506556839843
}