{
  "nfp": 4,
  "R0": 11.34443056562854,
  "R1": 4.65358597869507,
  "ncoils": 4,
  "order": 13,
  "nphi": 32,
  "ntheta": 32,
  "length_target": 28.839710093855587,
  "length_weight": 2.4963325454497745,
  "max_curvature_threshold": 7.733889042589328,
  "max_curvature_weight": 0.0021976944792068192,
  "msc_threshold": 1.5227581255855047,
  "msc_weight": 5.2527959617659126e-05,
  "JF": 0.021135992313893286,
  "Jf": 0.021120802002821158,
  "BdotN": 0.02164112709452787,
  "lengths": [
    30.344140212079907,
    29.244754756242774,
    28.27539364762759,
    27.495456016778878
  ],
  "length": 115.35974463272915,
  "max_curvatures": [
    7.801453498423268,
    7.972803185718488,
    8.393941648394888,
    7.685356211353895
  ],
  "max_max_curvature": 8.393941648394888,
  "coil_coil_distance": 1.1935948171122348,
  "cc_threshold": 1.1947977138905366,
  "cc_weight": 115.79683262693759,
  "gradient_norm": 9.33015176223229,
  "linking_number": 0,
  "directory": "ncoils_4_order_13_R1_4.7_length_target_2.9e+01_weight_2.5_max_curvature_7.7_weight_0.0022_msc_1.5_weight_5.3e-05_cc_1.2_weight_1.2e+02",
  "mean_squared_curvatures": [
    0.32105279055453084,
    0.25871980915049525,
    0.38060547452511617,
    0.36882234602582925
  ],
  "max_mean_squared_curvature": 0.38060547452511617,
  "message": "STOP: TOTAL NO. of ITERATIONS REACHED LIMIT",
  "success": false,
  "iterations": 700,
  "function_evaluations": 967,
  "coil_currents": [
    12343891.350500973,
    12264724.088390402,
    12176565.79413913,
    11796233.485058576
  ],
  "coil_surface_distance": 1.1260291123298791
}