{
  "nfp": 4,
  "R0": 11.34443056562854,
  "R1": 4.279967447309347,
  "ncoils": 3,
  "order": 5,
  "nphi": 32,
  "ntheta": 32,
  "length_target": 35.94856844368813,
  "length_weight": 0.011325483104281187,
  "max_curvature_threshold": 1.61507920486468,
  "max_curvature_weight": 0.0001783552138009186,
  "msc_threshold": 0.8518330650872806,
  "msc_weight": 3.9492589261527526e-05,
  "JF": 0.010070910568882941,
  "Jf": 0.009897157921622617,
  "BdotN": 0.016099108797120672,
  "lengths": [
    38.58079831166325,
    37.14142108981292,
    32.218978178876675
  ],
  "length": 107.94119758035285,
  "max_curvatures": [
    2.5773183207461012,
    2.260614411566782,
    3.8723568627785436
  ],
  "max_max_curvature": 3.8723568627785436,
  "coil_coil_distance": 0.742915322372414,
  "cc_threshold": 0.7431271858238165,
  "cc_weight": 60.87005563575428,
  "gradient_norm": 0.00808009348518114,
  "linking_number": 0,
  "directory": "ncoils_3_order_5_R1_4.3_length_target_3.6e+01_weight_0.011_max_curvature_1.6_weight_0.00018_msc_0.85_weight_3.9e-05_cc_0.74_weight_6.1e+01",
  "mean_squared_curvatures": [
    0.10022280227090556,
    0.1729893198107504,
    0.28848435496342667
  ],
  "max_mean_squared_curvature": 0.28848435496342667,
  "message": "STOP: TOTAL NO. of ITERATIONS REACHED LIMIT",
  "success": false,
  "iterations": 700,
  "function_evaluations": 972,
  "coil_currents": [
    17249837.099243537,
    18629919.992685296,
    12701657.62616025
  ],
  "coil_surface_distance": 1.4445159153085143
}