{
  "nfp": 4,
  "R0": 11.34443056562854,
  "R1": 4.116200674521591,
  "ncoils": 4,
  "order": 9,
  "nphi": 32,
  "ntheta": 32,
  "length_target": 38.538320406735416,
  "length_weight": 0.06631260434898689,
  "max_curvature_threshold": 4.183706818397979,
  "max_curvature_weight": 3.0283417868904617e-05,
  "msc_threshold": 6.333639201215691,
  "msc_weight": 1.394524484197292e-07,
  "JF": 0.0006496167226137374,
  "Jf": 0.0006492807976061305,
  "BdotN": 0.004703247220573119,
  "lengths": [
    38.92005736379767,
    37.96090719202367,
    38.41415234596995,
    38.859078594903075
  ],
  "length": 154.15419549669437,
  "max_curvatures": [
    4.278228941741615,
    4.245135355169208,
    4.267957813308953,
    4.263101419843681
  ],
  "max_max_curvature": 4.278228941741615,
  "coil_coil_distance": 0.7611178244360521,
  "cc_threshold": 0.7613245599806324,
  "cc_weight": 522.7392132204834,
  "gradient_norm": 0.01647081456712378,
  "linking_number": 0,
  "directory": "ncoils_4_order_9_R1_4.1_length_target_3.9e+01_weight_0.066_max_curvature_4.2_weight_3e-05_msc_6.3_weight_1.4e-07_cc_0.76_weight_5.2e+02",
  "mean_squared_curvatures": [
    0.23683962498560227,
    0.5337798773469038,
    0.7264897165972319,
    0.8389784636424682
  ],
  "max_mean_squared_curvature": 0.8389784636424682,
  "message": "STOP: TOTAL NO. of ITERATIONS REACHED LIMIT",
  "success": false,
  "iterations": 700,
  "function_evaluations": 1182,
  "coil_currents": [
    12392094.749158593,
    12314187.781993618,
    12238069.67820371,
    11637062.50873316
  ],
  "coil_surface_distance": 1.0843751735862803
}