{
  "nfp": 4,
  "R0": 11.34443056562854,
  "R1": 4.2771142358679555,
  "ncoils": 4,
  "order": 11,
  "nphi": 32,
  "ntheta": 32,
  "length_target": 45.52831865765319,
  "length_weight": 62.568582185822706,
  "max_curvature_threshold": 1.3300596277954115,
  "max_curvature_weight": 0.005907580010535623,
  "msc_threshold": 7.1513965694807045,
  "msc_weight": 7.158138588119823e-05,
  "JF": 0.006568483427160861,
  "Jf": 0.0064979437806330755,
  "BdotN": 0.02180042190063438,
  "lengths": [
    49.52067629762277,
    50.425877178821835,
    39.39103691010325,
    42.7760432426792
  ],
  "length": 182.11363362922705,
  "max_curvatures": [
    1.1832722654838275,
    1.4598419152535662,
    1.613914538576671,
    1.5160595344668106
  ],
  "max_max_curvature": 1.613914538576671,
  "coil_coil_distance": 0.7409375209132681,
  "cc_threshold": 0.7412861309224952,
  "cc_weight": 89.60780147417992,
  "gradient_norm": 0.432203946980079,
  "linking_number": 0,
  "directory": "ncoils_4_order_11_R1_4.3_length_target_4.6e+01_weight_6.3e+01_max_curvature_1.3_weight_0.0059_msc_7.2_weight_7.2e-05_cc_0.74_weight_9e+01",
  "mean_squared_curvatures": [
    0.15341884632828803,
    0.13432401594074236,
    0.13953985879800582,
    0.15707872856566862
  ],
  "max_mean_squared_curvature": 0.15707872856566862,
  "message": "STOP: TOTAL NO. of ITERATIONS REACHED LIMIT",
  "success": false,
  "iterations": 700,
  "function_evaluations": 897,
  "coil_currents": [
    12314108.529194854,
    12094093.952410165,
    12048100.10900035,
    12125112.12748371
  ],
  "coil_surface_distance": 1.2755317853892065
}