{
  "nfp": 4,
  "R0": 11.34443056562854,
  "R1": 4.776708789063143,
  "ncoils": 5,
  "order": 15,
  "nphi": 32,
  "ntheta": 32,
  "length_target": 31.78304612763139,
  "length_weight": 0.0952519711863218,
  "max_curvature_threshold": 2.2308939700266324,
  "max_curvature_weight": 3.637220168615089e-05,
  "msc_threshold": 0.6875755505451369,
  "msc_weight": 3.58954169979403e-07,
  "JF": 0.0003933206460573977,
  "Jf": 0.00039241059414110593,
  "BdotN": 0.004386988503019314,
  "lengths": [
    33.05653602377376,
    32.02007720187748,
    30.993961512890863,
    31.70026049315808,
    31.1449573364602
  ],
  "length": 158.91579256816038,
  "max_curvatures": [
    2.4830241661441277,
    2.148814866863835,
    2.0559460643935292,
    2.31838230210588,
    2.382343975074119
  ],
  "max_max_curvature": 2.4830241661441277,
  "coil_coil_distance": 0.7760102774639192,
  "cc_threshold": 0.7795931888008681,
  "cc_weight": 0.6614625839329296,
  "gradient_norm": 0.0008896352010137031,
  "linking_number": 0,
  "directory": "ncoils_5_order_15_R1_4.8_length_target_3.2e+01_weight_0.095_max_curvature_2.2_weight_3.6e-05_msc_0.69_weight_3.6e-07_cc_0.78_weight_0.66",
  "mean_squared_curvatures": [
    0.17898945909299294,
    0.1604639944286857,
    0.24025573285923335,
    0.29515922591388366,
    0.5058508150107288
  ],
  "max_mean_squared_curvature": 0.5058508150107288,
  "message": "STOP: TOTAL NO. of ITERATIONS REACHED LIMIT",
  "success": false,
  "iterations": 700,
  "function_evaluations": 762,
  "coil_currents": [
    9823247.556751842,
    9740989.920663893,
    9719768.323527971,
    9747754.326010529,
    9549654.591134854
  ],
  "coil_surface_distance": 1.271976080159856
}