{
  "nfp": 4,
  "R0": 11.34443056562854,
  "R1": 4.998801116543776,
  "ncoils": 6,
  "order": 14,
  "nphi": 32,
  "ntheta": 32,
  "length_target": 34.356505323874494,
  "length_weight": 81.46970395463059,
  "max_curvature_threshold": 2.3621465657652365,
  "max_curvature_weight": 0.008880900245516143,
  "msc_threshold": 5.435250354328243,
  "msc_weight": 8.444917146490995e-06,
  "JF": 0.0025243394489068787,
  "Jf": 0.002515235753646529,
  "BdotN": 0.011268886528020836,
  "lengths": [
    35.91062670990195,
    35.99088008926716,
    36.07054204268853,
    32.67806653798805,
    31.323218719978886,
    34.16591981099865
  ],
  "length": 206.13925391082321,
  "max_curvatures": [
    2.2666708061923964,
    1.874761323279945,
    2.4507958258340916,
    1.477561723142308,
    2.335130804834084,
    2.451609888192946
  ],
  "max_max_curvature": 2.451609888192946,
  "coil_coil_distance": 0.798643835157481,
  "cc_threshold": 0.8010965452344367,
  "cc_weight": 33.33781564469516,
  "gradient_norm": 0.3526859023001188,
  "linking_number": 0,
  "directory": "ncoils_6_order_14_R1_5.0_length_target_3.4e+01_weight_8.1e+01_max_curvature_2.4_weight_0.0089_msc_5.4_weight_8.4e-06_cc_0.8_weight_3.3e+01",
  "mean_squared_curvatures": [
    0.14756455747079583,
    0.1405230102456261,
    0.1836933752208035,
    0.14997036486800258,
    0.2537628682400358,
    0.2507587169006573
  ],
  "max_mean_squared_curvature": 0.2537628682400358,
  "message": "STOP: TOTAL NO. of ITERATIONS REACHED LIMIT",
  "success": false,
  "iterations": 700,
  "function_evaluations": 868,
  "coil_currents": [
    8104819.8687511645,
    7833512.5810002405,
    7665961.4179816935,
    7729620.719030153,
    7818863.857744407,
    9428636.273581423
  ],
  "coil_surface_distance": 1.0659040027058955
}