{
  "nfp": 4,
  "R0": 11.34443056562854,
  "R1": 4.930487565425733,
  "ncoils": 6,
  "order": 9,
  "nphi": 32,
  "ntheta": 32,
  "length_target": 40.87118345117616,
  "length_weight": 0.09256318087050323,
  "max_curvature_threshold": 0.5783820849576875,
  "max_curvature_weight": 0.0004604710776986862,
  "msc_threshold": 6.905324897725039,
  "msc_weight": 1.0475005321135765e-06,
  "JF": 0.00032759194423406823,
  "Jf": 0.000321828940239874,
  "BdotN": 0.0045772282870120105,
  "lengths": [
    38.30970105365338,
    38.25174976939652,
    39.234698000842016,
    39.0054992098733,
    40.47811543849646,
    49.94753998314262
  ],
  "length": 245.2273034554043,
  "max_curvatures": [
    0.6457952558511943,
    0.631995740267634,
    0.6467392909503255,
    0.6264478921189475,
    0.6083698365331303,
    0.706396234724104
  ],
  "max_max_curvature": 0.706396234724104,
  "coil_coil_distance": 0.7640008007011467,
  "cc_threshold": 0.7642495733543611,
  "cc_weight": 3.7925014496462985,
  "gradient_norm": 0.0011009923504153808,
  "linking_number": 0,
  "directory": "ncoils_6_order_9_R1_4.9_length_target_4.1e+01_weight_0.093_max_curvature_0.58_weight_0.00046_msc_6.9_weight_1e-06_cc_0.76_weight_3.8",
  "mean_squared_curvatures": [
    0.14164976059007145,
    0.12769870091040725,
    0.1289103596511402,
    0.12100858098585321,
    0.13465999569148127,
    0.16182515925826557
  ],
  "max_mean_squared_curvature": 0.16182515925826557,
  "message": "STOP: TOTAL NO. of ITERATIONS REACHED LIMIT",
  "success": false,
  "iterations": 700,
  "function_evaluations": 789,
  "coil_currents": [
    8017409.136496022,
    7981326.907112159,
    7870616.339357301,
    7889098.639802779,
    7805586.233923955,
    9017377.461396866
  ],
  "coil_surface_distance": 1.2309122496667748
}