{
  "nfp": 4,
  "R0": 11.34443056562854,
  "R1": 4.1124228081899314,
  "ncoils": 6,
  "order": 10,
  "nphi": 32,
  "ntheta": 32,
  "length_target": 35.536442722708045,
  "length_weight": 0.3612628264994345,
  "max_curvature_threshold": 1.501338381631003,
  "max_curvature_weight": 0.001447471619193461,
  "msc_threshold": 5.8079353300187195,
  "msc_weight": 1.719002868658332e-05,
  "JF": 0.017171852854624935,
  "Jf": 0.014244559684007816,
  "BdotN": 0.037247191811795685,
  "lengths": [
    33.52047328078361,
    33.41610641185783,
    32.75246291373958,
    42.68674206574697,
    37.67351969321293,
    33.170591257314314
  ],
  "length": 213.21989562265526,
  "max_curvatures": [
    1.99182490448859,
    3.768452151993163,
    2.6782653942871675,
    3.8476153809313205,
    1.9151960410216284,
    2.1290274704735204
  ],
  "max_max_curvature": 3.8476153809313205,
  "coil_coil_distance": 1.0218642089227017,
  "cc_threshold": 1.0246235220820035,
  "cc_weight": 23.921202428813025,
  "gradient_norm": 82.68606428522837,
  "linking_number": 0,
  "directory": "ncoils_6_order_10_R1_4.1_length_target_3.6e+01_weight_0.36_max_curvature_1.5_weight_0.0014_msc_5.8_weight_1.7e-05_cc_1.0_weight_2.4e+01",
  "mean_squared_curvatures": [
    0.5163635830227404,
    0.7554235580452995,
    0.6062215734609611,
    0.5847425801531859,
    0.5650567449547705,
    0.59499620930268
  ],
  "max_mean_squared_curvature": 0.7554235580452995,
  "message": "STOP: TOTAL NO. of ITERATIONS REACHED LIMIT",
  "success": false,
  "iterations": 700,
  "function_evaluations": 851,
  "coil_currents": [
    8090914.495608786,
    7612428.120637617,
    7969473.832659865,
    7977424.482300405,
    7932412.807868875,
    8998760.97901354
  ],
  "coil_surface_distance": 0.061139333992355625
}