{
  "nfp": 4,
  "R0": 11.34443056562854,
  "R1": 4.129830145464301,
  "ncoils": 6,
  "order": 14,
  "nphi": 32,
  "ntheta": 32,
  "length_target": 29.07420248785226,
  "length_weight": 1.6867516103361833,
  "max_curvature_threshold": 2.899560696891085,
  "max_curvature_weight": 0.0013851993608451107,
  "msc_threshold": 7.257174399966144,
  "msc_weight": 6.134379070642461e-06,
  "JF": 0.001974325160819504,
  "Jf": 0.0018933474426628867,
  "BdotN": 0.008803185353543817,
  "lengths": [
    30.613182720906998,
    29.3108405943105,
    28.52003522231989,
    30.161206244451556,
    28.827480241331422,
    27.012375281505832
  ],
  "length": 174.4451203048262,
  "max_curvatures": [
    2.6304224469454303,
    2.890940001221059,
    2.927372469499702,
    2.931533966203326,
    2.923899123139967,
    2.958135690443433
  ],
  "max_max_curvature": 2.958135690443433,
  "coil_coil_distance": 1.027662240236565,
  "cc_threshold": 1.0467372733548188,
  "cc_weight": 0.25925104432489793,
  "gradient_norm": 0.005758466404283332,
  "linking_number": 0,
  "directory": "ncoils_6_order_14_R1_4.1_length_target_2.9e+01_weight_1.7_max_curvature_2.9_weight_0.0014_msc_7.3_weight_6.1e-06_cc_1.0_weight_0.26",
  "mean_squared_curvatures": [
    0.17763201592643166,
    0.2230266161917471,
    0.4039923179109375,
    0.41834067516505974,
    0.49018743365656886,
    0.5274343622163473
  ],
  "max_mean_squared_curvature": 0.5274343622163473,
  "message": "STOP: TOTAL NO. of ITERATIONS REACHED LIMIT",
  "success": false,
  "iterations": 700,
  "function_evaluations": 781,
  "coil_currents": [
    8971347.695363007,
    8317345.541536287,
    7982450.006966001,
    8187188.510780583,
    8096951.589057683,
    7026131.374385521
  ],
  "coil_surface_distance": 1.0274476961531431
}