{
  "nfp": 4,
  "R0": 11.34443056562854,
  "R1": 4.343337317319445,
  "ncoils": 6,
  "order": 12,
  "nphi": 32,
  "ntheta": 32,
  "length_target": 40.36473159002435,
  "length_weight": 0.0693169015520637,
  "max_curvature_threshold": 4.159851186187235,
  "max_curvature_weight": 0.0030864934040969864,
  "msc_threshold": 4.1653812273060025,
  "msc_weight": 2.682597907821569e-07,
  "JF": 0.0008587458964575306,
  "Jf": 0.0008442658987644979,
  "BdotN": 0.005904010945773031,
  "lengths": [
    39.733643539907554,
    38.79104365155727,
    37.23343142647569,
    39.44711432751687,
    40.04723443705353,
    46.93632927232077
  ],
  "length": 242.1887966548317,
  "max_curvatures": [
    4.164424917100925,
    4.168173808938193,
    4.111236462083335,
    4.159289131148711,
    4.169712155715844,
    4.17555904020172
  ],
  "max_max_curvature": 4.17555904020172,
  "coil_coil_distance": 0.9673247689010126,
  "cc_threshold": 0.9805683194362453,
  "cc_weight": 0.2674574157070998,
  "gradient_norm": 0.0014602212023596853,
  "linking_number": 0,
  "directory": "ncoils_6_order_12_R1_4.3_length_target_4e+01_weight_0.069_max_curvature_4.2_weight_0.0031_msc_4.2_weight_2.7e-07_cc_0.98_weight_0.27",
  "mean_squared_curvatures": [
    0.6281343270312922,
    0.6526078402085068,
    0.6449242917070585,
    0.8128920318051513,
    0.6472543868524326,
    0.600326745983978
  ],
  "max_mean_squared_curvature": 0.8128920318051513,
  "message": "STOP: TOTAL NO. of ITERATIONS REACHED LIMIT",
  "success": false,
  "iterations": 700,
  "function_evaluations": 747,
  "coil_currents": [
    9113006.379287045,
    8023634.526536057,
    7719616.701006546,
    7724729.112070887,
    7273180.900490404,
    8727247.09869814
  ],
  "coil_surface_distance": 1.1114746499718209
}