{
  "nfp": 4,
  "R0": 11.34443056562854,
  "R1": 4.105040196779483,
  "ncoils": 4,
  "order": 13,
  "nphi": 32,
  "ntheta": 32,
  "length_target": 35.164517675206206,
  "length_weight": 0.33932440602527447,
  "max_curvature_threshold": 2.376852720104561,
  "max_curvature_weight": 1.6220921414139902e-06,
  "msc_threshold": 5.376567231823929,
  "msc_weight": 7.830009702680917e-05,
  "JF": 0.0015754822776550747,
  "Jf": 0.0015421652162443335,
  "BdotN": 0.005452580559071934,
  "lengths": [
    36.313517432923234,
    35.27763040380989,
    35.864716204263004,
    33.20281618808341
  ],
  "length": 140.65868022907952,
  "max_curvatures": [
    9.581882252717287,
    7.330819836781934,
    6.114321187786461,
    4.8964854506487745
  ],
  "max_max_curvature": 9.581882252717287,
  "coil_coil_distance": 0.9707527015442459,
  "cc_threshold": 0.9882233491407284,
  "cc_weight": 0.23209948119279275,
  "gradient_norm": 0.004528349425878638,
  "linking_number": 0,
  "directory": "ncoils_4_order_13_R1_4.1_length_target_3.5e+01_weight_0.34_max_curvature_2.4_weight_1.6e-06_msc_5.4_weight_7.8e-05_cc_0.99_weight_0.23",
  "mean_squared_curvatures": [
    0.21369200360088667,
    0.5758530147272302,
    0.5651957242045625,
    0.38937675521845144
  ],
  "max_mean_squared_curvature": 0.5758530147272302,
  "message": "CONVERGENCE: REL_REDUCTION_OF_F_<=_FACTR*EPSMCH",
  "success": true,
  "iterations": 675,
  "function_evaluations": 737,
  "coil_currents": [
    12427429.43638765,
    12490590.29711027,
    12551402.361625448,
    11111992.622965716
  ],
  "coil_surface_distance": 1.289329088296875
}