{
  "nfp": 4,
  "R0": 11.34443056562854,
  "R1": 4.5336427419969985,
  "ncoils": 5,
  "order": 14,
  "nphi": 32,
  "ntheta": 32,
  "length_target": 41.40024049723071,
  "length_weight": 1.4654656111139772,
  "max_curvature_threshold": 4.964022250349514,
  "max_curvature_weight": 9.6335429702715e-06,
  "msc_threshold": 3.040550772339848,
  "msc_weight": 1.3630746505709092e-07,
  "JF": 0.0007690759432877395,
  "Jf": 0.000753401968264181,
  "BdotN": 0.005613000747165823,
  "lengths": [
    38.54585093904708,
    38.61418595018803,
    40.71259146745856,
    41.95198170222812,
    47.17709246097854
  ],
  "length": 207.00170251990033,
  "max_curvatures": [
    6.1755670488955,
    10.658203424015205,
    7.916678310093155,
    6.727645618515344,
    6.916319565589483
  ],
  "max_max_curvature": 10.658203424015205,
  "coil_coil_distance": 0.7831669229195943,
  "cc_threshold": 0.7829993975961165,
  "cc_weight": 983.0175620375089,
  "gradient_norm": 0.03654555988447664,
  "linking_number": 0,
  "directory": "ncoils_5_order_14_R1_4.5_length_target_4.1e+01_weight_1.5_max_curvature_5.0_weight_9.6e-06_msc_3.0_weight_1.4e-07_cc_0.78_weight_9.8e+02",
  "mean_squared_curvatures": [
    0.9238098994930654,
    1.016934522679121,
    1.593363473396203,
    1.4479086778462236,
    1.5439186404097858
  ],
  "max_mean_squared_curvature": 1.593363473396203,
  "message": "STOP: TOTAL NO. of ITERATIONS REACHED LIMIT",
  "success": false,
  "iterations": 700,
  "function_evaluations": 1000,
  "coil_currents": [
    9605729.218880387,
    9642465.712812519,
    9649597.184283556,
    9618228.458328446,
    10065394.143784173
  ],
  "coil_surface_distance": 1.1002088942901274
}