{
  "nfp": 4,
  "R0": 11.34443056562854,
  "R1": 4.525639196249033,
  "ncoils": 3,
  "order": 10,
  "nphi": 32,
  "ntheta": 32,
  "length_target": 41.37395773315845,
  "length_weight": 0.02047104942225373,
  "max_curvature_threshold": 6.85666096293076,
  "max_curvature_weight": 2.216107482940858e-06,
  "msc_threshold": 2.1555674998918275,
  "msc_weight": 2.137005367951421e-05,
  "JF": 0.0022468418668767295,
  "Jf": 0.00216969647923701,
  "BdotN": 0.007618545350256537,
  "lengths": [
    42.16225948994125,
    40.79988321151318,
    41.16769362765345
  ],
  "length": 124.12983632910789,
  "max_curvatures": [
    10.944375796370027,
    9.776004321627328,
    4.4756720115704285
  ],
  "max_max_curvature": 10.944375796370027,
  "coil_coil_distance": 0.869991936019624,
  "cc_threshold": 0.925827948420081,
  "cc_weight": 0.05099962058190877,
  "gradient_norm": 0.0017920018663710338,
  "linking_number": 0,
  "directory": "ncoils_3_order_10_R1_4.5_length_target_4.1e+01_weight_0.02_max_curvature_6.9_weight_2.2e-06_msc_2.2_weight_2.1e-05_cc_0.93_weight_0.051",
  "mean_squared_curvatures": [
    0.27777345646288265,
    0.3421455867965281,
    0.4583472829257626
  ],
  "max_mean_squared_curvature": 0.4583472829257626,
  "message": "STOP: TOTAL NO. of ITERATIONS REACHED LIMIT",
  "success": false,
  "iterations": 700,
  "function_evaluations": 788,
  "coil_currents": [
    15537755.83452048,
    16478590.161786506,
    16565068.721782096
  ],
  "coil_surface_distance": 1.421289209441401
}