{
  "nfp": 4,
  "R0": 11.34443056562854,
  "R1": 4.387935394178667,
  "ncoils": 5,
  "order": 14,
  "nphi": 32,
  "ntheta": 32,
  "length_target": 36.46663028501011,
  "length_weight": 0.1006320153201967,
  "max_curvature_threshold": 4.852294245760529,
  "max_curvature_weight": 1.2431529838935476e-06,
  "msc_threshold": 7.928576045450491,
  "msc_weight": 1.0793936013977843e-07,
  "JF": 0.0015922821237572885,
  "Jf": 0.001398201530237841,
  "BdotN": 0.008037829213336064,
  "lengths": [
    36.89788112781854,
    36.318198773336775,
    36.198259337460975,
    36.09990163397697,
    36.821445143564084
  ],
  "length": 182.33568601615735,
  "max_curvatures": [
    4.787403220301005,
    6.917452460696387,
    4.917295820239642,
    8.96111114053644,
    9.616446197532362
  ],
  "max_max_curvature": 9.616446197532362,
  "coil_coil_distance": 1.0245097415412552,
  "cc_threshold": 1.0828140073510406,
  "cc_weight": 0.04588426842863365,
  "gradient_norm": 0.009031912000644153,
  "linking_number": 0,
  "directory": "ncoils_5_order_14_R1_4.4_length_target_3.6e+01_weight_0.1_max_curvature_4.9_weight_1.2e-06_msc_7.9_weight_1.1e-07_cc_1.1_weight_0.046",
  "mean_squared_curvatures": [
    0.5046962928934248,
    0.7543535290004221,
    0.4853587985523197,
    0.8974107549731506,
    1.1836716665212463
  ],
  "max_mean_squared_curvature": 1.1836716665212463,
  "message": "STOP: TOTAL NO. of ITERATIONS REACHED LIMIT",
  "success": false,
  "iterations": 700,
  "function_evaluations": 728,
  "coil_currents": [
    10309444.887294445,
    9366820.89128955,
    10021968.863853022,
    9468160.283983784,
    9415019.791668281
  ],
  "coil_surface_distance": 1.082168774627726
}