{
  "nfp": 4,
  "R0": 11.34443056562854,
  "R1": 4.967258138852342,
  "ncoils": 4,
  "order": 14,
  "nphi": 32,
  "ntheta": 32,
  "length_target": 44.39637474230642,
  "length_weight": 0.10564879188196673,
  "max_curvature_threshold": 1.8835705619389267,
  "max_curvature_weight": 0.0002387906007643198,
  "msc_threshold": 4.249883713529865,
  "msc_weight": 2.1211741116691502e-07,
  "JF": 2.409085615511811,
  "Jf": 2.3687166501996173,
  "BdotN": 0.22451901201683047,
  "lengths": [
    54.84418168834629,
    43.61869541013706,
    39.60858450073102,
    40.11735786842386
  ],
  "length": 178.1888194676382,
  "max_curvatures": [
    15.274374836538174,
    4.588009990997292,
    25.475353787412306,
    9.90407032132598
  ],
  "max_max_curvature": 25.475353787412306,
  "coil_coil_distance": 0.125181297860507,
  "cc_threshold": 0.763184044578165,
  "cc_weight": 0.028106360930572647,
  "gradient_norm": 2.315947867197809,
  "linking_number": 0,
  "directory": "ncoils_4_order_14_R1_5.0_length_target_4.4e+01_weight_0.11_max_curvature_1.9_weight_0.00024_msc_4.2_weight_2.1e-07_cc_0.76_weight_0.028",
  "mean_squared_curvatures": [
    0.715241210698797,
    0.3213659269791438,
    1.0469158746718707,
    0.44482364882737396
  ],
  "max_mean_squared_curvature": 1.0469158746718707,
  "message": "ABNORMAL_TERMINATION_IN_LNSRCH",
  "success": false,
  "iterations": 26,
  "function_evaluations": 154,
  "coil_currents": [
    11592520.064837085,
    11733807.12091978,
    11988688.61134927,
    13266398.92098295
  ],
  "coil_surface_distance": 1.2301783847711276
}