{
  "nfp": 4,
  "ncoils": 6,
  "R0": 11.34443056562854,
  "R1": 4.818961808352974,
  "order": 10,
  "nphi": 32,
  "ntheta": 32,
  "length_target": 41.23056146434823,
  "length_weight": 0.6565679926644561,
  "max_curvature_threshold": 3.2328005433904328,
  "max_curvature_weight": 8.319135109110726e-06,
  "msc_threshold": 3.0029291239192006,
  "msc_weight": 3.209010038901332e-05,
  "JF": 0.002300215907979507,
  "Jf": 0.002267685510665402,
  "BdotN": 0.013838106681504024,
  "lengths": [
    40.53069896904094,
    41.645563540589144,
    41.46677191085254,
    28.569613504655237,
    40.66489851314418,
    54.50956936753567
  ],
  "length": 247.3871158058177,
  "max_curvatures": [
    3.115633152483285,
    5.424531646537374,
    3.6447111446200626,
    4.432725265959028,
    4.940957673812017,
    7.003918037828839
  ],
  "max_max_curvature": 7.003918037828839,
  "coil_coil_distance": 0.951841691492275,
  "cc_threshold": 0.9542227592678898,
  "cc_weight": 9.392159621259207,
  "gradient_norm": 0.08526837404550973,
  "linking_number": 0,
  "directory": "ncoils_6_order_10_R1_4.8_length_target_4.1e+01_weight_0.66_max_curvature_3.2_weight_8.3e-06_msc_3.0_weight_3.2e-05_cc_0.95_weight_9.4",
  "mean_squared_curvatures": [
    0.20782710550269956,
    0.3944977483225412,
    0.32030645703831095,
    1.1831838204326524,
    0.7468370975842165,
    0.6824535741968324
  ],
  "max_mean_squared_curvature": 1.1831838204326524,
  "message": "STOP: TOTAL NO. of ITERATIONS REACHED LIMIT",
  "success": false,
  "iterations": 700,
  "function_evaluations": 813,
  "coil_currents": [
    8301374.804607129,
    7781834.04932986,
    8210530.435556634,
    3899872.904577364,
    7556063.381337999,
    12831739.142680094
  ],
  "coil_surface_distance": 0.09265337254770485
}