{
  "nfp": 4,
  "R0": 11.34443056562854,
  "R1": 4.772103984741979,
  "ncoils": 6,
  "order": 14,
  "nphi": 32,
  "ntheta": 32,
  "length_target": 32.504102958385424,
  "length_weight": 62.86623841185966,
  "max_curvature_threshold": 6.92418921524495,
  "max_curvature_weight": 0.00023784589963309663,
  "msc_threshold": 6.507949750021362,
  "msc_weight": 5.923642216510167e-06,
  "JF": 0.0024626264559583877,
  "Jf": 0.0022606300168246975,
  "BdotN": 0.010116230676767566,
  "lengths": [
    33.707796808592434,
    32.66232049432446,
    31.948026949972494,
    32.44501318376922,
    32.369607434893126,
    31.892165525489258
  ],
  "length": 195.02493039704098,
  "max_curvatures": [
    6.653465343889531,
    3.6150431823504285,
    2.1478139433839454,
    4.405632050656891,
    6.8176380013840445,
    8.232590563624662
  ],
  "max_max_curvature": 8.232590563624662,
  "coil_coil_distance": 0.8999009558726565,
  "cc_threshold": 0.9363119018862742,
  "cc_weight": 0.07277308760317068,
  "gradient_norm": 0.42444772994657454,
  "linking_number": 0,
  "directory": "ncoils_6_order_14_R1_4.8_length_target_3.3e+01_weight_6.3e+01_max_curvature_6.9_weight_0.00024_msc_6.5_weight_5.9e-06_cc_0.94_weight_0.073",
  "mean_squared_curvatures": [
    0.4328504770865634,
    0.22785707605156638,
    0.19638175016400466,
    0.33138650925877217,
    0.3502286582195662,
    0.6740471150712276
  ],
  "max_mean_squared_curvature": 0.6740471150712276,
  "message": "STOP: TOTAL NO. of ITERATIONS REACHED LIMIT",
  "success": false,
  "iterations": 700,
  "function_evaluations": 873,
  "coil_currents": [
    8018816.99412075,
    7982795.022219175,
    7931816.525194938,
    7979109.694597113,
    8007067.196244794,
    8661809.28571231
  ],
  "coil_surface_distance": 0.968696385649971
}