{
  "nfp": 4,
  "R0": 11.34443056562854,
  "R1": 4.876947350842618,
  "ncoils": 5,
  "order": 9,
  "nphi": 32,
  "ntheta": 32,
  "length_target": 32.33408574037948,
  "length_weight": 7.356596640158864,
  "max_curvature_threshold": 0.16854630281015726,
  "max_curvature_weight": 5.627298959875137e-06,
  "msc_threshold": 5.353718780104168,
  "msc_weight": 4.7175095256221356e-05,
  "JF": 0.011115369101321609,
  "Jf": 0.010717189639109476,
  "BdotN": 0.01639934593476939,
  "lengths": [
    30.24074961431937,
    30.206650771387228,
    31.6234469811605,
    31.626482062501104,
    37.97292379444773
  ],
  "length": 161.67025322381593,
  "max_curvatures": [
    7.5612373926545695,
    10.150656064985817,
    5.506829690339695,
    14.042483454408282,
    15.081877995653755
  ],
  "max_max_curvature": 15.081877995653755,
  "coil_coil_distance": 1.1623279032986213,
  "cc_threshold": 1.1637382376766707,
  "cc_weight": 388.10118180875406,
  "gradient_norm": 0.15191432993865187,
  "linking_number": 0,
  "directory": "ncoils_5_order_9_R1_4.9_length_target_3.2e+01_weight_7.4_max_curvature_0.17_weight_5.6e-06_msc_5.4_weight_4.7e-05_cc_1.2_weight_3.9e+02",
  "mean_squared_curvatures": [
    0.5038032365918916,
    0.778439311484821,
    0.4513142112004961,
    1.4001675709781938,
    1.7113315094732764
  ],
  "max_mean_squared_curvature": 1.7113315094732764,
  "message": "STOP: TOTAL NO. of ITERATIONS REACHED LIMIT",
  "success": false,
  "iterations": 700,
  "function_evaluations": 879,
  "coil_currents": [
    9604676.029873578,
    9655334.685871724,
    9714107.033380006,
    9779081.65147969,
    9828215.317484088
  ],
  "coil_surface_distance": 1.0577086764715733
}