{
  "nfp": 4,
  "ncoils": 6,
  "R0": 11.34443056562854,
  "R1": 4.57909055360084,
  "order": 14,
  "nphi": 32,
  "ntheta": 32,
  "length_target": 37.71856158079628,
  "length_weight": 1.127403872751457,
  "max_curvature_threshold": 1.4078518516775482,
  "max_curvature_weight": 4.3455682439497074e-05,
  "msc_threshold": 2.3940185109856835,
  "msc_weight": 3.7630355935674274e-07,
  "JF": 0.0006913977388074947,
  "Jf": 0.0006720248404871396,
  "BdotN": 0.004676325146620706,
  "lengths": [
    35.79613549952533,
    35.97817136060832,
    39.011335238707126,
    37.47086133893597,
    34.35756207077906,
    43.69796686293679
  ],
  "length": 226.31203237149262,
  "max_curvatures": [
    1.8554060604076834,
    1.543701618359307,
    1.6868168908084398,
    1.7313048067670067,
    1.866152427722893,
    2.0065525767360515
  ],
  "max_max_curvature": 2.0065525767360515,
  "coil_coil_distance": 0.9166196378095919,
  "cc_threshold": 0.9197067474824479,
  "cc_weight": 3.8584151832226286,
  "gradient_norm": 0.026407472849255844,
  "linking_number": 0,
  "directory": "ncoils_6_order_14_R1_4.6_length_target_3.8e+01_weight_1.1_max_curvature_1.4_weight_4.3e-05_msc_2.4_weight_3.8e-07_cc_0.92_weight_3.9",
  "mean_squared_curvatures": [
    0.28394073313985024,
    0.23708338362443834,
    0.4135614897436385,
    0.38086563123224526,
    0.3874383107052574,
    0.6954665221037993
  ],
  "max_mean_squared_curvature": 0.6954665221037993,
  "message": "STOP: TOTAL NO. of ITERATIONS REACHED LIMIT",
  "success": false,
  "iterations": 700,
  "function_evaluations": 783,
  "coil_currents": [
    7908116.622234754,
    7797651.093997662,
    7947549.159946922,
    7944823.029045995,
    7907111.9255289305,
    9076162.887334816
  ],
  "coil_surface_distance": 1.1123505685524904
}