{
  "nfp": 4,
  "R0": 11.34443056562854,
  "R1": 4.613675264191473,
  "ncoils": 5,
  "order": 7,
  "nphi": 32,
  "ntheta": 32,
  "length_target": 45.12301121545039,
  "length_weight": 3.6815809499093795,
  "max_curvature_threshold": 0.8131605702044713,
  "max_curvature_weight": 0.0014175631257541343,
  "msc_threshold": 6.850011927364254,
  "msc_weight": 1.2280711571345302e-06,
  "JF": 2.2212251275268784,
  "Jf": 2.185987746654164,
  "BdotN": 0.20361076092796795,
  "lengths": [
    53.384870836285,
    46.99231920623356,
    41.73714237236155,
    40.2433350604508,
    43.261058284536354
  ],
  "length": 225.61872575986723,
  "max_curvatures": [
    1.4295736202233347,
    3.3076704148925042,
    6.53219192670063,
    3.006961201042767,
    3.739940073368155
  ],
  "max_max_curvature": 6.53219192670063,
  "coil_coil_distance": 0.15915185637801554,
  "cc_threshold": 0.7832914201387714,
  "cc_weight": 0.0262146282792132,
  "gradient_norm": 1.996239609004713,
  "linking_number": 8,
  "directory": "ncoils_5_order_7_R1_4.6_length_target_4.5e+01_weight_3.7_max_curvature_0.81_weight_0.0014_msc_6.9_weight_1.2e-06_cc_0.78_weight_0.026",
  "mean_squared_curvatures": [
    0.15512700763259163,
    0.16674109052758804,
    0.3717987750545663,
    0.21138529738121253,
    0.3005322851297866
  ],
  "max_mean_squared_curvature": 0.3717987750545663,
  "message": "ABNORMAL_TERMINATION_IN_LNSRCH",
  "success": false,
  "iterations": 120,
  "function_evaluations": 792,
  "coil_currents": [
    8848787.820387604,
    9008285.740045572,
    9313485.917115169,
    9575811.915067295,
    11835043.325473443
  ],
  "coil_surface_distance": 1.2073624100579097
}