{
  "nfp": 4,
  "R0": 11.34443056562854,
  "R1": 4.26830579030458,
  "ncoils": 5,
  "order": 8,
  "nphi": 32,
  "ntheta": 32,
  "length_target": 36.28775407968818,
  "length_weight": 63.28544473844131,
  "max_curvature_threshold": 5.240685199718232,
  "max_curvature_weight": 6.34344662900573e-06,
  "msc_threshold": 2.6144181057896487,
  "msc_weight": 4.1665940025837027e-07,
  "JF": 0.0016768082696215273,
  "Jf": 0.0016649680353551764,
  "BdotN": 0.009901401927504612,
  "lengths": [
    37.052127196618585,
    37.028609575929266,
    37.01311369537605,
    35.271333887578294,
    35.07379321265442
  ],
  "length": 181.43897756815664,
  "max_curvatures": [
    8.840097415782543,
    8.213267851698612,
    7.561994726246863,
    8.244093596366978,
    8.442284711408131
  ],
  "max_max_curvature": 8.840097415782543,
  "coil_coil_distance": 0.685684920136384,
  "cc_threshold": 0.6916783466954585,
  "cc_weight": 0.5952161425901596,
  "gradient_norm": 0.27935369689767237,
  "linking_number": 0,
  "directory": "ncoils_5_order_8_R1_4.3_length_target_3.6e+01_weight_6.3e+01_max_curvature_5.2_weight_6.3e-06_msc_2.6_weight_4.2e-07_cc_0.69_weight_0.6",
  "mean_squared_curvatures": [
    0.4473337879474877,
    0.616625006370298,
    0.6454184389083729,
    0.4965449324070327,
    0.5704746608659715
  ],
  "max_mean_squared_curvature": 0.6454184389083729,
  "message": "STOP: TOTAL NO. of ITERATIONS REACHED LIMIT",
  "success": false,
  "iterations": 700,
  "function_evaluations": 861,
  "coil_currents": [
    9734765.623532312,
    9663469.148617562,
    9703667.264885588,
    9670759.07868965,
    9808753.602363966
  ],
  "coil_surface_distance": 1.2947263903090749
}