{
  "nfp": 4,
  "R0": 11.34443056562854,
  "R1": 4.79626385129878,
  "ncoils": 5,
  "order": 13,
  "nphi": 32,
  "ntheta": 32,
  "length_target": 38.9647564728427,
  "length_weight": 0.250595297840692,
  "max_curvature_threshold": 4.674519061972948,
  "max_curvature_weight": 2.284164362329367e-06,
  "msc_threshold": 2.143469437473039,
  "msc_weight": 3.2025865187770217e-07,
  "JF": 0.00309612246025041,
  "Jf": 0.003055150446770542,
  "BdotN": 0.010372837237712151,
  "lengths": [
    40.294995585077,
    39.699300493344616,
    36.97150164751919,
    35.691912181788844,
    42.166668028408345
  ],
  "length": 194.82437793613798,
  "max_curvatures": [
    13.030602135467353,
    9.56443024151915,
    11.119392190590023,
    14.515130946122216,
    11.370642996363678
  ],
  "max_max_curvature": 14.515130946122216,
  "coil_coil_distance": 1.1049841039387394,
  "cc_threshold": 1.106856543766057,
  "cc_weight": 3.517656502342054,
  "gradient_norm": 20.9752167981071,
  "linking_number": 0,
  "directory": "ncoils_5_order_13_R1_4.8_length_target_3.9e+01_weight_0.25_max_curvature_4.7_weight_2.3e-06_msc_2.1_weight_3.2e-07_cc_1.1_weight_3.5",
  "mean_squared_curvatures": [
    1.44617516146136,
    0.8924526356175366,
    1.128174975520727,
    1.0925805984419976,
    1.5730920987730534
  ],
  "max_mean_squared_curvature": 1.5730920987730534,
  "message": "STOP: TOTAL NO. of ITERATIONS REACHED LIMIT",
  "success": false,
  "iterations": 700,
  "function_evaluations": 804,
  "coil_currents": [
    10789594.408613173,
    10568580.459324067,
    10039716.729363225,
    9775204.703396337,
    7408318.417392276
  ],
  "coil_surface_distance": 0.796334062997595
}