{
  "nfp": 4,
  "R0": 11.34443056562854,
  "R1": 4.6355648184705345,
  "ncoils": 5,
  "order": 8,
  "nphi": 32,
  "ntheta": 32,
  "length_target": 43.69548427960257,
  "length_weight": 0.01978549199118993,
  "max_curvature_threshold": 4.97126977535646,
  "max_curvature_weight": 0.001890725620259462,
  "msc_threshold": 6.741769761030354,
  "msc_weight": 3.554372857198716e-07,
  "JF": 0.000578376817924794,
  "Jf": 0.0005625442358181557,
  "BdotN": 0.004763567322113396,
  "lengths": [
    42.859794171972766,
    45.227136066428585,
    37.77660642577102,
    43.03022607123886,
    49.58589349058987
  ],
  "length": 218.4796562260011,
  "max_curvatures": [
    5.27587510639746,
    3.994304741114298,
    3.479707108574025,
    3.3389724053724614,
    4.995852049760623
  ],
  "max_max_curvature": 5.27587510639746,
  "coil_coil_distance": 0.8639650867379369,
  "cc_threshold": 0.8696449303045589,
  "cc_weight": 0.5829303302689877,
  "gradient_norm": 0.0022159946855913326,
  "linking_number": 0,
  "directory": "ncoils_5_order_8_R1_4.6_length_target_4.4e+01_weight_0.02_max_curvature_5.0_weight_0.0019_msc_6.7_weight_3.6e-07_cc_0.87_weight_0.58",
  "mean_squared_curvatures": [
    0.8115357669918274,
    0.4129290058445372,
    0.27638879219573564,
    0.3087717919288369,
    0.8320755280223701
  ],
  "max_mean_squared_curvature": 0.8320755280223701,
  "message": "STOP: TOTAL NO. of ITERATIONS REACHED LIMIT",
  "success": false,
  "iterations": 700,
  "function_evaluations": 797,
  "coil_currents": [
    10862350.977396827,
    10071364.498532262,
    9600293.658907067,
    9594589.009959769,
    8452816.573293157
  ],
  "coil_surface_distance": 1.1152748637195566
}