{
  "nfp": 4,
  "R0": 11.34443056562854,
  "R1": 4.903705783440082,
  "ncoils": 3,
  "order": 15,
  "nphi": 32,
  "ntheta": 32,
  "length_target": 37.08886915645145,
  "length_weight": 4.128424801856066,
  "max_curvature_threshold": 1.5958800784317941,
  "max_curvature_weight": 0.0005370677957800574,
  "msc_threshold": 3.538620325906502,
  "msc_weight": 9.990613636775696e-05,
  "JF": 0.006532107557341313,
  "Jf": 0.006504200972527178,
  "BdotN": 0.013893382079278437,
  "lengths": [
    38.512549902324295,
    36.95326078228392,
    35.80100617019117
  ],
  "length": 111.26681685479939,
  "max_curvatures": [
    1.8374988561123944,
    1.9687672080035692,
    1.8938464808411481
  ],
  "max_max_curvature": 1.9687672080035692,
  "coil_coil_distance": 0.7233532862553805,
  "cc_threshold": 0.7411223097003816,
  "cc_weight": 0.5797139964346995,
  "gradient_norm": 0.0342718773016132,
  "linking_number": 0,
  "directory": "ncoils_3_order_15_R1_4.9_length_target_3.7e+01_weight_4.1_max_curvature_1.6_weight_0.00054_msc_3.5_weight_0.0001_cc_0.74_weight_0.58",
  "mean_squared_curvatures": [
    0.11511370492713821,
    0.22806903659850522,
    0.26220916531885424
  ],
  "max_mean_squared_curvature": 0.26220916531885424,
  "message": "STOP: TOTAL NO. of ITERATIONS REACHED LIMIT",
  "success": false,
  "iterations": 700,
  "function_evaluations": 801,
  "coil_currents": [
    16279238.083350869,
    16220920.894355953,
    16081255.740382262
  ],
  "coil_surface_distance": 1.4159072526876226
}