{
  "nfp": 4,
  "R0": 11.34443056562854,
  "R1": 4.937449739945834,
  "ncoils": 5,
  "order": 5,
  "nphi": 32,
  "ntheta": 32,
  "length_target": 39.794579925230764,
  "length_weight": 0.013669089538336555,
  "max_curvature_threshold": 0.14374485964613953,
  "max_curvature_weight": 0.007257092983408091,
  "msc_threshold": 1.621314578443278,
  "msc_weight": 9.545147195505346e-06,
  "JF": 0.014487787806565797,
  "Jf": 0.003080598069399064,
  "BdotN": 0.010203995439923669,
  "lengths": [
    35.953934272384735,
    36.49096552630544,
    40.02599146545194,
    42.81837635901061,
    43.69803171850693
  ],
  "length": 198.98729934165965,
  "max_curvatures": [
    0.4172703484435136,
    0.38554485437292585,
    0.364513354659941,
    0.39576540700262614,
    0.37407814949765156
  ],
  "max_max_curvature": 0.4172703484435136,
  "coil_coil_distance": 0.940392470986789,
  "cc_threshold": 0.9407906962656308,
  "cc_weight": 9.932043390910982,
  "gradient_norm": 0.018795999908557945,
  "linking_number": 0,
  "directory": "ncoils_5_order_5_R1_4.9_length_target_4e+01_weight_0.014_max_curvature_0.14_weight_0.0073_msc_1.6_weight_9.5e-06_cc_0.94_weight_9.9",
  "mean_squared_curvatures": [
    0.06398135236071056,
    0.06545041002489965,
    0.06519432996682592,
    0.06443627607030489,
    0.05519740838329084
  ],
  "max_mean_squared_curvature": 0.06545041002489965,
  "message": "STOP: TOTAL NO. of ITERATIONS REACHED LIMIT",
  "success": false,
  "iterations": 700,
  "function_evaluations": 910,
  "coil_currents": [
    10362128.1755606,
    10381081.369205875,
    10230050.7675271,
    9455666.426848592,
    8152487.978946917
  ],
  "coil_surface_distance": 1.201192509977606
}