{
  "nfp": 4,
  "R0": 11.34443056562854,
  "R1": 4.622737060701896,
  "ncoils": 6,
  "order": 6,
  "nphi": 32,
  "ntheta": 32,
  "length_target": 43.805139948712196,
  "length_weight": 0.01178772884035862,
  "max_curvature_threshold": 7.510045195927854,
  "max_curvature_weight": 0.005995743402876874,
  "msc_threshold": 1.037978012118228,
  "msc_weight": 1.6427632062885495e-07,
  "JF": 0.0016919634792304937,
  "Jf": 0.0016915468641233709,
  "BdotN": 0.008824678188163525,
  "lengths": [
    40.583382818513954,
    40.110402824954654,
    39.70176790629361,
    46.6388604015169,
    47.34399436742584,
    48.45504431346404
  ],
  "length": 262.833452632169,
  "max_curvatures": [
    2.1931554609467825,
    2.997190437482142,
    6.77684834598484,
    3.300110708397885,
    6.53467435694576,
    6.314176255305151
  ],
  "max_max_curvature": 6.77684834598484,
  "coil_coil_distance": 0.940960586927342,
  "cc_threshold": 0.9410139616901685,
  "cc_weight": 180.32794378880516,
  "gradient_norm": 0.04770009918474231,
  "linking_number": 0,
  "directory": "ncoils_6_order_6_R1_4.6_length_target_4.4e+01_weight_0.012_max_curvature_7.5_weight_0.006_msc_1.0_weight_1.6e-07_cc_0.94_weight_1.8e+02",
  "mean_squared_curvatures": [
    0.20281964183106568,
    0.26757851162897567,
    0.5056671649509508,
    0.3307927443022612,
    0.450656578590597,
    0.4270878416707934
  ],
  "max_mean_squared_curvature": 0.5056671649509508,
  "message": "STOP: TOTAL NO. of ITERATIONS REACHED LIMIT",
  "success": false,
  "iterations": 700,
  "function_evaluations": 1510,
  "coil_currents": [
    8124436.947142939,
    7937170.487229629,
    7926769.246244824,
    8125408.480256386,
    8020086.34081559,
    8447543.216399714
  ],
  "coil_surface_distance": 1.1692407412656485
}