{
  "nfp": 4,
  "R0": 11.34443056562854,
  "R1": 4.1880705884560525,
  "ncoils": 5,
  "order": 7,
  "nphi": 32,
  "ntheta": 32,
  "length_target": 36.491457506062176,
  "length_weight": 32.236344386462385,
  "max_curvature_threshold": 7.27445568931792,
  "max_curvature_weight": 0.00020522761117952332,
  "msc_threshold": 3.8431088401411997,
  "msc_weight": 2.4974175442268457e-06,
  "JF": 0.0010263892663475093,
  "Jf": 0.0010224224080991626,
  "BdotN": 0.007899000737577792,
  "lengths": [
    37.33247844597323,
    36.968463583087505,
    37.43358154512716,
    34.81230625416197,
    35.91044101980301
  ],
  "length": 182.4572708481529,
  "max_curvatures": [
    7.30547083389145,
    2.3592339496421113,
    6.192352809029156,
    7.6055493399606116,
    7.201505333637662
  ],
  "max_max_curvature": 7.6055493399606116,
  "coil_coil_distance": 0.5979025299332063,
  "cc_threshold": 0.6060578093113336,
  "cc_weight": 0.21056838723799573,
  "gradient_norm": 0.013273709538137212,
  "linking_number": 0,
  "directory": "ncoils_5_order_7_R1_4.2_length_target_3.6e+01_weight_3.2e+01_max_curvature_7.3_weight_0.00021_msc_3.8_weight_2.5e-06_cc_0.61_weight_0.21",
  "mean_squared_curvatures": [
    0.3130137911625059,
    0.2169545865272435,
    0.3417809080467512,
    0.5026729682871397,
    0.6099191101623024
  ],
  "max_mean_squared_curvature": 0.6099191101623024,
  "message": "STOP: TOTAL NO. of ITERATIONS REACHED LIMIT",
  "success": false,
  "iterations": 700,
  "function_evaluations": 829,
  "coil_currents": [
    9646834.152855974,
    9651350.426872594,
    9629993.97935304,
    9598027.770521019,
    10055208.388486452
  ],
  "coil_surface_distance": 1.3447670840395323
}