{
  "nfp": 4,
  "ncoils": 6,
  "R0": 11.34443056562854,
  "R1": 4.370185024221139,
  "order": 14,
  "nphi": 32,
  "ntheta": 32,
  "length_target": 43.119650952033226,
  "length_weight": 2.7499836888466955,
  "max_curvature_threshold": 3.0923567008998196,
  "max_curvature_weight": 2.1940818438949523e-05,
  "msc_threshold": 4.35453868461344,
  "msc_weight": 1.0048526729460188e-05,
  "JF": 0.0005296050852858529,
  "Jf": 0.0005116074192523366,
  "BdotN": 0.004298198978939564,
  "lengths": [
    41.909814307243245,
    42.255940543171164,
    43.049980086835575,
    38.97920572971772,
    45.40302984437148,
    47.12003158617035
  ],
  "length": 258.7180020975095,
  "max_curvatures": [
    2.5460114568581003,
    3.725486728010636,
    4.633275201320414,
    3.747201838699306,
    3.7850490355052626,
    4.504664565125643
  ],
  "max_max_curvature": 4.633275201320414,
  "coil_coil_distance": 0.7743713869022625,
  "cc_threshold": 0.7862390563032154,
  "cc_weight": 0.12676109781072353,
  "gradient_norm": 0.010766188803126424,
  "linking_number": 0,
  "directory": "ncoils_6_order_14_R1_4.4_length_target_4.3e+01_weight_2.7_max_curvature_3.1_weight_2.2e-05_msc_4.4_weight_1e-05_cc_0.79_weight_0.13",
  "mean_squared_curvatures": [
    0.27918287112834783,
    0.42512890403025094,
    0.5685418121848146,
    0.6011977442323269,
    0.6164942944864308,
    0.8949574938778201
  ],
  "max_mean_squared_curvature": 0.8949574938778201,
  "message": "STOP: TOTAL NO. of ITERATIONS REACHED LIMIT",
  "success": false,
  "iterations": 700,
  "function_evaluations": 820,
  "coil_currents": [
    8078283.343641097,
    8028688.323321708,
    8001795.448916981,
    8032302.546569296,
    8033930.748968461,
    8406414.306671537
  ],
  "coil_surface_distance": 1.1581867757852895
}