{
  "nfp": 4,
  "R0": 11.34443056562854,
  "R1": 4.830036412787695,
  "ncoils": 5,
  "order": 9,
  "nphi": 32,
  "ntheta": 32,
  "length_target": 38.81232084923472,
  "length_weight": 1.213939891177236,
  "max_curvature_threshold": 5.555827512953376,
  "max_curvature_weight": 1.3017227417457466e-05,
  "msc_threshold": 1.647793188849234,
  "msc_weight": 6.141850285754921e-06,
  "JF": 0.0005333249281404313,
  "Jf": 0.000529895928078963,
  "BdotN": 0.004230957751936416,
  "lengths": [
    38.5934062425408,
    39.12832934843398,
    40.29085398573261,
    38.459806133471794,
    37.5901467316283
  ],
  "length": 194.0625424418075,
  "max_curvatures": [
    4.531592014710402,
    4.784245332936398,
    6.840817463742843,
    5.887472503352087,
    6.574762736421209
  ],
  "max_max_curvature": 6.840817463742843,
  "coil_coil_distance": 0.7190927246256575,
  "cc_threshold": 0.7190941819865012,
  "cc_weight": 422.11476107345527,
  "gradient_norm": 0.03069719024418683,
  "linking_number": 0,
  "directory": "ncoils_5_order_9_R1_4.8_length_target_3.9e+01_weight_1.2_max_curvature_5.6_weight_1.3e-05_msc_1.6_weight_6.1e-06_cc_0.72_weight_4.2e+02",
  "mean_squared_curvatures": [
    0.30090368294719627,
    0.20553343002261937,
    0.9962254831711128,
    0.6962015295177356,
    0.9820209717008118
  ],
  "max_mean_squared_curvature": 0.9962254831711128,
  "message": "STOP: TOTAL NO. of ITERATIONS REACHED LIMIT",
  "success": false,
  "iterations": 700,
  "function_evaluations": 1048,
  "coil_currents": [
    9716977.79948851,
    9691007.034686267,
    9682104.150831394,
    9615975.232868528,
    9875350.500214383
  ],
  "coil_surface_distance": 1.3251979220236516
}