{
  "nfp": 4,
  "R0": 11.34443056562854,
  "R1": 4.525222436300079,
  "ncoils": 5,
  "order": 6,
  "nphi": 32,
  "ntheta": 32,
  "length_target": 43.569612431068876,
  "length_weight": 0.3234994291968449,
  "max_curvature_threshold": 6.589342063519769,
  "max_curvature_weight": 1.2152142809332786e-06,
  "msc_threshold": 5.0367822546584815,
  "msc_weight": 3.5912023742009628e-06,
  "JF": 0.0004308906491087062,
  "Jf": 0.00042982628691342413,
  "BdotN": 0.004723736571119044,
  "lengths": [
    43.575440507317985,
    44.261061290305726,
    42.38133464001063,
    47.87569603285127,
    39.75564959725772
  ],
  "length": 217.84918206774333,
  "max_curvatures": [
    5.722350588294353,
    1.417849757892227,
    6.9186783147925,
    7.241979311604356,
    9.205466248376718
  ],
  "max_max_curvature": 9.205466248376718,
  "coil_coil_distance": 0.8275540299556364,
  "cc_threshold": 0.8283302780464711,
  "cc_weight": 0.6896216750887979,
  "gradient_norm": 0.009328931403992949,
  "linking_number": 0,
  "directory": "ncoils_5_order_6_R1_4.5_length_target_4.4e+01_weight_0.32_max_curvature_6.6_weight_1.2e-06_msc_5.0_weight_3.6e-06_cc_0.83_weight_0.69",
  "mean_squared_curvatures": [
    0.3909865548894667,
    0.17373129592669578,
    0.46572351940014944,
    0.7509499166672231,
    0.8326563545007889
  ],
  "max_mean_squared_curvature": 0.8326563545007889,
  "message": "STOP: TOTAL NO. of ITERATIONS REACHED LIMIT",
  "success": false,
  "iterations": 700,
  "function_evaluations": 789,
  "coil_currents": [
    9678055.824472502,
    9514118.298221558,
    9293906.656707488,
    10002758.12379702,
    10092575.814890511
  ],
  "coil_surface_distance": 1.3112052559740588
}