{
  "nfp": 4,
  "R0": 11.34443056562854,
  "R1": 4.324658734357787,
  "ncoils": 5,
  "order": 12,
  "nphi": 32,
  "ntheta": 32,
  "length_target": 45.38725582559444,
  "length_weight": 6.325767629445216,
  "max_curvature_threshold": 5.6620427176680055,
  "max_curvature_weight": 0.0005248216725898863,
  "msc_threshold": 5.342330798915499,
  "msc_weight": 4.100227371477257e-05,
  "JF": 0.0008498573261953809,
  "Jf": 0.000843165919802358,
  "BdotN": 0.005960273476619811,
  "lengths": [
    46.859288953049465,
    48.76482128284006,
    43.52788648445395,
    42.395133104020196,
    45.38906367110842
  ],
  "length": 226.93619349547208,
  "max_curvatures": [
    5.676103319150583,
    5.821914503877603,
    3.6820778693535456,
    5.578075979318499,
    5.694437285261241
  ],
  "max_max_curvature": 5.821914503877603,
  "coil_coil_distance": 0.7557344532270737,
  "cc_threshold": 0.7679526411731983,
  "cc_weight": 0.13119906611708101,
  "gradient_norm": 0.01587775727258142,
  "linking_number": 0,
  "directory": "ncoils_5_order_12_R1_4.3_length_target_4.5e+01_weight_6.3_max_curvature_5.7_weight_0.00052_msc_5.3_weight_4.1e-05_cc_0.77_weight_0.13",
  "mean_squared_curvatures": [
    0.5528775194593788,
    0.561600785075404,
    0.3111803162674873,
    0.28417481082180823,
    0.4313346402908004
  ],
  "max_mean_squared_curvature": 0.561600785075404,
  "message": "STOP: TOTAL NO. of ITERATIONS REACHED LIMIT",
  "success": false,
  "iterations": 700,
  "function_evaluations": 800,
  "coil_currents": [
    9776630.072615054,
    9659203.840781178,
    9603801.247061333,
    9601971.99923789,
    9939807.558393627
  ],
  "coil_surface_distance": 1.3604226196384175
}