{
  "nfp": 4,
  "R0": 11.34443056562854,
  "R1": 4.227474613473913,
  "ncoils": 5,
  "order": 8,
  "nphi": 32,
  "ntheta": 32,
  "length_target": 35.10402326998959,
  "length_weight": 83.19625293135796,
  "max_curvature_threshold": 7.039895925469748,
  "max_curvature_weight": 1.4032543624465052e-06,
  "msc_threshold": 2.220869981743341,
  "msc_weight": 1.8887762976805444e-05,
  "JF": 0.0031412668960492246,
  "Jf": 0.003106794032785744,
  "BdotN": 0.010059303263498758,
  "lengths": [
    36.583369037863406,
    37.33602091317185,
    36.183899584242056,
    32.338574255511716,
    33.07827359185661
  ],
  "length": 175.52013738264563,
  "max_curvatures": [
    20.089865230729238,
    6.248018426645493,
    8.428599737294133,
    21.681630842900987,
    44.18954622296614
  ],
  "max_max_curvature": 44.18954622296614,
  "coil_coil_distance": 0.8746375299636789,
  "cc_threshold": 0.8764324555238014,
  "cc_weight": 7.5858674608631045,
  "gradient_norm": 0.038040602899059396,
  "linking_number": 0,
  "directory": "ncoils_5_order_8_R1_4.2_length_target_3.5e+01_weight_8.3e+01_max_curvature_7.0_weight_1.4e-06_msc_2.2_weight_1.9e-05_cc_0.88_weight_7.6",
  "mean_squared_curvatures": [
    0.8921641891010131,
    0.5131299770852559,
    0.5198787825278639,
    0.934443930740541,
    2.342819037003966
  ],
  "max_mean_squared_curvature": 2.342819037003966,
  "message": "STOP: TOTAL NO. of ITERATIONS REACHED LIMIT",
  "success": false,
  "iterations": 700,
  "function_evaluations": 858,
  "coil_currents": [
    9599328.76099662,
    9434332.93725531,
    9407761.822957536,
    9552495.876723088,
    10587495.32015653
  ],
  "coil_surface_distance": 1.2647550589665089
}