{
  "nfp": 4,
  "R0": 11.34443056562854,
  "R1": 4.403295770024893,
  "ncoils": 4,
  "order": 11,
  "nphi": 32,
  "ntheta": 32,
  "length_target": 33.56615140107336,
  "length_weight": 5.013654154127152,
  "max_curvature_threshold": 6.012749887507752,
  "max_curvature_weight": 9.999480503626765e-05,
  "msc_threshold": 6.6373234747856555,
  "msc_weight": 1.88243525946138e-05,
  "JF": 0.004760022507728971,
  "Jf": 0.004727582273484588,
  "BdotN": 0.011706452603754117,
  "lengths": [
    34.78631161625794,
    33.35249124775628,
    34.47888206418097,
    31.64709874345768
  ],
  "length": 134.26478367165288,
  "max_curvatures": [
    7.088294717892486,
    4.264431474808387,
    8.330166327270714,
    6.626282804096179
  ],
  "max_max_curvature": 8.330166327270714,
  "coil_coil_distance": 1.0011145358304974,
  "cc_threshold": 1.0011454800660133,
  "cc_weight": 2876.088793957938,
  "gradient_norm": 0.039363435977304226,
  "linking_number": 0,
  "directory": "ncoils_4_order_11_R1_4.4_length_target_3.4e+01_weight_5.0_max_curvature_6.0_weight_0.0001_msc_6.6_weight_1.9e-05_cc_1.0_weight_2.9e+03",
  "mean_squared_curvatures": [
    0.3658785001604647,
    0.24605577731994732,
    1.2641654103107105,
    0.868208384357584
  ],
  "max_mean_squared_curvature": 1.2641654103107105,
  "message": "STOP: TOTAL NO. of ITERATIONS REACHED LIMIT",
  "success": false,
  "iterations": 700,
  "function_evaluations": 990,
  "coil_currents": [
    12528697.40157175,
    12346408.179420555,
    12229254.182349004,
    11477054.954747774
  ],
  "coil_surface_distance": 1.1586881366480632
}