{
  "nfp": 4,
  "R0": 11.34443056562854,
  "R1": 4.6236922337035,
  "ncoils": 4,
  "order": 12,
  "nphi": 32,
  "ntheta": 32,
  "length_target": 43.84198121585315,
  "length_weight": 5.582862072865676,
  "max_curvature_threshold": 1.9056874844507514,
  "max_curvature_weight": 3.316350418893834e-06,
  "msc_threshold": 4.592679859373411,
  "msc_weight": 3.375399134944097e-07,
  "JF": 0.0036305713981665926,
  "Jf": 0.0035295576455262575,
  "BdotN": 0.012334386023459218,
  "lengths": [
    42.690159716455504,
    41.615870705107604,
    39.507662906079176,
    51.554877213120314
  ],
  "length": 175.3685705407626,
  "max_curvatures": [
    8.77402723287482,
    7.780825434805969,
    14.66465840180692,
    9.119093080145996
  ],
  "max_max_curvature": 14.66465840180692,
  "coil_coil_distance": 0.9711752437339509,
  "cc_threshold": 0.9715016353211975,
  "cc_weight": 149.55352805185655,
  "gradient_norm": 0.1700143473509818,
  "linking_number": 0,
  "directory": "ncoils_4_order_12_R1_4.6_length_target_4.4e+01_weight_5.6_max_curvature_1.9_weight_3.3e-06_msc_4.6_weight_3.4e-07_cc_0.97_weight_1.5e+02",
  "mean_squared_curvatures": [
    0.7220519684657605,
    1.0718260761296834,
    0.9789232533867506,
    1.4879800231850047
  ],
  "max_mean_squared_curvature": 1.4879800231850047,
  "message": "STOP: TOTAL NO. of ITERATIONS REACHED LIMIT",
  "success": false,
  "iterations": 700,
  "function_evaluations": 918,
  "coil_currents": [
    12053233.429687679,
    12053676.737735374,
    12067952.352358446,
    12406552.198307581
  ],
  "coil_surface_distance": 1.3266983731788191
}