{
  "nfp": 4,
  "R0": 11.34443056562854,
  "R1": 4.778765283686198,
  "ncoils": 4,
  "order": 12,
  "nphi": 32,
  "ntheta": 32,
  "length_target": 30.246225508455705,
  "length_weight": 7.124848726645227,
  "max_curvature_threshold": 4.333553045025656,
  "max_curvature_weight": 0.0004081352250703526,
  "msc_threshold": 5.776416006180653,
  "msc_weight": 2.01544790227046e-05,
  "JF": 0.01834864479885098,
  "Jf": 0.018286322417973174,
  "BdotN": 0.017236089845205506,
  "lengths": [
    31.891465249755463,
    30.72287970958365,
    30.047375663541864,
    28.323180109096192
  ],
  "length": 120.98490073197718,
  "max_curvatures": [
    4.860788417521282,
    4.942378631456836,
    4.690873020569115,
    3.8498568987807853
  ],
  "max_max_curvature": 4.942378631456836,
  "coil_coil_distance": 1.1877016962077505,
  "cc_threshold": 1.1935818929155517,
  "cc_weight": 8.993857819183415,
  "gradient_norm": 3.464673775863226,
  "linking_number": 0,
  "directory": "ncoils_4_order_12_R1_4.8_length_target_3e+01_weight_7.1_max_curvature_4.3_weight_0.00041_msc_5.8_weight_2e-05_cc_1.2_weight_9.0",
  "mean_squared_curvatures": [
    0.22333351631474493,
    0.2648599340312166,
    0.23546274371148257,
    0.42458560045593546
  ],
  "max_mean_squared_curvature": 0.42458560045593546,
  "message": "STOP: TOTAL NO. of ITERATIONS REACHED LIMIT",
  "success": false,
  "iterations": 700,
  "function_evaluations": 908,
  "coil_currents": [
    12662999.398968644,
    12435855.452562133,
    12468321.640165893,
    11014238.22639241
  ],
  "coil_surface_distance": 1.1786737392071995
}