{
  "nfp": 4,
  "R0": 11.34443056562854,
  "R1": 4.949190091301801,
  "ncoils": 4,
  "order": 10,
  "nphi": 32,
  "ntheta": 32,
  "length_target": 44.49273036188565,
  "length_weight": 19.049689958559952,
  "max_curvature_threshold": 3.211480582500152,
  "max_curvature_weight": 0.00014270061153310798,
  "msc_threshold": 3.3654518297117457,
  "msc_weight": 2.25139870511995e-06,
  "JF": 0.014940424453464428,
  "Jf": 0.014654883011451111,
  "BdotN": 0.02609195017254818,
  "lengths": [
    46.10496524934137,
    46.60643757030046,
    42.57946248672792,
    42.680025551224404
  ],
  "length": 177.97089085759416,
  "max_curvatures": [
    4.645027019215533,
    6.6168091786444085,
    5.10890752367402,
    6.028214024183666
  ],
  "max_max_curvature": 6.6168091786444085,
  "coil_coil_distance": 0.9234231254464814,
  "cc_threshold": 0.9286218512364827,
  "cc_weight": 5.854750111597364,
  "gradient_norm": 0.061289516512661,
  "linking_number": 0,
  "directory": "ncoils_4_order_10_R1_4.9_length_target_4.4e+01_weight_1.9e+01_max_curvature_3.2_weight_0.00014_msc_3.4_weight_2.3e-06_cc_0.93_weight_5.9",
  "mean_squared_curvatures": [
    0.32842628735765084,
    0.5742034219270494,
    0.6675080803383997,
    0.7269435327291996
  ],
  "max_mean_squared_curvature": 0.7269435327291996,
  "message": "CONVERGENCE: REL_REDUCTION_OF_F_<=_FACTR*EPSMCH",
  "success": true,
  "iterations": 482,
  "function_evaluations": 671,
  "coil_currents": [
    11903568.333627848,
    11952295.178787751,
    12179333.96307598,
    12546217.242597498
  ],
  "coil_surface_distance": 1.2756026165600378
}