{
  "nfp": 4,
  "R0": 11.34443056562854,
  "R1": 4.377505697082399,
  "ncoils": 6,
  "order": 14,
  "nphi": 32,
  "ntheta": 32,
  "length_target": 42.23344943259929,
  "length_weight": 23.630806006430625,
  "max_curvature_threshold": 7.678792963529491,
  "max_curvature_weight": 0.0015023105231228191,
  "msc_threshold": 1.1513817370665198,
  "msc_weight": 1.1901127063425734e-07,
  "JF": 0.008633429972652916,
  "Jf": 0.007496550315431124,
  "BdotN": 0.015598097337662691,
  "lengths": [
    42.809907857320496,
    43.480928192430156,
    44.93885797614736,
    40.899175516394656,
    38.64843421550856,
    42.623480462130566
  ],
  "length": 253.4007842199318,
  "max_curvatures": [
    7.354346058931105,
    6.330861571242476,
    7.593915583961365,
    7.8887671677095925,
    6.9363760907645124,
    7.2582258377654005
  ],
  "max_max_curvature": 7.8887671677095925,
  "coil_coil_distance": 0.9663188918549241,
  "cc_threshold": 1.0790048516880972,
  "cc_weight": 0.03463260533550054,
  "gradient_norm": 0.08437340462206493,
  "linking_number": 0,
  "directory": "ncoils_6_order_14_R1_4.4_length_target_4.2e+01_weight_2.4e+01_max_curvature_7.7_weight_0.0015_msc_1.2_weight_1.2e-07_cc_1.1_weight_0.035",
  "mean_squared_curvatures": [
    0.8589002270282811,
    0.9746921604281331,
    1.2094862466156886,
    1.0771372174561231,
    0.7117218294678118,
    0.8577442629477254
  ],
  "max_mean_squared_curvature": 1.2094862466156886,
  "message": "STOP: TOTAL NO. of ITERATIONS REACHED LIMIT",
  "success": false,
  "iterations": 700,
  "function_evaluations": 893,
  "coil_currents": [
    8019423.4805698525,
    7875011.978266729,
    7893921.264651994,
    7983258.858753593,
    7995824.410674328,
    8813974.725172587
  ],
  "coil_surface_distance": 0.9532308428032894
}