{
  "nfp": 4,
  "R0": 11.34443056562854,
  "R1": 4.28907992579156,
  "ncoils": 5,
  "order": 14,
  "nphi": 32,
  "ntheta": 32,
  "length_target": 29.647922774527157,
  "length_weight": 0.05438489659083675,
  "max_curvature_threshold": 1.2602339728571803,
  "max_curvature_weight": 0.00018703612603300122,
  "msc_threshold": 1.627160319929629,
  "msc_weight": 2.395191819296265e-07,
  "JF": 0.0013193097487288641,
  "Jf": 0.0013019992566838765,
  "BdotN": 0.0063159454313993744,
  "lengths": [
    31.161699935341517,
    30.361314398282975,
    29.65645851053921,
    29.122499606509717,
    27.9403824752073
  ],
  "length": 148.2423549258807,
  "max_curvatures": [
    1.6502713611213218,
    1.4265964166402123,
    1.4201677460849425,
    1.4534742267687621,
    1.4968145209594188
  ],
  "max_max_curvature": 1.6502713611213218,
  "coil_coil_distance": 0.8385087092038228,
  "cc_threshold": 0.8586139900156216,
  "cc_weight": 0.09435107717572111,
  "gradient_norm": 0.008117968555082632,
  "linking_number": 0,
  "directory": "ncoils_5_order_14_R1_4.3_length_target_3e+01_weight_0.054_max_curvature_1.3_weight_0.00019_msc_1.6_weight_2.4e-07_cc_0.86_weight_0.094",
  "mean_squared_curvatures": [
    0.15853691143613943,
    0.15428576149171985,
    0.2630604754098035,
    0.3252390255181024,
    0.36332058506527426
  ],
  "max_mean_squared_curvature": 0.36332058506527426,
  "message": "STOP: TOTAL NO. of ITERATIONS REACHED LIMIT",
  "success": false,
  "iterations": 700,
  "function_evaluations": 761,
  "coil_currents": [
    9934060.56036337,
    9871686.934025945,
    9736150.873498386,
    9759188.685605468,
    9280327.66459591
  ],
  "coil_surface_distance": 1.1097438558703305
}