{
  "nfp": 4,
  "R0": 11.34443056562854,
  "R1": 4.290111577764886,
  "ncoils": 4,
  "order": 6,
  "nphi": 32,
  "ntheta": 32,
  "length_target": 43.079582979229116,
  "length_weight": 15.544959808391333,
  "max_curvature_threshold": 2.941527369586317,
  "max_curvature_weight": 1.838718340222619e-05,
  "msc_threshold": 2.1770904340361774,
  "msc_weight": 5.1568015884037905e-06,
  "JF": 0.002770167578784533,
  "Jf": 0.002691139633587988,
  "BdotN": 0.008496691692396604,
  "lengths": [
    45.057187956742226,
    41.79248874746233,
    40.80722153425809,
    44.661557066913254
  ],
  "length": 172.3184553053759,
  "max_curvatures": [
    2.93572653951672,
    2.2890519575635215,
    3.184617829285208,
    3.821569619162072
  ],
  "max_max_curvature": 3.821569619162072,
  "coil_coil_distance": 0.9548541609167942,
  "cc_threshold": 0.981448736415812,
  "cc_weight": 0.10558457966340118,
  "gradient_norm": 0.040557216118676825,
  "linking_number": 0,
  "directory": "ncoils_4_order_6_R1_4.3_length_target_4.3e+01_weight_1.6e+01_max_curvature_2.9_weight_1.8e-05_msc_2.2_weight_5.2e-06_cc_0.98_weight_0.11",
  "mean_squared_curvatures": [
    0.22185743463613564,
    0.164349271766367,
    0.28955642946634924,
    0.5360326232841551
  ],
  "max_mean_squared_curvature": 0.5360326232841551,
  "message": "STOP: TOTAL NO. of ITERATIONS REACHED LIMIT",
  "success": false,
  "iterations": 700,
  "function_evaluations": 807,
  "coil_currents": [
    12384697.394369634,
    12167211.416908087,
    12070958.340977177,
    11958547.565834187
  ],
  "coil_surface_distance": 1.3616406552728193
}