{
  "nfp": 4,
  "ncoils": 6,
  "R0": 11.34443056562854,
  "R1": 4.737995365955957,
  "order": 11,
  "nphi": 32,
  "ntheta": 32,
  "length_target": 32.56545291629589,
  "length_weight": 7.156027213917444,
  "max_curvature_threshold": 0.7054915806949061,
  "max_curvature_weight": 1.89248975893554e-06,
  "msc_threshold": 0.6084090223061739,
  "msc_weight": 2.0815051045581394e-07,
  "JF": 0.0006939441659538229,
  "Jf": 0.0006135617496894513,
  "BdotN": 0.005116252933007376,
  "lengths": [
    33.80467893628336,
    32.757545338049994,
    33.05260673785081,
    33.098785464648955,
    31.76920480863947,
    30.91002395380727
  ],
  "length": 195.39284523927986,
  "max_curvatures": [
    2.3285609508717715,
    1.7113150132353971,
    3.6864304004889963,
    19.275673528136625,
    2.301848959131094,
    2.6536033240318373
  ],
  "max_max_curvature": 19.275673528136625,
  "coil_coil_distance": 0.8447417168411386,
  "cc_threshold": 0.8758744832210961,
  "cc_weight": 0.10502986073322865,
  "gradient_norm": 0.02402960998135123,
  "linking_number": 0,
  "directory": "ncoils_6_order_11_R1_4.7_length_target_3.3e+01_weight_7.2_max_curvature_0.71_weight_1.9e-06_msc_0.61_weight_2.1e-07_cc_0.88_weight_0.11",
  "mean_squared_curvatures": [
    0.2291904944375949,
    0.1986393694926746,
    0.4435652093920538,
    1.577885024620762,
    0.30703883919803765,
    0.4096010026943606
  ],
  "max_mean_squared_curvature": 1.577885024620762,
  "message": "STOP: TOTAL NO. of ITERATIONS REACHED LIMIT",
  "success": false,
  "iterations": 700,
  "function_evaluations": 794,
  "coil_currents": [
    8106418.948893497,
    8053105.574069532,
    7906385.799846365,
    8210443.492071976,
    8125599.24095906,
    8179461.662248649
  ],
  "coil_surface_distance": 0.8505936038508116
}