{
  "nfp": 4,
  "R0": 11.34443056562854,
  "R1": 4.351742856224062,
  "ncoils": 6,
  "order": 7,
  "nphi": 32,
  "ntheta": 32,
  "length_target": 40.07342203084186,
  "length_weight": 19.78979663654107,
  "max_curvature_threshold": 7.317585523045716,
  "max_curvature_weight": 0.001040444551180346,
  "msc_threshold": 3.823443073723634,
  "msc_weight": 2.5915653398662384e-05,
  "JF": 0.02748257272147277,
  "Jf": 0.027344291093090316,
  "BdotN": 0.05098728954421113,
  "lengths": [
    39.62067865682611,
    43.29847748786796,
    39.39236869219037,
    45.06555987557718,
    41.128142495206035,
    31.935444202766988
  ],
  "length": 240.44067141043462,
  "max_curvatures": [
    4.240423804994573,
    4.932904353915889,
    8.163598638295632,
    7.073704757923794,
    8.147186589455329,
    7.367784528680447
  ],
  "max_max_curvature": 8.163598638295632,
  "coil_coil_distance": 1.1638015648483415,
  "cc_threshold": 1.1650365191278136,
  "cc_weight": 139.48305806945964,
  "gradient_norm": 0.39291290664128586,
  "linking_number": 0,
  "directory": "ncoils_6_order_7_R1_4.4_length_target_4e+01_weight_2e+01_max_curvature_7.3_weight_0.001_msc_3.8_weight_2.6e-05_cc_1.2_weight_1.4e+02",
  "mean_squared_curvatures": [
    0.5848122250314556,
    0.6496936890482037,
    0.9278854740991992,
    1.4814263933504583,
    1.1123101038571535,
    1.7475444906115518
  ],
  "max_mean_squared_curvature": 1.7475444906115518,
  "message": "STOP: TOTAL NO. of ITERATIONS REACHED LIMIT",
  "success": false,
  "iterations": 700,
  "function_evaluations": 846,
  "coil_currents": [
    8999884.043743383,
    8624463.633434467,
    9451614.613322008,
    9919054.642825566,
    9686046.6142554,
    1900351.170508258
  ],
  "coil_surface_distance": 0.16711928706473428
}