{
  "nfp": 4,
  "R0": 11.34443056562854,
  "R1": 4.7970126295569155,
  "ncoils": 6,
  "order": 7,
  "nphi": 32,
  "ntheta": 32,
  "length_target": 46.85719264650102,
  "length_weight": 3.2558610005001314,
  "max_curvature_threshold": 5.763794921496234,
  "max_curvature_weight": 0.00016635016328908397,
  "msc_threshold": 3.6880995234067036,
  "msc_weight": 5.12631499355202e-05,
  "JF": 0.0008804651421567242,
  "Jf": 0.000869961594412147,
  "BdotN": 0.005102272236738632,
  "lengths": [
    48.05714704652676,
    46.565839950900894,
    50.857311345123456,
    45.69087959515951,
    43.34248613227006,
    46.62971329963058
  ],
  "length": 281.1433773696113,
  "max_curvatures": [
    5.432995283843076,
    3.9161849358949974,
    5.905475769273919,
    3.921740622125123,
    3.4481206416684986,
    5.502876106574811
  ],
  "max_max_curvature": 5.905475769273919,
  "coil_coil_distance": 0.87950986025862,
  "cc_threshold": 0.8885262861294171,
  "cc_weight": 0.049909539225864975,
  "gradient_norm": 0.018987519543462103,
  "linking_number": 0,
  "directory": "ncoils_6_order_7_R1_4.8_length_target_4.7e+01_weight_3.3_max_curvature_5.8_weight_0.00017_msc_3.7_weight_5.1e-05_cc_0.89_weight_0.05",
  "mean_squared_curvatures": [
    0.3995538298201901,
    0.22545220707385186,
    0.37182530123573665,
    0.29563102593197627,
    0.19133096441807076,
    0.6202727827250291
  ],
  "max_mean_squared_curvature": 0.6202727827250291,
  "message": "STOP: TOTAL NO. of ITERATIONS REACHED LIMIT",
  "success": false,
  "iterations": 700,
  "function_evaluations": 871,
  "coil_currents": [
    8074509.619309133,
    8053031.253384187,
    7981554.0539553,
    8316661.146279218,
    8002795.131405532,
    8152863.513755716
  ],
  "coil_surface_distance": 1.2320546070386411
}