{
  "nfp": 4,
  "ncoils": 6,
  "R0": 11.34443056562854,
  "R1": 4.505157772354554,
  "order": 7,
  "nphi": 32,
  "ntheta": 32,
  "length_target": 34.23194664175787,
  "length_weight": 2.4656067061042917,
  "max_curvature_threshold": 2.710274862836224,
  "max_curvature_weight": 3.843533321731405e-05,
  "msc_threshold": 1.6863399928605722,
  "msc_weight": 1.2102513024125842e-07,
  "JF": 0.022176503844192296,
  "Jf": 0.020663665169056926,
  "BdotN": 0.037409319406636714,
  "lengths": [
    35.163116619863025,
    36.65813899554889,
    40.67406481575202,
    40.20916771010962,
    23.814127595737382,
    28.872007529469084
  ],
  "length": 205.39062326648,
  "max_curvatures": [
    8.447139205374743,
    10.068991500309927,
    7.531204729463103,
    3.4810869128548214,
    14.844197269717444,
    15.538529063846518
  ],
  "max_max_curvature": 15.538529063846518,
  "coil_coil_distance": 1.0056228828099165,
  "cc_threshold": 1.0056338371804872,
  "cc_weight": 3144.1413282761014,
  "gradient_norm": 0.16180042176877968,
  "linking_number": 0,
  "directory": "ncoils_6_order_7_R1_4.5_length_target_3.4e+01_weight_2.5_max_curvature_2.7_weight_3.8e-05_msc_1.7_weight_1.2e-07_cc_1.0_weight_3.1e+03",
  "mean_squared_curvatures": [
    0.6332241226194786,
    1.2131129664963491,
    0.9386675159924375,
    0.4304569273945558,
    2.322527265859102,
    3.3033896887649834
  ],
  "max_mean_squared_curvature": 3.3033896887649834,
  "message": "STOP: TOTAL NO. of ITERATIONS REACHED LIMIT",
  "success": false,
  "iterations": 700,
  "function_evaluations": 1135,
  "coil_currents": [
    7947747.661047749,
    8258028.542787216,
    8152654.861833376,
    8736988.702085193,
    8185086.257408626,
    7300908.692926921
  ],
  "coil_surface_distance": 0.06995404486193363
}