{
  "nfp": 4,
  "R0": 11.34443056562854,
  "R1": 4.8866427647070605,
  "ncoils": 5,
  "order": 8,
  "nphi": 32,
  "ntheta": 32,
  "length_target": 38.84329250861593,
  "length_weight": 0.4513675928731805,
  "max_curvature_threshold": 2.72790314949853,
  "max_curvature_weight": 0.008842916746475082,
  "msc_threshold": 4.61575957927132,
  "msc_weight": 2.7573908410020275e-07,
  "JF": 0.003486638536875852,
  "Jf": 0.0031343108428739178,
  "BdotN": 0.011165771739762189,
  "lengths": [
    48.65558925485501,
    44.01415781484802,
    37.25496519236061,
    34.523103701062276,
    29.770807655506143
  ],
  "length": 194.21862361863202,
  "max_curvatures": [
    2.7320420800290695,
    2.7326150582316915,
    2.69417160215621,
    2.748254960667048,
    2.5482460526170696
  ],
  "max_max_curvature": 2.748254960667048,
  "coil_coil_distance": 1.095048132331428,
  "cc_threshold": 1.172602714192356,
  "cc_weight": 0.04781649510182374,
  "gradient_norm": 0.023245138096083653,
  "linking_number": 0,
  "directory": "ncoils_5_order_8_R1_4.9_length_target_3.9e+01_weight_0.45_max_curvature_2.7_weight_0.0088_msc_4.6_weight_2.8e-07_cc_1.2_weight_0.048",
  "mean_squared_curvatures": [
    0.3855225624422402,
    0.4408349104601851,
    0.3466566511451796,
    0.3213545677809561,
    0.3505361130261218
  ],
  "max_mean_squared_curvature": 0.4408349104601851,
  "message": "STOP: TOTAL NO. of ITERATIONS REACHED LIMIT",
  "success": false,
  "iterations": 700,
  "function_evaluations": 746,
  "coil_currents": [
    12451922.09172177,
    10138125.040478326,
    9086530.064350815,
    9579868.544267261,
    7324968.977270909
  ],
  "coil_surface_distance": 1.1097392786929747
}