{
  "nfp": 4,
  "ncoils": 6,
  "R0": 11.34443056562854,
  "R1": 4.86689031191553,
  "order": 13,
  "nphi": 32,
  "ntheta": 32,
  "length_target": 34.59028962112377,
  "length_weight": 6.26301893940396,
  "max_curvature_threshold": 4.015953629166295,
  "max_curvature_weight": 7.52707775309673e-05,
  "msc_threshold": 1.3353137511774604,
  "msc_weight": 2.5138493716744464e-05,
  "JF": 0.0010786446416499239,
  "Jf": 0.0010621981171892174,
  "BdotN": 0.006046932352170137,
  "lengths": [
    33.35387110776446,
    33.465099934591734,
    35.127774593013,
    33.44297731165553,
    33.85049891090013,
    38.301583528638574
  ],
  "length": 207.5418053865634,
  "max_curvatures": [
    3.7022525986131245,
    4.230135141169377,
    4.5150696098009835,
    4.512156681278217,
    5.946867561402056,
    6.369785182050531
  ],
  "max_max_curvature": 6.369785182050531,
  "coil_coil_distance": 0.7269624868472955,
  "cc_threshold": 0.7268994750293822,
  "cc_weight": 3506.737520292699,
  "gradient_norm": 0.024816260258653213,
  "linking_number": 0,
  "directory": "ncoils_6_order_13_R1_4.9_length_target_3.5e+01_weight_6.3_max_curvature_4.0_weight_7.5e-05_msc_1.3_weight_2.5e-05_cc_0.73_weight_3.5e+03",
  "mean_squared_curvatures": [
    0.5818180159678987,
    0.7908723484343695,
    0.7567843750925057,
    0.8199942423047464,
    1.1541446281402772,
    0.839067081682694
  ],
  "max_mean_squared_curvature": 1.1541446281402772,
  "message": "STOP: TOTAL NO. of ITERATIONS REACHED LIMIT",
  "success": false,
  "iterations": 700,
  "function_evaluations": 1089,
  "coil_currents": [
    8036040.705269999,
    8000610.645988722,
    7971551.388551525,
    8013333.964186857,
    8074277.039709651,
    8485600.974382326
  ],
  "coil_surface_distance": 1.178277858174588
}