{
  "nfp": 4,
  "R0": 11.34443056562854,
  "R1": 4.425400978436178,
  "ncoils": 4,
  "order": 12,
  "nphi": 32,
  "ntheta": 32,
  "length_target": 34.52087483026834,
  "length_weight": 17.82894028165753,
  "max_curvature_threshold": 3.0535530763690826,
  "max_curvature_weight": 4.3521407851993395e-05,
  "msc_threshold": 6.890658353103162,
  "msc_weight": 8.109974408520189e-05,
  "JF": 0.007944517801972103,
  "Jf": 0.0078905772201737,
  "BdotN": 0.015904817857812722,
  "lengths": [
    36.11365332373944,
    34.600771419728275,
    34.554933087744814,
    32.81461443881742
  ],
  "length": 138.08397227002996,
  "max_curvatures": [
    5.450720300757768,
    3.446606299457078,
    2.547900414900057,
    3.929230169772666
  ],
  "max_max_curvature": 5.450720300757768,
  "coil_coil_distance": 1.166275794566516,
  "cc_threshold": 1.1720748931108038,
  "cc_weight": 10.862910012731197,
  "gradient_norm": 0.15818563386890627,
  "linking_number": 0,
  "directory": "ncoils_4_order_12_R1_4.4_length_target_3.5e+01_weight_1.8e+01_max_curvature_3.1_weight_4.4e-05_msc_6.9_weight_8.1e-05_cc_1.2_weight_1.1e+01",
  "mean_squared_curvatures": [
    0.4662464355706908,
    0.21193324007123415,
    0.22192324881676406,
    0.4141806188569293
  ],
  "max_mean_squared_curvature": 0.4662464355706908,
  "message": "STOP: TOTAL NO. of ITERATIONS REACHED LIMIT",
  "success": false,
  "iterations": 700,
  "function_evaluations": 805,
  "coil_currents": [
    12231250.315463303,
    12142871.526655111,
    12202986.428836068,
    12004306.4471346
  ],
  "coil_surface_distance": 1.2386059982962625
}