{
  "nfp": 4,
  "R0": 11.34443056562854,
  "R1": 4.814933378033667,
  "ncoils": 3,
  "order": 14,
  "nphi": 32,
  "ntheta": 32,
  "length_target": 33.49636115100735,
  "length_weight": 2.520070789685523,
  "max_curvature_threshold": 0.22164613567134195,
  "max_curvature_weight": 0.0004610809786262413,
  "msc_threshold": 3.532034572191032,
  "msc_weight": 1.7134877296993264e-07,
  "JF": 0.030314937659701304,
  "Jf": 0.029059751820261735,
  "BdotN": 0.0280620533561423,
  "lengths": [
    34.7917982224463,
    33.11119266261023,
    32.588198072960616
  ],
  "length": 100.49118895801715,
  "max_curvatures": [
    0.843418923783016,
    4.635363015404414,
    1.7299343352551897
  ],
  "max_max_curvature": 4.635363015404414,
  "coil_coil_distance": 0.7878522575559064,
  "cc_threshold": 0.9005322627941992,
  "cc_weight": 0.02540241857521174,
  "gradient_norm": 0.7243636608548584,
  "linking_number": 0,
  "directory": "ncoils_3_order_14_R1_4.8_length_target_3.3e+01_weight_2.5_max_curvature_0.22_weight_0.00046_msc_3.5_weight_1.7e-07_cc_0.9_weight_0.025",
  "mean_squared_curvatures": [
    0.08789093294138746,
    0.12717734744226655,
    0.192012569310569
  ],
  "max_mean_squared_curvature": 0.192012569310569,
  "message": "CONVERGENCE: REL_REDUCTION_OF_F_<=_FACTR*EPSMCH",
  "success": true,
  "iterations": 152,
  "function_evaluations": 199,
  "coil_currents": [
    16188166.335048243,
    16184959.045240039,
    16208289.3378008
  ],
  "coil_surface_distance": 1.4650542002773639
}