{
  "nfp": 4,
  "R0": 11.34443056562854,
  "R1": 4.910533809014194,
  "ncoils": 5,
  "order": 15,
  "nphi": 32,
  "ntheta": 32,
  "length_target": 33.39248431707993,
  "length_weight": 0.2891045429050242,
  "max_curvature_threshold": 7.663683003627052,
  "max_curvature_weight": 0.004132169022476512,
  "msc_threshold": 2.3325920738257113,
  "msc_weight": 1.2439005951383545e-05,
  "JF": 0.001459263398044121,
  "Jf": 0.001457701773082891,
  "BdotN": 0.007021838027121087,
  "lengths": [
    32.997955420235456,
    32.81586074077707,
    35.928285174038976,
    33.695127068398484,
    31.52561798690217
  ],
  "length": 166.96284639035215,
  "max_curvatures": [
    7.51975266011429,
    7.620415981250143,
    7.643139114616034,
    7.688124373105768,
    7.670276517007567
  ],
  "max_max_curvature": 7.688124373105768,
  "coil_coil_distance": 0.9986059803413069,
  "cc_threshold": 0.9993054174730513,
  "cc_weight": 58.49296229189552,
  "gradient_norm": 0.008299158466319661,
  "linking_number": 0,
  "directory": "ncoils_5_order_15_R1_4.9_length_target_3.3e+01_weight_0.29_max_curvature_7.7_weight_0.0041_msc_2.3_weight_1.2e-05_cc_1.0_weight_5.8e+01",
  "mean_squared_curvatures": [
    0.41353810173744315,
    0.6031266066256596,
    1.8857278129171942,
    1.0729553055000702,
    1.5678467741376167
  ],
  "max_mean_squared_curvature": 1.8857278129171942,
  "message": "STOP: TOTAL NO. of ITERATIONS REACHED LIMIT",
  "success": false,
  "iterations": 700,
  "function_evaluations": 816,
  "coil_currents": [
    9814682.090182045,
    9789132.017270487,
    9802583.615262879,
    9689980.904412946,
    9485036.090960719
  ],
  "coil_surface_distance": 0.8719317363084873
}