{
  "nfp": 4,
  "R0": 11.34443056562854,
  "R1": 4.882400848344303,
  "ncoils": 4,
  "order": 6,
  "nphi": 32,
  "ntheta": 32,
  "length_target": 35.788404965764244,
  "length_weight": 0.05338632125836863,
  "max_curvature_threshold": 4.9350622154304915,
  "max_curvature_weight": 1.4682542939589524e-05,
  "msc_threshold": 7.179539224702432,
  "msc_weight": 5.811377823980048e-07,
  "JF": 0.0013769970344644634,
  "Jf": 0.0012425110726853091,
  "BdotN": 0.005587797218149741,
  "lengths": [
    35.29860601566881,
    35.349620390804915,
    37.3784886346789,
    35.12927453833487
  ],
  "length": 143.15598957948748,
  "max_curvatures": [
    5.0433900941801895,
    5.093332989152537,
    4.804250037995921,
    4.090728675569826
  ],
  "max_max_curvature": 5.093332989152537,
  "coil_coil_distance": 0.9236003635838181,
  "cc_threshold": 1.0245228483453301,
  "cc_weight": 0.012553926824431681,
  "gradient_norm": 0.0012971096816789532,
  "linking_number": 0,
  "directory": "ncoils_4_order_6_R1_4.9_length_target_3.6e+01_weight_0.053_max_curvature_4.9_weight_1.5e-05_msc_7.2_weight_5.8e-07_cc_1.0_weight_0.013",
  "mean_squared_curvatures": [
    0.43018851099704075,
    0.23677521517866754,
    0.4287158599140057,
    0.41194392632281546
  ],
  "max_mean_squared_curvature": 0.43018851099704075,
  "message": "STOP: TOTAL NO. of ITERATIONS REACHED LIMIT",
  "success": false,
  "iterations": 700,
  "function_evaluations": 720,
  "coil_currents": [
    10485568.32296841,
    12425209.75955853,
    14904004.276824653,
    10766632.358737491
  ],
  "coil_surface_distance": 1.282922642160298
}