{
  "nfp": 4,
  "R0": 11.34443056562854,
  "R1": 4.291015706321423,
  "ncoils": 4,
  "order": 15,
  "nphi": 32,
  "ntheta": 32,
  "length_target": 30.245042606317323,
  "length_weight": 11.975122563360515,
  "max_curvature_threshold": 7.096121481100694,
  "max_curvature_weight": 1.201347191814914e-06,
  "msc_threshold": 4.964027695246092,
  "msc_weight": 7.330571828575286e-07,
  "JF": 0.01138389182532945,
  "Jf": 0.011070262847904603,
  "BdotN": 0.01526910826025299,
  "lengths": [
    31.875945412141974,
    30.712556630669628,
    29.566104439229306,
    28.82563051053696
  ],
  "length": 120.98023699257786,
  "max_curvatures": [
    21.546969552104795,
    94.28344664908222,
    35.682151271872804,
    7.2852673098335075
  ],
  "max_max_curvature": 94.28344664908222,
  "coil_coil_distance": 1.1304035607596838,
  "cc_threshold": 1.1607638579208923,
  "cc_weight": 0.301075479660314,
  "gradient_norm": 28.221940975770828,
  "linking_number": 0,
  "directory": "ncoils_4_order_15_R1_4.3_length_target_3e+01_weight_1.2e+01_max_curvature_7.1_weight_1.2e-06_msc_5.0_weight_7.3e-07_cc_1.2_weight_0.3",
  "mean_squared_curvatures": [
    0.5438716417854498,
    0.3474212067036834,
    0.7728443651011239,
    0.40536246117120484
  ],
  "max_mean_squared_curvature": 0.7728443651011239,
  "message": "STOP: TOTAL NO. of ITERATIONS REACHED LIMIT",
  "success": false,
  "iterations": 700,
  "function_evaluations": 821,
  "coil_currents": [
    12393425.435187152,
    12296503.674152505,
    12142804.659242027,
    11748680.9495074
  ],
  "coil_surface_distance": 1.1678246980774707
}