{
  "nfp": 4,
  "R0": 11.34443056562854,
  "R1": 4.190126216722531,
  "ncoils": 6,
  "order": 7,
  "nphi": 32,
  "ntheta": 32,
  "length_target": 30.89544616416417,
  "length_weight": 0.09582192292943045,
  "max_curvature_threshold": 4.090374344784467,
  "max_curvature_weight": 0.00045029842470040296,
  "msc_threshold": 2.446625020789954,
  "msc_weight": 5.990273038549169e-05,
  "JF": 0.0015104164388480706,
  "Jf": 0.001503145324869591,
  "BdotN": 0.006953729863291227,
  "lengths": [
    33.036622759263615,
    31.34195738432387,
    29.623949855384428,
    30.98167631222457,
    29.897090921774378,
    30.4923686280188
  ],
  "length": 185.37366586098966,
  "max_curvatures": [
    4.1727885932836815,
    3.8336486926470137,
    4.187333973686123,
    2.1126176216122277,
    4.00415068232143,
    4.1227690157082835
  ],
  "max_max_curvature": 4.187333973686123,
  "coil_coil_distance": 1.007769600538781,
  "cc_threshold": 1.0105913900309176,
  "cc_weight": 2.003396208597527,
  "gradient_norm": 0.002658231397191284,
  "linking_number": 0,
  "directory": "ncoils_6_order_7_R1_4.2_length_target_3.1e+01_weight_0.096_max_curvature_4.1_weight_0.00045_msc_2.4_weight_6e-05_cc_1.0_weight_2.0",
  "mean_squared_curvatures": [
    0.401835403177821,
    0.472279274052429,
    0.46351662857887377,
    0.40553443479222795,
    0.4247570907813927,
    0.47082421184052864
  ],
  "max_mean_squared_curvature": 0.472279274052429,
  "message": "STOP: TOTAL NO. of ITERATIONS REACHED LIMIT",
  "success": false,
  "iterations": 700,
  "function_evaluations": 752,
  "coil_currents": [
    9878637.311022978,
    8891870.739099637,
    8179713.333286749,
    8225421.784516606,
    7636333.782961641,
    5769437.767201468
  ],
  "coil_surface_distance": 0.8829326308027893
}