{
  "nfp": 4,
  "R0": 11.34443056562854,
  "R1": 4.515958555650785,
  "ncoils": 4,
  "order": 13,
  "nphi": 32,
  "ntheta": 32,
  "length_target": 41.14781268893259,
  "length_weight": 0.012504688604146889,
  "max_curvature_threshold": 7.196824116347894,
  "max_curvature_weight": 0.00012766864814388882,
  "msc_threshold": 6.296542701229682,
  "msc_weight": 2.0615123826204367e-06,
  "JF": 0.0012935266852162745,
  "Jf": 0.0012703450063765685,
  "BdotN": 0.006562959658395169,
  "lengths": [
    40.32221985374098,
    39.82234150955966,
    40.40457264294666,
    44.04439991555589
  ],
  "length": 164.59353392180319,
  "max_curvatures": [
    7.467926782747627,
    7.620138968618425,
    6.676768894091101,
    7.449350332459137
  ],
  "max_max_curvature": 7.620138968618425,
  "coil_coil_distance": 1.0310003590966659,
  "cc_threshold": 1.0439176466555251,
  "cc_weight": 0.7456275155788797,
  "gradient_norm": 0.0012509098697106526,
  "linking_number": 0,
  "directory": "ncoils_4_order_13_R1_4.5_length_target_4.1e+01_weight_0.013_max_curvature_7.2_weight_0.00013_msc_6.3_weight_2.1e-06_cc_1.0_weight_0.75",
  "mean_squared_curvatures": [
    1.0684421948060157,
    0.8781411017644387,
    0.7261803338914371,
    1.4842443361305537
  ],
  "max_mean_squared_curvature": 1.4842443361305537,
  "message": "STOP: TOTAL NO. of ITERATIONS REACHED LIMIT",
  "success": false,
  "iterations": 700,
  "function_evaluations": 737,
  "coil_currents": [
    12320615.274004532,
    12444186.428866439,
    12172284.939977963,
    11644328.075240143
  ],
  "coil_surface_distance": 1.0182782175163196
}