{
  "nfp": 4,
  "R0": 11.34443056562854,
  "R1": 4.979032221285274,
  "ncoils": 6,
  "order": 7,
  "nphi": 32,
  "ntheta": 32,
  "length_target": 28.244296775594158,
  "length_weight": 1.007458257281004,
  "max_curvature_threshold": 7.988850885942395,
  "max_curvature_weight": 9.51024703554035e-06,
  "msc_threshold": 2.364862404541517,
  "msc_weight": 4.714949449862657e-06,
  "JF": 0.0006151036684432753,
  "Jf": 0.000605804666135349,
  "BdotN": 0.006059637024263333,
  "lengths": [
    29.786378136979817,
    29.866567832053022,
    28.058571045667676,
    27.31978992870898,
    27.809568925638885,
    26.62522981282581
  ],
  "length": 169.46610568187418,
  "max_curvatures": [
    1.84222905130549,
    12.11117047640101,
    2.7601553057425217,
    4.317298614467192,
    1.8497943418530058,
    3.4927167460808173
  ],
  "max_max_curvature": 12.11117047640101,
  "coil_coil_distance": 0.624873390780548,
  "cc_threshold": 0.625065953341719,
  "cc_weight": 68.48995226820855,
  "gradient_norm": 0.007093687991685369,
  "linking_number": 0,
  "directory": "ncoils_6_order_7_R1_5.0_length_target_2.8e+01_weight_1.0_max_curvature_8.0_weight_9.5e-06_msc_2.4_weight_4.7e-06_cc_0.63_weight_6.8e+01",
  "mean_squared_curvatures": [
    0.17816269304305593,
    1.631566665815855,
    0.1980656976923346,
    0.27186392876816773,
    0.27583289071963835,
    0.35426885145068643
  ],
  "max_mean_squared_curvature": 1.631566665815855,
  "message": "STOP: TOTAL NO. of ITERATIONS REACHED LIMIT",
  "success": false,
  "iterations": 700,
  "function_evaluations": 804,
  "coil_currents": [
    8388963.277972683,
    8286948.80492578,
    8213192.0417326875,
    8169447.786364268,
    8165171.823964438,
    7357690.983129226
  ],
  "coil_surface_distance": 1.1295239109941828
}