{
  "nfp": 4,
  "R0": 11.34443056562854,
  "R1": 4.272561094776952,
  "ncoils": 4,
  "order": 6,
  "nphi": 32,
  "ntheta": 32,
  "length_target": 29.518087620315324,
  "length_weight": 1.279495885413957,
  "max_curvature_threshold": 6.258759536782725,
  "max_curvature_weight": 0.001029775270708535,
  "msc_threshold": 7.9456659800694265,
  "msc_weight": 7.896568898472428e-07,
  "JF": 0.010774370387807923,
  "Jf": 0.010704876807839221,
  "BdotN": 0.016876044589529928,
  "lengths": [
    32.42919944784579,
    30.691196440829884,
    28.7824961541817,
    26.170537083000184
  ],
  "length": 118.07342912585756,
  "max_curvatures": [
    4.24111265785967,
    6.289419563384282,
    6.454183136521498,
    2.901289841782713
  ],
  "max_max_curvature": 6.454183136521498,
  "coil_coil_distance": 1.043369811387639,
  "cc_threshold": 1.0607378604113165,
  "cc_weight": 0.4007135460691488,
  "gradient_norm": 0.05883673740428852,
  "linking_number": 0,
  "directory": "ncoils_4_order_6_R1_4.3_length_target_3e+01_weight_1.3_max_curvature_6.3_weight_0.001_msc_7.9_weight_7.9e-07_cc_1.1_weight_0.4",
  "mean_squared_curvatures": [
    0.10043645113361993,
    0.21311611836967498,
    0.28898766144965893,
    0.3463416309551733
  ],
  "max_mean_squared_curvature": 0.3463416309551733,
  "message": "STOP: TOTAL NO. of ITERATIONS REACHED LIMIT",
  "success": false,
  "iterations": 700,
  "function_evaluations": 1175,
  "coil_currents": [
    13446541.842884026,
    13210992.448268013,
    12548149.497150322,
    9375730.92978672
  ],
  "coil_surface_distance": 1.204217784481571
}