{
  "nfp": 4,
  "ncoils": 6,
  "R0": 11.34443056562854,
  "R1": 4.261522623959003,
  "order": 14,
  "nphi": 32,
  "ntheta": 32,
  "length_target": 34.653025987626854,
  "length_weight": 0.21921557010817705,
  "max_curvature_threshold": 3.241878284610696,
  "max_curvature_weight": 1.959952675781159e-05,
  "msc_threshold": 1.2417716013944151,
  "msc_weight": 3.068314559368473e-07,
  "JF": 0.000297391234294648,
  "Jf": 0.00024181714577263384,
  "BdotN": 0.004685510049331298,
  "lengths": [
    35.45061336289012,
    35.07372873319373,
    32.75936161130631,
    33.54879559624011,
    34.74242082939353,
    36.343466394026684
  ],
  "length": 207.91838652705044,
  "max_curvatures": [
    3.581824034306827,
    6.5396904055210365,
    3.4437644091549213,
    4.323483130752053,
    3.339150303033142,
    3.2283991304779778
  ],
  "max_max_curvature": 6.5396904055210365,
  "coil_coil_distance": 0.7482959923504159,
  "cc_threshold": 0.7484788135226901,
  "cc_weight": 52.12530329524721,
  "gradient_norm": 0.0048105209718361155,
  "linking_number": 0,
  "directory": "ncoils_6_order_14_R1_4.3_length_target_3.5e+01_weight_0.22_max_curvature_3.2_weight_2e-05_msc_1.2_weight_3.1e-07_cc_0.75_weight_5.2e+01",
  "mean_squared_curvatures": [
    0.8613227996005579,
    1.425637851195251,
    0.5132571290089528,
    0.9444983638244752,
    0.7291608615978327,
    0.6901397335676026
  ],
  "max_mean_squared_curvature": 1.425637851195251,
  "message": "STOP: TOTAL NO. of ITERATIONS REACHED LIMIT",
  "success": false,
  "iterations": 700,
  "function_evaluations": 789,
  "coil_currents": [
    8159754.822557591,
    8044406.801389093,
    8056899.019898179,
    7974917.674538681,
    8019433.751472986,
    8326002.648232549
  ],
  "coil_surface_distance": 0.8192341868780534
}