{
  "nfp": 4,
  "R0": 11.34443056562854,
  "R1": 4.917966726744881,
  "ncoils": 4,
  "order": 14,
  "nphi": 32,
  "ntheta": 32,
  "length_target": 39.770110765724525,
  "length_weight": 3.682305786793891,
  "max_curvature_threshold": 4.8700382959318045,
  "max_curvature_weight": 9.604247950057772e-06,
  "msc_threshold": 1.1592132603163021,
  "msc_weight": 2.8598826739698147e-07,
  "JF": 0.004408691409782083,
  "Jf": 0.0043945983890385076,
  "BdotN": 0.01117871716585138,
  "lengths": [
    40.31232335797859,
    39.57364310557911,
    38.853052800249344,
    40.34140531076099
  ],
  "length": 159.08042457456804,
  "max_curvatures": [
    3.670725290944867,
    5.490563920092316,
    5.357221610002151,
    8.152286082463405
  ],
  "max_max_curvature": 8.152286082463405,
  "coil_coil_distance": 1.0597380106527234,
  "cc_threshold": 1.0601995175066519,
  "cc_weight": 37.875687274549726,
  "gradient_norm": 0.015887719130166247,
  "linking_number": 0,
  "directory": "ncoils_4_order_14_R1_4.9_length_target_4e+01_weight_3.7_max_curvature_4.9_weight_9.6e-06_msc_1.2_weight_2.9e-07_cc_1.1_weight_3.8e+01",
  "mean_squared_curvatures": [
    0.2845562004366944,
    0.3836210239874311,
    0.4055197434359126,
    1.4628747221928171
  ],
  "max_mean_squared_curvature": 1.4628747221928171,
  "message": "STOP: TOTAL NO. of ITERATIONS REACHED LIMIT",
  "success": false,
  "iterations": 700,
  "function_evaluations": 813,
  "coil_currents": [
    12135325.708963161,
    12150069.693762826,
    12192429.33516851,
    12103589.980194584
  ],
  "coil_surface_distance": 1.270536066700508
}