{
  "nfp": 4,
  "R0": 11.34443056562854,
  "R1": 4.924846945688996,
  "ncoils": 5,
  "order": 6,
  "nphi": 32,
  "ntheta": 32,
  "length_target": 45.65356433588035,
  "length_weight": 90.83440040101709,
  "max_curvature_threshold": 7.8040114374826155,
  "max_curvature_weight": 1.7065845508254583e-05,
  "msc_threshold": 4.0041883862046515,
  "msc_weight": 3.1944841148524365e-07,
  "JF": 10.784966039091454,
  "Jf": 10.150658288440273,
  "BdotN": 0.4078169851613595,
  "lengths": [
    51.09978930909114,
    47.75031213551138,
    43.743010529001744,
    42.241739213000585,
    43.46210417287899
  ],
  "length": 228.29695535948383,
  "max_curvatures": [
    4.348618530952334,
    37.04609849001318,
    3.6966401567807217,
    2.0462562503983683,
    3.1687165913831126
  ],
  "max_max_curvature": 37.04609849001318,
  "coil_coil_distance": 0.14131156017975496,
  "cc_threshold": 0.6706478938746679,
  "cc_weight": 1.5169289050978547,
  "gradient_norm": 61.52962514615938,
  "linking_number": 8,
  "directory": "ncoils_5_order_6_R1_4.9_length_target_4.6e+01_weight_9.1e+01_max_curvature_7.8_weight_1.7e-05_msc_4.0_weight_3.2e-07_cc_0.67_weight_1.5",
  "mean_squared_curvatures": [
    0.22825105317983127,
    1.9921199916261076,
    0.2603265130149461,
    0.23339957891361607,
    0.3271628217342684
  ],
  "max_mean_squared_curvature": 1.9921199916261076,
  "message": "ABNORMAL_TERMINATION_IN_LNSRCH",
  "success": false,
  "iterations": 78,
  "function_evaluations": 188,
  "coil_currents": [
    8596855.672139939,
    8803529.754118586,
    9229832.936404644,
    9562720.924757099,
    12388475.430668809
  ],
  "coil_surface_distance": 1.4849469902446604
}