{
  "nfp": 4,
  "R0": 11.34443056562854,
  "R1": 4.91466815557243,
  "ncoils": 6,
  "order": 9,
  "nphi": 32,
  "ntheta": 32,
  "length_target": 44.16293796048052,
  "length_weight": 51.454382552274105,
  "max_curvature_threshold": 2.319785972956665,
  "max_curvature_weight": 0.0005151675489275748,
  "msc_threshold": 1.9703025390757163,
  "msc_weight": 1.4816731547893322e-06,
  "JF": 0.007233226528763937,
  "Jf": 0.007051084781064033,
  "BdotN": 0.015507728235333125,
  "lengths": [
    48.818451825000416,
    45.21705470981941,
    49.88201854873739,
    39.08104304769974,
    38.40569044899072,
    43.57373756552386
  ],
  "length": 264.9779961457715,
  "max_curvatures": [
    2.914402892058711,
    2.601272492988104,
    3.096647245387516,
    2.4730512412173846,
    2.5695010078810103,
    3.3217812414260783
  ],
  "max_max_curvature": 3.3217812414260783,
  "coil_coil_distance": 0.824844399977903,
  "cc_threshold": 0.8396005461297373,
  "cc_weight": 1.6331414856774853,
  "gradient_norm": 0.5599345798103279,
  "linking_number": 0,
  "directory": "ncoils_6_order_9_R1_4.9_length_target_4.4e+01_weight_5.1e+01_max_curvature_2.3_weight_0.00052_msc_2.0_weight_1.5e-06_cc_0.84_weight_1.6",
  "mean_squared_curvatures": [
    0.44423819684368765,
    0.3164375272306273,
    0.45672932626930085,
    0.2920071670457359,
    0.3831423866345392,
    0.3731755882979391
  ],
  "max_mean_squared_curvature": 0.45672932626930085,
  "message": "STOP: TOTAL NO. of ITERATIONS REACHED LIMIT",
  "success": false,
  "iterations": 700,
  "function_evaluations": 856,
  "coil_currents": [
    8417184.58884076,
    8062889.343722519,
    8202258.375335192,
    7866298.477093466,
    7821205.490518698,
    8211578.44257845
  ],
  "coil_surface_distance": 1.215769142587174
}