{
  "nfp": 4,
  "R0": 11.34443056562854,
  "R1": 4.33647430763071,
  "ncoils": 4,
  "order": 8,
  "nphi": 32,
  "ntheta": 32,
  "length_target": 31.484375685314877,
  "length_weight": 4.797009833626889,
  "max_curvature_threshold": 3.5456678279398526,
  "max_curvature_weight": 1.9264790679195293e-06,
  "msc_threshold": 5.3602976613381,
  "msc_weight": 1.0088058124353304e-05,
  "JF": 0.00921745930411236,
  "Jf": 0.009200654846880298,
  "BdotN": 0.014744581980824218,
  "lengths": [
    33.10657309741098,
    31.60809884246719,
    31.076305353241903,
    30.146622134446083
  ],
  "length": 125.93759942756617,
  "max_curvatures": [
    16.733267106981813,
    9.387773719206114,
    14.543621871920402,
    5.699449554133557
  ],
  "max_max_curvature": 16.733267106981813,
  "coil_coil_distance": 1.1608371105481172,
  "cc_threshold": 1.1610105356487477,
  "cc_weight": 742.3019439800353,
  "gradient_norm": 0.043665749390041336,
  "linking_number": 0,
  "directory": "ncoils_4_order_8_R1_4.3_length_target_3.1e+01_weight_4.8_max_curvature_3.5_weight_1.9e-06_msc_5.4_weight_1e-05_cc_1.2_weight_7.4e+02",
  "mean_squared_curvatures": [
    0.7556238443800416,
    0.4975109403149003,
    0.9296805108755657,
    0.6354384326395573
  ],
  "max_mean_squared_curvature": 0.9296805108755657,
  "message": "STOP: TOTAL NO. of ITERATIONS REACHED LIMIT",
  "success": false,
  "iterations": 700,
  "function_evaluations": 854,
  "coil_currents": [
    12323145.225887697,
    12196519.932890685,
    12146190.647040578,
    11915558.912270121
  ],
  "coil_surface_distance": 1.163751997429596
}