{
  "nfp": 4,
  "R0": 11.34443056562854,
  "R1": 4.17578464315317,
  "ncoils": 5,
  "order": 8,
  "nphi": 32,
  "ntheta": 32,
  "length_target": 38.89363153251692,
  "length_weight": 0.22743325980646953,
  "max_curvature_threshold": 6.836146787517546,
  "max_curvature_weight": 0.0013531847736471968,
  "msc_threshold": 2.5464677805662608,
  "msc_weight": 2.6402553749020597e-06,
  "JF": 0.0016382145531009848,
  "Jf": 0.0016376676479063028,
  "BdotN": 0.0066706587811454394,
  "lengths": [
    38.3628730051452,
    36.571667110471594,
    38.94842657977477,
    37.22116114310743,
    43.36313501095886
  ],
  "length": 194.46726284945782,
  "max_curvatures": [
    6.7839435066921565,
    6.7985449399230395,
    6.858385344606211,
    5.273303226540092,
    6.6636685513372305
  ],
  "max_max_curvature": 6.858385344606211,
  "coil_coil_distance": 0.9349355768408595,
  "cc_threshold": 0.9349989353684118,
  "cc_weight": 180.73766909018414,
  "gradient_norm": 0.03169698031904164,
  "linking_number": 0,
  "directory": "ncoils_5_order_8_R1_4.2_length_target_3.9e+01_weight_0.23_max_curvature_6.8_weight_0.0014_msc_2.5_weight_2.6e-06_cc_0.93_weight_1.8e+02",
  "mean_squared_curvatures": [
    1.0519888655420029,
    1.2107177557505127,
    1.3716888975388482,
    0.7354565928127965,
    1.171051816423726
  ],
  "max_mean_squared_curvature": 1.3716888975388482,
  "message": "STOP: TOTAL NO. of ITERATIONS REACHED LIMIT",
  "success": false,
  "iterations": 700,
  "function_evaluations": 992,
  "coil_currents": [
    9737561.691653881,
    9607773.921280049,
    9658762.479085632,
    9682124.027430449,
    9895192.598639071
  ],
  "coil_surface_distance": 0.8447223824702121
}