{
  "nfp": 4,
  "R0": 11.34443056562854,
  "R1": 4.634778375163819,
  "ncoils": 4,
  "order": 13,
  "nphi": 32,
  "ntheta": 32,
  "length_target": 28.891624705330493,
  "length_weight": 0.3350825644907233,
  "max_curvature_threshold": 2.1660939124952017,
  "max_curvature_weight": 0.0008322496101447241,
  "msc_threshold": 6.424701855726063,
  "msc_weight": 1.8695572091299704e-05,
  "JF": 0.029880907336217698,
  "Jf": 0.029795187102541826,
  "BdotN": 0.02418784568315355,
  "lengths": [
    30.277672427253673,
    29.340995933733293,
    28.606855114565462,
    27.350923983865414
  ],
  "length": 115.57644745941784,
  "max_curvatures": [
    2.554894498696546,
    2.5123317915354275,
    2.4966602286186017,
    2.2911972144121777
  ],
  "max_max_curvature": 2.554894498696546,
  "coil_coil_distance": 1.182809698393685,
  "cc_threshold": 1.188236892178928,
  "cc_weight": 10.480798440246405,
  "gradient_norm": 0.09096104000701749,
  "linking_number": 0,
  "directory": "ncoils_4_order_13_R1_4.6_length_target_2.9e+01_weight_0.34_max_curvature_2.2_weight_0.00083_msc_6.4_weight_1.9e-05_cc_1.2_weight_1e+01",
  "mean_squared_curvatures": [
    0.1480497694542085,
    0.18038934612596724,
    0.24668741671879252,
    0.31855842458095207
  ],
  "max_mean_squared_curvature": 0.31855842458095207,
  "message": "STOP: TOTAL NO. of ITERATIONS REACHED LIMIT",
  "success": false,
  "iterations": 700,
  "function_evaluations": 792,
  "coil_currents": [
    12453948.010492777,
    12255309.229578113,
    12244125.07340968,
    11628032.40460851
  ],
  "coil_surface_distance": 1.1342252536321207
}