{
  "nfp": 4,
  "R0": 11.34443056562854,
  "R1": 4.388578784362772,
  "ncoils": 3,
  "order": 12,
  "nphi": 32,
  "ntheta": 32,
  "length_target": 38.65492279768733,
  "length_weight": 16.78937740198808,
  "max_curvature_threshold": 7.0377640742410135,
  "max_curvature_weight": 0.000484595357486571,
  "msc_threshold": 4.191302200527292,
  "msc_weight": 1.4171354552596015e-05,
  "JF": 0.013500166843483794,
  "Jf": 0.013476932052438759,
  "BdotN": 0.019971252922985138,
  "lengths": [
    39.8236456044684,
    38.83270347198857,
    37.308656207297304
  ],
  "length": 115.96500528375428,
  "max_curvatures": [
    6.9302217268758435,
    6.823095884436571,
    7.296085691554219
  ],
  "max_max_curvature": 7.296085691554219,
  "coil_coil_distance": 1.1668617865637607,
  "cc_threshold": 1.1684872009226779,
  "cc_weight": 40.56094510205873,
  "gradient_norm": 0.08808891302749619,
  "linking_number": 0,
  "directory": "ncoils_3_order_12_R1_4.4_length_target_3.9e+01_weight_1.7e+01_max_curvature_7.0_weight_0.00048_msc_4.2_weight_1.4e-05_cc_1.2_weight_4.1e+01",
  "mean_squared_curvatures": [
    0.6082937638805833,
    0.6037745267140968,
    0.8315936410025582
  ],
  "max_mean_squared_curvature": 0.8315936410025582,
  "message": "STOP: TOTAL NO. of ITERATIONS REACHED LIMIT",
  "success": false,
  "iterations": 700,
  "function_evaluations": 812,
  "coil_currents": [
    16178507.607818527,
    16159315.921873944,
    16243591.18839661
  ],
  "coil_surface_distance": 1.364180993889622
}