{
  "nfp": 4,
  "ncoils": 6,
  "R0": 11.34443056562854,
  "R1": 4.6620393566819205,
  "order": 10,
  "nphi": 32,
  "ntheta": 32,
  "length_target": 43.81308364176853,
  "length_weight": 2.001121290377447,
  "max_curvature_threshold": 0.6318701698219421,
  "max_curvature_weight": 7.502579159587945e-06,
  "msc_threshold": 4.30431218657235,
  "msc_weight": 2.8081504575994866e-07,
  "JF": 0.0007652640230311165,
  "Jf": 0.0006088866671723767,
  "BdotN": 0.004764177014037817,
  "lengths": [
    43.902481275429516,
    44.58009556703332,
    44.99242178146566,
    40.63511706806613,
    42.54214155927606,
    46.22625346329883
  ],
  "length": 262.87851071456953,
  "max_curvatures": [
    2.242939500291402,
    8.478929054157957,
    3.105694453181007,
    2.4124801937742957,
    4.3473345066334925,
    6.86068822844036
  ],
  "max_max_curvature": 8.478929054157957,
  "coil_coil_distance": 0.5699502253152328,
  "cc_threshold": 0.5701774647005096,
  "cc_weight": 2.8354484164342844,
  "gradient_norm": 13.571810609992982,
  "linking_number": 0,
  "directory": "ncoils_6_order_10_R1_4.7_length_target_4.4e+01_weight_2.0_max_curvature_0.63_weight_7.5e-06_msc_4.3_weight_2.8e-07_cc_0.57_weight_2.8",
  "mean_squared_curvatures": [
    0.31283626903608036,
    0.5416322118343182,
    0.4287765187643956,
    0.36595292250699507,
    0.5320311564776109,
    0.6439907327117005
  ],
  "max_mean_squared_curvature": 0.6439907327117005,
  "message": "CONVERGENCE: REL_REDUCTION_OF_F_<=_FACTR*EPSMCH",
  "success": true,
  "iterations": 696,
  "function_evaluations": 836,
  "coil_currents": [
    8032736.782528282,
    8005161.036696933,
    8038448.680975408,
    7922023.226909815,
    7916984.920816585,
    8666060.070162058
  ],
  "coil_surface_distance": 1.2876631164082417
}