{
  "nfp": 4,
  "R0": 11.34443056562854,
  "R1": 4.578351581884996,
  "ncoils": 5,
  "order": 12,
  "nphi": 32,
  "ntheta": 32,
  "length_target": 45.91319116872786,
  "length_weight": 0.02931038449759153,
  "max_curvature_threshold": 5.1103627866964665,
  "max_curvature_weight": 7.959150234840066e-05,
  "msc_threshold": 5.6096317377636264,
  "msc_weight": 3.873555744353566e-06,
  "JF": 3.4129860636104206,
  "Jf": 3.3653492843301436,
  "BdotN": 0.2769983059325453,
  "lengths": [
    53.65672566720211,
    47.88066848109216,
    43.513182338202924,
    42.30774165165761,
    42.91553803977278
  ],
  "length": 230.27385617792757,
  "max_curvatures": [
    9.328295309654104,
    3.200929588362142,
    4.611421530487954,
    5.710821875705574,
    3.984801835805435
  ],
  "max_max_curvature": 9.328295309654104,
  "coil_coil_distance": 0.10862662401776446,
  "cc_threshold": 0.9342362146112836,
  "cc_weight": 0.01905658510359346,
  "gradient_norm": 2.091598313423986,
  "linking_number": 8,
  "directory": "ncoils_5_order_12_R1_4.6_length_target_4.6e+01_weight_0.029_max_curvature_5.1_weight_8e-05_msc_5.6_weight_3.9e-06_cc_0.93_weight_0.019",
  "mean_squared_curvatures": [
    0.5392660509780045,
    0.3293738860848001,
    0.3252700511754557,
    0.37514510827425995,
    0.4535416448722502
  ],
  "max_mean_squared_curvature": 0.5392660509780045,
  "message": "ABNORMAL_TERMINATION_IN_LNSRCH",
  "success": false,
  "iterations": 19,
  "function_evaluations": 119,
  "coil_currents": [
    9277749.549623942,
    9349172.411357332,
    9516421.934791705,
    9648523.083707927,
    10789547.738608174
  ],
  "coil_surface_distance": 1.1326994648507915
}