{
  "nfp": 4,
  "R0": 11.34443056562854,
  "R1": 4.834260957810687,
  "ncoils": 4,
  "order": 10,
  "nphi": 32,
  "ntheta": 32,
  "length_target": 33.04188727306987,
  "length_weight": 0.010943584622937833,
  "max_curvature_threshold": 4.330259439914295,
  "max_curvature_weight": 2.848656424745462e-05,
  "msc_threshold": 3.1854542525379617,
  "msc_weight": 6.749860565002311e-07,
  "JF": 0.00342064585315408,
  "Jf": 0.003277404754717292,
  "BdotN": 0.008269769899584667,
  "lengths": [
    33.945019161390874,
    32.789221567066186,
    33.46033114720196,
    31.999298025762734
  ],
  "length": 132.19386990142175,
  "max_curvatures": [
    4.41960361111518,
    5.0202366554985005,
    4.693320810064613,
    4.2357708819574835
  ],
  "max_max_curvature": 5.0202366554985005,
  "coil_coil_distance": 0.9976857845024458,
  "cc_threshold": 1.042554901000431,
  "cc_weight": 0.07093650140192156,
  "gradient_norm": 0.39596420665867893,
  "linking_number": 0,
  "directory": "ncoils_4_order_10_R1_4.8_length_target_3.3e+01_weight_0.011_max_curvature_4.3_weight_2.8e-05_msc_3.2_weight_6.7e-07_cc_1.0_weight_0.071",
  "mean_squared_curvatures": [
    0.14746993325310764,
    0.22795584161016252,
    0.30026197105935365,
    0.3615843859112326
  ],
  "max_mean_squared_curvature": 0.3615843859112326,
  "message": "CONVERGENCE: REL_REDUCTION_OF_F_<=_FACTR*EPSMCH",
  "success": true,
  "iterations": 288,
  "function_evaluations": 403,
  "coil_currents": [
    12276589.59938631,
    12284669.724030541,
    12383170.386057114,
    11636985.008615114
  ],
  "coil_surface_distance": 1.269965584375796
}