{
  "nfp": 4,
  "R0": 11.34443056562854,
  "R1": 4.334242876417196,
  "ncoils": 3,
  "order": 9,
  "nphi": 32,
  "ntheta": 32,
  "length_target": 41.82579273908169,
  "length_weight": 0.31533034045744446,
  "max_curvature_threshold": 6.983755524830658,
  "max_curvature_weight": 1.4640018873036675e-06,
  "msc_threshold": 1.5635436758918548,
  "msc_weight": 2.6268432920365414e-07,
  "JF": 0.001925937579866409,
  "Jf": 0.001918609632897514,
  "BdotN": 0.007306838620048662,
  "lengths": [
    43.074515017355,
    41.827452207073215,
    40.5762303254342
  ],
  "length": 125.47819754986241,
  "max_curvatures": [
    5.027849162070225,
    18.78110466553456,
    3.7531223449206643
  ],
  "max_max_curvature": 18.78110466553456,
  "coil_coil_distance": 0.8308204278548621,
  "cc_threshold": 0.8310118315872161,
  "cc_weight": 20.89672565812517,
  "gradient_norm": 0.004419924832326568,
  "linking_number": 0,
  "directory": "ncoils_3_order_9_R1_4.3_length_target_4.2e+01_weight_0.32_max_curvature_7.0_weight_1.5e-06_msc_1.6_weight_2.6e-07_cc_0.83_weight_2.1e+01",
  "mean_squared_curvatures": [
    0.19247906539967227,
    0.8301203908955022,
    0.4418201885817787
  ],
  "max_mean_squared_curvature": 0.8301203908955022,
  "message": "STOP: TOTAL NO. of ITERATIONS REACHED LIMIT",
  "success": false,
  "iterations": 700,
  "function_evaluations": 807,
  "coil_currents": [
    16070461.417749383,
    16071370.332967756,
    16439582.96737194
  ],
  "coil_surface_distance": 1.2260128399066774
}