{
  "nfp": 4,
  "R0": 11.34443056562854,
  "R1": 4.625990894413789,
  "ncoils": 4,
  "order": 10,
  "nphi": 32,
  "ntheta": 32,
  "length_target": 43.322384656831666,
  "length_weight": 0.930954851675547,
  "max_curvature_threshold": 7.857718814851298,
  "max_curvature_weight": 4.414721750185011e-06,
  "msc_threshold": 5.4619979180238625,
  "msc_weight": 1.2472354140177496e-06,
  "JF": 0.003558826773034226,
  "Jf": 0.0035424988692713414,
  "BdotN": 0.010591137536670755,
  "lengths": [
    40.07988784998279,
    40.10388768513755,
    45.89862622248559,
    47.20792754861673
  ],
  "length": 173.29032930622265,
  "max_curvatures": [
    14.230756524223887,
    11.597793019359889,
    8.960348867644251,
    12.29645344099811
  ],
  "max_max_curvature": 14.230756524223887,
  "coil_coil_distance": 1.104147151458532,
  "cc_threshold": 1.1044778649959965,
  "cc_weight": 81.19321750021082,
  "gradient_norm": 0.07070780876991278,
  "linking_number": 0,
  "directory": "ncoils_4_order_10_R1_4.6_length_target_4.3e+01_weight_0.93_max_curvature_7.9_weight_4.4e-06_msc_5.5_weight_1.2e-06_cc_1.1_weight_8.1e+01",
  "mean_squared_curvatures": [
    1.6477320903989503,
    1.145655506041938,
    1.8027588075017014,
    1.0775781775574262
  ],
  "max_mean_squared_curvature": 1.8027588075017014,
  "message": "STOP: TOTAL NO. of ITERATIONS REACHED LIMIT",
  "success": false,
  "iterations": 700,
  "function_evaluations": 926,
  "coil_currents": [
    12088356.339886094,
    12187099.421390707,
    12119575.54692767,
    12186383.40988461
  ],
  "coil_surface_distance": 1.223837771071514
}