{
  "nfp": 4,
  "R0": 11.34443056562854,
  "R1": 4.519727714003084,
  "ncoils": 5,
  "order": 9,
  "nphi": 32,
  "ntheta": 32,
  "length_target": 45.58131632455567,
  "length_weight": 0.040619720162305493,
  "max_curvature_threshold": 2.755606044957102,
  "max_curvature_weight": 3.803173469637152e-06,
  "msc_threshold": 6.900410422064275,
  "msc_weight": 3.410020303428382e-05,
  "JF": 0.00024356997651374816,
  "Jf": 0.00023791981014412866,
  "BdotN": 0.004874316455313484,
  "lengths": [
    44.90131765040872,
    45.872196647385444,
    41.66117986239119,
    43.6964573344777,
    51.77669849375093
  ],
  "length": 227.907849988414,
  "max_curvatures": [
    2.5696351336793084,
    6.155153959293235,
    4.0612086650514705,
    2.3738050424816626,
    3.356835815305517
  ],
  "max_max_curvature": 6.155153959293235,
  "coil_coil_distance": 0.6519120128591015,
  "cc_threshold": 0.6524770747242971,
  "cc_weight": 1.0853065845543555,
  "gradient_norm": 0.0015743993439809828,
  "linking_number": 0,
  "directory": "ncoils_5_order_9_R1_4.5_length_target_4.6e+01_weight_0.041_max_curvature_2.8_weight_3.8e-06_msc_6.9_weight_3.4e-05_cc_0.65_weight_1.1",
  "mean_squared_curvatures": [
    0.23258399227414542,
    0.6047232196208785,
    0.3159404820650269,
    0.22015547778453404,
    0.40418604553799214
  ],
  "max_mean_squared_curvature": 0.6047232196208785,
  "message": "STOP: TOTAL NO. of ITERATIONS REACHED LIMIT",
  "success": false,
  "iterations": 700,
  "function_evaluations": 806,
  "coil_currents": [
    9840363.495344747,
    9230534.184523547,
    9843785.289687065,
    9368005.721439099,
    10298726.027094617
  ],
  "coil_surface_distance": 1.18316448272329
}