{
  "nfp": 4,
  "R0": 11.34443056562854,
  "R1": 4.588179911679641,
  "ncoils": 4,
  "order": 8,
  "nphi": 32,
  "ntheta": 32,
  "length_target": 38.032272528756806,
  "length_weight": 3.66689043821563,
  "max_curvature_threshold": 1.7700289082967757,
  "max_curvature_weight": 3.551588789772215e-06,
  "msc_threshold": 7.625989846430264,
  "msc_weight": 1.0910495999511463e-06,
  "JF": 0.0008659700645064572,
  "Jf": 0.0008582560733884333,
  "BdotN": 0.00612386972608217,
  "lengths": [
    40.10617591965099,
    37.77528752635014,
    37.781985577727625,
    36.46570863777817
  ],
  "length": 152.12915766150692,
  "max_curvatures": [
    2.956529577625705,
    1.9988328213648332,
    3.0312661332928714,
    3.98077631229839
  ],
  "max_max_curvature": 3.98077631229839,
  "coil_coil_distance": 0.7799506259320088,
  "cc_threshold": 0.7869392829345789,
  "cc_weight": 0.407794569775689,
  "gradient_norm": 0.0046937856396822965,
  "linking_number": 0,
  "directory": "ncoils_4_order_8_R1_4.6_length_target_3.8e+01_weight_3.7_max_curvature_1.8_weight_3.6e-06_msc_7.6_weight_1.1e-06_cc_0.79_weight_0.41",
  "mean_squared_curvatures": [
    0.2635507702231694,
    0.21159877783274159,
    0.34849980603754127,
    0.3608299180025843
  ],
  "max_mean_squared_curvature": 0.3608299180025843,
  "message": "STOP: TOTAL NO. of ITERATIONS REACHED LIMIT",
  "success": false,
  "iterations": 700,
  "function_evaluations": 793,
  "coil_currents": [
    12349473.921534171,
    12198029.969260663,
    12017680.42656274,
    12016230.400731504
  ],
  "coil_surface_distance": 1.4203304708715847
}