{
  "nfp": 4,
  "R0": 11.34443056562854,
  "R1": 4.138772411358405,
  "ncoils": 5,
  "order": 9,
  "nphi": 32,
  "ntheta": 32,
  "length_target": 41.73294938714781,
  "length_weight": 1.410096834057408,
  "max_curvature_threshold": 0.9190588132264843,
  "max_curvature_weight": 4.0420542312617355e-05,
  "msc_threshold": 2.144701460196321,
  "msc_weight": 1.570281060491674e-06,
  "JF": 0.0006693139368669951,
  "Jf": 0.0006017989344926366,
  "BdotN": 0.004645264867011237,
  "lengths": [
    40.76802767710274,
    40.0991472635975,
    41.487394467189695,
    41.34429578276346,
    44.965052909465335
  ],
  "length": 208.6639181001187,
  "max_curvatures": [
    1.1984212597523836,
    1.5392908830985346,
    1.8386986677192874,
    2.971242132146371,
    1.4632437343449005
  ],
  "max_max_curvature": 2.971242132146371,
  "coil_coil_distance": 0.6516627726819708,
  "cc_threshold": 0.6515210946546446,
  "cc_weight": 838.8771640008936,
  "gradient_norm": 0.037609509793178966,
  "linking_number": 0,
  "directory": "ncoils_5_order_9_R1_4.1_length_target_4.2e+01_weight_1.4_max_curvature_0.92_weight_4e-05_msc_2.1_weight_1.6e-06_cc_0.65_weight_8.4e+02",
  "mean_squared_curvatures": [
    0.19307983875824358,
    0.20776444910562195,
    0.38831968635050323,
    0.3967613617964084,
    0.31270734906241093
  ],
  "max_mean_squared_curvature": 0.3967613617964084,
  "message": "STOP: TOTAL NO. of ITERATIONS REACHED LIMIT",
  "success": false,
  "iterations": 700,
  "function_evaluations": 1157,
  "coil_currents": [
    9809248.699608974,
    9773011.752088198,
    9805201.235518053,
    9699710.593621762,
    9494242.437252097
  ],
  "coil_surface_distance": 1.3136650338114935
}