{
  "nfp": 4,
  "R0": 11.34443056562854,
  "R1": 4.822989009069371,
  "ncoils": 5,
  "order": 14,
  "nphi": 32,
  "ntheta": 32,
  "length_target": 33.32836997529144,
  "length_weight": 1.4949918896709926,
  "max_curvature_threshold": 1.774631493673919,
  "max_curvature_weight": 7.813715204166272e-06,
  "msc_threshold": 6.089018291908322,
  "msc_weight": 2.5996275386420825e-06,
  "JF": 0.00018567417526562294,
  "Jf": 0.0001842647139686961,
  "BdotN": 0.00437487625814959,
  "lengths": [
    35.08418334472607,
    33.87391903813529,
    32.85242428530515,
    32.46537184754786,
    32.36592318535452
  ],
  "length": 166.6418217010689,
  "max_curvatures": [
    1.6019490800604572,
    1.6132336130910636,
    1.8577982777550197,
    2.409377508958883,
    2.425632162888106
  ],
  "max_max_curvature": 2.425632162888106,
  "coil_coil_distance": 0.5160934253231718,
  "cc_threshold": 0.5176440888912143,
  "cc_weight": 2.8448853538931753,
  "gradient_norm": 0.0014653284628356284,
  "linking_number": 0,
  "directory": "ncoils_5_order_14_R1_4.8_length_target_3.3e+01_weight_1.5_max_curvature_1.8_weight_7.8e-06_msc_6.1_weight_2.6e-06_cc_0.52_weight_2.8",
  "mean_squared_curvatures": [
    0.15280334396758552,
    0.13575377501048638,
    0.19871061864474018,
    0.3284105017726745,
    0.30575354792414283
  ],
  "max_mean_squared_curvature": 0.3284105017726745,
  "message": "STOP: TOTAL NO. of ITERATIONS REACHED LIMIT",
  "success": false,
  "iterations": 700,
  "function_evaluations": 759,
  "coil_currents": [
    9716637.803950278,
    9685304.480296372,
    9640032.939409932,
    9646663.394150859,
    9892776.10028164
  ],
  "coil_surface_distance": 1.4166466188623148
}