{
  "nfp": 4,
  "ncoils": 6,
  "R0": 11.34443056562854,
  "R1": 4.846104056510615,
  "order": 7,
  "nphi": 32,
  "ntheta": 32,
  "length_target": 35.778335118427165,
  "length_weight": 0.16498503699659495,
  "max_curvature_threshold": 2.4415078859923782,
  "max_curvature_weight": 1.4898227976663338e-05,
  "msc_threshold": 2.671902293040586,
  "msc_weight": 2.2961017142912784e-07,
  "JF": 0.006613845944497663,
  "Jf": 0.006334072187355198,
  "BdotN": 0.015532405005380136,
  "lengths": [
    34.950181477960136,
    37.268317204993956,
    33.13489569937928,
    41.77552884844581,
    39.21090198656028,
    28.32967786274398
  ],
  "length": 214.66950308008344,
  "max_curvatures": [
    3.741695705782629,
    9.600965444535145,
    7.17068736510803,
    5.398068584971862,
    8.499496176469524,
    10.331020300984177
  ],
  "max_max_curvature": 10.331020300984177,
  "coil_coil_distance": 1.0000634305218363,
  "cc_threshold": 1.0002965495003209,
  "cc_weight": 141.1778249484785,
  "gradient_norm": 0.08223459521506508,
  "linking_number": 0,
  "directory": "ncoils_6_order_7_R1_4.8_length_target_3.6e+01_weight_0.16_max_curvature_2.4_weight_1.5e-05_msc_2.7_weight_2.3e-07_cc_1.0_weight_1.4e+02",
  "mean_squared_curvatures": [
    0.4752354490658699,
    0.6944064989962132,
    1.0118269056429194,
    0.662147050581987,
    0.8671223724999116,
    1.8400805475605262
  ],
  "max_mean_squared_curvature": 1.8400805475605262,
  "message": "STOP: TOTAL NO. of ITERATIONS REACHED LIMIT",
  "success": false,
  "iterations": 700,
  "function_evaluations": 969,
  "coil_currents": [
    8957663.840506107,
    8952183.129848884,
    8807173.817633761,
    9231658.351467589,
    9197240.720335362,
    3435494.858297378
  ],
  "coil_surface_distance": 0.1619378060475072
}