{
  "nfp": 4,
  "R0": 11.34443056562854,
  "R1": 4.715286620418524,
  "ncoils": 6,
  "order": 15,
  "nphi": 32,
  "ntheta": 32,
  "length_target": 34.50269325354963,
  "length_weight": 0.060429959578234445,
  "max_curvature_threshold": 6.189701741270514,
  "max_curvature_weight": 0.0002080327723466921,
  "msc_threshold": 7.167814074412653,
  "msc_weight": 7.742069264966308e-07,
  "JF": 0.0001615575845877736,
  "Jf": 0.000161497563571016,
  "BdotN": 0.004149454895761578,
  "lengths": [
    34.070434135695194,
    33.82858711107999,
    33.71939871357132,
    33.48401474793895,
    36.16618174176671,
    35.74777654802827
  ],
  "length": 207.01639299808045,
  "max_curvatures": [
    5.793914536033619,
    4.421084098832176,
    5.913098726481019,
    6.052125638860471,
    6.184788993338103,
    6.2458374356303406
  ],
  "max_max_curvature": 6.2458374356303406,
  "coil_coil_distance": 0.6757487651678686,
  "cc_threshold": 0.6759018264544361,
  "cc_weight": 231.55559947195158,
  "gradient_norm": 0.0019556492868468695,
  "linking_number": 0,
  "directory": "ncoils_6_order_15_R1_4.7_length_target_3.5e+01_weight_0.06_max_curvature_6.2_weight_0.00021_msc_7.2_weight_7.7e-07_cc_0.68_weight_2.3e+02",
  "mean_squared_curvatures": [
    0.7362177406847656,
    0.5839851813000861,
    1.4126205305651403,
    0.9736526594149423,
    1.052530993628669,
    1.8033199081221287
  ],
  "max_mean_squared_curvature": 1.8033199081221287,
  "message": "STOP: TOTAL NO. of ITERATIONS REACHED LIMIT",
  "success": false,
  "iterations": 700,
  "function_evaluations": 968,
  "coil_currents": [
    8051660.076067188,
    8003004.701439924,
    7939081.377330618,
    7982682.274003905,
    7962423.078855672,
    8642563.210391775
  ],
  "coil_surface_distance": 1.127690029224413
}