{
  "nfp": 4,
  "R0": 11.34443056562854,
  "R1": 4.848738998952942,
  "ncoils": 5,
  "order": 6,
  "nphi": 32,
  "ntheta": 32,
  "length_target": 28.573887017348195,
  "length_weight": 2.6173832918980553,
  "max_curvature_threshold": 6.094610784774091,
  "max_curvature_weight": 0.0021309144875577037,
  "msc_threshold": 6.976643066718984,
  "msc_weight": 1.8749721243313243e-06,
  "JF": 0.001588271422964691,
  "Jf": 0.0015881802173341266,
  "BdotN": 0.006762119761084258,
  "lengths": [
    30.878198241014417,
    29.79239789363755,
    28.584756146892055,
    27.53068533340948,
    26.083589184493597
  ],
  "length": 142.8696267994471,
  "max_curvatures": [
    6.146996550783747,
    6.064007871714097,
    5.252009576980468,
    2.276476837531802,
    3.233169464947129
  ],
  "max_max_curvature": 6.146996550783747,
  "coil_coil_distance": 0.6606615953565635,
  "cc_threshold": 0.6443928761172426,
  "cc_weight": 19.79176363587405,
  "gradient_norm": 0.005232487023929244,
  "linking_number": 0,
  "directory": "ncoils_5_order_6_R1_4.8_length_target_2.9e+01_weight_2.6_max_curvature_6.1_weight_0.0021_msc_7.0_weight_1.9e-06_cc_0.64_weight_2e+01",
  "mean_squared_curvatures": [
    0.22314031481763905,
    0.16464572061897373,
    0.22922938184804698,
    0.24162936640796032,
    0.3007501692479626
  ],
  "max_mean_squared_curvature": 0.3007501692479626,
  "message": "STOP: TOTAL NO. of ITERATIONS REACHED LIMIT",
  "success": false,
  "iterations": 700,
  "function_evaluations": 828,
  "coil_currents": [
    10267767.56057281,
    10147414.089237422,
    10003012.70039171,
    9809086.256982895,
    8354134.110904247
  ],
  "coil_surface_distance": 1.2316538217809714
}