{
  "nfp": 4,
  "R0": 11.34443056562854,
  "R1": 4.424769397179355,
  "ncoils": 4,
  "order": 12,
  "nphi": 32,
  "ntheta": 32,
  "length_target": 43.49287712371213,
  "length_weight": 1.4344735340468895,
  "max_curvature_threshold": 5.042439505693264,
  "max_curvature_weight": 0.005572686512846282,
  "msc_threshold": 2.8200769384313555,
  "msc_weight": 6.990985192471068e-05,
  "JF": 0.0006797905278667245,
  "Jf": 0.0006753953581220493,
  "BdotN": 0.004741070572108483,
  "lengths": [
    42.510383964577514,
    43.14539650867704,
    43.31701409020511,
    44.9991628058256
  ],
  "length": 173.97195736928526,
  "max_curvatures": [
    5.003368153038547,
    5.044545132787934,
    4.888696454440673,
    5.083323671728809
  ],
  "max_max_curvature": 5.083323671728809,
  "coil_coil_distance": 0.860539915766993,
  "cc_threshold": 0.863749256603736,
  "cc_weight": 0.43660944144476693,
  "gradient_norm": 0.018340524718515785,
  "linking_number": 0,
  "directory": "ncoils_4_order_12_R1_4.4_length_target_4.3e+01_weight_1.4_max_curvature_5.0_weight_0.0056_msc_2.8_weight_7e-05_cc_0.86_weight_0.44",
  "mean_squared_curvatures": [
    0.4881896820176836,
    0.6458786901559723,
    0.5357730837668574,
    0.5815818272703351
  ],
  "max_mean_squared_curvature": 0.6458786901559723,
  "message": "STOP: TOTAL NO. of ITERATIONS REACHED LIMIT",
  "success": false,
  "iterations": 700,
  "function_evaluations": 781,
  "coil_currents": [
    12009816.600951122,
    11965508.55386397,
    12037617.986199468,
    12568471.57707452
  ],
  "coil_surface_distance": 1.369934576485576
}