{
  "nfp": 4,
  "ncoils": 6,
  "R0": 11.34443056562854,
  "R1": 4.873519285497751,
  "order": 9,
  "nphi": 32,
  "ntheta": 32,
  "length_target": 42.358083713254416,
  "length_weight": 0.14962392998324586,
  "max_curvature_threshold": 1.6065879900605258,
  "max_curvature_weight": 1.3107884601838662e-06,
  "msc_threshold": 2.4875775906924855,
  "msc_weight": 1.2568499646357473e-05,
  "JF": 0.15077814901025008,
  "Jf": 0.15019631881408724,
  "BdotN": 0.16248065210213652,
  "lengths": [
    36.48895183894538,
    44.215590728010746,
    37.777867523736795,
    40.16036091930017,
    43.30489280160459,
    52.19998533595231
  ],
  "length": 254.14764914754997,
  "max_curvatures": [
    19.63372289822596,
    42.49335909047275,
    29.67993377206602,
    27.540005535978654,
    28.98434890574451,
    38.37950794489957
  ],
  "max_max_curvature": 42.49335909047275,
  "coil_coil_distance": 0.8601794286355988,
  "cc_threshold": 0.8607237447022549,
  "cc_weight": 3901.5525439559906,
  "gradient_norm": 2.9975725194449763,
  "linking_number": 0,
  "directory": "ncoils_6_order_9_R1_4.9_length_target_4.2e+01_weight_0.15_max_curvature_1.6_weight_1.3e-06_msc_2.5_weight_1.3e-05_cc_0.86_weight_3.9e+03",
  "mean_squared_curvatures": [
    2.5250983899683432,
    4.05494108206133,
    3.903647400730923,
    3.308248452798919,
    3.1973567898287647,
    3.490957309198087
  ],
  "max_mean_squared_curvature": 4.05494108206133,
  "message": "STOP: TOTAL NO. of ITERATIONS REACHED LIMIT",
  "success": false,
  "iterations": 700,
  "function_evaluations": 1383,
  "coil_currents": [
    8025291.201917135,
    8199091.2490556305,
    6713709.921881354,
    8124730.057806707,
    8282748.155959456,
    9235844.131468795
  ],
  "coil_surface_distance": 0.1334780929673746
}