{
  "nfp": 4,
  "R0": 11.34443056562854,
  "R1": 4.165516665683744,
  "ncoils": 3,
  "order": 7,
  "nphi": 32,
  "ntheta": 32,
  "length_target": 46.01243180568979,
  "length_weight": 95.04607246639704,
  "max_curvature_threshold": 3.8008250840830553,
  "max_curvature_weight": 0.0012061851326273271,
  "msc_threshold": 3.2617400868877833,
  "msc_weight": 2.337073237702265e-05,
  "JF": 0.00663284738459634,
  "Jf": 0.006580265982806014,
  "BdotN": 0.012910329559599086,
  "lengths": [
    48.482829950544584,
    45.791835497628355,
    43.76276951518142
  ],
  "length": 138.03743496335437,
  "max_curvatures": [
    3.5047360470859994,
    3.9137677957719696,
    4.297926925186312
  ],
  "max_max_curvature": 4.297926925186312,
  "coil_coil_distance": 0.700383699863385,
  "cc_threshold": 0.7078576733086407,
  "cc_weight": 1.1439985334251632,
  "gradient_norm": 0.29126672852242463,
  "linking_number": 0,
  "directory": "ncoils_3_order_7_R1_4.2_length_target_4.6e+01_weight_9.5e+01_max_curvature_3.8_weight_0.0012_msc_3.3_weight_2.3e-05_cc_0.71_weight_1.1",
  "mean_squared_curvatures": [
    0.3518719062295623,
    0.4506475666800958,
    0.5597201871924751
  ],
  "max_mean_squared_curvature": 0.5597201871924751,
  "message": "STOP: TOTAL NO. of ITERATIONS REACHED LIMIT",
  "success": false,
  "iterations": 700,
  "function_evaluations": 869,
  "coil_currents": [
    16250424.141006252,
    16257479.67234388,
    16073510.904738948
  ],
  "coil_surface_distance": 1.5398747755918376
}