{
  "nfp": 4,
  "R0": 11.34443056562854,
  "R1": 4.76751350358577,
  "ncoils": 6,
  "order": 11,
  "nphi": 32,
  "ntheta": 32,
  "length_target": 30.106710341304158,
  "length_weight": 0.14592511694648588,
  "max_curvature_threshold": 4.6373564515795875,
  "max_curvature_weight": 5.9903988942788445e-05,
  "msc_threshold": 1.0830440138643154,
  "msc_weight": 2.327003302851797e-06,
  "JF": 0.0016713296393889117,
  "Jf": 0.0016650430661402068,
  "BdotN": 0.008083283097596136,
  "lengths": [
    30.43961328196553,
    29.951919705195884,
    30.279968625690532,
    29.63373073559876,
    30.753833465493653,
    29.58067454421497
  ],
  "length": 180.63974035815932,
  "max_curvatures": [
    3.8091444788168305,
    3.176508490813376,
    5.144837130800938,
    5.394615591841949,
    5.313537477951352,
    4.745399646377769
  ],
  "max_max_curvature": 5.394615591841949,
  "coil_coil_distance": 0.9865667320464248,
  "cc_threshold": 0.9871563120595166,
  "cc_weight": 40.976428136857976,
  "gradient_norm": 0.01690371825530236,
  "linking_number": 0,
  "directory": "ncoils_6_order_11_R1_4.8_length_target_3e+01_weight_0.15_max_curvature_4.6_weight_6e-05_msc_1.1_weight_2.3e-06_cc_0.99_weight_4.1e+01",
  "mean_squared_curvatures": [
    0.31378956865410196,
    0.2908975817212625,
    0.5509910844550404,
    0.9519495470251509,
    0.966701448796221,
    0.7186995034800082
  ],
  "max_mean_squared_curvature": 0.966701448796221,
  "message": "STOP: TOTAL NO. of ITERATIONS REACHED LIMIT",
  "success": false,
  "iterations": 700,
  "function_evaluations": 778,
  "coil_currents": [
    8246586.174013689,
    8102243.925863071,
    8244068.642539701,
    8102696.978094259,
    8146474.855937022,
    7739344.141641341
  ],
  "coil_surface_distance": 1.0620813106133098
}