{
  "nfp": 4,
  "R0": 11.34443056562854,
  "R1": 4.1996152527951365,
  "ncoils": 6,
  "order": 12,
  "nphi": 32,
  "ntheta": 32,
  "length_target": 38.39896982392605,
  "length_weight": 1.4399013692625342,
  "max_curvature_threshold": 2.597250053140024,
  "max_curvature_weight": 0.00027985542698117673,
  "msc_threshold": 6.804599660971759,
  "msc_weight": 7.971618206206304e-07,
  "JF": 4.030479097005742,
  "Jf": 4.001304653438106,
  "BdotN": 0.2747120686117488,
  "lengths": [
    46.60957985435853,
    41.26088237008537,
    37.096741009673885,
    35.11742244029628,
    34.71524858227408,
    35.51069587889379
  ],
  "length": 230.31057013558194,
  "max_curvatures": [
    14.031073914406182,
    18.445007621860945,
    6.713847267151338,
    12.284082775390997,
    6.103527171318095,
    25.07384034685406
  ],
  "max_max_curvature": 25.07384034685406,
  "coil_coil_distance": 0.08242169282282677,
  "cc_threshold": 0.7338468166283251,
  "cc_weight": 0.01078409161677879,
  "gradient_norm": 4.347770367435015,
  "linking_number": 0,
  "directory": "ncoils_6_order_12_R1_4.2_length_target_3.8e+01_weight_1.4_max_curvature_2.6_weight_0.00028_msc_6.8_weight_8e-07_cc_0.73_weight_0.011",
  "mean_squared_curvatures": [
    1.6198608273209583,
    1.4845958095409875,
    0.6723450455141019,
    0.6959200591967951,
    0.38185476848743233,
    1.362593974316503
  ],
  "max_mean_squared_curvature": 1.6198608273209583,
  "message": "ABNORMAL_TERMINATION_IN_LNSRCH",
  "success": false,
  "iterations": 170,
  "function_evaluations": 4420,
  "coil_currents": [
    7390811.803752292,
    7471086.369973003,
    7673510.386546738,
    7892769.522541483,
    8033531.842451481,
    10119704.792824082
  ],
  "coil_surface_distance": 1.108205367358843
}