{
  "nfp": 4,
  "R0": 11.34443056562854,
  "R1": 4.167857295305182,
  "ncoils": 4,
  "order": 13,
  "nphi": 32,
  "ntheta": 32,
  "length_target": 41.19271943429585,
  "length_weight": 0.24609146729652562,
  "max_curvature_threshold": 3.5900680852452886,
  "max_curvature_weight": 0.00034295508565328176,
  "msc_threshold": 6.593629912668062,
  "msc_weight": 5.8422396415996516e-05,
  "JF": 5.790178285770835,
  "Jf": 5.661110305244769,
  "BdotN": 0.3564236651854109,
  "lengths": [
    51.62769897831595,
    40.12849145695403,
    36.24001018011024,
    36.24872139597468
  ],
  "length": 164.2449220113549,
  "max_curvatures": [
    78.98402120793305,
    11.848265732922764,
    17.72584087088421,
    3.887767046559295
  ],
  "max_max_curvature": 78.98402120793305,
  "coil_coil_distance": 0.08955519493485259,
  "cc_threshold": 0.6119010817227976,
  "cc_weight": 0.16798579909910485,
  "gradient_norm": 8.6487760334148,
  "linking_number": 0,
  "directory": "ncoils_4_order_13_R1_4.2_length_target_4.1e+01_weight_0.25_max_curvature_3.6_weight_0.00034_msc_6.6_weight_5.8e-05_cc_0.61_weight_0.17",
  "mean_squared_curvatures": [
    7.8416699569738135,
    1.1976106625683542,
    1.258183472025781,
    0.6442114313570751
  ],
  "max_mean_squared_curvature": 7.8416699569738135,
  "message": "ABNORMAL_TERMINATION_IN_LNSRCH",
  "success": false,
  "iterations": 24,
  "function_evaluations": 105,
  "coil_currents": [
    11586935.236577168,
    11789455.820323104,
    12036344.22928658,
    13168679.43190223
  ],
  "coil_surface_distance": 1.6646348411454779
}