{
  "nfp": 4,
  "R0": 11.34443056562854,
  "R1": 4.5753492380173215,
  "ncoils": 3,
  "order": 13,
  "nphi": 32,
  "ntheta": 32,
  "length_target": 40.549174642101136,
  "length_weight": 0.48165524672742693,
  "max_curvature_threshold": 1.5533266591041626,
  "max_curvature_weight": 7.844886528489165e-05,
  "msc_threshold": 4.028997894092791,
  "msc_weight": 4.131279374534471e-07,
  "JF": 0.0020053718079851685,
  "Jf": 0.0019765271424278556,
  "BdotN": 0.008760913853274264,
  "lengths": [
    41.99585521312957,
    40.19035507780441,
    39.46189158008567
  ],
  "length": 121.64810187101966,
  "max_curvatures": [
    1.961851261031826,
    2.7892823115758203,
    2.324659447660752
  ],
  "max_max_curvature": 2.7892823115758203,
  "coil_coil_distance": 0.707052515020251,
  "cc_threshold": 0.7077761133236631,
  "cc_weight": 28.44897091000244,
  "gradient_norm": 0.007134517738134589,
  "linking_number": 0,
  "directory": "ncoils_3_order_13_R1_4.6_length_target_4.1e+01_weight_0.48_max_curvature_1.6_weight_7.8e-05_msc_4.0_weight_4.1e-07_cc_0.71_weight_2.8e+01",
  "mean_squared_curvatures": [
    0.1582205513639658,
    0.26810463373727816,
    0.30781596278694556
  ],
  "max_mean_squared_curvature": 0.30781596278694556,
  "message": "STOP: TOTAL NO. of ITERATIONS REACHED LIMIT",
  "success": false,
  "iterations": 700,
  "function_evaluations": 780,
  "coil_currents": [
    16191642.172820479,
    16058184.378635332,
    16331588.16663327
  ],
  "coil_surface_distance": 1.4335931785021852
}