{
  "nfp": 4,
  "R0": 11.34443056562854,
  "R1": 4.479477339749333,
  "ncoils": 6,
  "order": 7,
  "nphi": 32,
  "ntheta": 32,
  "length_target": 32.930806381304826,
  "length_weight": 0.012646485843930433,
  "max_curvature_threshold": 3.5418052298010316,
  "max_curvature_weight": 0.0005099248247083571,
  "msc_threshold": 6.731447138608876,
  "msc_weight": 1.4989413405391606e-06,
  "JF": 0.0005741865834695608,
  "Jf": 0.0005737712112131335,
  "BdotN": 0.005311137319232624,
  "lengths": [
    31.486766332188807,
    30.794696879514117,
    31.630695561074752,
    33.83119010898874,
    35.4948113860631,
    34.349991016298596
  ],
  "length": 197.58815128412812,
  "max_curvatures": [
    1.3157470764045671,
    1.3663635813008617,
    3.530218614544263,
    3.554066761509555,
    3.5686029706336986,
    3.599777509610773
  ],
  "max_max_curvature": 3.599777509610773,
  "coil_coil_distance": 0.7566446313374072,
  "cc_threshold": 0.7566862926524669,
  "cc_weight": 377.71223615897674,
  "gradient_norm": 0.02639743719622313,
  "linking_number": 0,
  "directory": "ncoils_6_order_7_R1_4.5_length_target_3.3e+01_weight_0.013_max_curvature_3.5_weight_0.00051_msc_6.7_weight_1.5e-06_cc_0.76_weight_3.8e+02",
  "mean_squared_curvatures": [
    0.15873718999771666,
    0.14053303293668845,
    0.3610749701833324,
    0.4030268706934978,
    0.42837737613002147,
    0.7003773917788293
  ],
  "max_mean_squared_curvature": 0.7003773917788293,
  "message": "STOP: TOTAL NO. of ITERATIONS REACHED LIMIT",
  "success": false,
  "iterations": 700,
  "function_evaluations": 1410,
  "coil_currents": [
    8119442.523343721,
    8004488.180791876,
    7996191.40084864,
    7835350.190652653,
    7847886.777661327,
    8778055.644790865
  ],
  "coil_surface_distance": 0.9998566713510905
}