{
  "nfp": 4,
  "R0": 11.34443056562854,
  "R1": 4.126791017787114,
  "ncoils": 4,
  "order": 8,
  "nphi": 32,
  "ntheta": 32,
  "length_target": 33.22924332835475,
  "length_weight": 0.2001983472302086,
  "max_curvature_threshold": 7.631773055599924,
  "max_curvature_weight": 0.00022426349844299986,
  "msc_threshold": 4.956599570796873,
  "msc_weight": 3.3406175402208e-06,
  "JF": 0.001972034243311406,
  "Jf": 0.0019716701228349384,
  "BdotN": 0.00745857734595191,
  "lengths": [
    34.48516721282439,
    33.048883101236754,
    33.15172184390374,
    32.2324677537257
  ],
  "length": 132.9182399116906,
  "max_curvatures": [
    7.799060912037649,
    7.6459635566764765,
    7.659144576723661,
    5.341549026781109
  ],
  "max_max_curvature": 7.799060912037649,
  "coil_coil_distance": 0.7527338060018348,
  "cc_threshold": 0.7529667460623264,
  "cc_weight": 24.243582690648783,
  "gradient_norm": 0.003966628789887521,
  "linking_number": 0,
  "directory": "ncoils_4_order_8_R1_4.1_length_target_3.3e+01_weight_0.2_max_curvature_7.6_weight_0.00022_msc_5.0_weight_3.3e-06_cc_0.75_weight_2.4e+01",
  "mean_squared_curvatures": [
    0.22418293259034994,
    0.251439036082083,
    0.3067474629982449,
    0.4611973942889891
  ],
  "max_mean_squared_curvature": 0.4611973942889891,
  "message": "STOP: TOTAL NO. of ITERATIONS REACHED LIMIT",
  "success": false,
  "iterations": 700,
  "function_evaluations": 768,
  "coil_currents": [
    12379544.822145468,
    12191482.909445368,
    12454612.392951023,
    11555774.593547218
  ],
  "coil_surface_distance": 1.3932548573279784
}