{
  "nfp": 4,
  "R0": 11.34443056562854,
  "R1": 4.2211751350645805,
  "ncoils": 4,
  "order": 9,
  "nphi": 32,
  "ntheta": 32,
  "length_target": 32.498076508857515,
  "length_weight": 1.9505223746307636,
  "max_curvature_threshold": 2.675250745597883,
  "max_curvature_weight": 2.075740360734813e-05,
  "msc_threshold": 7.004538378597776,
  "msc_weight": 2.852385220303533e-07,
  "JF": 0.0023103918757977383,
  "Jf": 0.0022751369964471558,
  "BdotN": 0.007433507629286369,
  "lengths": [
    34.411190307453566,
    33.11647810607125,
    31.8222336780575,
    30.642519810404185
  ],
  "length": 129.99242190198652,
  "max_curvatures": [
    3.466155079913441,
    3.365674235042985,
    3.014994446648137,
    3.7212769514882056
  ],
  "max_max_curvature": 3.7212769514882056,
  "coil_coil_distance": 0.8699464278798458,
  "cc_threshold": 0.9044695477149858,
  "cc_weight": 0.07804411609370986,
  "gradient_norm": 0.0035535403915881087,
  "linking_number": 0,
  "directory": "ncoils_4_order_9_R1_4.2_length_target_3.2e+01_weight_2.0_max_curvature_2.7_weight_2.1e-05_msc_7.0_weight_2.9e-07_cc_0.9_weight_0.078",
  "mean_squared_curvatures": [
    0.121286177193325,
    0.18128331948289386,
    0.27399723213811644,
    0.3700703928800118
  ],
  "max_mean_squared_curvature": 0.3700703928800118,
  "message": "STOP: TOTAL NO. of ITERATIONS REACHED LIMIT",
  "success": false,
  "iterations": 700,
  "function_evaluations": 868,
  "coil_currents": [
    12481751.269818058,
    12438269.686622981,
    12144476.155350422,
    11516917.60629762
  ],
  "coil_surface_distance": 1.2431371677690453
}