{
  "nfp": 4,
  "ncoils": 6,
  "R0": 11.34443056562854,
  "R1": 4.592940698838426,
  "order": 11,
  "nphi": 32,
  "ntheta": 32,
  "length_target": 41.53805112624387,
  "length_weight": 7.254240958501784,
  "max_curvature_threshold": 2.290247592337424,
  "max_curvature_weight": 7.162162389371766e-07,
  "msc_threshold": 1.4990707876557505,
  "msc_weight": 1.3452616554588439e-06,
  "JF": 0.022654239391751128,
  "Jf": 0.022325856460177665,
  "BdotN": 0.022601867908078773,
  "lengths": [
    39.664940115393996,
    42.13299722952365,
    39.02058606741025,
    37.77248065172675,
    40.53504548104119,
    50.10361157778873
  ],
  "length": 249.22966112288455,
  "max_curvatures": [
    42.500724141547856,
    22.979592760438145,
    48.74323441834733,
    37.860263176346336,
    17.190531469516166,
    101.54322673746394
  ],
  "max_max_curvature": 101.54322673746394,
  "coil_coil_distance": 1.0346665463010656,
  "cc_threshold": 1.0352498958413854,
  "cc_weight": 107.04414228153016,
  "gradient_norm": 0.5200312527429743,
  "linking_number": 0,
  "directory": "ncoils_6_order_11_R1_4.6_length_target_4.2e+01_weight_7.3_max_curvature_2.3_weight_7.2e-07_msc_1.5_weight_1.3e-06_cc_1.0_weight_1.1e+02",
  "mean_squared_curvatures": [
    4.020954252919677,
    2.7258049492071144,
    3.7676990538249338,
    4.638025889818478,
    1.0255125094420092,
    8.09170390685509
  ],
  "max_mean_squared_curvature": 8.09170390685509,
  "message": "STOP: TOTAL NO. of ITERATIONS REACHED LIMIT",
  "success": false,
  "iterations": 500,
  "function_evaluations": 624,
  "coil_currents": [
    7828709.9755951995,
    7592639.478557644,
    7916859.069157406,
    8013704.193352902,
    8049211.581212818,
    9180290.42021311
  ],
  "coil_surface_distance": 0.9858502525288405
}