{
  "nfp": 4,
  "ncoils": 6,
  "R0": 11.34443056562854,
  "R1": 4.406515723473345,
  "order": 11,
  "nphi": 32,
  "ntheta": 32,
  "length_target": 31.491948743785063,
  "length_weight": 0.22804843898578567,
  "max_curvature_threshold": 0.9856305904192209,
  "max_curvature_weight": 2.984102453679364e-06,
  "msc_threshold": 4.288064870757901,
  "msc_weight": 2.384932181392444e-07,
  "JF": 0.0004168498367357813,
  "Jf": 0.0004100849469155852,
  "BdotN": 0.004903698125011469,
  "lengths": [
    31.778135174213464,
    30.989397365784086,
    31.706217546170738,
    30.32638191072051,
    31.49553320817575,
    32.65656975052681
  ],
  "length": 188.95223495559136,
  "max_curvatures": [
    1.3047803451274294,
    1.5602325888030137,
    2.974095064702416,
    3.737104186289596,
    1.914462301839625,
    3.496781559850101
  ],
  "max_max_curvature": 3.737104186289596,
  "coil_coil_distance": 0.8695979825163204,
  "cc_threshold": 0.8706201236641553,
  "cc_weight": 9.194371096791885,
  "gradient_norm": 0.0036727937618963357,
  "linking_number": 0,
  "directory": "ncoils_6_order_11_R1_4.4_length_target_3.1e+01_weight_0.23_max_curvature_0.99_weight_3e-06_msc_4.3_weight_2.4e-07_cc_0.87_weight_9.2",
  "mean_squared_curvatures": [
    0.17049936351785241,
    0.18234349483391574,
    0.34065116512511906,
    0.3688634245022464,
    0.33832506833018333,
    0.344655396823063
  ],
  "max_mean_squared_curvature": 0.3688634245022464,
  "message": "STOP: TOTAL NO. of ITERATIONS REACHED LIMIT",
  "success": false,
  "iterations": 700,
  "function_evaluations": 769,
  "coil_currents": [
    8228416.829404573,
    8115947.551040641,
    8191810.178626595,
    8169349.519638857,
    7983855.563501478,
    7892035.075876936
  ],
  "coil_surface_distance": 1.1781678351858886
}