{
  "nfp": 4,
  "R0": 11.34443056562854,
  "R1": 4.728678609647825,
  "ncoils": 6,
  "order": 10,
  "nphi": 32,
  "ntheta": 32,
  "length_target": 43.9497258548813,
  "length_weight": 0.011712890652272621,
  "max_curvature_threshold": 5.944900098947963,
  "max_curvature_weight": 0.006866764559662955,
  "msc_threshold": 6.8952594282648025,
  "msc_weight": 1.2395166315798655e-05,
  "JF": 0.000590567063947122,
  "Jf": 0.0005899417946013469,
  "BdotN": 0.004251860558180247,
  "lengths": [
    46.08592928824497,
    42.375316092175616,
    39.06055118062602,
    42.035729981621216,
    42.589749066889546,
    51.55418894366192
  ],
  "length": 263.7014645532193,
  "max_curvatures": [
    5.948493630116001,
    5.944134496144,
    5.936156194046442,
    5.848705474472385,
    5.940032341734787,
    5.929037253671107
  ],
  "max_max_curvature": 5.948493630116001,
  "coil_coil_distance": 0.9055443062920688,
  "cc_threshold": 0.9062471521443807,
  "cc_weight": 1.714288996990062,
  "gradient_norm": 0.003806238601557186,
  "linking_number": 0,
  "directory": "ncoils_6_order_10_R1_4.7_length_target_4.4e+01_weight_0.012_max_curvature_5.9_weight_0.0069_msc_6.9_weight_1.2e-05_cc_0.91_weight_1.7",
  "mean_squared_curvatures": [
    1.1528538505760317,
    0.673520486018705,
    0.5739470294829013,
    0.7631510525106603,
    0.6900429653108876,
    0.7398454039043646
  ],
  "max_mean_squared_curvature": 1.1528538505760317,
  "message": "STOP: TOTAL NO. of ITERATIONS REACHED LIMIT",
  "success": false,
  "iterations": 700,
  "function_evaluations": 782,
  "coil_currents": [
    8453303.307169113,
    7812776.095449533,
    7720688.609476545,
    7594821.056802027,
    7788421.148820208,
    9211404.500371657
  ],
  "coil_surface_distance": 1.2057887420310112
}