{
  "nfp": 4,
  "ncoils": 6,
  "R0": 11.34443056562854,
  "R1": 4.384698624724548,
  "order": 6,
  "nphi": 32,
  "ntheta": 32,
  "length_target": 32.92493659784816,
  "length_weight": 3.461039137356785,
  "max_curvature_threshold": 2.3978307109003074,
  "max_curvature_weight": 2.745494773627955e-06,
  "msc_threshold": 2.6407705814859765,
  "msc_weight": 2.755587597665999e-07,
  "JF": 0.00021021290045648315,
  "Jf": 0.00020895625388354456,
  "BdotN": 0.004143645108929241,
  "lengths": [
    34.83015126605095,
    33.841643347606194,
    33.11088710180837,
    34.31736617092241,
    30.30183895006148,
    31.147768294494874
  ],
  "length": 197.5496551309443,
  "max_curvatures": [
    1.1686114327507466,
    0.9461891629742951,
    2.010708685224117,
    4.987766982704614,
    1.056678493839194,
    3.552607389818671
  ],
  "max_max_curvature": 4.987766982704614,
  "coil_coil_distance": 0.5056230652233878,
  "cc_threshold": 0.5055982681516744,
  "cc_weight": 29.712751340220006,
  "gradient_norm": 0.0022808620623441067,
  "linking_number": 0,
  "directory": "ncoils_6_order_6_R1_4.4_length_target_3.3e+01_weight_3.5_max_curvature_2.4_weight_2.7e-06_msc_2.6_weight_2.8e-07_cc_0.51_weight_3e+01",
  "mean_squared_curvatures": [
    0.1294569709450175,
    0.12090414269034139,
    0.17646418964602273,
    0.3627420703994887,
    0.1420031447400476,
    0.30918068407749716
  ],
  "max_mean_squared_curvature": 0.3627420703994887,
  "message": "STOP: TOTAL NO. of ITERATIONS REACHED LIMIT",
  "success": false,
  "iterations": 700,
  "function_evaluations": 916,
  "coil_currents": [
    8066804.696963587,
    8027383.208592445,
    7970447.559630751,
    7984620.639701214,
    7897283.627631334,
    8634874.985569753
  ],
  "coil_surface_distance": 1.3344570814156969
}