{
  "nfp": 4,
  "R0": 11.34443056562854,
  "R1": 4.806586159775399,
  "ncoils": 6,
  "order": 11,
  "nphi": 32,
  "ntheta": 32,
  "length_target": 28.806348910289437,
  "length_weight": 0.01662720749039515,
  "max_curvature_threshold": 7.433620630282153,
  "max_curvature_weight": 1.92237643853722e-06,
  "msc_threshold": 6.9108516401373565,
  "msc_weight": 1.0102890358400104e-06,
  "JF": 0.00024076526190693195,
  "Jf": 0.00024074607449898875,
  "BdotN": 0.004417036787796677,
  "lengths": [
    30.77841493391603,
    29.995751940539158,
    28.992819201205005,
    28.214754307235292,
    27.645409110695162,
    27.211968192327
  ],
  "length": 172.83911768591764,
  "max_curvatures": [
    7.7402203237885505,
    7.2136964592031605,
    7.945976150250449,
    8.087736944610148,
    7.686554622362168,
    3.2002415880606203
  ],
  "max_max_curvature": 8.087736944610148,
  "coil_coil_distance": 0.6257364442704163,
  "cc_threshold": 0.6258308988011506,
  "cc_weight": 7.860133914850269,
  "gradient_norm": 0.0016596798182936742,
  "linking_number": 0,
  "directory": "ncoils_6_order_11_R1_4.8_length_target_2.9e+01_weight_0.017_max_curvature_7.4_weight_1.9e-06_msc_6.9_weight_1e-06_cc_0.63_weight_7.9",
  "mean_squared_curvatures": [
    0.21612796961497663,
    0.23535714272991207,
    0.2485978235984082,
    0.3746268912663536,
    0.4943558181396503,
    0.37315680760581127
  ],
  "max_mean_squared_curvature": 0.4943558181396503,
  "message": "STOP: TOTAL NO. of ITERATIONS REACHED LIMIT",
  "success": false,
  "iterations": 700,
  "function_evaluations": 827,
  "coil_currents": [
    8292184.481165329,
    8249062.025125994,
    8163326.608896927,
    8077797.714162243,
    8071407.444935783,
    7727636.443802811
  ],
  "coil_surface_distance": 1.2535290630481362
}