{
  "nfp": 4,
  "R0": 11.34443056562854,
  "R1": 4.80999309472727,
  "ncoils": 6,
  "order": 10,
  "nphi": 32,
  "ntheta": 32,
  "length_target": 28.100359795153082,
  "length_weight": 0.13857444687264592,
  "max_curvature_threshold": 5.8204234946702025,
  "max_curvature_weight": 0.00016476726554364652,
  "msc_threshold": 4.1298271266018185,
  "msc_weight": 3.851041730078789e-06,
  "JF": 0.004559413403545749,
  "Jf": 0.004470925449440975,
  "BdotN": 0.012718819500961353,
  "lengths": [
    30.031151618800905,
    28.504730747301984,
    29.429766646113304,
    30.120482325108924,
    27.09567350215486,
    23.421546922922147
  ],
  "length": 168.60335176240213,
  "max_curvatures": [
    5.461608612354016,
    6.14052203008909,
    5.9833623025608285,
    6.17416551119367,
    5.81657290181306,
    5.942191987769665
  ],
  "max_max_curvature": 6.17416551119367,
  "coil_coil_distance": 1.096001837523486,
  "cc_threshold": 1.1052401369995675,
  "cc_weight": 1.1445449549555375,
  "gradient_norm": 0.3001158406514139,
  "linking_number": 0,
  "directory": "ncoils_6_order_10_R1_4.8_length_target_2.8e+01_weight_0.14_max_curvature_5.8_weight_0.00016_msc_4.1_weight_3.9e-06_cc_1.1_weight_1.1",
  "mean_squared_curvatures": [
    0.3271747646870142,
    0.22079903901266842,
    0.5514330385751343,
    0.5595160986482909,
    0.5175299635156081,
    1.0231299293994192
  ],
  "max_mean_squared_curvature": 1.0231299293994192,
  "message": "STOP: TOTAL NO. of ITERATIONS REACHED LIMIT",
  "success": false,
  "iterations": 700,
  "function_evaluations": 815,
  "coil_currents": [
    9521492.947283337,
    8289874.272229474,
    8792143.320763117,
    8124568.415156176,
    8368679.359032807,
    5484656.403624162
  ],
  "coil_surface_distance": 0.8041318925965795
}