{
  "nfp": 4,
  "R0": 11.34443056562854,
  "R1": 4.493772747261572,
  "ncoils": 4,
  "order": 12,
  "nphi": 32,
  "ntheta": 32,
  "length_target": 33.42918033163768,
  "length_weight": 0.7846168557277953,
  "max_curvature_threshold": 4.739196685608914,
  "max_curvature_weight": 0.0005146319920707634,
  "msc_threshold": 3.2429172199969276,
  "msc_weight": 4.723302473688248e-06,
  "JF": 0.004637309781086759,
  "Jf": 0.003940805362125927,
  "BdotN": 0.009688894460830535,
  "lengths": [
    35.41723843771606,
    34.756248725630556,
    32.516999179484515,
    31.026575871703585
  ],
  "length": 133.7170622145347,
  "max_curvatures": [
    4.926067600096051,
    4.595837060862282,
    4.838555241619181,
    4.542050910857722
  ],
  "max_max_curvature": 4.926067600096051,
  "coil_coil_distance": 1.0670158963755263,
  "cc_threshold": 1.185575803206081,
  "cc_weight": 0.021042896508679573,
  "gradient_norm": 0.006856745394268538,
  "linking_number": 0,
  "directory": "ncoils_4_order_12_R1_4.5_length_target_3.3e+01_weight_0.78_max_curvature_4.7_weight_0.00051_msc_3.2_weight_4.7e-06_cc_1.2_weight_0.021",
  "mean_squared_curvatures": [
    0.1864867553107189,
    0.2580966881493876,
    0.4371183517340136,
    0.5059254811594114
  ],
  "max_mean_squared_curvature": 0.5059254811594114,
  "message": "STOP: TOTAL NO. of ITERATIONS REACHED LIMIT",
  "success": false,
  "iterations": 700,
  "function_evaluations": 876,
  "coil_currents": [
    12923228.900513792,
    12973156.442934515,
    12244163.352382693,
    10440866.02225808
  ],
  "coil_surface_distance": 1.1618921681695082
}