{
  "nfp": 4,
  "R0": 11.34443056562854,
  "R1": 4.97881452068867,
  "ncoils": 4,
  "order": 14,
  "nphi": 32,
  "ntheta": 32,
  "length_target": 33.7533963602193,
  "length_weight": 5.476161867237842,
  "max_curvature_threshold": 1.0299912642965192,
  "max_curvature_weight": 0.007975129552881417,
  "msc_threshold": 5.77180705972674,
  "msc_weight": 7.790850633043063e-05,
  "JF": 0.0012447845330035936,
  "Jf": 0.0012364214010453256,
  "BdotN": 0.006757558186508864,
  "lengths": [
    35.0058666510381,
    33.952400489650564,
    33.182999342115146,
    32.87239180316652
  ],
  "length": 135.01365828597034,
  "max_curvatures": [
    1.0100238598177447,
    1.052081632455186,
    1.0512033061894694,
    1.0604179594174121
  ],
  "max_max_curvature": 1.0604179594174121,
  "coil_coil_distance": 0.6139951244224953,
  "cc_threshold": 0.6568602473609323,
  "cc_weight": 0.02073181265908824,
  "gradient_norm": 0.00498538652910749,
  "linking_number": 0,
  "directory": "ncoils_4_order_14_R1_5.0_length_target_3.4e+01_weight_5.5_max_curvature_1.0_weight_0.008_msc_5.8_weight_7.8e-05_cc_0.66_weight_0.021",
  "mean_squared_curvatures": [
    0.11722288238227702,
    0.1235084887179674,
    0.16758215868768492,
    0.2007820628324315
  ],
  "max_mean_squared_curvature": 0.2007820628324315,
  "message": "STOP: TOTAL NO. of ITERATIONS REACHED LIMIT",
  "success": false,
  "iterations": 700,
  "function_evaluations": 807,
  "coil_currents": [
    12166269.572411003,
    12135875.669398729,
    12098044.922546605,
    12181224.553732745
  ],
  "coil_surface_distance": 1.4176879684967212
}