{
  "nfp": 4,
  "R0": 11.34443056562854,
  "R1": 4.918013037871382,
  "ncoils": 3,
  "order": 12,
  "nphi": 32,
  "ntheta": 32,
  "length_target": 40.09270936166454,
  "length_weight": 0.24840676774787754,
  "max_curvature_threshold": 2.9618679533358865,
  "max_curvature_weight": 3.4018186709150335e-06,
  "msc_threshold": 1.3193082823879079,
  "msc_weight": 8.486208747902594e-05,
  "JF": 0.007265280648021199,
  "Jf": 0.007232831158672156,
  "BdotN": 0.012808085308664344,
  "lengths": [
    40.890783456853825,
    39.553589575877425,
    39.83570127942663
  ],
  "length": 120.28007431215788,
  "max_curvatures": [
    6.143302346129398,
    11.919484021024248,
    11.814069944897481
  ],
  "max_max_curvature": 11.919484021024248,
  "coil_coil_distance": 1.1602742711806633,
  "cc_threshold": 1.1610436115002032,
  "cc_weight": 60.58744731851542,
  "gradient_norm": 0.018586660951859447,
  "linking_number": 0,
  "directory": "ncoils_3_order_12_R1_4.9_length_target_4e+01_weight_0.25_max_curvature_3.0_weight_3.4e-06_msc_1.3_weight_8.5e-05_cc_1.2_weight_6.1e+01",
  "mean_squared_curvatures": [
    0.4509395135138511,
    0.6841337710947408,
    0.9211428641724876
  ],
  "max_mean_squared_curvature": 0.9211428641724876,
  "message": "STOP: TOTAL NO. of ITERATIONS REACHED LIMIT",
  "success": false,
  "iterations": 700,
  "function_evaluations": 832,
  "coil_currents": [
    16218339.910994107,
    16254049.776857102,
    16109025.030237872
  ],
  "coil_surface_distance": 1.1898864591359462
}