{
  "nfp": 4,
  "R0": 11.34443056562854,
  "R1": 4.610931008983498,
  "ncoils": 6,
  "order": 14,
  "nphi": 32,
  "ntheta": 32,
  "length_target": 44.465062094105626,
  "length_weight": 52.85806925534064,
  "max_curvature_threshold": 6.675926317326597,
  "max_curvature_weight": 9.730483295036796e-06,
  "msc_threshold": 2.8677726048443795,
  "msc_weight": 1.1673310941863342e-05,
  "JF": 0.043801031932779295,
  "Jf": 0.042197491658368176,
  "BdotN": 0.03939616739199951,
  "lengths": [
    39.333144051238975,
    41.98927780175982,
    40.94515754237266,
    41.78110509556757,
    43.27758540803997,
    59.46465061020827
  ],
  "length": 266.79092050918723,
  "max_curvatures": [
    22.581905859794343,
    28.254559426375625,
    22.57387554192031,
    28.11342089024474,
    17.08999778768008,
    22.602110158679118
  ],
  "max_max_curvature": 28.254559426375625,
  "coil_coil_distance": 0.9532888046141005,
  "cc_threshold": 0.9542767787390543,
  "cc_weight": 471.91483023334877,
  "gradient_norm": 1.9811661833639316,
  "linking_number": 0,
  "directory": "ncoils_6_order_14_R1_4.6_length_target_4.4e+01_weight_5.3e+01_max_curvature_6.7_weight_9.7e-06_msc_2.9_weight_1.2e-05_cc_0.95_weight_4.7e+02",
  "mean_squared_curvatures": [
    4.5241208238547,
    4.239367843479185,
    5.3777654526821115,
    5.7488836824347835,
    3.1953792562150922,
    5.205162055153418
  ],
  "max_mean_squared_curvature": 5.7488836824347835,
  "message": "STOP: TOTAL NO. of ITERATIONS REACHED LIMIT",
  "success": false,
  "iterations": 700,
  "function_evaluations": 933,
  "coil_currents": [
    7527205.682294982,
    7578257.036935024,
    7695862.983779678,
    7836579.317975493,
    7847468.768221624,
    10096040.928882279
  ],
  "coil_surface_distance": 0.8293981829738727
}