{
  "nfp": 4,
  "R0": 11.34443056562854,
  "R1": 4.993691045237586,
  "ncoils": 6,
  "order": 10,
  "nphi": 32,
  "ntheta": 32,
  "length_target": 41.76866408913165,
  "length_weight": 0.3756550116103446,
  "max_curvature_threshold": 2.8710575866764665,
  "max_curvature_weight": 1.372047292285603e-06,
  "msc_threshold": 6.916932395258367,
  "msc_weight": 7.724828169294797e-05,
  "JF": 0.0033464149099091903,
  "Jf": 0.0032651220765547062,
  "BdotN": 0.011353168590925406,
  "lengths": [
    47.39406276925831,
    46.29047762183234,
    42.193085031724905,
    39.60695700410894,
    38.61828668096711,
    36.512845012152226
  ],
  "length": 250.61571412004383,
  "max_curvatures": [
    18.104175157419775,
    13.803028527153813,
    16.65487285538791,
    7.687013610070681,
    2.428720813198795,
    8.975391724115479
  ],
  "max_max_curvature": 18.104175157419775,
  "coil_coil_distance": 1.152816608301307,
  "cc_threshold": 1.1583499083423008,
  "cc_weight": 0.31061557615539465,
  "gradient_norm": 0.04321145699933085,
  "linking_number": 0,
  "directory": "ncoils_6_order_10_R1_5.0_length_target_4.2e+01_weight_0.38_max_curvature_2.9_weight_1.4e-06_msc_6.9_weight_7.7e-05_cc_1.2_weight_0.31",
  "mean_squared_curvatures": [
    1.4338591978188588,
    1.237180712646674,
    1.0977865100943018,
    0.6515236777767917,
    0.29563258420846433,
    0.9349990964633249
  ],
  "max_mean_squared_curvature": 1.4338591978188588,
  "message": "STOP: TOTAL NO. of ITERATIONS REACHED LIMIT",
  "success": false,
  "iterations": 700,
  "function_evaluations": 755,
  "coil_currents": [
    10819436.382891819,
    9009308.663741866,
    7590022.614679642,
    7758664.893866817,
    6786484.3883544225,
    6617497.774554521
  ],
  "coil_surface_distance": 1.0736300502128988
}