{
  "nfp": 4,
  "R0": 11.34443056562854,
  "R1": 4.475875317458079,
  "ncoils": 6,
  "order": 14,
  "nphi": 32,
  "ntheta": 32,
  "length_target": 28.171921157618865,
  "length_weight": 10.186380734833868,
  "max_curvature_threshold": 5.418413259234145,
  "max_curvature_weight": 1.9000883363917011e-06,
  "msc_threshold": 2.881128091399463,
  "msc_weight": 6.635246378819365e-05,
  "JF": 0.00176250046860429,
  "Jf": 0.0017556935557059476,
  "BdotN": 0.0074309161464386955,
  "lengths": [
    29.78395713982575,
    29.21206705802076,
    28.29666911900516,
    27.96724795467818,
    27.08843505444183,
    26.68321622803414
  ],
  "length": 169.03159255400584,
  "max_curvatures": [
    5.074081758192901,
    6.215030277170671,
    5.557856647753157,
    10.30628182875292,
    13.176807578294891,
    6.062529780365952
  ],
  "max_max_curvature": 13.176807578294891,
  "coil_coil_distance": 0.9426918680195574,
  "cc_threshold": 0.9442276785368889,
  "cc_weight": 20.13422554764096,
  "gradient_norm": 0.01601777331332548,
  "linking_number": 0,
  "directory": "ncoils_6_order_14_R1_4.5_length_target_2.8e+01_weight_1e+01_max_curvature_5.4_weight_1.9e-06_msc_2.9_weight_6.6e-05_cc_0.94_weight_2e+01",
  "mean_squared_curvatures": [
    0.2614836867250974,
    0.2799743796251421,
    0.30155992918272806,
    0.9241906300168937,
    0.7759666581589121,
    0.49502581907995963
  ],
  "max_mean_squared_curvature": 0.9241906300168937,
  "message": "STOP: TOTAL NO. of ITERATIONS REACHED LIMIT",
  "success": false,
  "iterations": 700,
  "function_evaluations": 809,
  "coil_currents": [
    8288346.098708579,
    8157698.8752992125,
    8113515.025047547,
    8040308.014127455,
    8032387.840419256,
    7949158.86448703
  ],
  "coil_surface_distance": 0.9929481247073592
}