{
  "nfp": 4,
  "ncoils": 6,
  "R0": 11.34443056562854,
  "R1": 4.671771307100199,
  "order": 12,
  "nphi": 32,
  "ntheta": 32,
  "length_target": 41.79199456107115,
  "length_weight": 0.20367107908475762,
  "max_curvature_threshold": 1.9175254488803382,
  "max_curvature_weight": 2.2889758654269737e-06,
  "msc_threshold": 4.0362289066438795,
  "msc_weight": 2.302964238120722e-06,
  "JF": 4.000356447086478,
  "Jf": 0.00034765043780118313,
  "BdotN": 0.003771862287389129,
  "lengths": [
    41.022009590830166,
    39.942820278189515,
    40.58958062219216,
    37.020150075938986,
    44.68082985724366,
    47.49578258974407
  ],
  "length": 250.75117301413854,
  "max_curvatures": [
    3.0225223855037218,
    3.3598651573984357,
    5.255369850120119,
    4.172355417653943,
    4.36101920585638,
    3.5724374028883235
  ],
  "max_max_curvature": 5.255369850120119,
  "coil_coil_distance": 0.8159950049619227,
  "cc_threshold": 0.8162219642909929,
  "cc_weight": 2.0920619606369346,
  "gradient_norm": 0.006544798140251557,
  "linking_number": 4,
  "directory": "ncoils_6_order_12_R1_4.7_length_target_4.2e+01_weight_0.2_max_curvature_1.9_weight_2.3e-06_msc_4.0_weight_2.3e-06_cc_0.82_weight_2.1",
  "mean_squared_curvatures": [
    0.38239799856318585,
    0.335448898000846,
    0.47451108585562785,
    0.46163463695560064,
    0.6226663495479846,
    0.7363939944377325
  ],
  "max_mean_squared_curvature": 0.7363939944377325,
  "message": "STOP: TOTAL NO. of ITERATIONS REACHED LIMIT",
  "success": false,
  "iterations": 700,
  "function_evaluations": 767,
  "coil_currents": [
    8041151.585047133,
    7959983.667539314,
    7950117.915937759,
    7853028.37115356,
    7894791.787279926,
    8882341.391131394
  ],
  "coil_surface_distance": 1.2141777607724398
}