{
  "nfp": 4,
  "R0": 11.34443056562854,
  "R1": 4.71740344848772,
  "ncoils": 4,
  "order": 14,
  "nphi": 32,
  "ntheta": 32,
  "length_target": 45.6038079008088,
  "length_weight": 0.7850782074550585,
  "max_curvature_threshold": 1.0092450166964402,
  "max_curvature_weight": 4.676429284487458e-06,
  "msc_threshold": 1.7455526431038528,
  "msc_weight": 2.286173211619164e-06,
  "JF": 0.0002697108639484268,
  "Jf": 0.00024248167602594712,
  "BdotN": 0.004079095241610776,
  "lengths": [
    43.63751417026185,
    47.11235155857967,
    43.76309732143319,
    47.90254172026683
  ],
  "length": 182.41550477054156,
  "max_curvatures": [
    2.5631251227357064,
    5.8869850506414085,
    2.737087859461,
    2.965427507022617
  ],
  "max_max_curvature": 5.8869850506414085,
  "coil_coil_distance": 0.616646413629448,
  "cc_threshold": 0.6166855793655434,
  "cc_weight": 14.07597417934656,
  "gradient_norm": 0.00705009740004196,
  "linking_number": 0,
  "directory": "ncoils_4_order_14_R1_4.7_length_target_4.6e+01_weight_0.79_max_curvature_1.0_weight_4.7e-06_msc_1.7_weight_2.3e-06_cc_0.62_weight_1.4e+01",
  "mean_squared_curvatures": [
    0.3045491453538917,
    0.49862995337066773,
    0.4115759265473613,
    0.4755240611491467
  ],
  "max_mean_squared_curvature": 0.49862995337066773,
  "message": "STOP: TOTAL NO. of ITERATIONS REACHED LIMIT",
  "success": false,
  "iterations": 700,
  "function_evaluations": 823,
  "coil_currents": [
    12165237.659025628,
    12101299.887039367,
    12152826.530327793,
    12162050.641696297
  ],
  "coil_surface_distance": 1.4262860958401207
}