{
  "nfp": 4,
  "R0": 11.34443056562854,
  "R1": 4.827246146607904,
  "ncoils": 5,
  "order": 5,
  "nphi": 32,
  "ntheta": 32,
  "length_target": 36.34098745597537,
  "length_weight": 1.4071555109405587,
  "max_curvature_threshold": 6.788316221662233,
  "max_curvature_weight": 0.001184233697544973,
  "msc_threshold": 3.6337831846765205,
  "msc_weight": 4.8874405102355734e-05,
  "JF": 0.0003186306067387462,
  "Jf": 0.00031858852369993175,
  "BdotN": 0.004234482179378287,
  "lengths": [
    37.63331823063112,
    36.693756955130745,
    36.09432844565714,
    36.96649617810778,
    34.31709074586602
  ],
  "length": 181.70499055539278,
  "max_curvatures": [
    0.8059537530179882,
    0.6160941225844977,
    2.631943375962194,
    1.4505862559291247,
    2.3956771859857455
  ],
  "max_max_curvature": 2.631943375962194,
  "coil_coil_distance": 0.6037576936392491,
  "cc_threshold": 0.6041852200237523,
  "cc_weight": 0.8010364079993361,
  "gradient_norm": 0.0014021980502177372,
  "linking_number": 0,
  "directory": "ncoils_5_order_5_R1_4.8_length_target_3.6e+01_weight_1.4_max_curvature_6.8_weight_0.0012_msc_3.6_weight_4.9e-05_cc_0.6_weight_0.8",
  "mean_squared_curvatures": [
    0.10777477889149088,
    0.0906486315318285,
    0.17038768076205316,
    0.15191226062705676,
    0.18908634917008715
  ],
  "max_mean_squared_curvature": 0.18908634917008715,
  "message": "STOP: TOTAL NO. of ITERATIONS REACHED LIMIT",
  "success": false,
  "iterations": 700,
  "function_evaluations": 782,
  "coil_currents": [
    9876210.175779343,
    9821102.295553219,
    9807640.372148737,
    9973104.832792956,
    9103357.041814826
  ],
  "coil_surface_distance": 1.3527210353317307
}