{
  "nfp": 4,
  "ncoils": 6,
  "R0": 11.34443056562854,
  "R1": 4.596623397100595,
  "order": 8,
  "nphi": 32,
  "ntheta": 32,
  "length_target": 40.04647316855351,
  "length_weight": 0.10178737845553447,
  "max_curvature_threshold": 2.984191637316893,
  "max_curvature_weight": 9.022061117578338e-05,
  "msc_threshold": 2.9992029548239025,
  "msc_weight": 6.991629002549412e-06,
  "JF": 0.006448743587692274,
  "Jf": 0.004492086717869712,
  "BdotN": 0.01354950101514667,
  "lengths": [
    38.885245897723074,
    37.4847046955237,
    41.614763807052114,
    37.699993413784185,
    42.12369300692532,
    42.46956524512903
  ],
  "length": 240.27796606613742,
  "max_curvatures": [
    8.969868990183674,
    8.57723283313562,
    6.46112750106971,
    5.398283024135565,
    10.16992350142257,
    8.43245797227363
  ],
  "max_max_curvature": 10.16992350142257,
  "coil_coil_distance": 0.6058497060711668,
  "cc_threshold": 0.6058621766406578,
  "cc_weight": 6240.697208357096,
  "gradient_norm": 0.10438260017568705,
  "linking_number": 0,
  "directory": "ncoils_6_order_8_R1_4.6_length_target_4e+01_weight_0.1_max_curvature_3.0_weight_9e-05_msc_3.0_weight_7e-06_cc_0.61_weight_6.2e+03",
  "mean_squared_curvatures": [
    1.319954382849297,
    1.2224266237652783,
    1.1920660429719387,
    1.2544111654542032,
    1.3506149473042908,
    1.665957046180779
  ],
  "max_mean_squared_curvature": 1.665957046180779,
  "message": "STOP: TOTAL NO. of ITERATIONS REACHED LIMIT",
  "success": false,
  "iterations": 500,
  "function_evaluations": 1471,
  "coil_currents": [
    8181449.491499267,
    8115288.6593067795,
    8171861.078234182,
    8080966.923663885,
    8105413.831247961,
    7926434.734137006
  ],
  "coil_surface_distance": 0.9506503642162335
}