{
  "nfp": 4,
  "R0": 11.34443056562854,
  "R1": 4.32376982799776,
  "ncoils": 5,
  "order": 14,
  "nphi": 32,
  "ntheta": 32,
  "length_target": 42.94338735251394,
  "length_weight": 1.2246597088638334,
  "max_curvature_threshold": 2.699334111602203,
  "max_curvature_weight": 0.0003148158463571457,
  "msc_threshold": 3.499177528257874,
  "msc_weight": 4.355334979204076e-07,
  "JF": 0.006769359214585105,
  "Jf": 0.006530551361648634,
  "BdotN": 0.01377586038073844,
  "lengths": [
    35.85868860671837,
    36.923880172416965,
    36.981418121973675,
    54.599891116265965,
    50.35334968657757
  ],
  "length": 214.71722770395257,
  "max_curvatures": [
    3.539114752316971,
    3.0190969896347117,
    3.3895084498521255,
    3.317193164827895,
    3.6985287198485612
  ],
  "max_max_curvature": 3.6985287198485612,
  "coil_coil_distance": 1.1498965130455887,
  "cc_threshold": 1.1510748727557383,
  "cc_weight": 46.728422207461556,
  "gradient_norm": 0.044870881993298514,
  "linking_number": 0,
  "directory": "ncoils_5_order_14_R1_4.3_length_target_4.3e+01_weight_1.2_max_curvature_2.7_weight_0.00031_msc_3.5_weight_4.4e-07_cc_1.2_weight_4.7e+01",
  "mean_squared_curvatures": [
    1.1157644941307356,
    0.9221264557309349,
    0.8981459504382017,
    1.3442471557428786,
    2.1694041687638936
  ],
  "max_mean_squared_curvature": 2.1694041687638936,
  "message": "STOP: TOTAL NO. of ITERATIONS REACHED LIMIT",
  "success": false,
  "iterations": 700,
  "function_evaluations": 795,
  "coil_currents": [
    9629814.658592245,
    9530644.210875753,
    9683263.77124342,
    9765658.175329817,
    9972033.90204785
  ],
  "coil_surface_distance": 0.9854838634268318
}