{
  "nfp": 4,
  "R0": 11.34443056562854,
  "R1": 4.142385106926952,
  "ncoils": 3,
  "order": 7,
  "nphi": 32,
  "ntheta": 32,
  "length_target": 44.27035875027894,
  "length_weight": 1.105112924264049,
  "max_curvature_threshold": 0.5395375246965648,
  "max_curvature_weight": 0.0002114778943533664,
  "msc_threshold": 3.8887512196180425,
  "msc_weight": 2.1841665777672793e-05,
  "JF": 0.0023240315957772893,
  "Jf": 0.0018671531788220016,
  "BdotN": 0.008543695901942865,
  "lengths": [
    44.71784116263265,
    43.50662701195007,
    44.58931081581542
  ],
  "length": 132.81377899039813,
  "max_curvatures": [
    0.8695048282504327,
    2.449189122321768,
    1.8456073538962727
  ],
  "max_max_curvature": 2.449189122321768,
  "coil_coil_distance": 0.6407721797569447,
  "cc_threshold": 0.6404691746605105,
  "cc_weight": 144.58736999314385,
  "gradient_norm": 0.055489296124522844,
  "linking_number": 0,
  "directory": "ncoils_3_order_7_R1_4.1_length_target_4.4e+01_weight_1.1_max_curvature_0.54_weight_0.00021_msc_3.9_weight_2.2e-05_cc_0.64_weight_1.4e+02",
  "mean_squared_curvatures": [
    0.08203547072871627,
    0.1602872908820991,
    0.31440990637127253
  ],
  "max_mean_squared_curvature": 0.31440990637127253,
  "message": "STOP: TOTAL NO. of ITERATIONS REACHED LIMIT",
  "success": false,
  "iterations": 700,
  "function_evaluations": 1288,
  "coil_currents": [
    16664147.580999317,
    16424340.014043143,
    15492927.123046622
  ],
  "coil_surface_distance": 1.2790722421793055
}