{
  "nfp": 4,
  "R0": 11.34443056562854,
  "R1": 4.857186328273995,
  "ncoils": 4,
  "order": 6,
  "nphi": 32,
  "ntheta": 32,
  "length_target": 34.23905337256226,
  "length_weight": 2.4386997075731704,
  "max_curvature_threshold": 1.0236142936735215,
  "max_curvature_weight": 1.7676491107650769e-06,
  "msc_threshold": 6.811464438491627,
  "msc_weight": 3.1175497554130125e-05,
  "JF": 0.007355807692594665,
  "Jf": 0.007336679962300657,
  "BdotN": 0.013866895152783774,
  "lengths": [
    35.25798772124268,
    34.017743351870486,
    34.74391902656009,
    32.937706380215445
  ],
  "length": 136.9573564798887,
  "max_curvatures": [
    1.555840328226083,
    4.936861384293759,
    2.51481878708528,
    5.764941681158068
  ],
  "max_max_curvature": 5.764941681158068,
  "coil_coil_distance": 1.1714141426889866,
  "cc_threshold": 1.1728824469026153,
  "cc_weight": 14.41351380231933,
  "gradient_norm": 0.04660543690335235,
  "linking_number": 0,
  "directory": "ncoils_4_order_6_R1_4.9_length_target_3.4e+01_weight_2.4_max_curvature_1.0_weight_1.8e-06_msc_6.8_weight_3.1e-05_cc_1.2_weight_1.4e+01",
  "mean_squared_curvatures": [
    0.16247854942046938,
    0.2877685185039661,
    0.23280283322328466,
    0.34311986847496645
  ],
  "max_mean_squared_curvature": 0.34311986847496645,
  "message": "STOP: TOTAL NO. of ITERATIONS REACHED LIMIT",
  "success": false,
  "iterations": 700,
  "function_evaluations": 779,
  "coil_currents": [
    12463020.17356251,
    12389144.931049868,
    12480883.190818667,
    11248366.422658034
  ],
  "coil_surface_distance": 1.2329927074404974
}