{
  "nfp": 4,
  "R0": 11.34443056562854,
  "R1": 4.730159684216016,
  "ncoils": 6,
  "order": 13,
  "nphi": 32,
  "ntheta": 32,
  "length_target": 46.51196500381414,
  "length_weight": 0.728326561478635,
  "max_curvature_threshold": 7.714996053787998,
  "max_curvature_weight": 3.965769461221519e-06,
  "msc_threshold": 6.320847693560104,
  "msc_weight": 3.2168871141618283e-06,
  "JF": 16.457975176509375,
  "Jf": 16.395322605691497,
  "BdotN": 0.4599376854843515,
  "lengths": [
    56.980217375020615,
    51.80105838683746,
    46.20709409662639,
    42.35141813517889,
    40.928676172817006,
    40.94981198493156
  ],
  "length": 279.21827615141194,
  "max_curvatures": [
    84.86408768761764,
    48.9638853554274,
    26.267126809714295,
    24.36027242961249,
    18.213398586834366,
    5.4887276495727155
  ],
  "max_max_curvature": 84.86408768761764,
  "coil_coil_distance": 0.09677671370198906,
  "cc_threshold": 0.7726352716961915,
  "cc_weight": 0.015740830738153355,
  "gradient_norm": 6.17696869232878,
  "linking_number": 0,
  "directory": "ncoils_6_order_13_R1_4.7_length_target_4.7e+01_weight_0.73_max_curvature_7.7_weight_4e-06_msc_6.3_weight_3.2e-06_cc_0.77_weight_0.016",
  "mean_squared_curvatures": [
    5.732533634765372,
    2.0724773328115296,
    1.2781782536998705,
    1.1863125877051754,
    0.9972617009657508,
    0.3545936632775303
  ],
  "max_mean_squared_curvature": 5.732533634765372,
  "message": "ABNORMAL_TERMINATION_IN_LNSRCH",
  "success": false,
  "iterations": 33,
  "function_evaluations": 182,
  "coil_currents": [
    6516281.950254666,
    6819448.017636923,
    7287667.40771274,
    7709788.542984196,
    7977637.556781594,
    12270591.242718965
  ],
  "coil_surface_distance": 2.6774345549594023
}