{
  "nfp": 4,
  "R0": 11.34443056562854,
  "R1": 4.472252533022948,
  "ncoils": 5,
  "order": 7,
  "nphi": 32,
  "ntheta": 32,
  "length_target": 30.74422483132074,
  "length_weight": 15.586930718891141,
  "max_curvature_threshold": 4.227693773923088,
  "max_curvature_weight": 7.207773197764736e-06,
  "msc_threshold": 4.050789970366473,
  "msc_weight": 2.2822870265211148e-05,
  "JF": 0.0030115700762383913,
  "Jf": 0.0026750403730614915,
  "BdotN": 0.008449281456808469,
  "lengths": [
    33.059400017988416,
    32.08023071082167,
    30.55259447951531,
    29.939652453955244,
    28.08949668695633
  ],
  "length": 153.72137434923698,
  "max_curvatures": [
    3.050243110956985,
    1.2366931520556905,
    2.52486198866081,
    8.15776246706612,
    5.182662938052017
  ],
  "max_max_curvature": 8.15776246706612,
  "coil_coil_distance": 1.0330364351414336,
  "cc_threshold": 1.093784748580465,
  "cc_weight": 0.04051627416578937,
  "gradient_norm": 0.07190136036497924,
  "linking_number": 0,
  "directory": "ncoils_5_order_7_R1_4.5_length_target_3.1e+01_weight_1.6e+01_max_curvature_4.2_weight_7.2e-06_msc_4.1_weight_2.3e-05_cc_1.1_weight_0.041",
  "mean_squared_curvatures": [
    0.20723414429350556,
    0.14439726814091977,
    0.21980702452008158,
    0.5713131399477254,
    0.41920415879582235
  ],
  "max_mean_squared_curvature": 0.5713131399477254,
  "message": "STOP: TOTAL NO. of ITERATIONS REACHED LIMIT",
  "success": false,
  "iterations": 700,
  "function_evaluations": 797,
  "coil_currents": [
    10334043.201121137,
    10034078.759487981,
    9772179.865740722,
    9672647.218423177,
    8768465.673316069
  ],
  "coil_surface_distance": 1.0805826208898126
}