{
  "nfp": 4,
  "R0": 11.34443056562854,
  "R1": 4.241016126491309,
  "ncoils": 6,
  "order": 8,
  "nphi": 32,
  "ntheta": 32,
  "length_target": 32.01502255855514,
  "length_weight": 12.46493033155067,
  "max_curvature_threshold": 3.220700242737571,
  "max_curvature_weight": 0.0005840552327293898,
  "msc_threshold": 1.8708788488633687,
  "msc_weight": 1.1328142871722522e-06,
  "JF": 0.0017473903327876812,
  "Jf": 0.0017305554836908562,
  "BdotN": 0.008885366746174796,
  "lengths": [
    32.708980786442154,
    32.92374189113681,
    32.60121630413302,
    33.106186905365206,
    29.66517710340137,
    31.084947685811265
  ],
  "length": 192.09025067628983,
  "max_curvatures": [
    3.976757472090473,
    1.8098731590226604,
    0.9882522836893197,
    3.47974558435211,
    3.6343619443521087,
    1.9041978420504557
  ],
  "max_max_curvature": 3.976757472090473,
  "coil_coil_distance": 0.8710110704506078,
  "cc_threshold": 0.8711517013169778,
  "cc_weight": 310.96236371843827,
  "gradient_norm": 0.10878517285869635,
  "linking_number": 0,
  "directory": "ncoils_6_order_8_R1_4.2_length_target_3.2e+01_weight_1.2e+01_max_curvature_3.2_weight_0.00058_msc_1.9_weight_1.1e-06_cc_0.87_weight_3.1e+02",
  "mean_squared_curvatures": [
    0.3892799179380677,
    0.16988849492260036,
    0.13786495077339664,
    0.4027790533359923,
    0.26974331971941046,
    0.20505843228544895
  ],
  "max_mean_squared_curvature": 0.4027790533359923,
  "message": "STOP: TOTAL NO. of ITERATIONS REACHED LIMIT",
  "success": false,
  "iterations": 700,
  "function_evaluations": 882,
  "coil_currents": [
    8022846.116801761,
    8028954.7026407635,
    8090183.784479527,
    8110343.92936001,
    8016550.145090353,
    8312536.039716668
  ],
  "coil_surface_distance": 1.1102978755611752
}