{
  "nfp": 4,
  "R0": 11.34443056562854,
  "R1": 4.748142566338408,
  "ncoils": 3,
  "order": 7,
  "nphi": 32,
  "ntheta": 32,
  "length_target": 46.869946412696194,
  "length_weight": 0.3774714948520388,
  "max_curvature_threshold": 2.5078236957396145,
  "max_curvature_weight": 0.0006671985079968088,
  "msc_threshold": 7.676885660716327,
  "msc_weight": 9.291861666375362e-05,
  "JF": 0.0022569719896497953,
  "Jf": 0.0022455373795744445,
  "BdotN": 0.011676155614700538,
  "lengths": [
    50.25176455209279,
    44.62528410885855,
    45.73331815413735
  ],
  "length": 140.6103668150887,
  "max_curvatures": [
    2.327516016404503,
    2.7646907598752226,
    2.773342075180907
  ],
  "max_max_curvature": 2.773342075180907,
  "coil_coil_distance": 0.845114549291641,
  "cc_threshold": 0.8469250473105288,
  "cc_weight": 1.645034352821545,
  "gradient_norm": 0.0071005166374551445,
  "linking_number": 0,
  "directory": "ncoils_3_order_7_R1_4.7_length_target_4.7e+01_weight_0.38_max_curvature_2.5_weight_0.00067_msc_7.7_weight_9.3e-05_cc_0.85_weight_1.6",
  "mean_squared_curvatures": [
    0.2715011309110912,
    0.2521894423449498,
    0.4208499129060247
  ],
  "max_mean_squared_curvature": 0.4208499129060247,
  "message": "STOP: TOTAL NO. of ITERATIONS REACHED LIMIT",
  "success": false,
  "iterations": 700,
  "function_evaluations": 804,
  "coil_currents": [
    14641908.30861701,
    16619027.785011252,
    17320478.624460816
  ],
  "coil_surface_distance": 1.4672744796772401
}