{
  "nfp": 4,
  "R0": 11.34443056562854,
  "R1": 4.155190443801279,
  "ncoils": 6,
  "order": 10,
  "nphi": 32,
  "ntheta": 32,
  "length_target": 33.925868370458986,
  "length_weight": 5.445866003474899,
  "max_curvature_threshold": 1.3859030181537002,
  "max_curvature_weight": 9.516704564072918e-05,
  "msc_threshold": 6.238029712242661,
  "msc_weight": 1.152531358073553e-05,
  "JF": 0.0004659268382708286,
  "Jf": 0.00046286491453601127,
  "BdotN": 0.004405129642375738,
  "lengths": [
    35.11007006998024,
    34.517209489142154,
    35.2392749651937,
    34.57323910578007,
    32.02409941990303,
    32.09153418351983
  ],
  "length": 203.55542723351903,
  "max_curvatures": [
    1.6143253613293567,
    1.5039567769938216,
    1.6248668491310618,
    1.40832323475068,
    1.733835736188144,
    1.4818448178598496
  ],
  "max_max_curvature": 1.733835736188144,
  "coil_coil_distance": 0.8255477106762925,
  "cc_threshold": 0.8265447101008355,
  "cc_weight": 4.280770404425851,
  "gradient_norm": 0.024412551031830206,
  "linking_number": 0,
  "directory": "ncoils_6_order_10_R1_4.2_length_target_3.4e+01_weight_5.4_max_curvature_1.4_weight_9.5e-05_msc_6.2_weight_1.2e-05_cc_0.83_weight_4.3",
  "mean_squared_curvatures": [
    0.139193668819272,
    0.18096393777667213,
    0.2044697668400181,
    0.14113613352339519,
    0.218154020452482,
    0.19622582620025125
  ],
  "max_mean_squared_curvature": 0.218154020452482,
  "message": "STOP: TOTAL NO. of ITERATIONS REACHED LIMIT",
  "success": false,
  "iterations": 700,
  "function_evaluations": 763,
  "coil_currents": [
    8115959.1864863895,
    8047974.583095929,
    7892552.527110919,
    7822239.536882464,
    7893018.167407371,
    8809670.717106007
  ],
  "coil_surface_distance": 1.1254945403430292
}