{
  "nfp": 4,
  "R0": 11.34443056562854,
  "R1": 4.420454306585961,
  "ncoils": 6,
  "order": 5,
  "nphi": 32,
  "ntheta": 32,
  "length_target": 31.593075449962964,
  "length_weight": 0.028344968871882495,
  "max_curvature_threshold": 6.5646654938858555,
  "max_curvature_weight": 4.594262486032901e-06,
  "msc_threshold": 3.9268379968353684,
  "msc_weight": 2.0582633015695326e-07,
  "JF": 0.0009399239464779589,
  "Jf": 0.0009298131680167392,
  "BdotN": 0.006714317483729226,
  "lengths": [
    32.15611244590338,
    31.793042388594042,
    31.69424537113801,
    30.83551146888816,
    32.21341028798867,
    30.866256157860676
  ],
  "length": 189.55857812037294,
  "max_curvatures": [
    1.207191394819938,
    1.1872557680721354,
    2.0683855511496905,
    3.379010965681763,
    4.366702350216924,
    12.883314060914556
  ],
  "max_max_curvature": 12.883314060914556,
  "coil_coil_distance": 0.8454424012777351,
  "cc_threshold": 0.8455108933143662,
  "cc_weight": 90.38203849067447,
  "gradient_norm": 0.006437626032945631,
  "linking_number": 0,
  "directory": "ncoils_6_order_5_R1_4.4_length_target_3.2e+01_weight_0.028_max_curvature_6.6_weight_4.6e-06_msc_3.9_weight_2.1e-07_cc_0.85_weight_9e+01",
  "mean_squared_curvatures": [
    0.13850944951814265,
    0.13189441780789696,
    0.16344515972592907,
    0.2691837571937463,
    0.4227567615093946,
    1.6486000603890496
  ],
  "max_mean_squared_curvature": 1.6486000603890496,
  "message": "STOP: TOTAL NO. of ITERATIONS REACHED LIMIT",
  "success": false,
  "iterations": 700,
  "function_evaluations": 1003,
  "coil_currents": [
    8206301.518538455,
    8146778.86298778,
    7953864.510496408,
    8001193.298790582,
    8103024.709293378,
    8170251.81798248
  ],
  "coil_surface_distance": 1.1896483922607046
}