{
  "nfp": 4,
  "R0": 11.34443056562854,
  "R1": 4.221777559468207,
  "ncoils": 3,
  "order": 9,
  "nphi": 32,
  "ntheta": 32,
  "length_target": 32.274026696483716,
  "length_weight": 0.22665254975086022,
  "max_curvature_threshold": 3.380437792216035,
  "max_curvature_weight": 4.736137350633154e-06,
  "msc_threshold": 4.317089598985882,
  "msc_weight": 7.091786316092472e-05,
  "JF": 0.0457427309795031,
  "Jf": 0.04565539737325124,
  "BdotN": 0.03441975119684779,
  "lengths": [
    33.41038963712234,
    31.990035751495483,
    31.448560012931324
  ],
  "length": 96.84898540154916,
  "max_curvatures": [
    14.598009159262379,
    6.523570390125092,
    2.1564078096957573
  ],
  "max_max_curvature": 14.598009159262379,
  "coil_coil_distance": 1.0270631276801536,
  "cc_threshold": 1.027299678747416,
  "cc_weight": 205.7343454250601,
  "gradient_norm": 0.018545651394706618,
  "linking_number": 0,
  "directory": "ncoils_3_order_9_R1_4.2_length_target_3.2e+01_weight_0.23_max_curvature_3.4_weight_4.7e-06_msc_4.3_weight_7.1e-05_cc_1.0_weight_2.1e+02",
  "mean_squared_curvatures": [
    0.2097024002215405,
    0.18605611202164876,
    0.224204744335055
  ],
  "max_mean_squared_curvature": 0.224204744335055,
  "message": "CONVERGENCE: REL_REDUCTION_OF_F_<=_FACTR*EPSMCH",
  "success": true,
  "iterations": 689,
  "function_evaluations": 945,
  "coil_currents": [
    16265288.250803344,
    16268717.63239157,
    16047408.834894165
  ],
  "coil_surface_distance": 1.4133377340990894
}