{
  "nfp": 4,
  "R0": 11.34443056562854,
  "R1": 4.221976191209724,
  "ncoils": 6,
  "order": 10,
  "nphi": 32,
  "ntheta": 32,
  "length_target": 43.99624114108563,
  "length_weight": 0.023273277646973123,
  "max_curvature_threshold": 2.667635416288749,
  "max_curvature_weight": 0.0038355900067476314,
  "msc_threshold": 5.991415429378383,
  "msc_weight": 4.449899543098623e-07,
  "JF": 0.11644179126047112,
  "Jf": 0.10576013710108971,
  "BdotN": 0.08827561221439073,
  "lengths": [
    45.02927863076417,
    48.0592087064928,
    41.05935374549317,
    43.60388527154511,
    42.085211883963396,
    44.174936168693115
  ],
  "length": 264.01187440695173,
  "max_curvatures": [
    4.83962831819857,
    3.7311791117640376,
    3.9662810823387438,
    3.3666787318620646,
    5.011230427514578,
    4.405585789638887
  ],
  "max_max_curvature": 5.011230427514578,
  "coil_coil_distance": 1.168041414180352,
  "cc_threshold": 1.1776985890335392,
  "cc_weight": 28.650970860822852,
  "gradient_norm": 11.374155212519145,
  "linking_number": 0,
  "directory": "ncoils_6_order_10_R1_4.2_length_target_4.4e+01_weight_0.023_max_curvature_2.7_weight_0.0038_msc_6.0_weight_4.4e-07_cc_1.2_weight_2.9e+01",
  "mean_squared_curvatures": [
    0.8055502496858822,
    0.8504722105769987,
    0.5416971835490387,
    0.6906714136623786,
    0.7661935629933646,
    0.9664726705179565
  ],
  "max_mean_squared_curvature": 0.9664726705179565,
  "message": "STOP: TOTAL NO. of ITERATIONS REACHED LIMIT",
  "success": false,
  "iterations": 700,
  "function_evaluations": 876,
  "coil_currents": [
    8361577.172846609,
    8426742.505175835,
    8597003.113428172,
    8850669.147786597,
    8903377.247423407,
    5442045.531428464
  ],
  "coil_surface_distance": 0.028881495130127183
}