{
  "nfp": 4,
  "R0": 11.34443056562854,
  "R1": 4.97009828371182,
  "ncoils": 4,
  "order": 13,
  "nphi": 32,
  "ntheta": 32,
  "length_target": 34.32300090876788,
  "length_weight": 8.000219389396158,
  "max_curvature_threshold": 5.617354550707844,
  "max_curvature_weight": 0.00016410468595946839,
  "msc_threshold": 7.146075313306297,
  "msc_weight": 8.583168201818846e-07,
  "JF": 0.005029886354052765,
  "Jf": 0.004995233448167146,
  "BdotN": 0.013481440044846547,
  "lengths": [
    34.98263858097401,
    34.25367033123862,
    34.509753923501265,
    33.546131529130925
  ],
  "length": 137.29219436484482,
  "max_curvatures": [
    6.069579756649872,
    6.52858686237402,
    5.7965701910537355,
    5.727858195038231
  ],
  "max_max_curvature": 6.52858686237402,
  "coil_coil_distance": 1.1302308610645924,
  "cc_threshold": 1.1360378349299038,
  "cc_weight": 2.7780232449305866,
  "gradient_norm": 0.03069566336604131,
  "linking_number": 0,
  "directory": "ncoils_4_order_13_R1_5.0_length_target_3.4e+01_weight_8.0_max_curvature_5.6_weight_0.00016_msc_7.1_weight_8.6e-07_cc_1.1_weight_2.8",
  "mean_squared_curvatures": [
    0.288795678710836,
    0.3757959955256136,
    0.31141518132932444,
    0.5815131042026763
  ],
  "max_mean_squared_curvature": 0.5815131042026763,
  "message": "STOP: TOTAL NO. of ITERATIONS REACHED LIMIT",
  "success": false,
  "iterations": 700,
  "function_evaluations": 779,
  "coil_currents": [
    12249055.318390971,
    12192209.497889461,
    12399264.386991037,
    11740885.51481761
  ],
  "coil_surface_distance": 1.2396787825040951
}