{
  "nfp": 4,
  "ncoils": 6,
  "R0": 11.34443056562854,
  "R1": 4.561278881547809,
  "order": 13,
  "nphi": 32,
  "ntheta": 32,
  "length_target": 40.30658436297136,
  "length_weight": 0.26399564761828415,
  "max_curvature_threshold": 0.9316117080840788,
  "max_curvature_weight": 2.3445421742241305e-06,
  "msc_threshold": 1.4848040416704236,
  "msc_weight": 1.101127261992472e-05,
  "JF": 0.005054098369055799,
  "Jf": 0.004609673608538684,
  "BdotN": 0.011346177654734838,
  "lengths": [
    37.391302248367545,
    37.64040323231533,
    37.12901216196245,
    39.26179135453877,
    43.873059690435745,
    46.54184710256405
  ],
  "length": 241.83741579018388,
  "max_curvatures": [
    26.418694976780582,
    8.201604291568838,
    9.11989532608208,
    9.513992228632628,
    7.452336786759662,
    31.616591708068725
  ],
  "max_max_curvature": 31.616591708068725,
  "coil_coil_distance": 0.9513103227019918,
  "cc_threshold": 0.9515221921186531,
  "cc_weight": 148.7544662150296,
  "gradient_norm": 0.07603878122518265,
  "linking_number": 0,
  "directory": "ncoils_6_order_13_R1_4.6_length_target_4e+01_weight_0.26_max_curvature_0.93_weight_2.3e-06_msc_1.5_weight_1.1e-05_cc_0.95_weight_1.5e+02",
  "mean_squared_curvatures": [
    3.5799024471007845,
    1.3471849807003957,
    1.548329237905414,
    1.6835026658706949,
    1.2826098438528586,
    3.6595658924316177
  ],
  "max_mean_squared_curvature": 3.6595658924316177,
  "message": "STOP: TOTAL NO. of ITERATIONS REACHED LIMIT",
  "success": false,
  "iterations": 500,
  "function_evaluations": 654,
  "coil_currents": [
    8012261.681726633,
    7931117.017768005,
    7867102.543080387,
    8131251.4079703875,
    8114148.63500187,
    8525533.432541803
  ],
  "coil_surface_distance": 0.8327045001751924
}