{
  "nfp": 4,
  "R0": 11.34443056562854,
  "R1": 4.4294456067689625,
  "ncoils": 6,
  "order": 8,
  "nphi": 32,
  "ntheta": 32,
  "length_target": 35.48170262711922,
  "length_weight": 0.06507027882851063,
  "max_curvature_threshold": 4.353376261876637,
  "max_curvature_weight": 9.010623266850734e-05,
  "msc_threshold": 2.6282988934088922,
  "msc_weight": 1.2408678371748492e-06,
  "JF": 0.008694783946149408,
  "Jf": 0.008566279096658214,
  "BdotN": 0.014459841206831412,
  "lengths": [
    33.29946351729892,
    35.83451923035233,
    32.106933530667355,
    35.74925992447689,
    33.649359188440044,
    42.25365846667375
  ],
  "length": 212.8931938579093,
  "max_curvatures": [
    6.4744825708605855,
    18.393857842345525,
    4.208808580986645,
    5.782012439465673,
    4.827722893923089,
    4.260344232572485
  ],
  "max_max_curvature": 18.393857842345525,
  "coil_coil_distance": 0.999087901822365,
  "cc_threshold": 0.9997809200213342,
  "cc_weight": 60.58391740848246,
  "gradient_norm": 5307.345699925357,
  "linking_number": 0,
  "directory": "ncoils_6_order_8_R1_4.4_length_target_3.5e+01_weight_0.065_max_curvature_4.4_weight_9e-05_msc_2.6_weight_1.2e-06_cc_1.0_weight_6.1e+01",
  "mean_squared_curvatures": [
    0.8511037683701089,
    1.1728462348968611,
    0.6271053390680643,
    1.5867458875655576,
    0.7592817465393158,
    0.7971318776413174
  ],
  "max_mean_squared_curvature": 1.5867458875655576,
  "message": "STOP: TOTAL NO. of ITERATIONS REACHED LIMIT",
  "success": false,
  "iterations": 700,
  "function_evaluations": 949,
  "coil_currents": [
    8174463.075453529,
    8264813.104834591,
    7911627.336995337,
    7998976.4664944615,
    7962210.182956437,
    8269324.551354729
  ],
  "coil_surface_distance": 0.951537503801282
}