{
  "nfp": 4,
  "R0": 11.34443056562854,
  "R1": 4.973761045950592,
  "ncoils": 5,
  "order": 11,
  "nphi": 32,
  "ntheta": 32,
  "length_target": 36.91538590435151,
  "length_weight": 0.030126671646777077,
  "max_curvature_threshold": 3.867794035585805,
  "max_curvature_weight": 0.000143991997457833,
  "msc_threshold": 0.8622040965747789,
  "msc_weight": 1.589489489551651e-05,
  "JF": 0.0025862481869203236,
  "Jf": 0.002579395548606719,
  "BdotN": 0.009480220975663381,
  "lengths": [
    35.079863448490215,
    40.33157495975937,
    34.78386801887793,
    34.440421599741235,
    39.94127819732561
  ],
  "length": 184.57700622419435,
  "max_curvatures": [
    4.466004688476904,
    3.6348970464865453,
    2.353566233437401,
    3.959583243294542,
    4.029428771476275
  ],
  "max_max_curvature": 4.466004688476904,
  "coil_coil_distance": 1.1043893850826696,
  "cc_threshold": 1.1048337013101057,
  "cc_weight": 18.731890299669164,
  "gradient_norm": 0.00993308737367459,
  "linking_number": 0,
  "directory": "ncoils_5_order_11_R1_5.0_length_target_3.7e+01_weight_0.03_max_curvature_3.9_weight_0.00014_msc_0.86_weight_1.6e-05_cc_1.1_weight_1.9e+01",
  "mean_squared_curvatures": [
    0.7906827886652636,
    1.0980856531649352,
    0.3031330740087548,
    0.5765574204634156,
    1.1269327910883586
  ],
  "max_mean_squared_curvature": 1.1269327910883586,
  "message": "STOP: TOTAL NO. of ITERATIONS REACHED LIMIT",
  "success": false,
  "iterations": 700,
  "function_evaluations": 824,
  "coil_currents": [
    9552408.770376071,
    9665312.384143354,
    9537419.846079145,
    9532635.773524662,
    10293637.943965852
  ],
  "coil_surface_distance": 1.1097479608560463
}