{
  "nfp": 4,
  "R0": 11.34443056562854,
  "R1": 4.740003747997729,
  "ncoils": 5,
  "order": 12,
  "nphi": 32,
  "ntheta": 32,
  "length_target": 33.211860944814205,
  "length_weight": 0.3470644316945577,
  "max_curvature_threshold": 2.019164580203838,
  "max_curvature_weight": 2.4636580410824728e-05,
  "msc_threshold": 2.357509294223231,
  "msc_weight": 8.645518707585076e-06,
  "JF": 0.00022623169047766785,
  "Jf": 0.00022532233783738133,
  "BdotN": 0.00467451639124375,
  "lengths": [
    34.65932882510481,
    33.622723541325556,
    32.893117776225054,
    33.4452627332527,
    31.43892026917689
  ],
  "length": 166.059353145085,
  "max_curvatures": [
    2.109582869137654,
    1.8012977085885555,
    2.0852542350760137,
    2.0078288772009945,
    2.1103009657706355
  ],
  "max_max_curvature": 2.1103009657706355,
  "coil_coil_distance": 0.7258344968445871,
  "cc_threshold": 0.7330212734058447,
  "cc_weight": 0.1032528570998245,
  "gradient_norm": 0.00034503191091017523,
  "linking_number": 0,
  "directory": "ncoils_5_order_12_R1_4.7_length_target_3.3e+01_weight_0.35_max_curvature_2.0_weight_2.5e-05_msc_2.4_weight_8.6e-06_cc_0.73_weight_0.1",
  "mean_squared_curvatures": [
    0.1970150664048315,
    0.16117668699241539,
    0.2593138174478249,
    0.32802949528178654,
    0.46376925062033125
  ],
  "max_mean_squared_curvature": 0.46376925062033125,
  "message": "STOP: TOTAL NO. of ITERATIONS REACHED LIMIT",
  "success": false,
  "iterations": 700,
  "function_evaluations": 740,
  "coil_currents": [
    9911430.105054537,
    9845795.73189948,
    9669392.361726783,
    9867896.313352758,
    9286900.206055522
  ],
  "coil_surface_distance": 1.2622694500172986
}