{
  "nfp": 4,
  "R0": 11.34443056562854,
  "R1": 4.606254340368644,
  "ncoils": 4,
  "order": 11,
  "nphi": 32,
  "ntheta": 32,
  "length_target": 33.9895305018529,
  "length_weight": 0.911408150122974,
  "max_curvature_threshold": 4.15350347287652,
  "max_curvature_weight": 0.008086807376022498,
  "msc_threshold": 1.6147459367598245,
  "msc_weight": 6.880061158073998e-06,
  "JF": 0.006026185962142649,
  "Jf": 0.006009852852896019,
  "BdotN": 0.014415217110583403,
  "lengths": [
    34.51226994651986,
    33.91761271645138,
    34.367515117818066,
    33.161398939922584
  ],
  "length": 135.9587967207119,
  "max_curvatures": [
    3.8145237228940063,
    4.15978577391961,
    4.167616496839651,
    3.968148906165155
  ],
  "max_max_curvature": 4.167616496839651,
  "coil_coil_distance": 1.178705693968382,
  "cc_threshold": 1.1805108845878691,
  "cc_weight": 33.530000102821155,
  "gradient_norm": 0.020675018384927885,
  "linking_number": 0,
  "directory": "ncoils_4_order_11_R1_4.6_length_target_3.4e+01_weight_0.91_max_curvature_4.2_weight_0.0081_msc_1.6_weight_6.9e-06_cc_1.2_weight_3.4e+01",
  "mean_squared_curvatures": [
    0.1541690529449973,
    0.29578890485730924,
    0.42134358100165703,
    0.4663435684260694
  ],
  "max_mean_squared_curvature": 0.4663435684260694,
  "message": "STOP: TOTAL NO. of ITERATIONS REACHED LIMIT",
  "success": false,
  "iterations": 700,
  "function_evaluations": 812,
  "coil_currents": [
    12232493.66976351,
    12339900.34353132,
    12341223.159537893,
    11667797.545256354
  ],
  "coil_surface_distance": 1.1942049430722113
}