{
  "nfp": 4,
  "R0": 11.34443056562854,
  "R1": 4.444608264120208,
  "ncoils": 3,
  "order": 9,
  "nphi": 32,
  "ntheta": 32,
  "length_target": 37.25893608674758,
  "length_weight": 6.684268229619755,
  "max_curvature_threshold": 6.346707166460684,
  "max_curvature_weight": 0.008233621475066106,
  "msc_threshold": 4.902750763844984,
  "msc_weight": 1.245356675488059e-06,
  "JF": 0.00610243716249992,
  "Jf": 0.006102326653056021,
  "BdotN": 0.013205972986848709,
  "lengths": [
    38.92229370245584,
    37.09221401058627,
    35.76245868289238
  ],
  "length": 111.7769663959345,
  "max_curvatures": [
    4.785908219318867,
    6.307379382800254,
    6.300338226263627
  ],
  "max_max_curvature": 6.307379382800254,
  "coil_coil_distance": 0.6223637921757463,
  "cc_threshold": 0.6226125309634492,
  "cc_weight": 19.746788788889226,
  "gradient_norm": 0.005068703881198828,
  "linking_number": 0,
  "directory": "ncoils_3_order_9_R1_4.4_length_target_3.7e+01_weight_6.7_max_curvature_6.3_weight_0.0082_msc_4.9_weight_1.2e-06_cc_0.62_weight_2e+01",
  "mean_squared_curvatures": [
    0.08762999011998235,
    0.2972253263312158,
    0.3517985467834429
  ],
  "max_mean_squared_curvature": 0.3517985467834429,
  "message": "STOP: TOTAL NO. of ITERATIONS REACHED LIMIT",
  "success": false,
  "iterations": 700,
  "function_evaluations": 951,
  "coil_currents": [
    16519239.326538777,
    16331571.344004786,
    15730604.047545519
  ],
  "coil_surface_distance": 1.5089193155647191
}