{
  "nfp": 4,
  "R0": 11.34443056562854,
  "R1": 4.460615253907415,
  "ncoils": 3,
  "order": 12,
  "nphi": 32,
  "ntheta": 32,
  "length_target": 41.1452648980877,
  "length_weight": 0.571122113339062,
  "max_curvature_threshold": 1.9814494104605984,
  "max_curvature_weight": 3.078291379576669e-05,
  "msc_threshold": 3.3700518477100494,
  "msc_weight": 3.021696525820319e-07,
  "JF": 0.004850010154332279,
  "Jf": 0.0046806393623419346,
  "BdotN": 0.010907858804572559,
  "lengths": [
    40.54829723526559,
    40.9887732182104,
    41.89914050556213
  ],
  "length": 123.43621095903812,
  "max_curvatures": [
    2.3360870573128194,
    2.205661014677044,
    9.59354524374114
  ],
  "max_max_curvature": 9.59354524374114,
  "coil_coil_distance": 0.860316382975579,
  "cc_threshold": 0.8635522036792034,
  "cc_weight": 4.041677162239708,
  "gradient_norm": 35.089870492285044,
  "linking_number": 0,
  "directory": "ncoils_3_order_12_R1_4.5_length_target_4.1e+01_weight_0.57_max_curvature_2.0_weight_3.1e-05_msc_3.4_weight_3e-07_cc_0.86_weight_4.0",
  "mean_squared_curvatures": [
    0.2017589168768181,
    0.34032460950297494,
    0.9707347796196085
  ],
  "max_mean_squared_curvature": 0.9707347796196085,
  "message": "STOP: TOTAL NO. of ITERATIONS REACHED LIMIT",
  "success": false,
  "iterations": 700,
  "function_evaluations": 843,
  "coil_currents": [
    16118244.359177623,
    16155802.64193089,
    16307367.716980569
  ],
  "coil_surface_distance": 1.4785448730264197
}