{
  "nfp": 4,
  "R0": 11.34443056562854,
  "R1": 4.11150259268274,
  "ncoils": 5,
  "order": 15,
  "nphi": 32,
  "ntheta": 32,
  "length_target": 30.37842140671061,
  "length_weight": 8.765353999110523,
  "max_curvature_threshold": 1.8938328144982903,
  "max_curvature_weight": 6.298500196059703e-05,
  "msc_threshold": 2.7930690370418514,
  "msc_weight": 9.022176032091162e-07,
  "JF": 0.0008433524645064389,
  "Jf": 0.0008410012306353609,
  "BdotN": 0.005972566444707437,
  "lengths": [
    32.13688151789101,
    30.987374399544215,
    30.15637871112435,
    29.589010632907343,
    29.02233832402189
  ],
  "length": 151.89198358548882,
  "max_curvatures": [
    2.1593845601935926,
    2.0541716626736797,
    2.5057849316372036,
    1.5241579130778105,
    2.4133903289748533
  ],
  "max_max_curvature": 2.5057849316372036,
  "coil_coil_distance": 0.6509169662001274,
  "cc_threshold": 0.6521277573906881,
  "cc_weight": 2.713995598994469,
  "gradient_norm": 0.025568764179837996,
  "linking_number": 0,
  "directory": "ncoils_5_order_15_R1_4.1_length_target_3e+01_weight_8.8_max_curvature_1.9_weight_6.3e-05_msc_2.8_weight_9e-07_cc_0.65_weight_2.7",
  "mean_squared_curvatures": [
    0.21269483637097877,
    0.1799377958442746,
    0.19919653666491996,
    0.22145346570842092,
    0.3577196740243883
  ],
  "max_mean_squared_curvature": 0.3577196740243883,
  "message": "STOP: TOTAL NO. of ITERATIONS REACHED LIMIT",
  "success": false,
  "iterations": 700,
  "function_evaluations": 792,
  "coil_currents": [
    9832317.114465898,
    9771948.806181591,
    9693313.17212986,
    9711448.499081844,
    9572387.12622989
  ],
  "coil_surface_distance": 1.2663210270012353
}