{
  "nfp": 4,
  "R0": 11.34443056562854,
  "R1": 4.377354138873137,
  "ncoils": 4,
  "order": 9,
  "nphi": 32,
  "ntheta": 32,
  "length_target": 32.55322948738451,
  "length_weight": 0.5853676255208993,
  "max_curvature_threshold": 4.836306318782907,
  "max_curvature_weight": 0.005940508953311531,
  "msc_threshold": 5.76953576885027,
  "msc_weight": 1.400481569340365e-06,
  "JF": 0.00490799487664935,
  "Jf": 0.004477722939098915,
  "BdotN": 0.011160622561381965,
  "lengths": [
    34.40562747423037,
    33.55076796928451,
    31.983256187900558,
    30.27384455554912
  ],
  "length": 130.21349618696456,
  "max_curvatures": [
    4.633839302945135,
    4.826933799406043,
    4.847010512936663,
    4.82342284891829
  ],
  "max_max_curvature": 4.847010512936663,
  "coil_coil_distance": 1.0712028347775209,
  "cc_threshold": 1.1367148793197908,
  "cc_weight": 0.0530879972648029,
  "gradient_norm": 0.0024058752169981907,
  "linking_number": 0,
  "directory": "ncoils_4_order_9_R1_4.4_length_target_3.3e+01_weight_0.59_max_curvature_4.8_weight_0.0059_msc_5.8_weight_1.4e-06_cc_1.1_weight_0.053",
  "mean_squared_curvatures": [
    0.14511914565239908,
    0.2122962142717335,
    0.49571089717499883,
    0.42778534580201216
  ],
  "max_mean_squared_curvature": 0.49571089717499883,
  "message": "STOP: TOTAL NO. of ITERATIONS REACHED LIMIT",
  "success": false,
  "iterations": 700,
  "function_evaluations": 1017,
  "coil_currents": [
    12621731.497705754,
    12551636.554055044,
    12118102.914100295,
    11289943.752227984
  ],
  "coil_surface_distance": 1.0844154011749947
}