{
  "nfp": 4,
  "R0": 11.34443056562854,
  "R1": 4.497914319561533,
  "ncoils": 6,
  "order": 10,
  "nphi": 32,
  "ntheta": 32,
  "length_target": 45.98040020646421,
  "length_weight": 0.26331662211168216,
  "max_curvature_threshold": 3.102645115124576,
  "max_curvature_weight": 0.0006379497739915485,
  "msc_threshold": 7.188517129013063,
  "msc_weight": 1.9635224801595485e-05,
  "JF": 0.07227719986286557,
  "Jf": 0.06641477550659802,
  "BdotN": 0.07327257968148443,
  "lengths": [
    50.493421384179925,
    43.67898769975384,
    43.35436439518158,
    50.63487163001102,
    45.86239310273842,
    41.85242097884745
  ],
  "length": 275.87645919071224,
  "max_curvatures": [
    4.190205360085468,
    1.2683799047735376,
    3.7899028393888248,
    9.0628773594849,
    8.994440419136408,
    9.187257826441813
  ],
  "max_max_curvature": 9.187257826441813,
  "coil_coil_distance": 1.1907891309608045,
  "cc_threshold": 1.191644570756971,
  "cc_weight": 140.40202580624847,
  "gradient_norm": 0.3958756627957474,
  "linking_number": 0,
  "directory": "ncoils_6_order_10_R1_4.5_length_target_4.6e+01_weight_0.26_max_curvature_3.1_weight_0.00064_msc_7.2_weight_2e-05_cc_1.2_weight_1.4e+02",
  "mean_squared_curvatures": [
    0.55507624657138,
    0.13491856817943468,
    0.695555279501784,
    0.8365339464983181,
    1.393114700606614,
    1.7728199759854708
  ],
  "max_mean_squared_curvature": 1.7728199759854708,
  "message": "STOP: TOTAL NO. of ITERATIONS REACHED LIMIT",
  "success": false,
  "iterations": 700,
  "function_evaluations": 859,
  "coil_currents": [
    8617587.212355917,
    8700547.45543475,
    7976889.648834554,
    8830351.842244325,
    7710524.636684434,
    6745513.922535107
  ],
  "coil_surface_distance": 0.05085967500393625
}