{
  "nfp": 4,
  "R0": 11.34443056562854,
  "R1": 4.511058442612581,
  "ncoils": 5,
  "order": 9,
  "nphi": 32,
  "ntheta": 32,
  "length_target": 44.1791401606346,
  "length_weight": 0.053089570240142735,
  "max_curvature_threshold": 5.88245967292344,
  "max_curvature_weight": 3.6166455656791847e-06,
  "msc_threshold": 3.457137056111621,
  "msc_weight": 1.4392968296515064e-06,
  "JF": 0.0008423025397608975,
  "Jf": 0.0008244069130419158,
  "BdotN": 0.005685984114620886,
  "lengths": [
    43.0364314599397,
    38.74812546145461,
    42.97275013929612,
    44.632431950293046,
    51.50712390529589
  ],
  "length": 220.89686291627936,
  "max_curvatures": [
    11.20019138663374,
    7.995878958040186,
    3.58431579721647,
    11.75479381695305,
    8.173716117147354
  ],
  "max_max_curvature": 11.75479381695305,
  "coil_coil_distance": 0.8757746817878709,
  "cc_threshold": 0.8758462268524716,
  "cc_weight": 68.35489818359049,
  "gradient_norm": 0.017811979021481232,
  "linking_number": 0,
  "directory": "ncoils_5_order_9_R1_4.5_length_target_4.4e+01_weight_0.053_max_curvature_5.9_weight_3.6e-06_msc_3.5_weight_1.4e-06_cc_0.88_weight_6.8e+01",
  "mean_squared_curvatures": [
    1.1732594316086138,
    0.8448943866471483,
    0.6814458382999667,
    0.9720301357927491,
    1.1272552717096787
  ],
  "max_mean_squared_curvature": 1.1732594316086138,
  "message": "STOP: TOTAL NO. of ITERATIONS REACHED LIMIT",
  "success": false,
  "iterations": 700,
  "function_evaluations": 1043,
  "coil_currents": [
    9527791.387555545,
    9564507.519871151,
    9601119.058284586,
    9408280.240493482,
    10479716.511884317
  ],
  "coil_surface_distance": 1.2373444843831651
}