{
  "nfp": 4,
  "R0": 11.34443056562854,
  "R1": 4.817330561608768,
  "ncoils": 4,
  "order": 8,
  "nphi": 32,
  "ntheta": 32,
  "length_target": 44.300741196988625,
  "length_weight": 11.06921300782653,
  "max_curvature_threshold": 0.8717020609382358,
  "max_curvature_weight": 0.0006319629373999183,
  "msc_threshold": 1.491557640092175,
  "msc_weight": 4.8278560131625104e-05,
  "JF": 0.0262693166929745,
  "Jf": 0.017790349372921014,
  "BdotN": 0.031163935554970424,
  "lengths": [
    36.10213907007285,
    40.965535228084065,
    49.29184528948272,
    50.843500962677055
  ],
  "length": 177.2030205503167,
  "max_curvatures": [
    2.379574069508974,
    3.422692434226618,
    2.7224911502539433,
    4.650929943186244
  ],
  "max_max_curvature": 4.650929943186244,
  "coil_coil_distance": 1.1422053115432467,
  "cc_threshold": 1.142370262442372,
  "cc_weight": 969.6532981965748,
  "gradient_norm": 0.9842387028374661,
  "linking_number": 0,
  "directory": "ncoils_4_order_8_R1_4.8_length_target_4.4e+01_weight_1.1e+01_max_curvature_0.87_weight_0.00063_msc_1.5_weight_4.8e-05_cc_1.1_weight_9.7e+02",
  "mean_squared_curvatures": [
    0.2421042063019647,
    0.4964467809135158,
    0.7115689119944532,
    0.7938957376298796
  ],
  "max_mean_squared_curvature": 0.7938957376298796,
  "message": "STOP: TOTAL NO. of ITERATIONS REACHED LIMIT",
  "success": false,
  "iterations": 700,
  "function_evaluations": 1163,
  "coil_currents": [
    12997115.520541837,
    13073328.271337274,
    13250411.561701857,
    9260559.364508115
  ],
  "coil_surface_distance": 0.24203901762324734
}