{
  "nfp": 4,
  "R0": 11.34443056562854,
  "R1": 4.97857402157966,
  "ncoils": 4,
  "order": 8,
  "nphi": 32,
  "ntheta": 32,
  "length_target": 37.051986595249275,
  "length_weight": 6.351186164127111,
  "max_curvature_threshold": 4.2053772620847,
  "max_curvature_weight": 1.5486431846657205e-06,
  "msc_threshold": 3.3258578432619283,
  "msc_weight": 1.60425497220305e-05,
  "JF": 0.0008703703627444652,
  "Jf": 0.0008633763472960205,
  "BdotN": 0.00661250226324714,
  "lengths": [
    39.18593359025972,
    37.18536614294921,
    36.35011456216187,
    35.48668247672073
  ],
  "length": 148.20809677209155,
  "max_curvatures": [
    9.647593111595034,
    3.7152795038001023,
    3.840133115652217,
    6.3457792151030255
  ],
  "max_max_curvature": 9.647593111595034,
  "coil_coil_distance": 0.7523739516769079,
  "cc_threshold": 0.7637464711719767,
  "cc_weight": 0.12882727802248797,
  "gradient_norm": 0.016505027670774615,
  "linking_number": 0,
  "directory": "ncoils_4_order_8_R1_5.0_length_target_3.7e+01_weight_6.4_max_curvature_4.2_weight_1.5e-06_msc_3.3_weight_1.6e-05_cc_0.76_weight_0.13",
  "mean_squared_curvatures": [
    0.3119245592401173,
    0.22707719407193638,
    0.29735360492562574,
    0.3747228867264049
  ],
  "max_mean_squared_curvature": 0.3747228867264049,
  "message": "STOP: TOTAL NO. of ITERATIONS REACHED LIMIT",
  "success": false,
  "iterations": 700,
  "function_evaluations": 800,
  "coil_currents": [
    12311963.475602528,
    12168532.29374963,
    12025171.261608962,
    12075747.687127955
  ],
  "coil_surface_distance": 1.3719249021204363
}