{
  "nfp": 4,
  "R0": 11.34443056562854,
  "R1": 4.216674017663125,
  "ncoils": 5,
  "order": 13,
  "nphi": 32,
  "ntheta": 32,
  "length_target": 43.22642977138046,
  "length_weight": 96.12988243055717,
  "max_curvature_threshold": 7.418482197338295,
  "max_curvature_weight": 0.00018270214432319912,
  "msc_threshold": 3.5207084924498377,
  "msc_weight": 2.7390609583229396e-07,
  "JF": 0.014423955713680079,
  "Jf": 0.014178766704120946,
  "BdotN": 0.030111922970173493,
  "lengths": [
    46.03005229615253,
    47.357609132500876,
    41.32835883925395,
    39.34251090737237,
    42.07377087034041
  ],
  "length": 216.13230204562015,
  "max_curvatures": [
    8.41299115903821,
    8.978244201386916,
    9.134874558059751,
    10.75562718404376,
    9.340794276629754
  ],
  "max_max_curvature": 10.75562718404376,
  "coil_coil_distance": 0.8747084755005644,
  "cc_threshold": 0.891390141612878,
  "cc_weight": 3.698118417468788,
  "gradient_norm": 0.5201962947348301,
  "linking_number": 0,
  "directory": "ncoils_5_order_13_R1_4.2_length_target_4.3e+01_weight_9.6e+01_max_curvature_7.4_weight_0.00018_msc_3.5_weight_2.7e-07_cc_0.89_weight_3.7",
  "mean_squared_curvatures": [
    1.3531316430478064,
    1.0578198304872612,
    1.0311353230769966,
    1.5979734590163046,
    1.2956860244678132
  ],
  "max_mean_squared_curvature": 1.5979734590163046,
  "message": "STOP: TOTAL NO. of ITERATIONS REACHED LIMIT",
  "success": false,
  "iterations": 700,
  "function_evaluations": 882,
  "coil_currents": [
    9529492.66528723,
    9616068.040920144,
    9608932.968043877,
    9619769.469602691,
    10207151.574235141
  ],
  "coil_surface_distance": 1.2069310715449189
}