{
  "nfp": 4,
  "R0": 11.34443056562854,
  "R1": 4.963066733433813,
  "ncoils": 6,
  "order": 9,
  "nphi": 32,
  "ntheta": 32,
  "length_target": 41.66027883816447,
  "length_weight": 5.66722452192557,
  "max_curvature_threshold": 3.9097806398567516,
  "max_curvature_weight": 9.740421420357493e-05,
  "msc_threshold": 1.954466231182618,
  "msc_weight": 6.343988322268036e-05,
  "JF": 0.0010001172230182185,
  "Jf": 0.0009928613645073237,
  "BdotN": 0.007215991325351139,
  "lengths": [
    44.33566659467058,
    42.98212222085746,
    48.055574802693776,
    38.93974457342065,
    35.47706819164896,
    40.17134800931728
  ],
  "length": 249.9615243926087,
  "max_curvatures": [
    4.20810864083908,
    4.157026317615708,
    3.7535815912976265,
    4.208108586140005,
    4.240057099443981,
    3.835605486359777
  ],
  "max_max_curvature": 4.240057099443981,
  "coil_coil_distance": 0.850053532869071,
  "cc_threshold": 0.8532897220562699,
  "cc_weight": 0.5590821422389387,
  "gradient_norm": 0.02138482462151382,
  "linking_number": 0,
  "directory": "ncoils_6_order_9_R1_5.0_length_target_4.2e+01_weight_5.7_max_curvature_3.9_weight_9.7e-05_msc_2.0_weight_6.3e-05_cc_0.85_weight_0.56",
  "mean_squared_curvatures": [
    0.2666044667092835,
    0.23222767120215265,
    0.3669090610002603,
    0.45107496299316785,
    0.39697958975649056,
    0.461678145984085
  ],
  "max_mean_squared_curvature": 0.461678145984085,
  "message": "STOP: TOTAL NO. of ITERATIONS REACHED LIMIT",
  "success": false,
  "iterations": 700,
  "function_evaluations": 793,
  "coil_currents": [
    8074791.643833384,
    7908627.892576931,
    8251257.9976219,
    8111425.388347014,
    8037728.454892429,
    8197583.340817422
  ],
  "coil_surface_distance": 1.1250247965215707
}