{
  "nfp": 4,
  "R0": 11.34443056562854,
  "R1": 4.64822764821272,
  "ncoils": 5,
  "order": 9,
  "nphi": 32,
  "ntheta": 32,
  "length_target": 33.41041379981232,
  "length_weight": 1.9662701330603651,
  "max_curvature_threshold": 5.565774948255729,
  "max_curvature_weight": 1.332708619842417e-05,
  "msc_threshold": 1.6675598153925444,
  "msc_weight": 1.4573458408027842e-06,
  "JF": 0.0007086867103182658,
  "Jf": 0.0007081976506409657,
  "BdotN": 0.004498882131205747,
  "lengths": [
    35.03585071109623,
    34.28264565920006,
    33.44041879325718,
    32.96382507648123,
    31.32951812914911
  ],
  "length": 167.0522583691838,
  "max_curvatures": [
    3.146684173335268,
    3.163284615257136,
    4.080193970508393,
    3.6350284264260075,
    5.28939367043247
  ],
  "max_max_curvature": 5.28939367043247,
  "coil_coil_distance": 0.8663385811269989,
  "cc_threshold": 0.866753058053086,
  "cc_weight": 32.4496496137082,
  "gradient_norm": 0.008179847641479911,
  "linking_number": 0,
  "directory": "ncoils_5_order_9_R1_4.6_length_target_3.3e+01_weight_2.0_max_curvature_5.6_weight_1.3e-05_msc_1.7_weight_1.5e-06_cc_0.87_weight_3.2e+01",
  "mean_squared_curvatures": [
    0.18724943428427251,
    0.1881211201304145,
    0.3163374101810226,
    0.36136587118008473,
    0.36902774385944814
  ],
  "max_mean_squared_curvature": 0.36902774385944814,
  "message": "STOP: TOTAL NO. of ITERATIONS REACHED LIMIT",
  "success": false,
  "iterations": 700,
  "function_evaluations": 789,
  "coil_currents": [
    9937974.865905829,
    9817409.223219981,
    9836633.652645592,
    9770015.253387012,
    9219381.722930662
  ],
  "coil_surface_distance": 1.2309682236358521
}