{
  "nfp": 4,
  "R0": 11.34443056562854,
  "R1": 4.916971903841648,
  "ncoils": 6,
  "order": 5,
  "nphi": 32,
  "ntheta": 32,
  "length_target": 30.36048494697552,
  "length_weight": 77.34013091620814,
  "max_curvature_threshold": 5.496274304297256,
  "max_curvature_weight": 0.0001883914956986369,
  "msc_threshold": 6.961011439979514,
  "msc_weight": 5.2077649313538195e-06,
  "JF": 0.0011055713764836109,
  "Jf": 0.001101360484925008,
  "BdotN": 0.007369970111568664,
  "lengths": [
    32.46247640063946,
    31.42886206482091,
    30.638565128464137,
    30.25509341704767,
    29.206588568499825,
    28.171381439370073
  ],
  "length": 182.16296701884207,
  "max_curvatures": [
    0.8897925238921626,
    0.9687237521470968,
    1.490862704635016,
    2.010400574760976,
    1.5466701410670534,
    3.4439822998938765
  ],
  "max_max_curvature": 3.4439822998938765,
  "coil_coil_distance": 0.7877670245045076,
  "cc_threshold": 0.7918138603350603,
  "cc_weight": 0.6991562145921549,
  "gradient_norm": 0.07420123677255326,
  "linking_number": 0,
  "directory": "ncoils_6_order_5_R1_4.9_length_target_3e+01_weight_7.7e+01_max_curvature_5.5_weight_0.00019_msc_7.0_weight_5.2e-06_cc_0.79_weight_0.7",
  "mean_squared_curvatures": [
    0.1041172993431244,
    0.1141096728013286,
    0.1488362377080083,
    0.17201317542983977,
    0.14060581085199217,
    0.2683358386623113
  ],
  "max_mean_squared_curvature": 0.2683358386623113,
  "message": "STOP: TOTAL NO. of ITERATIONS REACHED LIMIT",
  "success": false,
  "iterations": 700,
  "function_evaluations": 793,
  "coil_currents": [
    8006582.49144246,
    7980298.583526607,
    7930976.895368663,
    7888513.550927844,
    7909670.232688499,
    8865372.964135006
  ],
  "coil_surface_distance": 1.135453520201767
}