{
  "nfp": 4,
  "R0": 11.34443056562854,
  "R1": 4.642623509180356,
  "ncoils": 5,
  "order": 9,
  "nphi": 32,
  "ntheta": 32,
  "length_target": 42.72800099884418,
  "length_weight": 3.9445813243007932,
  "max_curvature_threshold": 1.350341683982884,
  "max_curvature_weight": 3.802213325562521e-05,
  "msc_threshold": 6.735480366773397,
  "msc_weight": 4.920579199175924e-06,
  "JF": 0.0022950722109994813,
  "Jf": 0.0021745268337310356,
  "BdotN": 0.008306229124578452,
  "lengths": [
    41.674828537663814,
    43.21967377626863,
    41.53608929914804,
    40.89784513642029,
    46.3119135730218
  ],
  "length": 213.64035032252258,
  "max_curvatures": [
    2.197945508386407,
    2.762521233475758,
    3.095160824024221,
    3.4456337888076933,
    4.95421602635927
  ],
  "max_max_curvature": 4.95421602635927,
  "coil_coil_distance": 0.8446271750436185,
  "cc_threshold": 0.8448912644302284,
  "cc_weight": 55.36806862967723,
  "gradient_norm": 1.4419337712271474,
  "linking_number": 0,
  "directory": "ncoils_5_order_9_R1_4.6_length_target_4.3e+01_weight_3.9_max_curvature_1.4_weight_3.8e-05_msc_6.7_weight_4.9e-06_cc_0.84_weight_5.5e+01",
  "mean_squared_curvatures": [
    0.17337911601177106,
    0.32384387160512107,
    0.3287152233219793,
    0.38542524634151665,
    0.5293391095099875
  ],
  "max_mean_squared_curvature": 0.5293391095099875,
  "message": "STOP: TOTAL NO. of ITERATIONS REACHED LIMIT",
  "success": false,
  "iterations": 700,
  "function_evaluations": 861,
  "coil_currents": [
    9613112.44609045,
    9748760.87998319,
    9728914.906047381,
    9692712.919766495,
    9797913.566201568
  ],
  "coil_surface_distance": 1.2265331401335622
}