{
  "nfp": 4,
  "R0": 11.34443056562854,
  "R1": 4.596895697935002,
  "ncoils": 4,
  "order": 13,
  "nphi": 32,
  "ntheta": 32,
  "length_target": 37.35497469566012,
  "length_weight": 0.1278715002508516,
  "max_curvature_threshold": 3.300002555003487,
  "max_curvature_weight": 0.0010754979537592776,
  "msc_threshold": 2.110387031773959,
  "msc_weight": 1.0298041716583765e-06,
  "JF": 0.00030073812087728067,
  "Jf": 0.0003001017234503209,
  "BdotN": 0.0045106239531596815,
  "lengths": [
    38.39687415456469,
    37.18727589390769,
    37.58853465548199,
    36.2472624852447
  ],
  "length": 149.41994718919906,
  "max_curvatures": [
    2.9799204584788797,
    3.276412251654956,
    2.7801528911955855,
    3.32616006724972
  ],
  "max_max_curvature": 3.32616006724972,
  "coil_coil_distance": 0.6470540953004121,
  "cc_threshold": 0.654730205300369,
  "cc_weight": 0.07570032339221582,
  "gradient_norm": 0.0006012418830951113,
  "linking_number": 0,
  "directory": "ncoils_4_order_13_R1_4.6_length_target_3.7e+01_weight_0.13_max_curvature_3.3_weight_0.0011_msc_2.1_weight_1e-06_cc_0.65_weight_0.076",
  "mean_squared_curvatures": [
    0.20840306305623232,
    0.2645492199456162,
    0.35150061177217196,
    0.5510903897270499
  ],
  "max_mean_squared_curvature": 0.5510903897270499,
  "message": "STOP: TOTAL NO. of ITERATIONS REACHED LIMIT",
  "success": false,
  "iterations": 700,
  "function_evaluations": 784,
  "coil_currents": [
    12090907.339462314,
    12035579.465727462,
    12207733.331966225,
    12247194.580933087
  ],
  "coil_surface_distance": 1.4423156356115279
}