{
  "nfp": 4,
  "R0": 11.34443056562854,
  "R1": 4.3682206228612035,
  "ncoils": 6,
  "order": 14,
  "nphi": 32,
  "ntheta": 32,
  "length_target": 36.36462476034964,
  "length_weight": 4.013223923825125,
  "max_curvature_threshold": 6.149199237946739,
  "max_curvature_weight": 0.009606275576222153,
  "msc_threshold": 5.302404968622034,
  "msc_weight": 1.498548093550569e-07,
  "JF": 0.00040098232028211363,
  "Jf": 0.00040038794432447917,
  "BdotN": 0.0050946143938386135,
  "lengths": [
    35.79160022508021,
    35.88994004036187,
    36.435212662384174,
    34.8057173728005,
    36.01128888945024,
    39.25419212733415
  ],
  "length": 218.18795131741115,
  "max_curvatures": [
    6.129361707810531,
    5.248043088519806,
    5.034221054749713,
    5.980622134009762,
    6.1491521843848505,
    6.068678580382319
  ],
  "max_max_curvature": 6.1491521843848505,
  "coil_coil_distance": 0.6922029585606498,
  "cc_threshold": 0.6933780357278657,
  "cc_weight": 6.966642399178062,
  "gradient_norm": 0.026063308719849135,
  "linking_number": 0,
  "directory": "ncoils_6_order_14_R1_4.4_length_target_3.6e+01_weight_4.0_max_curvature_6.1_weight_0.0096_msc_5.3_weight_1.5e-07_cc_0.69_weight_7.0",
  "mean_squared_curvatures": [
    0.8032931676098046,
    0.72195135437141,
    0.7244444431043121,
    0.5502077308239287,
    0.9583128289492142,
    0.6704331478497993
  ],
  "max_mean_squared_curvature": 0.9583128289492142,
  "message": "STOP: TOTAL NO. of ITERATIONS REACHED LIMIT",
  "success": false,
  "iterations": 700,
  "function_evaluations": 805,
  "coil_currents": [
    8048261.765123794,
    7985759.77184994,
    8000116.237314675,
    8000448.283476271,
    8012114.345815032,
    8534714.31450937
  ],
  "coil_surface_distance": 1.2295073345045375
}