{
  "nfp": 4,
  "R0": 11.34443056562854,
  "R1": 4.274609025431293,
  "ncoils": 6,
  "order": 10,
  "nphi": 32,
  "ntheta": 32,
  "length_target": 36.39802812572532,
  "length_weight": 4.44245162606325,
  "max_curvature_threshold": 5.057757180027753,
  "max_curvature_weight": 2.4572779410790263e-05,
  "msc_threshold": 0.6797576225410624,
  "msc_weight": 6.347174633596317e-05,
  "JF": 0.0005604655401729923,
  "Jf": 0.0005537183271102748,
  "BdotN": 0.0046151058283761285,
  "lengths": [
    36.85465018825487,
    35.62906254708968,
    35.859343913748184,
    37.92774473412315,
    35.251725486319536,
    36.86596598940578
  ],
  "length": 218.38849285894122,
  "max_curvatures": [
    4.697224073487302,
    5.108387976693722,
    5.569883167477401,
    5.987973584920882,
    5.249831983453508,
    7.127692586903843
  ],
  "max_max_curvature": 7.127692586903843,
  "coil_coil_distance": 0.7830189724824691,
  "cc_threshold": 0.7841851825666042,
  "cc_weight": 11.420410972762951,
  "gradient_norm": 0.043493913498920865,
  "linking_number": 0,
  "directory": "ncoils_6_order_10_R1_4.3_length_target_3.6e+01_weight_4.4_max_curvature_5.1_weight_2.5e-05_msc_0.68_weight_6.3e-05_cc_0.78_weight_1.1e+01",
  "mean_squared_curvatures": [
    0.7915084189842191,
    0.5761871596337952,
    0.6374790851213141,
    0.564290945154955,
    0.8978563937771734,
    0.849101734562335
  ],
  "max_mean_squared_curvature": 0.8978563937771734,
  "message": "STOP: TOTAL NO. of ITERATIONS REACHED LIMIT",
  "success": false,
  "iterations": 700,
  "function_evaluations": 786,
  "coil_currents": [
    8055636.932076673,
    7920612.740606467,
    7904660.704694905,
    7801653.257163794,
    7897359.803432761,
    9001491.28011448
  ],
  "coil_surface_distance": 1.1483584119747248
}