{
  "nfp": 4,
  "R0": 11.34443056562854,
  "R1": 4.389072756888347,
  "ncoils": 5,
  "order": 12,
  "nphi": 32,
  "ntheta": 32,
  "length_target": 38.792829440628,
  "length_weight": 0.028524252116521737,
  "max_curvature_threshold": 3.9536014146865814,
  "max_curvature_weight": 5.165489816046274e-05,
  "msc_threshold": 6.220656807722886,
  "msc_weight": 4.2634323456892204e-07,
  "JF": 0.0003493430750710014,
  "Jf": 0.0003397551397835963,
  "BdotN": 0.0045858786826817426,
  "lengths": [
    36.50263830409178,
    40.44193759749594,
    37.9577754898763,
    36.37721288463904,
    42.686321254001115
  ],
  "length": 193.96588553010417,
  "max_curvatures": [
    4.079057166246801,
    4.873159381856579,
    4.108900007782218,
    3.887098966942715,
    4.748944380710386
  ],
  "max_max_curvature": 4.873159381856579,
  "coil_coil_distance": 0.6886541657452961,
  "cc_threshold": 0.6886798170465078,
  "cc_weight": 767.8635224478076,
  "gradient_norm": 0.010073485921651608,
  "linking_number": 0,
  "directory": "ncoils_5_order_12_R1_4.4_length_target_3.9e+01_weight_0.029_max_curvature_4.0_weight_5.2e-05_msc_6.2_weight_4.3e-07_cc_0.69_weight_7.7e+02",
  "mean_squared_curvatures": [
    0.44880238839778774,
    1.4551259781181345,
    0.6104715258823951,
    0.4637239672689224,
    1.5092901845926288
  ],
  "max_mean_squared_curvature": 1.5092901845926288,
  "message": "STOP: TOTAL NO. of ITERATIONS REACHED LIMIT",
  "success": false,
  "iterations": 700,
  "function_evaluations": 1562,
  "coil_currents": [
    9902692.275816446,
    9868458.90861959,
    9588796.53025484,
    9507637.678239232,
    9713829.325158969
  ],
  "coil_surface_distance": 1.2822979001902037
}