{
  "nfp": 4,
  "R0": 11.34443056562854,
  "R1": 4.844734466818073,
  "ncoils": 3,
  "order": 14,
  "nphi": 32,
  "ntheta": 32,
  "length_target": 32.73654625418115,
  "length_weight": 27.626187626248356,
  "max_curvature_threshold": 4.141239203746871,
  "max_curvature_weight": 8.893140239795723e-05,
  "msc_threshold": 5.475956528710899,
  "msc_weight": 8.541701690374242e-05,
  "JF": 0.03760550558983671,
  "Jf": 0.03759356632801037,
  "BdotN": 0.0318543687644146,
  "lengths": [
    33.82639377239272,
    32.48501303772288,
    31.89838775586348
  ],
  "length": 98.20979456597908,
  "max_curvatures": [
    5.572458421529506,
    7.2693162206852655,
    8.028879574440056
  ],
  "max_max_curvature": 8.028879574440056,
  "coil_coil_distance": 0.6690061714604172,
  "cc_threshold": 0.661220016568335,
  "cc_weight": 0.07434289504325521,
  "gradient_norm": 202.69925732814707,
  "linking_number": 0,
  "directory": "ncoils_3_order_14_R1_4.8_length_target_3.3e+01_weight_2.8e+01_max_curvature_4.1_weight_8.9e-05_msc_5.5_weight_8.5e-05_cc_0.66_weight_0.074",
  "mean_squared_curvatures": [
    0.14838063086309056,
    0.15684160623952115,
    0.3573098723138398
  ],
  "max_mean_squared_curvature": 0.3573098723138398,
  "message": "STOP: TOTAL NO. of ITERATIONS REACHED LIMIT",
  "success": false,
  "iterations": 700,
  "function_evaluations": 900,
  "coil_currents": [
    16227274.783936359,
    16203904.020174943,
    16150235.91397778
  ],
  "coil_surface_distance": 1.4541248108380014
}