{
  "nfp": 4,
  "R0": 11.34443056562854,
  "R1": 4.376734506212838,
  "ncoils": 4,
  "order": 8,
  "nphi": 32,
  "ntheta": 32,
  "length_target": 36.66930028739585,
  "length_weight": 72.045476204899,
  "max_curvature_threshold": 5.63839167113492,
  "max_curvature_weight": 0.007988346695422794,
  "msc_threshold": 4.8750072036165255,
  "msc_weight": 1.1652494424191237e-07,
  "JF": 0.0026491452386848513,
  "Jf": 0.0026414098049509847,
  "BdotN": 0.010247738564069138,
  "lengths": [
    38.683519084198466,
    37.02745192354665,
    35.56407572738692,
    35.402376707760766
  ],
  "length": 146.6774234428928,
  "max_curvatures": [
    2.939909632992961,
    3.383377385224482,
    3.383029242193006,
    5.625186119964433
  ],
  "max_max_curvature": 5.625186119964433,
  "coil_coil_distance": 0.8273920298842219,
  "cc_threshold": 0.8302062758153858,
  "cc_weight": 3.598540021004744,
  "gradient_norm": 0.26036378641920965,
  "linking_number": 0,
  "directory": "ncoils_4_order_8_R1_4.4_length_target_3.7e+01_weight_7.2e+01_max_curvature_5.6_weight_0.008_msc_4.9_weight_1.2e-07_cc_0.83_weight_3.6",
  "mean_squared_curvatures": [
    0.14195618618860958,
    0.14841411656855305,
    0.2509380088779291,
    0.4452996296873064
  ],
  "max_mean_squared_curvature": 0.4452996296873064,
  "message": "STOP: TOTAL NO. of ITERATIONS REACHED LIMIT",
  "success": false,
  "iterations": 700,
  "function_evaluations": 818,
  "coil_currents": [
    12181052.140603451,
    12121007.94321608,
    12092045.72983702,
    12187308.904432528
  ],
  "coil_surface_distance": 1.3642950643484262
}