{
  "nfp": 4,
  "R0": 11.34443056562854,
  "R1": 4.934106040258859,
  "ncoils": 4,
  "order": 8,
  "nphi": 32,
  "ntheta": 32,
  "length_target": 29.54842544819256,
  "length_weight": 4.443661572470082,
  "max_curvature_threshold": 0.38917519296202746,
  "max_curvature_weight": 0.00023687350921703951,
  "msc_threshold": 1.109868388542189,
  "msc_weight": 2.6308286855830427e-07,
  "JF": 0.010341330415506477,
  "Jf": 0.00986615729634896,
  "BdotN": 0.016820146453001002,
  "lengths": [
    31.50761153904631,
    30.262342985781945,
    28.891518882024094,
    27.532467003900127
  ],
  "length": 118.19394041075246,
  "max_curvatures": [
    1.0383958756608642,
    2.2410265645993923,
    1.8408262636319295,
    2.1873491592305703
  ],
  "max_max_curvature": 2.2410265645993923,
  "coil_coil_distance": 0.8259939295129087,
  "cc_threshold": 0.8261579622784794,
  "cc_weight": 58.05980950211535,
  "gradient_norm": 0.016389811292335462,
  "linking_number": 0,
  "directory": "ncoils_4_order_8_R1_4.9_length_target_3e+01_weight_4.4_max_curvature_0.39_weight_0.00024_msc_1.1_weight_2.6e-07_cc_0.83_weight_5.8e+01",
  "mean_squared_curvatures": [
    0.09805193046116863,
    0.11541468647573414,
    0.16510988726890838,
    0.23058125213608602
  ],
  "max_mean_squared_curvature": 0.23058125213608602,
  "message": "STOP: TOTAL NO. of ITERATIONS REACHED LIMIT",
  "success": false,
  "iterations": 700,
  "function_evaluations": 761,
  "coil_currents": [
    12636418.585659163,
    12568540.868853094,
    12357197.637391286,
    11019257.626185536
  ],
  "coil_surface_distance": 1.3649926746277197
}