{
  "nfp": 4,
  "R0": 11.34443056562854,
  "R1": 4.113293776608331,
  "ncoils": 4,
  "order": 10,
  "nphi": 32,
  "ntheta": 32,
  "length_target": 43.75170503462914,
  "length_weight": 0.03946711375807522,
  "max_curvature_threshold": 0.29758719786895527,
  "max_curvature_weight": 1.1546978464270044e-05,
  "msc_threshold": 5.5167093322026135,
  "msc_weight": 3.598140616329806e-07,
  "JF": 0.0021740450167858118,
  "Jf": 0.0015425017845114818,
  "BdotN": 0.007184676359616058,
  "lengths": [
    40.74999934424092,
    43.200882665572344,
    47.622811291563984,
    43.4340754487307
  ],
  "length": 175.00776875010794,
  "max_curvatures": [
    4.022504062630694,
    7.845628481249715,
    5.530123744626771,
    16.62247741692238
  ],
  "max_max_curvature": 16.62247741692238,
  "coil_coil_distance": 1.0013485751420246,
  "cc_threshold": 1.0017516984764847,
  "cc_weight": 38.100064741222155,
  "gradient_norm": 0.017627848416784567,
  "linking_number": 0,
  "directory": "ncoils_4_order_10_R1_4.1_length_target_4.4e+01_weight_0.039_max_curvature_0.3_weight_1.2e-05_msc_5.5_weight_3.6e-07_cc_1.0_weight_3.8e+01",
  "mean_squared_curvatures": [
    0.6045321949829949,
    1.0316395540048828,
    0.5919641639630283,
    1.2563425131637689
  ],
  "max_mean_squared_curvature": 1.2563425131637689,
  "message": "STOP: TOTAL NO. of ITERATIONS REACHED LIMIT",
  "success": false,
  "iterations": 700,
  "function_evaluations": 880,
  "coil_currents": [
    12286547.791929042,
    12168836.216731464,
    12011472.036604693,
    12114558.672823884
  ],
  "coil_surface_distance": 0.9186095117683303
}