{
  "nfp": 4,
  "R0": 11.34443056562854,
  "R1": 4.645220520550667,
  "ncoils": 5,
  "order": 7,
  "nphi": 32,
  "ntheta": 32,
  "length_target": 39.8280776079218,
  "length_weight": 0.17434977102769483,
  "max_curvature_threshold": 6.611521103055912,
  "max_curvature_weight": 2.0241660408017018e-05,
  "msc_threshold": 4.928201878232397,
  "msc_weight": 9.418016842059347e-06,
  "JF": 4.012809966672331,
  "Jf": 0.012416014634462548,
  "BdotN": 0.02860496924964953,
  "lengths": [
    45.73601653050817,
    40.640914226661494,
    36.61427388607163,
    36.63302370412696,
    39.52277265593771
  ],
  "length": 199.14700100330595,
  "max_curvatures": [
    16.92884454159344,
    12.44623781753362,
    5.029995511490026,
    11.642029736111441,
    5.009586265245905
  ],
  "max_max_curvature": 16.92884454159344,
  "coil_coil_distance": 1.094226749187199,
  "cc_threshold": 1.106305184976311,
  "cc_weight": 4.367575278311836,
  "gradient_norm": 0.04912430543850966,
  "linking_number": 4,
  "directory": "ncoils_5_order_7_R1_4.6_length_target_4e+01_weight_0.17_max_curvature_6.6_weight_2e-05_msc_4.9_weight_9.4e-06_cc_1.1_weight_4.4",
  "mean_squared_curvatures": [
    1.0755472117513503,
    1.1664755706248793,
    0.7159269558945113,
    1.3681223261168705,
    0.6853560024904863
  ],
  "max_mean_squared_curvature": 1.3681223261168705,
  "message": "STOP: TOTAL NO. of ITERATIONS REACHED LIMIT",
  "success": false,
  "iterations": 700,
  "function_evaluations": 769,
  "coil_currents": [
    15538917.43420109,
    8449713.693009412,
    9593866.693221806,
    8552160.058992926,
    6446756.838663854
  ],
  "coil_surface_distance": 0.93070891103104
}