{
  "nfp": 4,
  "ncoils": 6,
  "R0": 11.34443056562854,
  "R1": 4.214739655524896,
  "order": 11,
  "nphi": 32,
  "ntheta": 32,
  "length_target": 41.063831860088015,
  "length_weight": 9.630013439839356,
  "max_curvature_threshold": 1.2300946461053217,
  "max_curvature_weight": 9.281168325377547e-06,
  "msc_threshold": 2.000290905968735,
  "msc_weight": 3.5017960852418357e-07,
  "JF": 0.006967019038383295,
  "Jf": 0.004798109563952576,
  "BdotN": 0.015163368767467052,
  "lengths": [
    33.612488885972915,
    35.77682871377688,
    38.95669001621056,
    39.13722137406929,
    45.00648485870143,
    53.894980841480695
  ],
  "length": 246.38469469021177,
  "max_curvatures": [
    11.867238795267935,
    9.835474607887914,
    14.005886418980149,
    15.584141058358327,
    22.813795626243685,
    28.159414130777208
  ],
  "max_max_curvature": 28.159414130777208,
  "coil_coil_distance": 0.824845517844014,
  "cc_threshold": 0.82516673439232,
  "cc_weight": 827.5622688489868,
  "gradient_norm": 0.9830930215673145,
  "linking_number": 0,
  "directory": "ncoils_6_order_11_R1_4.2_length_target_4.1e+01_weight_9.6_max_curvature_1.2_weight_9.3e-06_msc_2.0_weight_3.5e-07_cc_0.83_weight_8.3e+02",
  "mean_squared_curvatures": [
    2.81876015290432,
    2.029462849786826,
    2.809459975450858,
    4.111567227303477,
    3.4951137003809998,
    3.3083574356121774
  ],
  "max_mean_squared_curvature": 4.111567227303477,
  "message": "STOP: TOTAL NO. of ITERATIONS REACHED LIMIT",
  "success": false,
  "iterations": 700,
  "function_evaluations": 993,
  "coil_currents": [
    7846398.534974116,
    7913032.633708414,
    7956284.926572881,
    8023452.122320634,
    8095705.412578815,
    8746541.087934218
  ],
  "coil_surface_distance": 1.0506216426122181
}