{
  "nfp": 4,
  "R0": 11.34443056562854,
  "R1": 4.623529428366148,
  "ncoils": 6,
  "order": 13,
  "nphi": 32,
  "ntheta": 32,
  "length_target": 43.96033381244391,
  "length_weight": 0.7288524544022333,
  "max_curvature_threshold": 7.800265223382752,
  "max_curvature_weight": 0.0005827249289863876,
  "msc_threshold": 6.801093548827649,
  "msc_weight": 5.591843004707624e-07,
  "JF": 8.002240591796468,
  "Jf": 0.0022097829371025236,
  "BdotN": 0.007303122876964814,
  "lengths": [
    63.56395933496244,
    44.80848980956671,
    42.873185473314855,
    37.649765111685156,
    38.161732212512746,
    36.70624127450767
  ],
  "length": 263.76337321654955,
  "max_curvatures": [
    7.949775902243268,
    7.943960999224881,
    7.9126319110721015,
    7.675493843122496,
    6.922709122425231,
    3.940078676421965
  ],
  "max_max_curvature": 7.949775902243268,
  "coil_coil_distance": 0.9943154858464216,
  "cc_threshold": 1.000352926045402,
  "cc_weight": 0.5704112586330427,
  "gradient_norm": 0.03899452343625871,
  "linking_number": 8,
  "directory": "ncoils_6_order_13_R1_4.6_length_target_4.4e+01_weight_0.73_max_curvature_7.8_weight_0.00058_msc_6.8_weight_5.6e-07_cc_1.0_weight_0.57",
  "mean_squared_curvatures": [
    1.128169667397819,
    0.8055292582770863,
    1.3352209263255133,
    0.5244546744947417,
    0.8100329100845621,
    0.5594095979161657
  ],
  "max_mean_squared_curvature": 1.3352209263255133,
  "message": "STOP: TOTAL NO. of ITERATIONS REACHED LIMIT",
  "success": false,
  "iterations": 700,
  "function_evaluations": 758,
  "coil_currents": [
    10051974.338007819,
    10166079.175135514,
    9483114.79374623,
    9281493.573230928,
    8446611.282366244,
    1152141.5556023493
  ],
  "coil_surface_distance": 0.9960607479923151
}