{
  "nfp": 4,
  "ncoils": 6,
  "R0": 11.34443056562854,
  "R1": 4.707029343658718,
  "order": 12,
  "nphi": 32,
  "ntheta": 32,
  "length_target": 38.67609898059184,
  "length_weight": 3.753976628462307,
  "max_curvature_threshold": 2.0367728358206185,
  "max_curvature_weight": 4.683291942913614e-05,
  "msc_threshold": 0.6498494658609886,
  "msc_weight": 3.1076654657868562e-06,
  "JF": 0.00548418762931938,
  "Jf": 0.004726096308568817,
  "BdotN": 0.012850699536379517,
  "lengths": [
    35.28257380670446,
    34.988872928545995,
    35.24797891777764,
    36.51778804223662,
    37.07197404292447,
    52.94795235563555
  ],
  "length": 232.05714009382473,
  "max_curvatures": [
    10.836534645524072,
    2.8463186857668044,
    3.401448033011334,
    3.642407285239221,
    3.9089288720070496,
    4.47236866086052
  ],
  "max_max_curvature": 10.836534645524072,
  "coil_coil_distance": 1.0364005306959685,
  "cc_threshold": 1.0382808822275496,
  "cc_weight": 29.398294794849832,
  "gradient_norm": 0.10610435564920151,
  "linking_number": 0,
  "directory": "ncoils_6_order_12_R1_4.7_length_target_3.9e+01_weight_3.8_max_curvature_2.0_weight_4.7e-05_msc_0.65_weight_3.1e-06_cc_1.0_weight_2.9e+01",
  "mean_squared_curvatures": [
    1.8457224961478116,
    0.8189826140529679,
    0.9985310106491324,
    1.0477651818815235,
    0.9476460424335774,
    1.683541946014404
  ],
  "max_mean_squared_curvature": 1.8457224961478116,
  "message": "STOP: TOTAL NO. of ITERATIONS REACHED LIMIT",
  "success": false,
  "iterations": 700,
  "function_evaluations": 775,
  "coil_currents": [
    7834635.906080074,
    7704614.3578060735,
    7546609.068509201,
    7850622.0352436,
    7831403.045500229,
    9813530.30494991
  ],
  "coil_surface_distance": 0.5004162618143917
}