{
  "nfp": 4,
  "R0": 11.34443056562854,
  "R1": 4.562599678863228,
  "ncoils": 5,
  "order": 11,
  "nphi": 32,
  "ntheta": 32,
  "length_target": 40.89792513409304,
  "length_weight": 3.420403208238485,
  "max_curvature_threshold": 0.7797684944605706,
  "max_curvature_weight": 1.3262148020053484e-05,
  "msc_threshold": 6.110597643859305,
  "msc_weight": 9.538847713997079e-07,
  "JF": 0.0007191654825136688,
  "Jf": 0.0005927002680278601,
  "BdotN": 0.00404604920764806,
  "lengths": [
    39.35328128973957,
    39.48477942139373,
    39.69781622204703,
    41.018718504273586,
    44.93537416638703
  ],
  "length": 204.48996960384093,
  "max_curvatures": [
    2.049246810617991,
    1.786125879080556,
    2.8498442098407075,
    4.1149689248900785,
    4.508517265839554
  ],
  "max_max_curvature": 4.508517265839554,
  "coil_coil_distance": 0.594134763183964,
  "cc_threshold": 0.5942070281452736,
  "cc_weight": 281.1083644831821,
  "gradient_norm": 0.037462400295589206,
  "linking_number": 0,
  "directory": "ncoils_5_order_11_R1_4.6_length_target_4.1e+01_weight_3.4_max_curvature_0.78_weight_1.3e-05_msc_6.1_weight_9.5e-07_cc_0.59_weight_2.8e+02",
  "mean_squared_curvatures": [
    0.39388998588506474,
    0.2918547321805874,
    0.35775786570109713,
    0.5017684987567756,
    0.5851658069289792
  ],
  "max_mean_squared_curvature": 0.5851658069289792,
  "message": "STOP: TOTAL NO. of ITERATIONS REACHED LIMIT",
  "success": false,
  "iterations": 700,
  "function_evaluations": 1016,
  "coil_currents": [
    9700413.944964709,
    9648562.111727906,
    9741359.294569762,
    9654081.805101976,
    9836997.56172473
  ],
  "coil_surface_distance": 1.3417250637693314
}