{
  "nfp": 4,
  "ncoils": 6,
  "R0": 11.34443056562854,
  "R1": 4.820264930601316,
  "order": 7,
  "nphi": 32,
  "ntheta": 32,
  "length_target": 37.45531524205389,
  "length_weight": 6.21265391840775,
  "max_curvature_threshold": 4.845423532208119,
  "max_curvature_weight": 1.0275644043606156e-06,
  "msc_threshold": 2.888561484776703,
  "msc_weight": 9.493671749882361e-07,
  "JF": 0.000600617757554341,
  "Jf": 0.0006002142259006943,
  "BdotN": 0.005874979430391838,
  "lengths": [
    38.63757944785184,
    40.502560450041166,
    38.54594349875189,
    36.34192012828286,
    35.8063003782029,
    34.897817325563175
  ],
  "length": 224.73212122869384,
  "max_curvatures": [
    2.1706715846037845,
    6.598557690206236,
    7.088355667419329,
    2.2560061774395748,
    1.9577896311699066,
    2.796235769041733
  ],
  "max_max_curvature": 7.088355667419329,
  "coil_coil_distance": 0.5928881549753751,
  "cc_threshold": 0.5929311008223723,
  "cc_weight": 51.54708811136159,
  "gradient_norm": 0.029862997116709613,
  "linking_number": 0,
  "directory": "ncoils_6_order_7_R1_4.8_length_target_3.7e+01_weight_6.2_max_curvature_4.8_weight_1e-06_msc_2.9_weight_9.5e-07_cc_0.59_weight_5.2e+01",
  "mean_squared_curvatures": [
    0.2072855575742544,
    0.314051278640272,
    0.19321884024358058,
    0.1666590341460176,
    0.1553324183173951,
    0.26038232407198314
  ],
  "max_mean_squared_curvature": 0.314051278640272,
  "message": "STOP: TOTAL NO. of ITERATIONS REACHED LIMIT",
  "success": false,
  "iterations": 700,
  "function_evaluations": 902,
  "coil_currents": [
    8066559.481563823,
    7884150.807366615,
    7886928.989620613,
    8085163.532650635,
    7997917.789150185,
    8660694.117737211
  ],
  "coil_surface_distance": 1.299213326543219
}