{
  "nfp": 4,
  "R0": 11.34443056562854,
  "R1": 4.416591025544486,
  "ncoils": 5,
  "order": 7,
  "nphi": 32,
  "ntheta": 32,
  "length_target": 38.43891205590283,
  "length_weight": 6.2183460214435184,
  "max_curvature_threshold": 0.9029828633308234,
  "max_curvature_weight": 2.0980634508955443e-06,
  "msc_threshold": 6.376143769232309,
  "msc_weight": 2.709426356477827e-07,
  "JF": 0.0008679984086145235,
  "Jf": 0.0008584092733770358,
  "BdotN": 0.0056522801905889465,
  "lengths": [
    39.79669417000174,
    40.484218564162965,
    37.577803038663575,
    38.008647998660216,
    36.32711996329878
  ],
  "length": 192.19448373478727,
  "max_curvatures": [
    5.957147574382468,
    4.525032665578205,
    1.8406914879628884,
    3.5199714129367523,
    2.849095492065647
  ],
  "max_max_curvature": 5.957147574382468,
  "coil_coil_distance": 0.662008290548732,
  "cc_threshold": 0.6620895622201897,
  "cc_weight": 81.48171073157285,
  "gradient_norm": 0.01457065741963715,
  "linking_number": 0,
  "directory": "ncoils_5_order_7_R1_4.4_length_target_3.8e+01_weight_6.2_max_curvature_0.9_weight_2.1e-06_msc_6.4_weight_2.7e-07_cc_0.66_weight_8.1e+01",
  "mean_squared_curvatures": [
    0.27940496128068454,
    0.25467367455760065,
    0.13655039083355594,
    0.23839653051157716,
    0.29657831066746887
  ],
  "max_mean_squared_curvature": 0.29657831066746887,
  "message": "STOP: TOTAL NO. of ITERATIONS REACHED LIMIT",
  "success": false,
  "iterations": 700,
  "function_evaluations": 932,
  "coil_currents": [
    9889359.112077411,
    9768246.000089955,
    9776972.577398269,
    9729818.397893092,
    9417018.630630352
  ],
  "coil_surface_distance": 1.3002307523328183
}