{
  "nfp": 4,
  "R0": 11.34443056562854,
  "R1": 4.9753657190560325,
  "ncoils": 4,
  "order": 8,
  "nphi": 32,
  "ntheta": 32,
  "length_target": 39.99823938956416,
  "length_weight": 0.16837731780983412,
  "max_curvature_threshold": 3.4853629572270206,
  "max_curvature_weight": 0.0008533838625885378,
  "msc_threshold": 3.1582480219069398,
  "msc_weight": 3.2665243027776705e-06,
  "JF": 0.00031596036292290793,
  "Jf": 0.0003158567386204392,
  "BdotN": 0.0042766083341981296,
  "lengths": [
    40.97682160743051,
    43.44851989747215,
    35.313798709757364,
    40.253787124272854
  ],
  "length": 159.99292733893287,
  "max_curvatures": [
    2.8314508229880477,
    3.512986801661989,
    1.2984722632889902,
    3.5032102713250306
  ],
  "max_max_curvature": 3.512986801661989,
  "coil_coil_distance": 0.6347462901869593,
  "cc_threshold": 0.6348639562589532,
  "cc_weight": 5.576641349302382,
  "gradient_norm": 0.000751122103914268,
  "linking_number": 0,
  "directory": "ncoils_4_order_8_R1_5.0_length_target_4e+01_weight_0.17_max_curvature_3.5_weight_0.00085_msc_3.2_weight_3.3e-06_cc_0.63_weight_5.6",
  "mean_squared_curvatures": [
    0.2381371690160344,
    0.2987542490087552,
    0.14556353682466422,
    0.3134237537007989
  ],
  "max_mean_squared_curvature": 0.3134237537007989,
  "message": "STOP: TOTAL NO. of ITERATIONS REACHED LIMIT",
  "success": false,
  "iterations": 700,
  "function_evaluations": 825,
  "coil_currents": [
    12218757.451704212,
    12203555.09563637,
    12266576.967971269,
    11892525.20277723
  ],
  "coil_surface_distance": 1.4400378306644586
}