{
  "nfp": 4,
  "R0": 11.34443056562854,
  "R1": 4.904116032561077,
  "ncoils": 4,
  "order": 9,
  "nphi": 32,
  "ntheta": 32,
  "length_target": 43.18270429603082,
  "length_weight": 73.82029703142513,
  "max_curvature_threshold": 6.482257808619019,
  "max_curvature_weight": 1.7421096079695857e-06,
  "msc_threshold": 2.371911268321991,
  "msc_weight": 3.090901203694326e-05,
  "JF": 0.005539241327966339,
  "Jf": 0.0054475221077587704,
  "BdotN": 0.018615387197484873,
  "lengths": [
    43.94071449604738,
    43.84633959784487,
    43.361364843459754,
    41.58259881478692
  ],
  "length": 172.73101775213894,
  "max_curvatures": [
    20.846918679799,
    56.93906602184022,
    13.629300066883046,
    34.1125247194924
  ],
  "max_max_curvature": 56.93906602184022,
  "coil_coil_distance": 0.7521097832587378,
  "cc_threshold": 0.7521560203296176,
  "cc_weight": 217.57545651686718,
  "gradient_norm": 0.31866874065423745,
  "linking_number": 0,
  "directory": "ncoils_4_order_9_R1_4.9_length_target_4.3e+01_weight_7.4e+01_max_curvature_6.5_weight_1.7e-06_msc_2.4_weight_3.1e-05_cc_0.75_weight_2.2e+02",
  "mean_squared_curvatures": [
    1.2231778030067266,
    2.697442204749743,
    1.1777951852151831,
    1.3116115447497425
  ],
  "max_mean_squared_curvature": 2.697442204749743,
  "message": "STOP: TOTAL NO. of ITERATIONS REACHED LIMIT",
  "success": false,
  "iterations": 700,
  "function_evaluations": 947,
  "coil_currents": [
    12220979.21599744,
    12157414.619548751,
    12164618.840939058,
    12038402.041603833
  ],
  "coil_surface_distance": 1.3076714994590721
}