{
  "nfp": 4,
  "ncoils": 6,
  "R0": 11.34443056562854,
  "R1": 4.824930025959784,
  "order": 10,
  "nphi": 32,
  "ntheta": 32,
  "length_target": 33.45575624182152,
  "length_weight": 2.100697508781503,
  "max_curvature_threshold": 3.4925455357495068,
  "max_curvature_weight": 2.4432822670686877e-06,
  "msc_threshold": 3.7038452417810426,
  "msc_weight": 2.5518500917192577e-07,
  "JF": 0.0006784566231453837,
  "Jf": 0.0006305568350886112,
  "BdotN": 0.004095579485704899,
  "lengths": [
    33.70097643460512,
    33.00237050450184,
    34.030459561330865,
    33.13642008105532,
    32.7774976921614,
    34.08676169212117
  ],
  "length": 200.73448596577572,
  "max_curvatures": [
    8.40792317733635,
    9.367680807830157,
    8.135695745734527,
    9.520826012309291,
    8.443570003334482,
    12.193120443919485
  ],
  "max_max_curvature": 12.193120443919485,
  "coil_coil_distance": 0.7333028485281057,
  "cc_threshold": 0.733312304619578,
  "cc_weight": 5963.579170500591,
  "gradient_norm": 0.022655691580923544,
  "linking_number": 0,
  "directory": "ncoils_6_order_10_R1_4.8_length_target_3.3e+01_weight_2.1_max_curvature_3.5_weight_2.4e-06_msc_3.7_weight_2.6e-07_cc_0.73_weight_6e+03",
  "mean_squared_curvatures": [
    1.2416885927207393,
    1.635296985282474,
    1.1303157382770581,
    1.3269415685477217,
    1.4185047795320984,
    1.558817455404074
  ],
  "max_mean_squared_curvature": 1.635296985282474,
  "message": "STOP: TOTAL NO. of ITERATIONS REACHED LIMIT",
  "success": false,
  "iterations": 700,
  "function_evaluations": 1421,
  "coil_currents": [
    8108796.157438812,
    8120688.26279822,
    8068796.3943346115,
    8020217.241342787,
    8055214.930766644,
    8207701.731408007
  ],
  "coil_surface_distance": 1.1274253012484057
}