{
  "nfp": 4,
  "R0": 11.34443056562854,
  "R1": 4.549241796730698,
  "ncoils": 5,
  "order": 8,
  "nphi": 32,
  "ntheta": 32,
  "length_target": 39.19010225583903,
  "length_weight": 0.14216746751878337,
  "max_curvature_threshold": 4.3870173221334365,
  "max_curvature_weight": 1.2353628060578144e-05,
  "msc_threshold": 4.818232496947627,
  "msc_weight": 1.999135850273319e-05,
  "JF": 0.0003291806792388668,
  "Jf": 0.0003226223612729113,
  "BdotN": 0.0046434070303114534,
  "lengths": [
    36.34484288987359,
    36.98033296193838,
    38.363667025707166,
    43.72231464943518,
    40.539176715782204
  ],
  "length": 195.95033424273652,
  "max_curvatures": [
    3.5916330601383435,
    4.384833319966521,
    5.393236158430973,
    5.948753302573927,
    4.5187811741425294
  ],
  "max_max_curvature": 5.948753302573927,
  "coil_coil_distance": 0.5700423084788482,
  "cc_threshold": 0.5700435034621143,
  "cc_weight": 2760.224308741429,
  "gradient_norm": 0.005055881826250995,
  "linking_number": 0,
  "directory": "ncoils_5_order_8_R1_4.5_length_target_3.9e+01_weight_0.14_max_curvature_4.4_weight_1.2e-05_msc_4.8_weight_2e-05_cc_0.57_weight_2.8e+03",
  "mean_squared_curvatures": [
    0.42721143886958407,
    0.5328910847626672,
    1.5013132006948793,
    1.2675475612815612,
    0.7893850798584016
  ],
  "max_mean_squared_curvature": 1.5013132006948793,
  "message": "STOP: TOTAL NO. of ITERATIONS REACHED LIMIT",
  "success": false,
  "iterations": 700,
  "function_evaluations": 2123,
  "coil_currents": [
    9585352.780046228,
    9588411.931187963,
    9615919.741196264,
    9674595.58891859,
    10117134.676740035
  ],
  "coil_surface_distance": 1.373761106351629
}