{
  "nfp": 4,
  "R0": 11.34443056562854,
  "R1": 4.580613457067088,
  "ncoils": 5,
  "order": 11,
  "nphi": 32,
  "ntheta": 32,
  "length_target": 44.84666579209819,
  "length_weight": 0.013171884923127413,
  "max_curvature_threshold": 2.8190630775635475,
  "max_curvature_weight": 2.26646527706174e-06,
  "msc_threshold": 6.0214377729567135,
  "msc_weight": 2.4025022813794403e-06,
  "JF": 0.00060783511406749,
  "Jf": 0.0005933447965355716,
  "BdotN": 0.004365557163860495,
  "lengths": [
    39.67140409262317,
    42.37476538934438,
    43.13219219598156,
    42.75943070045339,
    56.29497762365738
  ],
  "length": 224.23277000205988,
  "max_curvatures": [
    5.267967728134314,
    5.112554235132087,
    6.831319172623006,
    5.953210410823965,
    7.26281317186954
  ],
  "max_max_curvature": 7.26281317186954,
  "coil_coil_distance": 0.8876483091630706,
  "cc_threshold": 0.8882291394121411,
  "cc_weight": 13.636665768101786,
  "gradient_norm": 0.01094447968197664,
  "linking_number": 0,
  "directory": "ncoils_5_order_11_R1_4.6_length_target_4.5e+01_weight_0.013_max_curvature_2.8_weight_2.3e-06_msc_6.0_weight_2.4e-06_cc_0.89_weight_1.4e+01",
  "mean_squared_curvatures": [
    0.9399664997242647,
    0.8575890141830491,
    0.9497893807204506,
    0.9775562213719832,
    0.9821572308976647
  ],
  "max_mean_squared_curvature": 0.9821572308976647,
  "message": "STOP: TOTAL NO. of ITERATIONS REACHED LIMIT",
  "success": false,
  "iterations": 700,
  "function_evaluations": 872,
  "coil_currents": [
    9785304.90940422,
    9659950.373607928,
    9403416.05394361,
    9440239.249139706,
    10292504.131993622
  ],
  "coil_surface_distance": 1.2947899517399035
}