{
  "nfp": 4,
  "R0": 11.34443056562854,
  "R1": 4.78712598492849,
  "ncoils": 4,
  "order": 9,
  "nphi": 32,
  "ntheta": 32,
  "length_target": 29.793576451676827,
  "length_weight": 0.4700438549045441,
  "max_curvature_threshold": 1.1917926421135903,
  "max_curvature_weight": 0.00011727742436108869,
  "msc_threshold": 7.972012524002504,
  "msc_weight": 2.3260700664831566e-06,
  "JF": 0.009000910539042218,
  "Jf": 0.008979114482372479,
  "BdotN": 0.016193532230124805,
  "lengths": [
    31.160102636728713,
    30.116937206144655,
    29.14507239072113,
    28.75499949920086
  ],
  "length": 119.17711173279535,
  "max_curvatures": [
    2.449787241749467,
    1.191876008089131,
    2.1164055099997836,
    1.8491320437732852
  ],
  "max_max_curvature": 2.449787241749467,
  "coil_coil_distance": 0.7297390199254357,
  "cc_threshold": 0.7432352859963447,
  "cc_weight": 0.05538826957272966,
  "gradient_norm": 0.04130798802920018,
  "linking_number": 0,
  "directory": "ncoils_4_order_9_R1_4.8_length_target_3e+01_weight_0.47_max_curvature_1.2_weight_0.00012_msc_8.0_weight_2.3e-06_cc_0.74_weight_0.055",
  "mean_squared_curvatures": [
    0.11313988854110481,
    0.1289241749118434,
    0.20276233088400505,
    0.225434561868375
  ],
  "max_mean_squared_curvature": 0.225434561868375,
  "message": "CONVERGENCE: REL_REDUCTION_OF_F_<=_FACTR*EPSMCH",
  "success": true,
  "iterations": 496,
  "function_evaluations": 801,
  "coil_currents": [
    12174529.169571288,
    12158069.497317685,
    12134862.466044268,
    12113953.585155837
  ],
  "coil_surface_distance": 1.3634371345970606
}