{
  "nfp": 4,
  "R0": 11.34443056562854,
  "R1": 4.468047319703339,
  "ncoils": 4,
  "order": 13,
  "nphi": 32,
  "ntheta": 32,
  "length_target": 32.7089679082262,
  "length_weight": 0.03072609701915243,
  "max_curvature_threshold": 6.456529007971309,
  "max_curvature_weight": 4.80526879716767e-06,
  "msc_threshold": 4.415743837527028,
  "msc_weight": 7.995971040792197e-06,
  "JF": 0.0018248899278326606,
  "Jf": 0.001824033145271577,
  "BdotN": 0.006828157298760149,
  "lengths": [
    34.39685449926769,
    33.04161249625136,
    32.076864633136836,
    31.327642292203553
  ],
  "length": 130.84297392085944,
  "max_curvatures": [
    6.744256342078702,
    6.726131938900675,
    7.875391907202582,
    4.697009606401411
  ],
  "max_max_curvature": 7.875391907202582,
  "coil_coil_distance": 0.7153393517159611,
  "cc_threshold": 0.7154088412908932,
  "cc_weight": 159.47753259668704,
  "gradient_norm": 0.18684787458213178,
  "linking_number": 0,
  "directory": "ncoils_4_order_13_R1_4.5_length_target_3.3e+01_weight_0.031_max_curvature_6.5_weight_4.8e-06_msc_4.4_weight_8e-06_cc_0.72_weight_1.6e+02",
  "mean_squared_curvatures": [
    0.24645974174602572,
    0.17626249647027906,
    0.41429983940703713,
    0.488258762023291
  ],
  "max_mean_squared_curvature": 0.488258762023291,
  "message": "STOP: TOTAL NO. of ITERATIONS REACHED LIMIT",
  "success": false,
  "iterations": 700,
  "function_evaluations": 998,
  "coil_currents": [
    12327980.79218785,
    12276559.641676787,
    12188563.086590674,
    11788311.197633766
  ],
  "coil_surface_distance": 1.4343113943457777
}