{
  "nfp": 4,
  "ncoils": 6,
  "R0": 11.34443056562854,
  "R1": 4.473605048914803,
  "order": 10,
  "nphi": 32,
  "ntheta": 32,
  "length_target": 33.3021877189416,
  "length_weight": 0.5499598230075553,
  "max_curvature_threshold": 3.5721729646001625,
  "max_curvature_weight": 1.2211522684417348e-05,
  "msc_threshold": 0.7530764805962974,
  "msc_weight": 6.266646854164298e-06,
  "JF": 0.00036829087266393353,
  "Jf": 0.00028666136723408706,
  "BdotN": 0.0048375002161827755,
  "lengths": [
    33.053829300438586,
    34.2417424559375,
    33.18852460561631,
    31.763595154203905,
    33.62789811953006,
    33.93801673916706
  ],
  "length": 199.81360637489345,
  "max_curvatures": [
    4.019421217116008,
    10.618061360218555,
    4.789426798676638,
    5.943248437167745,
    3.390610738797068,
    4.65770611431756
  ],
  "max_max_curvature": 10.618061360218555,
  "coil_coil_distance": 0.6005875165446534,
  "cc_threshold": 0.6007509568256356,
  "cc_weight": 1312.332079549976,
  "gradient_norm": 0.08111452821350768,
  "linking_number": 0,
  "directory": "ncoils_6_order_10_R1_4.5_length_target_3.3e+01_weight_0.55_max_curvature_3.6_weight_1.2e-05_msc_0.75_weight_6.3e-06_cc_0.6_weight_1.3e+03",
  "mean_squared_curvatures": [
    0.3438831174007172,
    1.7533525129064795,
    0.7827702925427795,
    0.7370471276474826,
    0.43905500384478524,
    0.6252205264396737
  ],
  "max_mean_squared_curvature": 1.7533525129064795,
  "message": "STOP: TOTAL NO. of ITERATIONS REACHED LIMIT",
  "success": false,
  "iterations": 500,
  "function_evaluations": 725,
  "coil_currents": [
    8188403.804714437,
    8130126.4913638905,
    8146493.857775107,
    8141963.471124452,
    8023691.098016531,
    7950735.995094664
  ],
  "coil_surface_distance": 0.7507004515706981
}