{
  "nfp": 4,
  "ncoils": 6,
  "R0": 11.34443056562854,
  "R1": 4.476506185669078,
  "order": 8,
  "nphi": 32,
  "ntheta": 32,
  "length_target": 41.43223899453486,
  "length_weight": 2.13529451383353,
  "max_curvature_threshold": 0.9063632903387865,
  "max_curvature_weight": 2.5503310073697404e-05,
  "msc_threshold": 1.5349286301607972,
  "msc_weight": 7.432062193860575e-07,
  "JF": 0.003800106944649721,
  "Jf": 0.0031099901311064377,
  "BdotN": 0.010714638767388264,
  "lengths": [
    36.08088757113089,
    36.66327065901624,
    41.39167465247576,
    39.645966818673976,
    48.22141109912546,
    46.59069047055981
  ],
  "length": 248.59390127098214,
  "max_curvatures": [
    3.027210957482715,
    2.871626180296623,
    4.426678512864207,
    2.9946983422286526,
    4.097865279911772,
    6.47154779681121
  ],
  "max_max_curvature": 6.47154779681121,
  "coil_coil_distance": 0.8756173042641296,
  "cc_threshold": 0.8783117099641005,
  "cc_weight": 66.6739260693026,
  "gradient_norm": 0.05939795858375981,
  "linking_number": 0,
  "directory": "ncoils_6_order_8_R1_4.5_length_target_4.1e+01_weight_2.1_max_curvature_0.91_weight_2.6e-05_msc_1.5_weight_7.4e-07_cc_0.88_weight_6.7e+01",
  "mean_squared_curvatures": [
    0.46797109588704444,
    0.49649023965856315,
    0.7497939258536312,
    0.514847519550959,
    0.9896553671072885,
    1.0715814857543864
  ],
  "max_mean_squared_curvature": 1.0715814857543864,
  "message": "STOP: TOTAL NO. of ITERATIONS REACHED LIMIT",
  "success": false,
  "iterations": 700,
  "function_evaluations": 890,
  "coil_currents": [
    7754266.399789962,
    7659014.240439876,
    8071250.51662978,
    7928095.5531475255,
    7908735.452671848,
    9260052.555410095
  ],
  "coil_surface_distance": 1.040874815901583
}