{
  "nfp": 4,
  "R0": 11.34443056562854,
  "R1": 4.847456537892919,
  "ncoils": 6,
  "order": 6,
  "nphi": 32,
  "ntheta": 32,
  "length_target": 43.31458627305271,
  "length_weight": 20.294164927597507,
  "max_curvature_threshold": 2.5986719050008564,
  "max_curvature_weight": 0.00046037605123509134,
  "msc_threshold": 3.810059159050687,
  "msc_weight": 1.1943498348472429e-05,
  "JF": 0.001789792192528615,
  "Jf": 0.0017854444950128345,
  "BdotN": 0.010429625962399023,
  "lengths": [
    47.953440835200155,
    46.36426546061734,
    44.252974571966774,
    40.64765289703112,
    38.898880866798955,
    41.77049569337903
  ],
  "length": 259.88771032499335,
  "max_curvatures": [
    2.52651672252977,
    1.5494737950506794,
    2.043731292216465,
    2.747260801613708,
    2.856456067068364,
    2.2612005416590897
  ],
  "max_max_curvature": 2.856456067068364,
  "coil_coil_distance": 0.6045865542166062,
  "cc_threshold": 0.6056338011627339,
  "cc_weight": 5.216443184801853,
  "gradient_norm": 0.09578031639666808,
  "linking_number": 0,
  "directory": "ncoils_6_order_6_R1_4.8_length_target_4.3e+01_weight_2e+01_max_curvature_2.6_weight_0.00046_msc_3.8_weight_1.2e-05_cc_0.61_weight_5.2",
  "mean_squared_curvatures": [
    0.26271489563410894,
    0.16966459724403316,
    0.21986717336590725,
    0.26578897303794097,
    0.2568525019144637,
    0.22197127475012554
  ],
  "max_mean_squared_curvature": 0.26578897303794097,
  "message": "STOP: TOTAL NO. of ITERATIONS REACHED LIMIT",
  "success": false,
  "iterations": 700,
  "function_evaluations": 851,
  "coil_currents": [
    8344654.271871834,
    8133003.317973511,
    7472728.371217623,
    7346199.794646656,
    7546861.627466667,
    9737967.334912784
  ],
  "coil_surface_distance": 1.2969139955148896
}