{
  "nfp": 4,
  "ncoils": 6,
  "R0": 11.34443056562854,
  "R1": 4.3181309330981525,
  "order": 8,
  "nphi": 32,
  "ntheta": 32,
  "length_target": 35.466775069283045,
  "length_weight": 0.11896371835945256,
  "max_curvature_threshold": 4.411934022919952,
  "max_curvature_weight": 4.516875893862017e-05,
  "msc_threshold": 0.8403568819566934,
  "msc_weight": 8.990427206001373e-07,
  "JF": 0.0002594657312663117,
  "Jf": 0.00025915634075882136,
  "BdotN": 0.004109408377699879,
  "lengths": [
    35.87496161710457,
    36.00910082580397,
    33.27478776643413,
    34.25247916961152,
    36.41034288959136,
    36.97953606478003
  ],
  "length": 212.80120833332558,
  "max_curvatures": [
    4.464136652127126,
    4.316170350759563,
    3.4786155995452828,
    4.3584931817345245,
    1.834258674254232,
    4.549144887350769
  ],
  "max_max_curvature": 4.549144887350769,
  "coil_coil_distance": 0.7485249634063724,
  "cc_threshold": 0.74925032256482,
  "cc_weight": 1.0258808161573096,
  "gradient_norm": 0.0016178261704292698,
  "linking_number": 0,
  "directory": "ncoils_6_order_8_R1_4.3_length_target_3.5e+01_weight_0.12_max_curvature_4.4_weight_4.5e-05_msc_0.84_weight_9e-07_cc_0.75_weight_1.0",
  "mean_squared_curvatures": [
    0.23022299315067857,
    0.2966972632847487,
    0.24430853092427915,
    0.4549107265369985,
    0.20944827000534438,
    0.8107316146881143
  ],
  "max_mean_squared_curvature": 0.8107316146881143,
  "message": "STOP: TOTAL NO. of ITERATIONS REACHED LIMIT",
  "success": false,
  "iterations": 700,
  "function_evaluations": 744,
  "coil_currents": [
    8641444.17126258,
    8495925.567304948,
    8421487.855281936,
    8090684.588909118,
    8017674.607968112,
    6914197.927362382
  ],
  "coil_surface_distance": 1.2274818574711959
}