{
  "nfp": 4,
  "R0": 11.34443056562854,
  "R1": 4.794580648069969,
  "ncoils": 5,
  "order": 9,
  "nphi": 32,
  "ntheta": 32,
  "length_target": 37.5954078140605,
  "length_weight": 0.06372274083900899,
  "max_curvature_threshold": 2.218671777840886,
  "max_curvature_weight": 2.7141360121589294e-05,
  "msc_threshold": 7.635880132717993,
  "msc_weight": 7.28978009654524e-05,
  "JF": 0.05042458989583802,
  "Jf": 0.04810740084130685,
  "BdotN": 0.1024051855075503,
  "lengths": [
    40.35160654708786,
    39.12037336958265,
    41.02681662555442,
    36.55000934546615,
    30.93240540316607
  ],
  "length": 187.98121129085712,
  "max_curvatures": [
    8.385121083660982,
    5.8392557039020785,
    16.869003353143277,
    27.84873360176064,
    19.028722627255657
  ],
  "max_max_curvature": 27.84873360176064,
  "coil_coil_distance": 1.160558323967231,
  "cc_threshold": 1.1617577249903395,
  "cc_weight": 279.30475695887,
  "gradient_norm": 1.3802255106798276,
  "linking_number": 0,
  "directory": "ncoils_5_order_9_R1_4.8_length_target_3.8e+01_weight_0.064_max_curvature_2.2_weight_2.7e-05_msc_7.6_weight_7.3e-05_cc_1.2_weight_2.8e+02",
  "mean_squared_curvatures": [
    0.7034195802881424,
    0.841292279454103,
    1.2521971484189256,
    4.328087347255213,
    4.4210481354659565
  ],
  "max_mean_squared_curvature": 4.4210481354659565,
  "message": "STOP: TOTAL NO. of ITERATIONS REACHED LIMIT",
  "success": false,
  "iterations": 700,
  "function_evaluations": 890,
  "coil_currents": [
    11259063.914641013,
    11481865.249570504,
    11711377.13618227,
    9585539.667066779,
    4543568.750628509
  ],
  "coil_surface_distance": 0.01111500413009731
}