{
  "nfp": 4,
  "ncoils": 6,
  "R0": 11.34443056562854,
  "R1": 4.410052849262226,
  "order": 9,
  "nphi": 32,
  "ntheta": 32,
  "length_target": 41.273607797711364,
  "length_weight": 0.38326371440254214,
  "max_curvature_threshold": 1.6586124330146825,
  "max_curvature_weight": 2.6847445271545085e-05,
  "msc_threshold": 1.2424701747819173,
  "msc_weight": 1.262306125798472e-06,
  "JF": 0.0002145419702220846,
  "Jf": 0.00021237484465709775,
  "BdotN": 0.004156199822287566,
  "lengths": [
    40.60888566122055,
    40.25120417614307,
    41.60658500893365,
    40.03392936630099,
    41.78340459503929,
    43.35786758845132
  ],
  "length": 247.64187639608886,
  "max_curvatures": [
    1.789363637401207,
    1.8174960698211797,
    1.5029677288972672,
    1.7627641224490624,
    1.806473551841982,
    2.1097220226916256
  ],
  "max_max_curvature": 2.1097220226916256,
  "coil_coil_distance": 0.6876066676335929,
  "cc_threshold": 0.68964642594986,
  "cc_weight": 0.1863677734455689,
  "gradient_norm": 0.0024061695669986686,
  "linking_number": 0,
  "directory": "ncoils_6_order_9_R1_4.4_length_target_4.1e+01_weight_0.38_max_curvature_1.7_weight_2.7e-05_msc_1.2_weight_1.3e-06_cc_0.69_weight_0.19",
  "mean_squared_curvatures": [
    0.23197997524508884,
    0.24645289320743338,
    0.18309081336712554,
    0.2049137680014906,
    0.17906048346547598,
    0.3505924258278029
  ],
  "max_mean_squared_curvature": 0.3505924258278029,
  "message": "STOP: TOTAL NO. of ITERATIONS REACHED LIMIT",
  "success": false,
  "iterations": 500,
  "function_evaluations": 577,
  "coil_currents": [
    8046947.116747548,
    7919847.009839724,
    7922662.63684428,
    7966746.945572532,
    8034507.344948493,
    8690703.664136507
  ],
  "coil_surface_distance": 1.2545125172843832
}