{
  "nfp": 4,
  "R0": 11.34443056562854,
  "R1": 4.502570387792455,
  "ncoils": 5,
  "order": 10,
  "nphi": 32,
  "ntheta": 32,
  "length_target": 40.95883689571099,
  "length_weight": 0.019377038082840404,
  "max_curvature_threshold": 5.698920484330805,
  "max_curvature_weight": 0.0007819606165365308,
  "msc_threshold": 6.470077367014638,
  "msc_weight": 3.257985510444473e-07,
  "JF": 0.0018428308967185138,
  "Jf": 0.001807020765054236,
  "BdotN": 0.009982328858336133,
  "lengths": [
    40.6670958213643,
    41.14388183330607,
    41.38196102454436,
    38.73477528006972,
    42.86715246412044
  ],
  "length": 204.7948664234049,
  "max_curvatures": [
    5.7330147774860984,
    5.696248004030416,
    5.513314986370214,
    5.666990395209476,
    5.664283402375887
  ],
  "max_max_curvature": 5.7330147774860984,
  "coil_coil_distance": 1.0325217710096977,
  "cc_threshold": 1.0512279778086362,
  "cc_weight": 0.5429304379357213,
  "gradient_norm": 0.0013179792451014948,
  "linking_number": 0,
  "directory": "ncoils_5_order_10_R1_4.5_length_target_4.1e+01_weight_0.019_max_curvature_5.7_weight_0.00078_msc_6.5_weight_3.3e-07_cc_1.1_weight_0.54",
  "mean_squared_curvatures": [
    0.6015590022596401,
    0.6711342743062183,
    0.6675396124056957,
    0.7839324599278162,
    0.9912350597720895
  ],
  "max_mean_squared_curvature": 0.9912350597720895,
  "message": "STOP: TOTAL NO. of ITERATIONS REACHED LIMIT",
  "success": false,
  "iterations": 700,
  "function_evaluations": 798,
  "coil_currents": [
    10725214.716788694,
    10052722.74656729,
    9681124.838954452,
    9808981.606467716,
    8313370.809310928
  ],
  "coil_surface_distance": 1.0800181496775167
}