{
  "nfp": 4,
  "R0": 11.34443056562854,
  "R1": 4.608997946734869,
  "ncoils": 5,
  "order": 11,
  "nphi": 32,
  "ntheta": 32,
  "length_target": 39.77624920265539,
  "length_weight": 2.7728627624549387,
  "max_curvature_threshold": 2.4204400734987033,
  "max_curvature_weight": 0.007162461678920821,
  "msc_threshold": 3.206852450655219,
  "msc_weight": 6.332238299392888e-05,
  "JF": 0.005830637722763056,
  "Jf": 0.005782991769116475,
  "BdotN": 0.013521261236560172,
  "lengths": [
    40.66360996583758,
    43.05283620169452,
    36.836149340026616,
    37.457629358142434,
    40.87122638845864
  ],
  "length": 198.8814512541598,
  "max_curvatures": [
    2.4474064177701207,
    2.441164378124685,
    2.425131928709223,
    2.150734709331303,
    2.5338750290060297
  ],
  "max_max_curvature": 2.5338750290060297,
  "coil_coil_distance": 1.1598551922561506,
  "cc_threshold": 1.165236895829091,
  "cc_weight": 1.7589545942555256,
  "gradient_norm": 0.02130800520918571,
  "linking_number": 0,
  "directory": "ncoils_5_order_11_R1_4.6_length_target_4e+01_weight_2.8_max_curvature_2.4_weight_0.0072_msc_3.2_weight_6.3e-05_cc_1.2_weight_1.8",
  "mean_squared_curvatures": [
    0.47806618758563396,
    0.374915455484675,
    0.36668562593784176,
    0.2224950802897877,
    0.5467002115319505
  ],
  "max_mean_squared_curvature": 0.5467002115319505,
  "message": "STOP: TOTAL NO. of ITERATIONS REACHED LIMIT",
  "success": false,
  "iterations": 700,
  "function_evaluations": 769,
  "coil_currents": [
    10255747.356337383,
    9974422.12903291,
    9750581.724838642,
    9731056.533611462,
    8869606.974268682
  ],
  "coil_surface_distance": 1.144187910374177
}