{
  "nfp": 4,
  "ncoils": 6,
  "R0": 11.34443056562854,
  "R1": 4.428167679394921,
  "order": 6,
  "nphi": 32,
  "ntheta": 32,
  "length_target": 40.784363390755686,
  "length_weight": 0.10506071081205787,
  "max_curvature_threshold": 3.4813944800585936,
  "max_curvature_weight": 1.5221464121147026e-05,
  "msc_threshold": 4.582056928369221,
  "msc_weight": 1.4483489178449453e-07,
  "JF": 0.009603102586763498,
  "Jf": 0.00921967862078929,
  "BdotN": 0.03036820167799687,
  "lengths": [
    35.91967529546434,
    41.70342167458837,
    44.64682960848661,
    45.46804045992125,
    36.97548720074656,
    39.993456241503395
  ],
  "length": 244.70691048071052,
  "max_curvatures": [
    6.887599987307111,
    11.512370405524594,
    11.110465710817175,
    10.864819779186272,
    6.713319378063092,
    6.933598760822842
  ],
  "max_max_curvature": 11.512370405524594,
  "coil_coil_distance": 0.8374970619252167,
  "cc_threshold": 0.8375152372825682,
  "cc_weight": 221.20556811221385,
  "gradient_norm": 0.05906668588467947,
  "linking_number": 0,
  "directory": "ncoils_6_order_6_R1_4.4_length_target_4.1e+01_weight_0.11_max_curvature_3.5_weight_1.5e-05_msc_4.6_weight_1.4e-07_cc_0.84_weight_2.2e+02",
  "mean_squared_curvatures": [
    0.41889968592462584,
    1.1311612843050545,
    0.7482134286677963,
    2.1106375812614777,
    0.8260852854730791,
    0.9996662849788706
  ],
  "max_mean_squared_curvature": 2.1106375812614777,
  "message": "STOP: TOTAL NO. of ITERATIONS REACHED LIMIT",
  "success": false,
  "iterations": 700,
  "function_evaluations": 978,
  "coil_currents": [
    8977435.354025835,
    8912536.212803759,
    9117887.868382128,
    4335744.6262508705,
    7849091.06812028,
    9388719.588506214
  ],
  "coil_surface_distance": 0.12144315925156393
}