{
  "nfp": 4,
  "R0": 11.34443056562854,
  "R1": 4.920516878420783,
  "ncoils": 4,
  "order": 14,
  "nphi": 32,
  "ntheta": 32,
  "length_target": 42.40046099002359,
  "length_weight": 8.019370101856,
  "max_curvature_threshold": 0.702615562598776,
  "max_curvature_weight": 0.0004291805152595554,
  "msc_threshold": 0.6401519141974634,
  "msc_weight": 1.8603285738595357e-07,
  "JF": 0.005581663806338344,
  "Jf": 0.004794578313677445,
  "BdotN": 0.010885867522579354,
  "lengths": [
    40.603547970199934,
    44.59202253259784,
    39.66837729243289,
    44.738380728605925
  ],
  "length": 169.6023285238366,
  "max_curvatures": [
    1.0110752859064613,
    1.5309760558969765,
    0.9711164905224133,
    1.7447633626055614
  ],
  "max_max_curvature": 1.7447633626055614,
  "coil_coil_distance": 0.93429810097489,
  "cc_threshold": 0.9347093914506137,
  "cc_weight": 373.5450360708748,
  "gradient_norm": 0.1631032008892802,
  "linking_number": 0,
  "directory": "ncoils_4_order_14_R1_4.9_length_target_4.2e+01_weight_8.0_max_curvature_0.7_weight_0.00043_msc_0.64_weight_1.9e-07_cc_0.93_weight_3.7e+02",
  "mean_squared_curvatures": [
    0.16338313108207206,
    0.3619075523831843,
    0.19777089402351547,
    0.37547521551621466
  ],
  "max_mean_squared_curvature": 0.37547521551621466,
  "message": "STOP: TOTAL NO. of ITERATIONS REACHED LIMIT",
  "success": false,
  "iterations": 700,
  "function_evaluations": 931,
  "coil_currents": [
    12271941.079425188,
    12266628.539558645,
    12190035.7422074,
    11852809.356897846
  ],
  "coil_surface_distance": 1.276295361052717
}