{
  "nfp": 4,
  "R0": 11.34443056562854,
  "R1": 4.436877721572526,
  "ncoils": 5,
  "order": 7,
  "nphi": 32,
  "ntheta": 32,
  "length_target": 46.3992018124449,
  "length_weight": 0.17622222230633403,
  "max_curvature_threshold": 0.15277475360852177,
  "max_curvature_weight": 1.573368484102591e-05,
  "msc_threshold": 3.331717459252004,
  "msc_weight": 9.322991308067336e-05,
  "JF": 0.001911082918494532,
  "Jf": 0.001530726625912092,
  "BdotN": 0.005941361602297953,
  "lengths": [
    45.99636381517991,
    50.870681181690315,
    42.52488060492143,
    48.34804924508537,
    44.25788885461404
  ],
  "length": 231.99786370149107,
  "max_curvatures": [
    1.9526826487333981,
    2.432460013282052,
    3.1261383634741446,
    3.9474606491820454,
    1.3242455518904548
  ],
  "max_max_curvature": 3.9474606491820454,
  "coil_coil_distance": 0.9561839259544052,
  "cc_threshold": 0.9573030441424164,
  "cc_weight": 2.9235383401537667,
  "gradient_norm": 0.010986822859936034,
  "linking_number": 0,
  "directory": "ncoils_5_order_7_R1_4.4_length_target_4.6e+01_weight_0.18_max_curvature_0.15_weight_1.6e-05_msc_3.3_weight_9.3e-05_cc_0.96_weight_2.9",
  "mean_squared_curvatures": [
    0.22527755671107672,
    0.30663883821947646,
    0.3160800597131447,
    0.48390518412184785,
    0.13409787947568724
  ],
  "max_mean_squared_curvature": 0.48390518412184785,
  "message": "STOP: TOTAL NO. of ITERATIONS REACHED LIMIT",
  "success": false,
  "iterations": 700,
  "function_evaluations": 789,
  "coil_currents": [
    10014886.738278702,
    9702778.06379063,
    9488187.560255485,
    9862854.608721472,
    9512707.74704279
  ],
  "coil_surface_distance": 1.2989335986432313
}