{
  "nfp": 4,
  "R0": 11.34443056562854,
  "R1": 4.334406023938009,
  "ncoils": 6,
  "order": 11,
  "nphi": 32,
  "ntheta": 32,
  "length_target": 29.526049218827275,
  "length_weight": 0.23865701356250482,
  "max_curvature_threshold": 2.951697573509269,
  "max_curvature_weight": 0.0005014987992624072,
  "msc_threshold": 7.9665002543427015,
  "msc_weight": 4.1505739279525835e-07,
  "JF": 0.00020696851995589917,
  "Jf": 0.00020648689299227336,
  "BdotN": 0.004326742391456851,
  "lengths": [
    31.370781068241286,
    30.624979040406878,
    29.557117490833555,
    28.92605408330097,
    28.779787683846372,
    27.89774392548794
  ],
  "length": 177.156463292117,
  "max_curvatures": [
    2.917532664894593,
    2.914694117963385,
    2.8837604176418195,
    2.959249544855518,
    2.963312096959248,
    2.6642032395223993
  ],
  "max_max_curvature": 2.963312096959248,
  "coil_coil_distance": 0.6772962589233192,
  "cc_threshold": 0.6849825955781315,
  "cc_weight": 0.07304575451334379,
  "gradient_norm": 0.0006968415134528347,
  "linking_number": 0,
  "directory": "ncoils_6_order_11_R1_4.3_length_target_3e+01_weight_0.24_max_curvature_3.0_weight_0.0005_msc_8.0_weight_4.2e-07_cc_0.68_weight_0.073",
  "mean_squared_curvatures": [
    0.2222781968670463,
    0.15700365925070348,
    0.22576049470888307,
    0.32123631859956747,
    0.3469478947786627,
    0.4246953958851062
  ],
  "max_mean_squared_curvature": 0.4246953958851062,
  "message": "STOP: TOTAL NO. of ITERATIONS REACHED LIMIT",
  "success": false,
  "iterations": 700,
  "function_evaluations": 823,
  "coil_currents": [
    8252967.978932461,
    8204458.750791103,
    8131909.077292725,
    8052529.011311541,
    8112738.265939563,
    7826811.633821689
  ],
  "coil_surface_distance": 1.0646350714778912
}