{
  "nfp": 4,
  "R0": 11.34443056562854,
  "R1": 4.4381608393101235,
  "ncoils": 5,
  "order": 11,
  "nphi": 32,
  "ntheta": 32,
  "length_target": 42.03191539001954,
  "length_weight": 55.17480466088866,
  "max_curvature_threshold": 1.0187864333280974,
  "max_curvature_weight": 1.3199094305344609e-05,
  "msc_threshold": 7.7968238434119534,
  "msc_weight": 1.3637780024374053e-06,
  "JF": 4.307079725812124,
  "Jf": 4.269380056876417,
  "BdotN": 0.3024190901395489,
  "lengths": [
    51.74345322180797,
    42.86384298954507,
    39.50858491477783,
    37.886242759284436,
    38.157077292895565
  ],
  "length": 210.15920117831087,
  "max_curvatures": [
    18.88573112887026,
    15.100928272889092,
    88.23401688349533,
    71.87692708684472,
    43.954038433868966
  ],
  "max_max_curvature": 88.23401688349533,
  "coil_coil_distance": 0.10170418595723205,
  "cc_threshold": 0.8191021095626162,
  "cc_weight": 0.03426168957405388,
  "gradient_norm": 2.850970954946188,
  "linking_number": 0,
  "directory": "ncoils_5_order_11_R1_4.4_length_target_4.2e+01_weight_5.5e+01_max_curvature_1.0_weight_1.3e-05_msc_7.8_weight_1.4e-06_cc_0.82_weight_0.034",
  "mean_squared_curvatures": [
    1.828967388845277,
    1.12416569837527,
    16.55408391577891,
    5.5981656546079295,
    2.7466916960403416
  ],
  "max_mean_squared_curvature": 16.55408391577891,
  "message": "ABNORMAL_TERMINATION_IN_LNSRCH",
  "success": false,
  "iterations": 88,
  "function_evaluations": 216,
  "coil_currents": [
    9105481.272817656,
    9192883.213879028,
    9430126.745168563,
    9628238.887421805,
    11224684.59880203
  ],
  "coil_surface_distance": 1.2676863914117167
}