{
  "nfp": 4,
  "R0": 11.34443056562854,
  "R1": 4.2989636806439835,
  "ncoils": 4,
  "order": 7,
  "nphi": 32,
  "ntheta": 32,
  "length_target": 35.29276993532565,
  "length_weight": 9.19017834722874,
  "max_curvature_threshold": 5.853081337376797,
  "max_curvature_weight": 5.644620762180559e-05,
  "msc_threshold": 7.347254669130356,
  "msc_weight": 3.928182187387137e-06,
  "JF": 0.008908457919166486,
  "Jf": 0.008900163719730634,
  "BdotN": 0.016369302019988378,
  "lengths": [
    36.84283549747984,
    35.62148067624025,
    35.56155195410156,
    33.145517937893764
  ],
  "length": 141.1713860657154,
  "max_curvatures": [
    5.184021535482177,
    7.6058391582500615,
    2.0072037157476124,
    3.41586640354423
  ],
  "max_max_curvature": 7.6058391582500615,
  "coil_coil_distance": 1.183729076265892,
  "cc_threshold": 1.1838033396344072,
  "cc_weight": 340.9475087458585,
  "gradient_norm": 0.06594576507437647,
  "linking_number": 0,
  "directory": "ncoils_4_order_7_R1_4.3_length_target_3.5e+01_weight_9.2_max_curvature_5.9_weight_5.6e-05_msc_7.3_weight_3.9e-06_cc_1.2_weight_3.4e+02",
  "mean_squared_curvatures": [
    0.29765431798027425,
    0.4493309156553747,
    0.22981857561683278,
    0.32307566803451776
  ],
  "max_mean_squared_curvature": 0.4493309156553747,
  "message": "STOP: TOTAL NO. of ITERATIONS REACHED LIMIT",
  "success": false,
  "iterations": 700,
  "function_evaluations": 934,
  "coil_currents": [
    12320974.99732642,
    12362788.736120038,
    12212690.142469283,
    11684960.842173345
  ],
  "coil_surface_distance": 1.2115709164576314
}