{
  "nfp": 4,
  "R0": 11.34443056562854,
  "R1": 4.271665283653036,
  "ncoils": 4,
  "order": 5,
  "nphi": 32,
  "ntheta": 32,
  "length_target": 41.07601133388957,
  "length_weight": 1.0032672842410526,
  "max_curvature_threshold": 2.467258525660807,
  "max_curvature_weight": 0.005554570810585637,
  "msc_threshold": 3.3433400248801655,
  "msc_weight": 7.24412260046645e-07,
  "JF": 0.0010857926135515933,
  "Jf": 0.0010300031786282353,
  "BdotN": 0.005030525362014353,
  "lengths": [
    42.70956053349731,
    42.716173017243065,
    40.17221884697181,
    38.707321904686715
  ],
  "length": 164.3052743023989,
  "max_curvatures": [
    1.1125787551857773,
    1.018841791790131,
    2.4780748570272735,
    2.33858148995083
  ],
  "max_max_curvature": 2.4780748570272735,
  "coil_coil_distance": 0.8291921600083343,
  "cc_threshold": 0.8723502738559166,
  "cc_weight": 0.01794391164464682,
  "gradient_norm": 0.020864578166895523,
  "linking_number": 0,
  "directory": "ncoils_4_order_5_R1_4.3_length_target_4.1e+01_weight_1.0_max_curvature_2.5_weight_0.0056_msc_3.3_weight_7.2e-07_cc_0.87_weight_0.018",
  "mean_squared_curvatures": [
    0.0985498148029085,
    0.11674065718928509,
    0.20034666399570492,
    0.1850179533826037
  ],
  "max_mean_squared_curvature": 0.20034666399570492,
  "message": "STOP: TOTAL NO. of ITERATIONS REACHED LIMIT",
  "success": false,
  "iterations": 700,
  "function_evaluations": 768,
  "coil_currents": [
    12963739.862960696,
    12716664.495008612,
    12500746.102576174,
    10400264.257543601
  ],
  "coil_surface_distance": 1.4265531671178269
}