{
  "nfp": 4,
  "R0": 11.34443056562854,
  "R1": 4.598328224976161,
  "ncoils": 4,
  "order": 10,
  "nphi": 32,
  "ntheta": 32,
  "length_target": 40.263909897428604,
  "length_weight": 5.810549017570021,
  "max_curvature_threshold": 3.3634859490256486,
  "max_curvature_weight": 1.3978694750685607e-05,
  "msc_threshold": 4.185420146298635,
  "msc_weight": 2.4517949900776153e-05,
  "JF": 0.003592227057949966,
  "Jf": 0.003548268643900219,
  "BdotN": 0.0133100873336106,
  "lengths": [
    40.43745966121264,
    39.79381846795629,
    38.90259187944701,
    41.92217292964294
  ],
  "length": 161.05604293825888,
  "max_curvatures": [
    6.607399937446191,
    8.471907539719666,
    6.171691234894242,
    7.763630600729853
  ],
  "max_max_curvature": 8.471907539719666,
  "coil_coil_distance": 1.0180973102548128,
  "cc_threshold": 1.0182183361582795,
  "cc_weight": 67.81292647060089,
  "gradient_norm": 0.06318353572132047,
  "linking_number": 0,
  "directory": "ncoils_4_order_10_R1_4.6_length_target_4e+01_weight_5.8_max_curvature_3.4_weight_1.4e-05_msc_4.2_weight_2.5e-05_cc_1.0_weight_6.8e+01",
  "mean_squared_curvatures": [
    0.3293074168825994,
    0.33062834456760115,
    0.6738747033583707,
    1.0416621616641997
  ],
  "max_mean_squared_curvature": 1.0416621616641997,
  "message": "STOP: TOTAL NO. of ITERATIONS REACHED LIMIT",
  "success": false,
  "iterations": 700,
  "function_evaluations": 837,
  "coil_currents": [
    12056815.411132567,
    12021133.72572325,
    12075358.466314085,
    12428107.114919178
  ],
  "coil_surface_distance": 1.186874742585375
}