{
  "nfp": 4,
  "R0": 11.34443056562854,
  "R1": 4.8584276233274855,
  "ncoils": 6,
  "order": 11,
  "nphi": 32,
  "ntheta": 32,
  "length_target": 46.33297516782144,
  "length_weight": 0.05617519519897378,
  "max_curvature_threshold": 1.1327978708506667,
  "max_curvature_weight": 1.5203032637519586e-05,
  "msc_threshold": 3.685858328043478,
  "msc_weight": 2.3783135437643965e-07,
  "JF": 0.002685651799411627,
  "Jf": 0.0023946178981088303,
  "BdotN": 0.01018573659259623,
  "lengths": [
    43.116824569059844,
    48.60803167411686,
    42.72430469888523,
    44.66206556856714,
    43.61570375027824,
    55.27050938334694
  ],
  "length": 277.99743964425426,
  "max_curvatures": [
    1.8265305884543142,
    4.202659670171,
    4.434045738519531,
    9.786874302938495,
    2.317123116062239,
    3.6899716259641933
  ],
  "max_max_curvature": 9.786874302938495,
  "coil_coil_distance": 1.0121262711929038,
  "cc_threshold": 1.0124196514135657,
  "cc_weight": 19.165534262332095,
  "gradient_norm": 0.01147514386326271,
  "linking_number": 0,
  "directory": "ncoils_6_order_11_R1_4.9_length_target_4.6e+01_weight_0.056_max_curvature_1.1_weight_1.5e-05_msc_3.7_weight_2.4e-07_cc_1.0_weight_1.9e+01",
  "mean_squared_curvatures": [
    0.31306249276597,
    0.9783631640118351,
    0.47511714585309356,
    0.9695590733067297,
    0.41050612296265226,
    0.6608488935386793
  ],
  "max_mean_squared_curvature": 0.9783631640118351,
  "message": "STOP: TOTAL NO. of ITERATIONS REACHED LIMIT",
  "success": false,
  "iterations": 700,
  "function_evaluations": 893,
  "coil_currents": [
    7633590.134856353,
    8299854.543851479,
    7451781.770244126,
    8333622.268737342,
    7704700.660278283,
    9157865.3401215
  ],
  "coil_surface_distance": 1.1196826681224648
}