{
  "nfp": 4,
  "R0": 11.34443056562854,
  "R1": 4.296255749139944,
  "ncoils": 6,
  "order": 12,
  "nphi": 32,
  "ntheta": 32,
  "length_target": 45.264743588141194,
  "length_weight": 1.7459401733380433,
  "max_curvature_threshold": 6.336884477204829,
  "max_curvature_weight": 1.8041699593449783e-06,
  "msc_threshold": 1.3598206090925056,
  "msc_weight": 7.551659409676951e-07,
  "JF": 0.00038231293586509185,
  "Jf": 0.00036667050521256507,
  "BdotN": 0.00486118366286494,
  "lengths": [
    42.908682726362755,
    42.892926614407145,
    45.171765609354885,
    42.94632338175706,
    43.29362097149324,
    54.376021857003934
  ],
  "length": 271.58934116037904,
  "max_curvatures": [
    7.841481369077443,
    10.413087773956475,
    8.95400130557099,
    10.259983752653282,
    9.002658158677386,
    16.02019028802123
  ],
  "max_max_curvature": 16.02019028802123,
  "coil_coil_distance": 0.6162344908174954,
  "cc_threshold": 0.6225579424354439,
  "cc_weight": 0.3051744780094693,
  "gradient_norm": 0.07195207916478787,
  "linking_number": 0,
  "directory": "ncoils_6_order_12_R1_4.3_length_target_4.5e+01_weight_1.7_max_curvature_6.3_weight_1.8e-06_msc_1.4_weight_7.6e-07_cc_0.62_weight_0.31",
  "mean_squared_curvatures": [
    1.277344149202587,
    0.9949845674105525,
    1.329328110094333,
    1.5681724570331808,
    1.0302052606356478,
    2.273980892676122
  ],
  "max_mean_squared_curvature": 2.273980892676122,
  "message": "STOP: TOTAL NO. of ITERATIONS REACHED LIMIT",
  "success": false,
  "iterations": 700,
  "function_evaluations": 796,
  "coil_currents": [
    8102080.46814826,
    7995641.263376178,
    8030246.476825864,
    8145894.8906795215,
    8081185.475836126,
    8226366.143223129
  ],
  "coil_surface_distance": 1.121547652797669
}