{
  "nfp": 4,
  "ncoils": 6,
  "R0": 11.34443056562854,
  "R1": 4.333697618284203,
  "order": 15,
  "nphi": 32,
  "ntheta": 32,
  "length_target": 39.215393602507355,
  "length_weight": 0.354723010616549,
  "max_curvature_threshold": 3.1775088927346955,
  "max_curvature_weight": 4.515849302767936e-05,
  "msc_threshold": 2.31785789821491,
  "msc_weight": 7.47971692548537e-07,
  "JF": 0.0024942021428188575,
  "Jf": 0.0023867679015365023,
  "BdotN": 0.008445668556340217,
  "lengths": [
    47.895001076482764,
    34.914506947480206,
    34.83454030096508,
    39.15814695626971,
    36.07873952310392,
    42.412786934709736
  ],
  "length": 235.2937217390114,
  "max_curvatures": [
    3.972188307636207,
    4.039782902259105,
    3.4068859180769504,
    3.6045557204660614,
    3.6115851170466615,
    3.8231079371430496
  ],
  "max_max_curvature": 4.039782902259105,
  "coil_coil_distance": 1.072912126631509,
  "cc_threshold": 1.0924307983365045,
  "cc_weight": 0.2483327604605322,
  "gradient_norm": 0.02343927801980216,
  "linking_number": 0,
  "directory": "ncoils_6_order_15_R1_4.3_length_target_3.9e+01_weight_0.35_max_curvature_3.2_weight_4.5e-05_msc_2.3_weight_7.5e-07_cc_1.1_weight_0.25",
  "mean_squared_curvatures": [
    0.7958872067443045,
    0.7784885132632829,
    0.8811826365258263,
    1.0767121420959707,
    0.9633546785439168,
    0.93814001020766
  ],
  "max_mean_squared_curvature": 1.0767121420959707,
  "message": "STOP: TOTAL NO. of ITERATIONS REACHED LIMIT",
  "success": false,
  "iterations": 700,
  "function_evaluations": 752,
  "coil_currents": [
    11752722.781207524,
    6488940.796622494,
    7864408.265003584,
    7618121.579329596,
    7644302.939986857,
    7212918.355939031
  ],
  "coil_surface_distance": 1.0458557134920934
}