{
  "nfp": 4,
  "R0": 11.34443056562854,
  "R1": 4.447538022948636,
  "ncoils": 5,
  "order": 8,
  "nphi": 32,
  "ntheta": 32,
  "length_target": 40.73038130282981,
  "length_weight": 0.13698955144695393,
  "max_curvature_threshold": 6.688339387685394,
  "max_curvature_weight": 5.243189004809713e-06,
  "msc_threshold": 0.873790654893142,
  "msc_weight": 4.2492253025950634e-05,
  "JF": 0.0026631096315571875,
  "Jf": 0.00243326330929013,
  "BdotN": 0.01023728915198681,
  "lengths": [
    38.28760820110378,
    38.240937194293224,
    38.93270961578385,
    43.4042270180077,
    44.786675264057465
  ],
  "length": 203.65215729324603,
  "max_curvatures": [
    17.706967502241096,
    9.452651017479162,
    13.907626021341885,
    18.681249345635038,
    19.79256833920009
  ],
  "max_max_curvature": 19.79256833920009,
  "coil_coil_distance": 0.7911416625914298,
  "cc_threshold": 0.7910432660768285,
  "cc_weight": 4915.662974757073,
  "gradient_norm": 0.021532418424334038,
  "linking_number": 0,
  "directory": "ncoils_5_order_8_R1_4.4_length_target_4.1e+01_weight_0.14_max_curvature_6.7_weight_5.2e-06_msc_0.87_weight_4.2e-05_cc_0.79_weight_4.9e+03",
  "mean_squared_curvatures": [
    1.5447768304378144,
    1.426430945303981,
    1.6202633235658552,
    2.1908540480969854,
    2.393511610245731
  ],
  "max_mean_squared_curvature": 2.393511610245731,
  "message": "ABNORMAL_TERMINATION_IN_LNSRCH",
  "success": false,
  "iterations": 541,
  "function_evaluations": 1482,
  "coil_currents": [
    9872216.864678672,
    9787474.895037068,
    9805198.518666914,
    9732271.241366956,
    9384253.19833947
  ],
  "coil_surface_distance": 0.8675272044665409
}