{
  "nfp": 4,
  "R0": 11.34443056562854,
  "R1": 4.361029428369803,
  "ncoils": 4,
  "order": 13,
  "nphi": 32,
  "ntheta": 32,
  "length_target": 36.781901157436884,
  "length_weight": 0.01700289144350446,
  "max_curvature_threshold": 6.8700115098365355,
  "max_curvature_weight": 4.224094483521399e-06,
  "msc_threshold": 4.949597771569954,
  "msc_weight": 6.287871383563154e-07,
  "JF": 0.0010291311817480506,
  "Jf": 0.00101714141019333,
  "BdotN": 0.0049119347255157245,
  "lengths": [
    37.31570511602117,
    37.10895965719203,
    36.65733064357068,
    36.04869785114963
  ],
  "length": 147.1306932679335,
  "max_curvatures": [
    7.337790377430431,
    8.170150306810433,
    8.135443467843691,
    7.66235124605731
  ],
  "max_max_curvature": 8.170150306810433,
  "coil_coil_distance": 0.983286719412714,
  "cc_threshold": 0.9912577844100785,
  "cc_weight": 0.5246636304262315,
  "gradient_norm": 0.0009533501387968549,
  "linking_number": 0,
  "directory": "ncoils_4_order_13_R1_4.4_length_target_3.7e+01_weight_0.017_max_curvature_6.9_weight_4.2e-06_msc_4.9_weight_6.3e-07_cc_0.99_weight_0.52",
  "mean_squared_curvatures": [
    0.4106720095895941,
    0.5227598528431434,
    0.4470340211252054,
    1.0497113193133865
  ],
  "max_mean_squared_curvature": 1.0497113193133865,
  "message": "STOP: TOTAL NO. of ITERATIONS REACHED LIMIT",
  "success": false,
  "iterations": 700,
  "function_evaluations": 769,
  "coil_currents": [
    12078716.226687543,
    12659360.398241257,
    12376536.524978293,
    11466801.568181984
  ],
  "coil_surface_distance": 1.2747066812983878
}