{
  "nfp": 4,
  "R0": 11.34443056562854,
  "R1": 4.112855219703443,
  "ncoils": 6,
  "order": 9,
  "nphi": 32,
  "ntheta": 32,
  "length_target": 42.399260618500804,
  "length_weight": 0.463719236818044,
  "max_curvature_threshold": 0.2673393413443579,
  "max_curvature_weight": 7.2902781538008656e-06,
  "msc_threshold": 5.352234455859658,
  "msc_weight": 2.7462067114092803e-06,
  "JF": 5.220704998152313,
  "Jf": 5.161265493573801,
  "BdotN": 0.339925727214281,
  "lengths": [
    49.03508839441676,
    45.54924564510106,
    41.719163864833995,
    39.710496486265995,
    39.112093261098586,
    39.34794069681305
  ],
  "length": 254.47402834852946,
  "max_curvatures": [
    22.843322379426873,
    12.35449602325166,
    2.4729715573806454,
    6.282996712409592,
    2.6052031681847567,
    3.4253269010691936
  ],
  "max_max_curvature": 22.843322379426873,
  "coil_coil_distance": 0.08876396844117088,
  "cc_threshold": 0.9183901437610056,
  "cc_weight": 0.027950561759907296,
  "gradient_norm": 2.504296954554832,
  "linking_number": 0,
  "directory": "ncoils_6_order_9_R1_4.1_length_target_4.2e+01_weight_0.46_max_curvature_0.27_weight_7.3e-06_msc_5.4_weight_2.7e-06_cc_0.92_weight_0.028",
  "mean_squared_curvatures": [
    2.2412555102399248,
    0.7440216937702171,
    0.3432942305006587,
    0.5517022759307981,
    0.3109646798433337,
    0.3242671364421775
  ],
  "max_mean_squared_curvature": 2.2412555102399248,
  "message": "ABNORMAL_TERMINATION_IN_LNSRCH",
  "success": false,
  "iterations": 30,
  "function_evaluations": 152,
  "coil_currents": [
    7373941.070027356,
    7449996.084386425,
    7644093.212190481,
    7876078.913332889,
    8026044.022352078,
    10211261.415799856
  ],
  "coil_surface_distance": 1.41461567391334
}