{
  "nfp": 4,
  "R0": 11.34443056562854,
  "R1": 4.461317616625823,
  "ncoils": 4,
  "order": 14,
  "nphi": 32,
  "ntheta": 32,
  "length_target": 42.31319061148616,
  "length_weight": 83.97204127408958,
  "max_curvature_threshold": 3.1058922323659766,
  "max_curvature_weight": 0.004620337097674913,
  "msc_threshold": 4.221348923197104,
  "msc_weight": 4.793263030094019e-06,
  "JF": 0.018790603712197807,
  "Jf": 0.018472887262325897,
  "BdotN": 0.027373061876624125,
  "lengths": [
    46.04121416602193,
    43.263340783005575,
    38.39915922300101,
    41.54949666907926
  ],
  "length": 169.25321084110777,
  "max_curvatures": [
    3.3090715668092336,
    3.1326839544870264,
    3.3588622844650575,
    3.5400586031932533
  ],
  "max_max_curvature": 3.5400586031932533,
  "coil_coil_distance": 1.1245846024642387,
  "cc_threshold": 1.136488144132393,
  "cc_weight": 5.665216983749051,
  "gradient_norm": 0.9970066850162781,
  "linking_number": 0,
  "directory": "ncoils_4_order_14_R1_4.5_length_target_4.2e+01_weight_8.4e+01_max_curvature_3.1_weight_0.0046_msc_4.2_weight_4.8e-06_cc_1.1_weight_5.7",
  "mean_squared_curvatures": [
    0.4819992729672791,
    0.38364491620989927,
    0.49676456576742106,
    0.507213113785669
  ],
  "max_mean_squared_curvature": 0.507213113785669,
  "message": "STOP: TOTAL NO. of ITERATIONS REACHED LIMIT",
  "success": false,
  "iterations": 700,
  "function_evaluations": 851,
  "coil_currents": [
    12052121.62629063,
    12027396.086152473,
    12035311.733813,
    12466585.271832973
  ],
  "coil_surface_distance": 1.2403474290651382
}