{
  "nfp": 4,
  "R0": 11.34443056562854,
  "R1": 4.6606925450080166,
  "ncoils": 4,
  "order": 13,
  "nphi": 32,
  "ntheta": 32,
  "length_target": 29.625160333307807,
  "length_weight": 2.4174635334163757,
  "max_curvature_threshold": 0.30714428268875593,
  "max_curvature_weight": 0.005026737106610161,
  "msc_threshold": 1.0213180731135696,
  "msc_weight": 9.041416377235851e-05,
  "JF": 0.0162035108138472,
  "Jf": 0.011525868314357451,
  "BdotN": 0.01868481248460292,
  "lengths": [
    31.568287097399523,
    30.23196814725704,
    28.9288036978306,
    27.772198665578852
  ],
  "length": 118.50125760806601,
  "max_curvatures": [
    0.5427387872611439,
    0.6063699697470681,
    0.8107626734113285,
    0.8998951261471714
  ],
  "max_max_curvature": 0.8998951261471714,
  "coil_coil_distance": 0.8636442521157749,
  "cc_threshold": 0.9801190895489706,
  "cc_weight": 0.014039772030718128,
  "gradient_norm": 0.5016084829108922,
  "linking_number": 0,
  "directory": "ncoils_4_order_13_R1_4.7_length_target_3e+01_weight_2.4_max_curvature_0.31_weight_0.005_msc_1.0_weight_9e-05_cc_0.98_weight_0.014",
  "mean_squared_curvatures": [
    0.09259640360952255,
    0.10714755685338472,
    0.13125507254843718,
    0.16113739379039688
  ],
  "max_mean_squared_curvature": 0.16113739379039688,
  "message": "STOP: TOTAL NO. of ITERATIONS REACHED LIMIT",
  "success": false,
  "iterations": 700,
  "function_evaluations": 746,
  "coil_currents": [
    12699761.675402982,
    12581406.840962404,
    12331921.965823652,
    10968324.235900044
  ],
  "coil_surface_distance": 1.2783714214777564
}