{
  "nfp": 4,
  "R0": 11.34443056562854,
  "R1": 4.404287380363409,
  "ncoils": 3,
  "order": 6,
  "nphi": 32,
  "ntheta": 32,
  "length_target": 34.267095633497874,
  "length_weight": 4.469269710332416,
  "max_curvature_threshold": 5.683918412926941,
  "max_curvature_weight": 1.2465091047055552e-05,
  "msc_threshold": 7.563896514202192,
  "msc_weight": 1.3575992933129738e-06,
  "JF": 0.018583663968482378,
  "Jf": 0.018577450648241713,
  "BdotN": 0.023084229479365184,
  "lengths": [
    36.23681886284555,
    34.37862527375315,
    32.18635282497759
  ],
  "length": 102.8017969615763,
  "max_curvatures": [
    8.320665956624072,
    7.8135850765496855,
    10.419315746984191
  ],
  "max_max_curvature": 10.419315746984191,
  "coil_coil_distance": 0.6542968093162113,
  "cc_threshold": 0.6543738927412216,
  "cc_weight": 44.3183943292333,
  "gradient_norm": 0.005213608710254391,
  "linking_number": 0,
  "directory": "ncoils_3_order_6_R1_4.4_length_target_3.4e+01_weight_4.5_max_curvature_5.7_weight_1.2e-05_msc_7.6_weight_1.4e-06_cc_0.65_weight_4.4e+01",
  "mean_squared_curvatures": [
    0.14740676634342426,
    0.23257352830338196,
    0.4851589271038714
  ],
  "max_mean_squared_curvature": 0.4851589271038714,
  "message": "STOP: TOTAL NO. of ITERATIONS REACHED LIMIT",
  "success": false,
  "iterations": 700,
  "function_evaluations": 862,
  "coil_currents": [
    17007271.977593627,
    16931980.902858555,
    14642161.837636895
  ],
  "coil_surface_distance": 1.4754685135912824
}