{
  "nfp": 4,
  "R0": 11.34443056562854,
  "R1": 4.138357532982304,
  "ncoils": 6,
  "order": 9,
  "nphi": 32,
  "ntheta": 32,
  "length_target": 40.12186192192314,
  "length_weight": 40.193667374829296,
  "max_curvature_threshold": 2.2375582981468427,
  "max_curvature_weight": 0.0005593052722768103,
  "msc_threshold": 5.314099006075129,
  "msc_weight": 1.057873238440382e-07,
  "JF": 0.015805316193130085,
  "Jf": 0.01477358547409717,
  "BdotN": 0.025227155941379274,
  "lengths": [
    39.47198266545455,
    40.618564436243396,
    39.75541352787759,
    39.963148167435406,
    39.544258347006526,
    41.378400651573415
  ],
  "length": 240.73176779559088,
  "max_curvatures": [
    2.737742760906545,
    2.4718332407612476,
    3.2182594312126045,
    3.567370615309317,
    3.777543575792448,
    3.9719172192382617
  ],
  "max_max_curvature": 3.9719172192382617,
  "coil_coil_distance": 1.057551779423076,
  "cc_threshold": 1.076683462264223,
  "cc_weight": 0.764267595371999,
  "gradient_norm": 0.8298733272465685,
  "linking_number": 0,
  "directory": "ncoils_6_order_9_R1_4.1_length_target_4e+01_weight_4e+01_max_curvature_2.2_weight_0.00056_msc_5.3_weight_1.1e-07_cc_1.1_weight_0.76",
  "mean_squared_curvatures": [
    0.42417466039390567,
    0.354935153307229,
    0.6305236106682379,
    0.6136773077786464,
    0.5557602806977233,
    0.5144504377113722
  ],
  "max_mean_squared_curvature": 0.6305236106682379,
  "message": "STOP: TOTAL NO. of ITERATIONS REACHED LIMIT",
  "success": false,
  "iterations": 700,
  "function_evaluations": 954,
  "coil_currents": [
    8140145.585969202,
    7681884.3569873795,
    7989735.25997907,
    7536608.298996356,
    7941658.190944402,
    9291383.025212675
  ],
  "coil_surface_distance": 1.02526511124995
}