{
  "nfp": 4,
  "R0": 11.34443056562854,
  "R1": 4.572319506118372,
  "ncoils": 6,
  "order": 9,
  "nphi": 32,
  "ntheta": 32,
  "length_target": 44.64118911705262,
  "length_weight": 10.76850802031146,
  "max_curvature_threshold": 5.94411742772058,
  "max_curvature_weight": 0.0005547328304258674,
  "msc_threshold": 4.145926371118331,
  "msc_weight": 3.1681355760798466e-07,
  "JF": 0.0023250799360874856,
  "Jf": 0.0023240572131661627,
  "BdotN": 0.008741958365553222,
  "lengths": [
    45.79676596686398,
    46.920688364965905,
    47.592568429305736,
    41.22166182375915,
    41.38337318700082,
    44.932512759520385
  ],
  "length": 267.84757053141595,
  "max_curvatures": [
    4.13025305980813,
    3.3054937629891348,
    4.317565289375998,
    5.036641624123457,
    5.750398223382923,
    5.7251812674963025
  ],
  "max_max_curvature": 5.750398223382923,
  "coil_coil_distance": 0.6906452321457117,
  "cc_threshold": 0.6877779920940847,
  "cc_weight": 29.136211408391205,
  "gradient_norm": 0.12464946935033751,
  "linking_number": 0,
  "directory": "ncoils_6_order_9_R1_4.6_length_target_4.5e+01_weight_1.1e+01_max_curvature_5.9_weight_0.00055_msc_4.1_weight_3.2e-07_cc_0.69_weight_2.9e+01",
  "mean_squared_curvatures": [
    0.288990685250585,
    0.2434569440015952,
    0.3680918324310381,
    0.5542581067955047,
    0.5087408877694549,
    0.49839515743052165
  ],
  "max_mean_squared_curvature": 0.5542581067955047,
  "message": "STOP: TOTAL NO. of ITERATIONS REACHED LIMIT",
  "success": false,
  "iterations": 700,
  "function_evaluations": 896,
  "coil_currents": [
    7961688.069631346,
    7925235.733562485,
    8153716.896433457,
    7660342.836940519,
    7703584.702764762,
    9176846.47875651
  ],
  "coil_surface_distance": 1.236975996201824
}