{
  "nfp": 4,
  "R0": 11.34443056562854,
  "R1": 4.949941247452218,
  "ncoils": 5,
  "order": 9,
  "nphi": 32,
  "ntheta": 32,
  "length_target": 30.859545951954548,
  "length_weight": 3.384081057689738,
  "max_curvature_threshold": 0.17806452082315438,
  "max_curvature_weight": 0.008147762705039767,
  "msc_threshold": 1.6921546773063993,
  "msc_weight": 1.1033126202544314e-07,
  "JF": 0.019908889499223113,
  "Jf": 0.0034527766461284375,
  "BdotN": 0.012919898033764787,
  "lengths": [
    31.403436380110797,
    30.35178679658509,
    29.411616232047486,
    29.7695337956846,
    33.3615970973417
  ],
  "length": 154.29797030176968,
  "max_curvatures": [
    0.45216404752992095,
    0.5580145840062041,
    0.5143025996531462,
    0.5847277118208197,
    0.5589974398267589
  ],
  "max_max_curvature": 0.5847277118208197,
  "coil_coil_distance": 0.8404678751449647,
  "cc_threshold": 0.8405674776193132,
  "cc_weight": 281.92607100516193,
  "gradient_norm": 0.012126952300777922,
  "linking_number": 0,
  "directory": "ncoils_5_order_9_R1_4.9_length_target_3.1e+01_weight_3.4_max_curvature_0.18_weight_0.0081_msc_1.7_weight_1.1e-07_cc_0.84_weight_2.8e+02",
  "mean_squared_curvatures": [
    0.08630087932753029,
    0.09633222238856935,
    0.09987252729049262,
    0.11230434718809448,
    0.10481379535976107
  ],
  "max_mean_squared_curvature": 0.11230434718809448,
  "message": "STOP: TOTAL NO. of ITERATIONS REACHED LIMIT",
  "success": false,
  "iterations": 700,
  "function_evaluations": 817,
  "coil_currents": [
    9826687.82008922,
    9762710.212619532,
    9751034.753400158,
    9763707.514747078,
    9477274.417233095
  ],
  "coil_surface_distance": 1.2187471546602466
}