{
  "nfp": 4,
  "R0": 11.34443056562854,
  "R1": 4.724786329494156,
  "ncoils": 4,
  "order": 14,
  "nphi": 32,
  "ntheta": 32,
  "length_target": 31.156921816169167,
  "length_weight": 0.20453819258094333,
  "max_curvature_threshold": 5.717592229655295,
  "max_curvature_weight": 5.132166880445219e-06,
  "msc_threshold": 2.770275785294817,
  "msc_weight": 1.106880480659492e-07,
  "JF": 0.01073410603925481,
  "Jf": 0.01068262811663934,
  "BdotN": 0.014310530296683917,
  "lengths": [
    32.24797105500192,
    31.505484140890538,
    31.150719674147865,
    29.72797771418955
  ],
  "length": 124.63215258422987,
  "max_curvatures": [
    8.410654417299142,
    6.189709021783025,
    9.388689210139312,
    8.337190342405389
  ],
  "max_max_curvature": 9.388689210139312,
  "coil_coil_distance": 1.1069490659717665,
  "cc_threshold": 1.1144827096524317,
  "cc_weight": 3.5073303709275314,
  "gradient_norm": 9.761097686158354,
  "linking_number": 0,
  "directory": "ncoils_4_order_14_R1_4.7_length_target_3.1e+01_weight_0.2_max_curvature_5.7_weight_5.1e-06_msc_2.8_weight_1.1e-07_cc_1.1_weight_3.5",
  "mean_squared_curvatures": [
    0.3542253408037094,
    0.3190212644614859,
    0.4184806009287873,
    0.45474308838687916
  ],
  "max_mean_squared_curvature": 0.45474308838687916,
  "message": "CONVERGENCE: REL_REDUCTION_OF_F_<=_FACTR*EPSMCH",
  "success": true,
  "iterations": 377,
  "function_evaluations": 557,
  "coil_currents": [
    12254851.622809794,
    12162788.801136937,
    12180634.04024567,
    11983140.253896676
  ],
  "coil_surface_distance": 1.1812489508621196
}