{
  "nfp": 4,
  "R0": 11.34443056562854,
  "R1": 4.652968847858382,
  "ncoils": 3,
  "order": 8,
  "nphi": 32,
  "ntheta": 32,
  "length_target": 36.73634788565594,
  "length_weight": 7.458836877949728,
  "max_curvature_threshold": 3.7780896602857514,
  "max_curvature_weight": 5.379291455347908e-05,
  "msc_threshold": 0.7237008845430462,
  "msc_weight": 3.384016549411761e-07,
  "JF": 0.00959699447854233,
  "Jf": 0.009508068773034227,
  "BdotN": 0.014423097647374686,
  "lengths": [
    38.65975733221316,
    36.619873252041415,
    34.92942975383482
  ],
  "length": 110.20906033808939,
  "max_curvatures": [
    6.9504773352948295,
    3.6460501524600715,
    4.4889681481524315
  ],
  "max_max_curvature": 6.9504773352948295,
  "coil_coil_distance": 0.9162442268669949,
  "cc_threshold": 0.9517190728633866,
  "cc_weight": 0.19327718231097524,
  "gradient_norm": 0.03861779876810435,
  "linking_number": 0,
  "directory": "ncoils_3_order_8_R1_4.7_length_target_3.7e+01_weight_7.5_max_curvature_3.8_weight_5.4e-05_msc_0.72_weight_3.4e-07_cc_0.95_weight_0.19",
  "mean_squared_curvatures": [
    0.1303334912302405,
    0.2700651741237721,
    0.34148656680464573
  ],
  "max_mean_squared_curvature": 0.34148656680464573,
  "message": "STOP: TOTAL NO. of ITERATIONS REACHED LIMIT",
  "success": false,
  "iterations": 700,
  "function_evaluations": 833,
  "coil_currents": [
    16923399.531090625,
    16616201.885381632,
    15041813.301616825
  ],
  "coil_surface_distance": 1.5414658201261706
}