{
  "nfp": 4,
  "R0": 11.34443056562854,
  "R1": 4.999670220903337,
  "ncoils": 4,
  "order": 12,
  "nphi": 32,
  "ntheta": 32,
  "length_target": 38.07129054362627,
  "length_weight": 12.142750511091773,
  "max_curvature_threshold": 0.5549717685246471,
  "max_curvature_weight": 0.0002509134719284395,
  "msc_threshold": 2.062519680888027,
  "msc_weight": 3.9734559872049064e-06,
  "JF": 0.0010614682200060918,
  "Jf": 0.0009498532536077328,
  "BdotN": 0.007351696279626723,
  "lengths": [
    40.36448645148597,
    38.21192996394136,
    36.715417742174374,
    36.99348560785111
  ],
  "length": 152.2853197654528,
  "max_curvatures": [
    0.9811416096783706,
    0.7320823903562775,
    1.0904151327144236,
    1.0270344912194478
  ],
  "max_max_curvature": 1.0904151327144236,
  "coil_coil_distance": 0.7239563229397651,
  "cc_threshold": 0.7246265133226335,
  "cc_weight": 12.847107847051573,
  "gradient_norm": 0.033707664219823984,
  "linking_number": 0,
  "directory": "ncoils_4_order_12_R1_5.0_length_target_3.8e+01_weight_1.2e+01_max_curvature_0.55_weight_0.00025_msc_2.1_weight_4e-06_cc_0.72_weight_1.3e+01",
  "mean_squared_curvatures": [
    0.11872053275340834,
    0.10433204050066827,
    0.15608015043859746,
    0.1538244586395569
  ],
  "max_mean_squared_curvature": 0.15608015043859746,
  "message": "STOP: TOTAL NO. of ITERATIONS REACHED LIMIT",
  "success": false,
  "iterations": 700,
  "function_evaluations": 811,
  "coil_currents": [
    12232227.523597522,
    12172447.62527468,
    12090636.484923828,
    12086103.084293045
  ],
  "coil_surface_distance": 1.4353048980695209
}