{
  "nfp": 4,
  "R0": 11.34443056562854,
  "R1": 4.147522749003002,
  "ncoils": 5,
  "order": 12,
  "nphi": 32,
  "ntheta": 32,
  "length_target": 28.312166856286186,
  "length_weight": 8.934990792471723,
  "max_curvature_threshold": 3.3942458928957766,
  "max_curvature_weight": 0.00011063386709941443,
  "msc_threshold": 5.832405763987745,
  "msc_weight": 1.410834100386509e-07,
  "JF": 0.0019858243330109276,
  "Jf": 0.0019854374377011094,
  "BdotN": 0.00821063941999487,
  "lengths": [
    29.93360894477936,
    29.07210871397414,
    28.029241316994145,
    27.38203721482941,
    27.143839449019907
  ],
  "length": 141.56083563959697,
  "max_curvatures": [
    3.6783155209147176,
    3.8389496408983383,
    3.6333778022844996,
    3.989146451932281,
    3.401255281276839
  ],
  "max_max_curvature": 3.989146451932281,
  "coil_coil_distance": 0.6975426945148374,
  "cc_threshold": 0.6361815796229532,
  "cc_weight": 0.014311224750768549,
  "gradient_norm": 0.014979623659999811,
  "linking_number": 0,
  "directory": "ncoils_5_order_12_R1_4.1_length_target_2.8e+01_weight_8.9_max_curvature_3.4_weight_0.00011_msc_5.8_weight_1.4e-07_cc_0.64_weight_0.014",
  "mean_squared_curvatures": [
    0.1833098904429037,
    0.17551531099630352,
    0.16455235487284062,
    0.2587606099526446,
    0.34432467643687437
  ],
  "max_mean_squared_curvature": 0.34432467643687437,
  "message": "STOP: TOTAL NO. of ITERATIONS REACHED LIMIT",
  "success": false,
  "iterations": 700,
  "function_evaluations": 816,
  "coil_currents": [
    9783563.287432468,
    9727678.250494396,
    9679760.12601362,
    9672096.829396227,
    9718316.224752374
  ],
  "coil_surface_distance": 1.2606234042729834
}