{
  "nfp": 4,
  "R0": 11.34443056562854,
  "R1": 4.220080566496353,
  "ncoils": 6,
  "order": 12,
  "nphi": 32,
  "ntheta": 32,
  "length_target": 35.370523352913594,
  "length_weight": 10.210471073258228,
  "max_curvature_threshold": 3.256233229435323,
  "max_curvature_weight": 6.208395063302874e-05,
  "msc_threshold": 7.2705442567633805,
  "msc_weight": 8.802602326007225e-06,
  "JF": 0.005645204516620362,
  "Jf": 0.005159704803563679,
  "BdotN": 0.010854711776739146,
  "lengths": [
    30.852000227587773,
    32.47914534276853,
    32.83559289759491,
    34.106940891437034,
    37.86710420984937,
    44.08298177970094
  ],
  "length": 212.22376534893854,
  "max_curvatures": [
    5.5473650821289535,
    4.19359657497252,
    4.646147162100634,
    7.151788814929856,
    5.44237271800107,
    6.96189606687248
  ],
  "max_max_curvature": 7.151788814929856,
  "coil_coil_distance": 1.017301143179654,
  "cc_threshold": 1.0181933020062681,
  "cc_weight": 228.11704886508463,
  "gradient_norm": 0.3792111483606174,
  "linking_number": 0,
  "directory": "ncoils_6_order_12_R1_4.2_length_target_3.5e+01_weight_1e+01_max_curvature_3.3_weight_6.2e-05_msc_7.3_weight_8.8e-06_cc_1.0_weight_2.3e+02",
  "mean_squared_curvatures": [
    1.1305177668535866,
    1.0922962260292552,
    1.3189624202720915,
    1.9818491808473235,
    1.2284800022019888,
    2.469969477942998
  ],
  "max_mean_squared_curvature": 2.469969477942998,
  "message": "STOP: TOTAL NO. of ITERATIONS REACHED LIMIT",
  "success": false,
  "iterations": 700,
  "function_evaluations": 845,
  "coil_currents": [
    7795823.97640026,
    7800966.139992102,
    7879424.703751813,
    7996057.454678087,
    8033492.594747315,
    9075649.848519504
  ],
  "coil_surface_distance": 0.9476625515014225
}