{
  "nfp": 4,
  "ncoils": 6,
  "R0": 11.34443056562854,
  "R1": 4.589492260089788,
  "order": 7,
  "nphi": 32,
  "ntheta": 32,
  "length_target": 42.65250083123531,
  "length_weight": 1.2108711819049123,
  "max_curvature_threshold": 3.4476441206872495,
  "max_curvature_weight": 7.670615821093746e-06,
  "msc_threshold": 4.511412011989501,
  "msc_weight": 2.688282876879588e-07,
  "JF": 0.0010514796810073748,
  "Jf": 0.0010165024915742547,
  "BdotN": 0.006472624835151974,
  "lengths": [
    39.157232148028804,
    40.151896812584454,
    40.92452374510414,
    44.50518112596817,
    43.32210157488881,
    47.854193224062925
  ],
  "length": 255.91512863063733,
  "max_curvatures": [
    5.345935429951243,
    7.547205886331339,
    4.5028148963198085,
    6.695983631580193,
    6.696578980940157,
    3.2854212264945915
  ],
  "max_max_curvature": 7.547205886331339,
  "coil_coil_distance": 0.7795859888403349,
  "cc_threshold": 0.7796427074783171,
  "cc_weight": 39.217781799814446,
  "gradient_norm": 0.011616005729132132,
  "linking_number": 0,
  "directory": "ncoils_6_order_7_R1_4.6_length_target_4.3e+01_weight_1.2_max_curvature_3.4_weight_7.7e-06_msc_4.5_weight_2.7e-07_cc_0.78_weight_3.9e+01",
  "mean_squared_curvatures": [
    0.3012667018781555,
    0.45239742442648334,
    0.5310043389293249,
    0.9531305971865112,
    1.1290515131569014,
    0.4807483179905238
  ],
  "max_mean_squared_curvature": 1.1290515131569014,
  "message": "STOP: TOTAL NO. of ITERATIONS REACHED LIMIT",
  "success": false,
  "iterations": 700,
  "function_evaluations": 959,
  "coil_currents": [
    8034319.680423522,
    8153362.432382128,
    7822875.06673418,
    7972143.470105383,
    7492006.643476007,
    9106707.424967863
  ],
  "coil_surface_distance": 1.2063170416446094
}