{
  "nfp": 4,
  "R0": 11.34443056562854,
  "R1": 4.244006261489416,
  "ncoils": 5,
  "order": 13,
  "nphi": 32,
  "ntheta": 32,
  "length_target": 35.967373807875816,
  "length_weight": 36.96918455006374,
  "max_curvature_threshold": 0.5358332053834882,
  "max_curvature_weight": 1.851550942278156e-06,
  "msc_threshold": 4.5130823039631185,
  "msc_weight": 8.594255333903968e-05,
  "JF": 0.002146410638466611,
  "Jf": 0.002022881628249394,
  "BdotN": 0.008801874917683427,
  "lengths": [
    36.66422343886942,
    36.09362982052607,
    36.57708821653095,
    35.16010235859789,
    35.34209290184909
  ],
  "length": 179.83713673637342,
  "max_curvatures": [
    12.136022448166017,
    17.31780371646222,
    22.214645148112005,
    15.613481071469387,
    12.083498830320917
  ],
  "max_max_curvature": 22.214645148112005,
  "coil_coil_distance": 0.761950009633223,
  "cc_threshold": 0.7630456970614493,
  "cc_weight": 55.67438636550325,
  "gradient_norm": 0.24235848940937432,
  "linking_number": 0,
  "directory": "ncoils_5_order_13_R1_4.2_length_target_3.6e+01_weight_3.7e+01_max_curvature_0.54_weight_1.9e-06_msc_4.5_weight_8.6e-05_cc_0.76_weight_5.6e+01",
  "mean_squared_curvatures": [
    1.3232110746759638,
    1.1753529212135114,
    1.005404899612874,
    0.7565903875171363,
    0.8336384824977288
  ],
  "max_mean_squared_curvature": 1.3232110746759638,
  "message": "STOP: TOTAL NO. of ITERATIONS REACHED LIMIT",
  "success": false,
  "iterations": 700,
  "function_evaluations": 857,
  "coil_currents": [
    9648495.397535022,
    9622977.003585946,
    9632842.290867146,
    9615412.149801524,
    10061687.87629944
  ],
  "coil_surface_distance": 1.2188524530250597
}