{
  "nfp": 4,
  "R0": 11.34443056562854,
  "R1": 4.809736531441806,
  "ncoils": 5,
  "order": 11,
  "nphi": 32,
  "ntheta": 32,
  "length_target": 44.774577279715785,
  "length_weight": 0.021331404814113036,
  "max_curvature_threshold": 5.668891498427419,
  "max_curvature_weight": 1.5545828002081058e-05,
  "msc_threshold": 6.270611143746913,
  "msc_weight": 3.084011261288791e-05,
  "JF": 0.18676490819755476,
  "Jf": 0.18491141330006508,
  "BdotN": 0.11372180733385588,
  "lengths": [
    47.07668482435624,
    51.833869544922926,
    43.79011762338536,
    34.152174485018115,
    47.05122506194502
  ],
  "length": 223.90407153962767,
  "max_curvatures": [
    7.2723257510894435,
    33.63859853096584,
    37.49607027320172,
    35.38295675593153,
    18.930747842713348
  ],
  "max_max_curvature": 37.49607027320172,
  "coil_coil_distance": 1.1892113843346,
  "cc_threshold": 1.1909833664866678,
  "cc_weight": 194.2648111374003,
  "gradient_norm": 0.7863684458468957,
  "linking_number": 0,
  "directory": "ncoils_5_order_11_R1_4.8_length_target_4.5e+01_weight_0.021_max_curvature_5.7_weight_1.6e-05_msc_6.3_weight_3.1e-05_cc_1.2_weight_1.9e+02",
  "mean_squared_curvatures": [
    1.1310614301658584,
    2.714593685702256,
    5.168691322082888,
    5.474385154888996,
    3.5423807523390494
  ],
  "max_mean_squared_curvature": 5.474385154888996,
  "message": "STOP: TOTAL NO. of ITERATIONS REACHED LIMIT",
  "success": false,
  "iterations": 700,
  "function_evaluations": 861,
  "coil_currents": [
    9845462.651166426,
    10435062.64772924,
    8230253.178213275,
    8011081.377914264,
    12059554.863065876
  ],
  "coil_surface_distance": 0.023009289366394448
}