{
  "nfp": 4,
  "R0": 11.34443056562854,
  "R1": 4.746615495177129,
  "ncoils": 4,
  "order": 15,
  "nphi": 32,
  "ntheta": 32,
  "length_target": 43.11902898510267,
  "length_weight": 0.018232069459769927,
  "max_curvature_threshold": 6.1207322630678815,
  "max_curvature_weight": 0.008424995109789933,
  "msc_threshold": 6.867880531443381,
  "msc_weight": 7.795006138149912e-06,
  "JF": 0.0005211494854312224,
  "Jf": 0.000520924434187262,
  "BdotN": 0.004530334084420848,
  "lengths": [
    45.16845151313437,
    39.994937071373776,
    41.86785484187947,
    45.446803724175076
  ],
  "length": 172.4780471505627,
  "max_curvatures": [
    4.945683057036034,
    6.122737638552874,
    6.061398982652005,
    6.100057582866405
  ],
  "max_max_curvature": 6.122737638552874,
  "coil_coil_distance": 0.8918652284661561,
  "cc_threshold": 0.8919865416011499,
  "cc_weight": 145.13350208096145,
  "gradient_norm": 0.018876495864153634,
  "linking_number": 0,
  "directory": "ncoils_4_order_15_R1_4.7_length_target_4.3e+01_weight_0.018_max_curvature_6.1_weight_0.0084_msc_6.9_weight_7.8e-06_cc_0.89_weight_1.5e+02",
  "mean_squared_curvatures": [
    0.9138139024515699,
    1.0417724183872716,
    0.980277641145515,
    1.4668940782123587
  ],
  "max_mean_squared_curvature": 1.4668940782123587,
  "message": "STOP: TOTAL NO. of ITERATIONS REACHED LIMIT",
  "success": false,
  "iterations": 700,
  "function_evaluations": 1014,
  "coil_currents": [
    11978042.286398387,
    12006096.766916452,
    11892162.744424924,
    12705112.920349322
  ],
  "coil_surface_distance": 0.997501256104198
}