{
  "nfp": 4,
  "R0": 11.34443056562854,
  "R1": 4.182441661953779,
  "ncoils": 4,
  "order": 10,
  "nphi": 32,
  "ntheta": 32,
  "length_target": 28.474941845230507,
  "length_weight": 0.13573793540745172,
  "max_curvature_threshold": 3.3365417461228524,
  "max_curvature_weight": 1.4484903985260363e-06,
  "msc_threshold": 5.869686555281017,
  "msc_weight": 9.940426721825626e-07,
  "JF": 0.0192679558720618,
  "Jf": 0.01922935610737291,
  "BdotN": 0.023463332699832015,
  "lengths": [
    29.923039117617208,
    28.879381916351782,
    27.82853026462402,
    27.289669531292105
  ],
  "length": 113.92062082988511,
  "max_curvatures": [
    16.37866994578834,
    18.97991091340652,
    29.655468834996366,
    2.34883451790321
  ],
  "max_max_curvature": 29.655468834996366,
  "coil_coil_distance": 0.8346740195645447,
  "cc_threshold": 0.7399229477481883,
  "cc_weight": 2.628995472322367,
  "gradient_norm": 71.1347722676079,
  "linking_number": 0,
  "directory": "ncoils_4_order_10_R1_4.2_length_target_2.8e+01_weight_0.14_max_curvature_3.3_weight_1.4e-06_msc_5.9_weight_9.9e-07_cc_0.74_weight_2.6",
  "mean_squared_curvatures": [
    0.28505394626799185,
    0.34373368563264184,
    0.5540249675036675,
    0.2851675222515772
  ],
  "max_mean_squared_curvature": 0.5540249675036675,
  "message": "STOP: TOTAL NO. of ITERATIONS REACHED LIMIT",
  "success": false,
  "iterations": 700,
  "function_evaluations": 924,
  "coil_currents": [
    12297623.565225823,
    12273515.10784857,
    12192376.715112314,
    11817899.329902373
  ],
  "coil_surface_distance": 1.3106321824195635
}