{
  "nfp": 4,
  "R0": 11.34443056562854,
  "R1": 4.26052446301616,
  "ncoils": 4,
  "order": 8,
  "nphi": 32,
  "ntheta": 32,
  "length_target": 34.897752079114966,
  "length_weight": 9.296696140877499,
  "max_curvature_threshold": 3.719751000638788,
  "max_curvature_weight": 1.562342587724237e-06,
  "msc_threshold": 3.9137359174986006,
  "msc_weight": 1.4026215189130842e-05,
  "JF": 0.0013725275323972499,
  "Jf": 0.0013723511007712977,
  "BdotN": 0.006623166792489597,
  "lengths": [
    36.8226884894906,
    35.245614923290134,
    34.18399665731019,
    33.33884666110348
  ],
  "length": 139.5911467311944,
  "max_curvatures": [
    3.1432073041862107,
    3.7223838597203978,
    3.7113762783760134,
    4.892998487208493
  ],
  "max_max_curvature": 4.892998487208493,
  "coil_coil_distance": 0.7985141829197397,
  "cc_threshold": 0.7984684449930932,
  "cc_weight": 252.80856166085408,
  "gradient_norm": 0.022190880414686063,
  "linking_number": 0,
  "directory": "ncoils_4_order_8_R1_4.3_length_target_3.5e+01_weight_9.3_max_curvature_3.7_weight_1.6e-06_msc_3.9_weight_1.4e-05_cc_0.8_weight_2.5e+02",
  "mean_squared_curvatures": [
    0.21042847783451737,
    0.23205526282291208,
    0.28182417568381674,
    0.3572247238697911
  ],
  "max_mean_squared_curvature": 0.3572247238697911,
  "message": "STOP: TOTAL NO. of ITERATIONS REACHED LIMIT",
  "success": false,
  "iterations": 700,
  "function_evaluations": 921,
  "coil_currents": [
    12399251.321652437,
    12376964.281003693,
    12301182.414646469,
    11504016.700786479
  ],
  "coil_surface_distance": 1.3040311671149645
}