{
  "nfp": 4,
  "ncoils": 6,
  "R0": 11.34443056562854,
  "R1": 4.5611814293542245,
  "order": 10,
  "nphi": 32,
  "ntheta": 32,
  "length_target": 39.79242870824982,
  "length_weight": 0.15379291242525026,
  "max_curvature_threshold": 0.9194483766156005,
  "max_curvature_weight": 6.117996703856021e-06,
  "msc_threshold": 0.8650214132207089,
  "msc_weight": 6.572836317452644e-07,
  "JF": 0.0015821134939463047,
  "Jf": 0.001297706773430336,
  "BdotN": 0.006113360585882399,
  "lengths": [
    33.782964758105265,
    38.4536222305881,
    35.277687286080834,
    37.8903055557069,
    38.99655390686583,
    54.35354749378209
  ],
  "length": 238.754681231129,
  "max_curvatures": [
    12.42869363032229,
    4.0169961237018725,
    5.647476336695992,
    5.442876355913129,
    3.9269079986859867,
    8.772310718002299
  ],
  "max_max_curvature": 12.42869363032229,
  "coil_coil_distance": 0.8814419447513159,
  "cc_threshold": 0.8816238896111248,
  "cc_weight": 20.976514163611174,
  "gradient_norm": 0.010759892501609513,
  "linking_number": 0,
  "directory": "ncoils_6_order_10_R1_4.6_length_target_4e+01_weight_0.15_max_curvature_0.92_weight_6.1e-06_msc_0.87_weight_6.6e-07_cc_0.88_weight_2.1e+01",
  "mean_squared_curvatures": [
    0.8349523005807081,
    0.9177834592936535,
    0.7823039586792221,
    0.7679768311154845,
    0.8223594721549662,
    1.521377920506695
  ],
  "max_mean_squared_curvature": 1.521377920506695,
  "message": "STOP: TOTAL NO. of ITERATIONS REACHED LIMIT",
  "success": false,
  "iterations": 500,
  "function_evaluations": 590,
  "coil_currents": [
    7991365.863899859,
    8019446.8701590365,
    7890603.19320911,
    7947080.475365946,
    8020384.963079157,
    8712533.352375977
  ],
  "coil_surface_distance": 0.12363029803095982
}