{
  "nfp": 4,
  "R0": 11.34443056562854,
  "R1": 4.9853507772759835,
  "ncoils": 5,
  "order": 7,
  "nphi": 32,
  "ntheta": 32,
  "length_target": 31.019179492182378,
  "length_weight": 9.45687724887062,
  "max_curvature_threshold": 6.147430899725013,
  "max_curvature_weight": 2.57704210744395e-05,
  "msc_threshold": 2.7767138410221683,
  "msc_weight": 3.7940924291288716e-06,
  "JF": 0.0004594829587724893,
  "Jf": 0.0004584071101805215,
  "BdotN": 0.0045375938577859225,
  "lengths": [
    32.91396768502154,
    31.677306532322948,
    30.587187896450615,
    30.16133197967271,
    29.75623483034544
  ],
  "length": 155.09602892381326,
  "max_curvatures": [
    6.202161037066801,
    6.482928428015171,
    2.37890353121128,
    5.164286628835159,
    5.155263879239412
  ],
  "max_max_curvature": 6.482928428015171,
  "coil_coil_distance": 0.7171273260283858,
  "cc_threshold": 0.7216440852548394,
  "cc_weight": 0.16196983339930773,
  "gradient_norm": 0.021050069942872732,
  "linking_number": 0,
  "directory": "ncoils_5_order_7_R1_5.0_length_target_3.1e+01_weight_9.5_max_curvature_6.1_weight_2.6e-05_msc_2.8_weight_3.8e-06_cc_0.72_weight_0.16",
  "mean_squared_curvatures": [
    0.2056476515995855,
    0.27346223308352535,
    0.22037342082972436,
    0.30725933882637546,
    0.45054439121872797
  ],
  "max_mean_squared_curvature": 0.45054439121872797,
  "message": "STOP: TOTAL NO. of ITERATIONS REACHED LIMIT",
  "success": false,
  "iterations": 700,
  "function_evaluations": 779,
  "coil_currents": [
    9744113.123548722,
    9708815.233676244,
    9673382.060663225,
    9667237.048966337,
    9787867.251234554
  ],
  "coil_surface_distance": 1.2902308396407074
}