{
  "nfp": 4,
  "ncoils": 6,
  "R0": 11.34443056562854,
  "R1": 4.386420415324334,
  "order": 9,
  "nphi": 32,
  "ntheta": 32,
  "length_target": 38.48145194930649,
  "length_weight": 0.940628156198979,
  "max_curvature_threshold": 3.285916222712325,
  "max_curvature_weight": 2.1055297113634704e-05,
  "msc_threshold": 3.2398060782935163,
  "msc_weight": 2.0924067017166036e-06,
  "JF": 0.06123630312143699,
  "Jf": 0.06001004677387949,
  "BdotN": 0.05338688315511615,
  "lengths": [
    40.27243630259673,
    42.28351690121878,
    37.33285780223063,
    42.04047164183574,
    28.274225906224217,
    40.68420865568737
  ],
  "length": 230.88771720979344,
  "max_curvatures": [
    2.086948612885779,
    9.499516241360045,
    9.010392402018962,
    22.64254700254511,
    18.82570010309291,
    13.161639890601657
  ],
  "max_max_curvature": 22.64254700254511,
  "coil_coil_distance": 1.0860373762537368,
  "cc_threshold": 1.0866572159554533,
  "cc_weight": 645.1915362241491,
  "gradient_norm": 0.21753420230866824,
  "linking_number": 0,
  "directory": "ncoils_6_order_9_R1_4.4_length_target_3.8e+01_weight_0.94_max_curvature_3.3_weight_2.1e-05_msc_3.2_weight_2.1e-06_cc_1.1_weight_6.5e+02",
  "mean_squared_curvatures": [
    0.22674090737576785,
    1.0268814157611417,
    0.621777304824241,
    1.2591352100353124,
    4.310665449952846,
    3.336599673395542
  ],
  "max_mean_squared_curvature": 4.310665449952846,
  "message": "STOP: TOTAL NO. of ITERATIONS REACHED LIMIT",
  "success": false,
  "iterations": 700,
  "function_evaluations": 985,
  "coil_currents": [
    8653079.67644466,
    8732866.350707525,
    8602836.402649252,
    9044774.6533485,
    8061945.474561255,
    5485912.160377882
  ],
  "coil_surface_distance": 0.09278385311021692
}