{
  "nfp": 4,
  "ncoils": 6,
  "R0": 11.34443056562854,
  "R1": 4.523561394986139,
  "order": 5,
  "nphi": 32,
  "ntheta": 32,
  "length_target": 40.22172019119973,
  "length_weight": 0.27565239538168645,
  "max_curvature_threshold": 1.561184115992393,
  "max_curvature_weight": 2.5941026545571116e-07,
  "msc_threshold": 1.2479751737813864,
  "msc_weight": 5.1718554965453924e-05,
  "JF": 3.0058938311434886,
  "Jf": 3.0055904436636687,
  "BdotN": 0.2533019587029176,
  "lengths": [
    45.04680925917496,
    45.02743731019247,
    38.76471242261394,
    36.780509710237844,
    36.70656766082458,
    38.96995892411698
  ],
  "length": 241.2959952871608,
  "max_curvatures": [
    17.496205672126813,
    6.068408147642107,
    1.1329453607829991,
    2.12031631420417,
    1.7979313016840428,
    8.119127347915176
  ],
  "max_max_curvature": 17.496205672126813,
  "coil_coil_distance": 0.45212033268817725,
  "cc_threshold": 0.45702247142260854,
  "cc_weight": 15.223759920720779,
  "gradient_norm": 2.6467948421704404,
  "linking_number": 0,
  "directory": "ncoils_6_order_5_R1_4.5_length_target_4e+01_weight_0.28_max_curvature_1.6_weight_2.6e-07_msc_1.2_weight_5.2e-05_cc_0.46_weight_1.5e+01",
  "mean_squared_curvatures": [
    0.7238185845545679,
    0.35698433536592794,
    0.1057347566815845,
    0.21059800408828944,
    0.18480828396447482,
    0.32899844867005396
  ],
  "max_mean_squared_curvature": 0.7238185845545679,
  "message": "ABNORMAL_TERMINATION_IN_LNSRCH",
  "success": false,
  "iterations": 47,
  "function_evaluations": 232,
  "coil_currents": [
    7369783.968361907,
    7953686.377389438,
    7864188.206086578,
    7902486.14593705,
    8018170.541256042,
    9473099.479058072
  ],
  "coil_surface_distance": 1.2918997524068103
}