{
  "nfp": 4,
  "R0": 11.34443056562854,
  "R1": 4.596007609246328,
  "ncoils": 3,
  "order": 7,
  "nphi": 32,
  "ntheta": 32,
  "length_target": 34.88980827637111,
  "length_weight": 66.079942474885,
  "max_curvature_threshold": 6.79869689626556,
  "max_curvature_weight": 0.0002429797595304376,
  "msc_threshold": 1.8039631560278813,
  "msc_weight": 3.0210767634537204e-05,
  "JF": 0.01924858672361173,
  "Jf": 0.019241252637775555,
  "BdotN": 0.020692365181991225,
  "lengths": [
    36.29319795053269,
    34.63194392194932,
    33.7446717121515
  ],
  "length": 104.66981358463352,
  "max_curvatures": [
    0.7706270010163139,
    1.3887891612713146,
    5.2923257655973925
  ],
  "max_max_curvature": 5.2923257655973925,
  "coil_coil_distance": 0.9360988693252978,
  "cc_threshold": 0.936312305856976,
  "cc_weight": 210.88123026514157,
  "gradient_norm": 0.31429592573620835,
  "linking_number": 0,
  "directory": "ncoils_3_order_7_R1_4.6_length_target_3.5e+01_weight_6.6e+01_max_curvature_6.8_weight_0.00024_msc_1.8_weight_3e-05_cc_0.94_weight_2.1e+02",
  "mean_squared_curvatures": [
    0.07777175641795767,
    0.11995876070811175,
    0.33610295033679327
  ],
  "max_mean_squared_curvature": 0.33610295033679327,
  "message": "STOP: TOTAL NO. of ITERATIONS REACHED LIMIT",
  "success": false,
  "iterations": 700,
  "function_evaluations": 887,
  "coil_currents": [
    16388291.71687625,
    16296938.808684561,
    15896184.19252827
  ],
  "coil_surface_distance": 1.5056924595949082
}