{
  "nfp": 4,
  "R0": 11.34443056562854,
  "R1": 4.163808586055152,
  "ncoils": 4,
  "order": 14,
  "nphi": 32,
  "ntheta": 32,
  "length_target": 32.22917696812304,
  "length_weight": 51.82296651036224,
  "max_curvature_threshold": 3.7998734271029546,
  "max_curvature_weight": 2.497532607782608e-05,
  "msc_threshold": 0.9197427233060966,
  "msc_weight": 7.214396051264675e-07,
  "JF": 0.012446835207936987,
  "Jf": 0.01239202567584898,
  "BdotN": 0.017616550397799437,
  "lengths": [
    33.52567873049208,
    32.378641137115395,
    32.26285458532428,
    30.749766848419128
  ],
  "length": 128.9169413013509,
  "max_curvatures": [
    6.236955402370697,
    4.691478421086607,
    5.507839107986207,
    7.820668137935618
  ],
  "max_max_curvature": 7.820668137935618,
  "coil_coil_distance": 1.173278131595624,
  "cc_threshold": 1.1762987766413429,
  "cc_weight": 21.089416066360815,
  "gradient_norm": 0.19184974816908304,
  "linking_number": 0,
  "directory": "ncoils_4_order_14_R1_4.2_length_target_3.2e+01_weight_5.2e+01_max_curvature_3.8_weight_2.5e-05_msc_0.92_weight_7.2e-07_cc_1.2_weight_2.1e+01",
  "mean_squared_curvatures": [
    0.21361284384590706,
    0.2461844296543988,
    0.25350075470310623,
    0.3849386730578102
  ],
  "max_mean_squared_curvature": 0.3849386730578102,
  "message": "STOP: TOTAL NO. of ITERATIONS REACHED LIMIT",
  "success": false,
  "iterations": 700,
  "function_evaluations": 821,
  "coil_currents": [
    12296668.55676097,
    12168689.201489137,
    12097183.978728386,
    12018872.981110588
  ],
  "coil_surface_distance": 1.193164688685931
}