{
  "nfp": 4,
  "R0": 11.34443056562854,
  "R1": 4.692074551935344,
  "ncoils": 6,
  "order": 10,
  "nphi": 32,
  "ntheta": 32,
  "length_target": 42.37171856082835,
  "length_weight": 0.1419653550583142,
  "max_curvature_threshold": 4.900916715465243,
  "max_curvature_weight": 0.000763563122173289,
  "msc_threshold": 2.2363435553308086,
  "msc_weight": 1.447774122969728e-06,
  "JF": 0.002020329038550392,
  "Jf": 0.002011172970627024,
  "BdotN": 0.009443638727989263,
  "lengths": [
    38.42324888522959,
    35.02380902935743,
    47.96271596154298,
    48.05562196318317,
    41.6256369655039,
    43.1438305285854
  ],
  "length": 254.23486333340247,
  "max_curvatures": [
    4.192622442079905,
    4.088148897936661,
    4.977048204753705,
    5.143580833179707,
    4.666466017768432,
    5.089667096930854
  ],
  "max_max_curvature": 5.143580833179707,
  "coil_coil_distance": 0.9199280657674425,
  "cc_threshold": 0.9200157663788333,
  "cc_weight": 564.8050035359546,
  "gradient_norm": 0.05139840227505194,
  "linking_number": 0,
  "directory": "ncoils_6_order_10_R1_4.7_length_target_4.2e+01_weight_0.14_max_curvature_4.9_weight_0.00076_msc_2.2_weight_1.4e-06_cc_0.92_weight_5.6e+02",
  "mean_squared_curvatures": [
    1.055158246738324,
    0.7686038627290894,
    1.0262954706205263,
    0.9645248589114875,
    0.6677636072343401,
    1.0847570145169358
  ],
  "max_mean_squared_curvature": 1.0847570145169358,
  "message": "STOP: TOTAL NO. of ITERATIONS REACHED LIMIT",
  "success": false,
  "iterations": 700,
  "function_evaluations": 1405,
  "coil_currents": [
    8058529.14695749,
    7973576.149532679,
    7654333.8961080285,
    7957105.370922109,
    7870424.83664182,
    9067445.317926958
  ],
  "coil_surface_distance": 1.050668612522331
}