{
  "nfp": 4,
  "ncoils": 6,
  "R0": 11.34443056562854,
  "R1": 4.425914425374146,
  "order": 15,
  "nphi": 32,
  "ntheta": 32,
  "length_target": 38.23195620616672,
  "length_weight": 0.4024839980777133,
  "max_curvature_threshold": 1.1135787168241476,
  "max_curvature_weight": 7.901640934428726e-06,
  "msc_threshold": 3.6467708693298686,
  "msc_weight": 1.5802200939758415e-07,
  "JF": 0.00015523371707622417,
  "Jf": 0.0001530429254650514,
  "BdotN": 0.004348354416541038,
  "lengths": [
    37.105300734961176,
    36.94432882613623,
    37.988838783574906,
    37.14810328463905,
    37.84159077941281,
    42.364472394563165
  ],
  "length": 229.3926348032873,
  "max_curvatures": [
    1.5085201893073104,
    1.2579418994718055,
    1.497459724491473,
    1.5892350412035356,
    1.6217212032602655,
    1.6429436420232721
  ],
  "max_max_curvature": 1.6429436420232721,
  "coil_coil_distance": 0.5039579078578648,
  "cc_threshold": 0.504688957480721,
  "cc_weight": 2.1378439477385673,
  "gradient_norm": 0.010911046763762396,
  "linking_number": 0,
  "directory": "ncoils_6_order_15_R1_4.4_length_target_3.8e+01_weight_0.4_max_curvature_1.1_weight_7.9e-06_msc_3.6_weight_1.6e-07_cc_0.5_weight_2.1",
  "mean_squared_curvatures": [
    0.30091857294669005,
    0.20380734327360134,
    0.3461190785329757,
    0.273722117549871,
    0.2704971697757447,
    0.30307417891859145
  ],
  "max_mean_squared_curvature": 0.3461190785329757,
  "message": "STOP: TOTAL NO. of ITERATIONS REACHED LIMIT",
  "success": false,
  "iterations": 500,
  "function_evaluations": 553,
  "coil_currents": [
    7961287.452745138,
    7903689.816697607,
    7856263.878426408,
    7940301.771820306,
    7882163.604521469,
    9037708.193878151
  ],
  "coil_surface_distance": 1.387329880726743
}