{
  "nfp": 4,
  "ncoils": 6,
  "R0": 11.34443056562854,
  "R1": 4.456954985395445,
  "order": 9,
  "nphi": 32,
  "ntheta": 32,
  "length_target": 43.51237889206237,
  "length_weight": 0.18751302162699243,
  "max_curvature_threshold": 2.714894514222768,
  "max_curvature_weight": 4.466725021537931e-05,
  "msc_threshold": 3.0539324525016998,
  "msc_weight": 2.1075737850167586e-07,
  "JF": 0.0024007209076096535,
  "Jf": 0.0016319016167510776,
  "BdotN": 0.008649048668179561,
  "lengths": [
    49.36651738506075,
    35.5840848681827,
    46.792474971724545,
    39.071242854907425,
    41.823766281888055,
    48.440646822930944
  ],
  "length": 261.07873318469444,
  "max_curvatures": [
    6.5197065379022625,
    9.57332348158636,
    7.790947634053706,
    3.6985902696851483,
    4.15205947833932,
    7.680899485489652
  ],
  "max_max_curvature": 9.57332348158636,
  "coil_coil_distance": 0.8069781916190134,
  "cc_threshold": 0.807104182242486,
  "cc_weight": 691.0751025355645,
  "gradient_norm": 0.05519985849844012,
  "linking_number": 0,
  "directory": "ncoils_6_order_9_R1_4.5_length_target_4.4e+01_weight_0.19_max_curvature_2.7_weight_4.5e-05_msc_3.1_weight_2.1e-07_cc_0.81_weight_6.9e+02",
  "mean_squared_curvatures": [
    1.2255979812028974,
    1.4430090285343322,
    1.4336165765463535,
    0.7932511732951116,
    1.1744021393539206,
    1.7280810744958308
  ],
  "max_mean_squared_curvature": 1.7280810744958308,
  "message": "STOP: TOTAL NO. of ITERATIONS REACHED LIMIT",
  "success": false,
  "iterations": 700,
  "function_evaluations": 1515,
  "coil_currents": [
    8070134.630904505,
    8080587.616824294,
    8171880.160276723,
    7929754.2361309575,
    8061342.591271229,
    8267715.482681371
  ],
  "coil_surface_distance": 0.5995067400777283
}