{
  "nfp": 4,
  "R0": 11.34443056562854,
  "R1": 4.968682373538579,
  "ncoils": 6,
  "order": 8,
  "nphi": 32,
  "ntheta": 32,
  "length_target": 45.7459979318422,
  "length_weight": 16.44505143445847,
  "max_curvature_threshold": 6.04130424116741,
  "max_curvature_weight": 1.695123930782259e-05,
  "msc_threshold": 6.979553798539318,
  "msc_weight": 1.665947469753519e-07,
  "JF": 13.468866409922956,
  "Jf": 12.620818928633621,
  "BdotN": 0.4392409027431494,
  "lengths": [
    51.86904957068076,
    48.97993227237364,
    45.155720795967035,
    43.43908662750136,
    41.974720455254314,
    43.21715796956272
  ],
  "length": 274.6356676913398,
  "max_curvatures": [
    4.321442142739805,
    12.495808424277628,
    17.9983900212165,
    129.84093632424668,
    22.730020753947365,
    82.01171386973532
  ],
  "max_max_curvature": 129.84093632424668,
  "coil_coil_distance": 0.05914963129603745,
  "cc_threshold": 1.0604957677484077,
  "cc_weight": 0.056132383599917006,
  "gradient_norm": 84.59774921780976,
  "linking_number": 4,
  "directory": "ncoils_6_order_8_R1_5.0_length_target_4.6e+01_weight_1.6e+01_max_curvature_6.0_weight_1.7e-05_msc_7.0_weight_1.7e-07_cc_1.1_weight_0.056",
  "mean_squared_curvatures": [
    0.17099835198845137,
    0.782282655582597,
    1.175904236878124,
    11.222966188548607,
    1.4932069408670876,
    8.497501976088571
  ],
  "max_mean_squared_curvature": 11.222966188548607,
  "message": "CONVERGENCE: REL_REDUCTION_OF_F_<=_FACTR*EPSMCH",
  "success": true,
  "iterations": 52,
  "function_evaluations": 130,
  "coil_currents": [
    6776333.279954093,
    7004701.477939835,
    7395909.4499594085,
    7762922.603347614,
    7995823.4492342975,
    11645724.457653835
  ],
  "coil_surface_distance": 2.112716666953889
}