{
  "nfp": 4,
  "R0": 11.34443056562854,
  "R1": 4.912920833195153,
  "ncoils": 4,
  "order": 7,
  "nphi": 32,
  "ntheta": 32,
  "length_target": 42.565809547848545,
  "length_weight": 0.6252808301443649,
  "max_curvature_threshold": 5.815196977267572,
  "max_curvature_weight": 0.00990176954244047,
  "msc_threshold": 7.398355606256279,
  "msc_weight": 3.481205332473403e-07,
  "JF": 0.003286753088433052,
  "Jf": 0.0031904092667812646,
  "BdotN": 0.009784282394136003,
  "lengths": [
    45.74976549343746,
    42.91010195001299,
    42.871580585625566,
    38.73239966337127
  ],
  "length": 170.26384769244729,
  "max_curvatures": [
    5.835278153652998,
    5.740850460648249,
    1.5621411736966697,
    5.7867443737026365
  ],
  "max_max_curvature": 5.835278153652998,
  "coil_coil_distance": 1.1121906811656066,
  "cc_threshold": 1.1312787688361492,
  "cc_weight": 0.18716502071667518,
  "gradient_norm": 0.008815075840423816,
  "linking_number": 0,
  "directory": "ncoils_4_order_7_R1_4.9_length_target_4.3e+01_weight_0.63_max_curvature_5.8_weight_0.0099_msc_7.4_weight_3.5e-07_cc_1.1_weight_0.19",
  "mean_squared_curvatures": [
    0.4283394927136013,
    0.3169081221231967,
    0.19226035439791336,
    0.8150854788833796
  ],
  "max_mean_squared_curvature": 0.8150854788833796,
  "message": "STOP: TOTAL NO. of ITERATIONS REACHED LIMIT",
  "success": false,
  "iterations": 700,
  "function_evaluations": 780,
  "coil_currents": [
    12837478.533391371,
    12427349.654703964,
    13313450.176692631,
    10003136.353301115
  ],
  "coil_surface_distance": 1.2841163309805292
}