{
  "nfp": 4,
  "R0": 11.34443056562854,
  "R1": 4.49889915572914,
  "ncoils": 4,
  "order": 6,
  "nphi": 32,
  "ntheta": 32,
  "length_target": 33.75657282496951,
  "length_weight": 13.38498792500178,
  "max_curvature_threshold": 3.652903646626017,
  "max_curvature_weight": 0.0003130218530279992,
  "msc_threshold": 6.7724592996452015,
  "msc_weight": 4.2826580128089563e-07,
  "JF": 0.0015197201947549858,
  "Jf": 0.0014974089557661823,
  "BdotN": 0.006778948956900611,
  "lengths": [
    35.44185552112168,
    33.82104184892867,
    33.126599353144684,
    32.63693506386928
  ],
  "length": 135.02643178706433,
  "max_curvatures": [
    0.6434407122651915,
    0.9292678130946864,
    2.6206370035297075,
    3.7825900009057136
  ],
  "max_max_curvature": 3.7825900009057136,
  "coil_coil_distance": 0.6999239300955399,
  "cc_threshold": 0.7471330366107348,
  "cc_weight": 0.023928491901935522,
  "gradient_norm": 0.026590511902538437,
  "linking_number": 0,
  "directory": "ncoils_4_order_6_R1_4.5_length_target_3.4e+01_weight_1.3e+01_max_curvature_3.7_weight_0.00031_msc_6.8_weight_4.3e-07_cc_0.75_weight_0.024",
  "mean_squared_curvatures": [
    0.09447851862450429,
    0.12259909805991191,
    0.22054772322883448,
    0.2982585733457926
  ],
  "max_mean_squared_curvature": 0.2982585733457926,
  "message": "STOP: TOTAL NO. of ITERATIONS REACHED LIMIT",
  "success": false,
  "iterations": 700,
  "function_evaluations": 792,
  "coil_currents": [
    12233641.75022791,
    12132985.42046906,
    12073642.011103092,
    12141145.536289021
  ],
  "coil_surface_distance": 1.4104166053488114
}