{
  "nfp": 4,
  "R0": 11.34443056562854,
  "R1": 4.989585797083219,
  "ncoils": 5,
  "order": 10,
  "nphi": 32,
  "ntheta": 32,
  "length_target": 39.02510949360294,
  "length_weight": 0.4563693017026617,
  "max_curvature_threshold": 7.094258721378425,
  "max_curvature_weight": 0.0021436933437478357,
  "msc_threshold": 1.0407152071665484,
  "msc_weight": 2.3726180305193357e-06,
  "JF": 0.0015309562413977635,
  "Jf": 0.0015248751669276722,
  "BdotN": 0.007419889187677973,
  "lengths": [
    40.83848389890553,
    43.30073096321476,
    37.13758420455091,
    36.811213735209805,
    37.03798357602109
  ],
  "length": 195.12599637790208,
  "max_curvatures": [
    6.545470212884945,
    6.677044541537038,
    4.124835125136607,
    2.515762995930975,
    7.133261656478004
  ],
  "max_max_curvature": 7.133261656478004,
  "coil_coil_distance": 1.0055904911869429,
  "cc_threshold": 1.0077176952473719,
  "cc_weight": 1.691695116353865,
  "gradient_norm": 0.006553758155606125,
  "linking_number": 0,
  "directory": "ncoils_5_order_10_R1_5.0_length_target_3.9e+01_weight_0.46_max_curvature_7.1_weight_0.0021_msc_1.0_weight_2.4e-06_cc_1.0_weight_1.7",
  "mean_squared_curvatures": [
    0.5826048513552186,
    0.7514177409785514,
    0.22556487553172436,
    0.18556529582741782,
    1.7063514864555152
  ],
  "max_mean_squared_curvature": 1.7063514864555152,
  "message": "STOP: TOTAL NO. of ITERATIONS REACHED LIMIT",
  "success": false,
  "iterations": 700,
  "function_evaluations": 765,
  "coil_currents": [
    10112973.730277281,
    9871364.56043614,
    10043027.358367149,
    9941232.80170714,
    8612816.267301373
  ],
  "coil_surface_distance": 1.2605061626658671
}