{
  "nfp": 4,
  "R0": 11.34443056562854,
  "R1": 4.679627036302328,
  "ncoils": 5,
  "order": 10,
  "nphi": 32,
  "ntheta": 32,
  "length_target": 39.874072307827284,
  "length_weight": 0.11761504070466236,
  "max_curvature_threshold": 6.069234707834577,
  "max_curvature_weight": 2.619440893346306e-06,
  "msc_threshold": 3.3111008115689513,
  "msc_weight": 1.9253195848841875e-06,
  "JF": 0.0002554955617135991,
  "Jf": 0.0002516483245080751,
  "BdotN": 0.0044615926467684265,
  "lengths": [
    39.93508596282569,
    37.82833815719612,
    39.69013353238901,
    41.795693831729956,
    40.12148848144844
  ],
  "length": 199.37073996558922,
  "max_curvatures": [
    8.839069721518666,
    5.865964923324345,
    6.363853684542501,
    9.224317055126821,
    8.482076307375074
  ],
  "max_max_curvature": 9.224317055126821,
  "coil_coil_distance": 0.7413328701767581,
  "cc_threshold": 0.7414583953998231,
  "cc_weight": 36.14309923350875,
  "gradient_norm": 0.004723384470667878,
  "linking_number": 0,
  "directory": "ncoils_5_order_10_R1_4.7_length_target_4e+01_weight_0.12_max_curvature_6.1_weight_2.6e-06_msc_3.3_weight_1.9e-06_cc_0.74_weight_3.6e+01",
  "mean_squared_curvatures": [
    1.2504330018372907,
    0.6177248413996689,
    0.8921659646203187,
    1.1580759142445654,
    1.3730489465794848
  ],
  "max_mean_squared_curvature": 1.3730489465794848,
  "message": "STOP: TOTAL NO. of ITERATIONS REACHED LIMIT",
  "success": false,
  "iterations": 700,
  "function_evaluations": 885,
  "coil_currents": [
    9702359.007180875,
    9639971.054912299,
    9553874.591191513,
    9583028.143785061,
    10102181.92101933
  ],
  "coil_surface_distance": 1.3120243745211952
}