{
  "nfp": 4,
  "R0": 11.34443056562854,
  "R1": 4.620393719415619,
  "ncoils": 6,
  "order": 5,
  "nphi": 32,
  "ntheta": 32,
  "length_target": 28.157847912048393,
  "length_weight": 0.07713628235566292,
  "max_curvature_threshold": 1.816895155438293,
  "max_curvature_weight": 0.0003121705214291278,
  "msc_threshold": 6.463008868659451,
  "msc_weight": 5.662101867027003e-06,
  "JF": 0.0005654588136557898,
  "Jf": 0.0005649669382270599,
  "BdotN": 0.00645823487026255,
  "lengths": [
    30.90602853713481,
    30.297852552976906,
    28.82978543367258,
    27.858752165768557,
    26.631583715812496,
    24.42412612155534
  ],
  "length": 168.94812852692067,
  "max_curvatures": [
    0.8383933581056283,
    1.1792627881041482,
    1.7683933991296201,
    1.845513192678542,
    1.9060835061685406,
    1.895341538436077
  ],
  "max_max_curvature": 1.9060835061685406,
  "coil_coil_distance": 0.60571649704242,
  "cc_threshold": 0.6057191625714546,
  "cc_weight": 666.9686655351493,
  "gradient_norm": 0.009835049790768581,
  "linking_number": 0,
  "directory": "ncoils_6_order_5_R1_4.6_length_target_2.8e+01_weight_0.077_max_curvature_1.8_weight_0.00031_msc_6.5_weight_5.7e-06_cc_0.61_weight_6.7e+02",
  "mean_squared_curvatures": [
    0.11616634417675799,
    0.12802019456836014,
    0.15526862371261857,
    0.24951544236170967,
    0.2397076187218143,
    0.2692897618993603
  ],
  "max_mean_squared_curvature": 0.2692897618993603,
  "message": "STOP: TOTAL NO. of ITERATIONS REACHED LIMIT",
  "success": false,
  "iterations": 700,
  "function_evaluations": 1679,
  "coil_currents": [
    8781854.161663769,
    8754045.76861321,
    8551846.370243626,
    8431852.152790582,
    8117844.404030882,
    5943971.8607470095
  ],
  "coil_surface_distance": 1.0553240608962355
}