{
  "nfp": 4,
  "R0": 11.34443056562854,
  "R1": 4.319757366299602,
  "ncoils": 6,
  "order": 13,
  "nphi": 32,
  "ntheta": 32,
  "length_target": 37.55243435325267,
  "length_weight": 0.20646616078324181,
  "max_curvature_threshold": 4.874046964557799,
  "max_curvature_weight": 3.5123340262188536e-06,
  "msc_threshold": 2.695162284177454,
  "msc_weight": 2.2873253658228367e-07,
  "JF": 2.7958305077038483,
  "Jf": 2.7839665968818923,
  "BdotN": 0.22939770111915772,
  "lengths": [
    43.07952367279542,
    39.76918114684188,
    36.802126759994245,
    34.867705977227224,
    34.60326017930963,
    36.338455267048936
  ],
  "length": 225.46025300321733,
  "max_curvatures": [
    63.73385301937858,
    31.619650290487776,
    42.39965093751533,
    41.01405963109089,
    94.03652719251959,
    2.8115348245997525
  ],
  "max_max_curvature": 94.03652719251959,
  "coil_coil_distance": 0.044238794611544036,
  "cc_threshold": 0.6944439450865576,
  "cc_weight": 0.011734282436953515,
  "gradient_norm": 1.6461675153574216,
  "linking_number": 8,
  "directory": "ncoils_6_order_13_R1_4.3_length_target_3.8e+01_weight_0.21_max_curvature_4.9_weight_3.5e-06_msc_2.7_weight_2.3e-07_cc_0.69_weight_0.012",
  "mean_squared_curvatures": [
    5.819062181827485,
    2.621167304595643,
    5.372536293671845,
    3.8164298764026334,
    5.123236265139442,
    0.342347642578548
  ],
  "max_mean_squared_curvature": 5.819062181827485,
  "message": "CONVERGENCE: REL_REDUCTION_OF_F_<=_FACTR*EPSMCH",
  "success": true,
  "iterations": 33,
  "function_evaluations": 142,
  "coil_currents": [
    7580812.17412625,
    7612282.0965719195,
    7749107.032015324,
    7913449.430190859,
    8029318.401698067,
    9696445.583486661
  ],
  "coil_surface_distance": 1.7762618938616368
}