{
  "nfp": 4,
  "R0": 11.34443056562854,
  "R1": 4.373283422067748,
  "ncoils": 4,
  "order": 10,
  "nphi": 32,
  "ntheta": 32,
  "length_target": 36.76753886096613,
  "length_weight": 0.25397389703172074,
  "max_curvature_threshold": 3.84520585023776,
  "max_curvature_weight": 1.0384010096811675e-05,
  "msc_threshold": 7.465596903741569,
  "msc_weight": 1.2789248766091044e-07,
  "JF": 0.0022441011953570765,
  "Jf": 0.002179618370248313,
  "BdotN": 0.008898904567907066,
  "lengths": [
    37.73594529786441,
    38.14649253874491,
    37.47699343509955,
    33.71092500041479
  ],
  "length": 147.07035627212366,
  "max_curvatures": [
    5.185557827129674,
    3.728653525582298,
    4.716875813400349,
    4.288482628523572
  ],
  "max_max_curvature": 5.185557827129674,
  "coil_coil_distance": 1.0786508460187705,
  "cc_threshold": 1.100149812850598,
  "cc_weight": 0.3179332879752032,
  "gradient_norm": 0.002460260796619251,
  "linking_number": 0,
  "directory": "ncoils_4_order_10_R1_4.4_length_target_3.7e+01_weight_0.25_max_curvature_3.8_weight_1e-05_msc_7.5_weight_1.3e-07_cc_1.1_weight_0.32",
  "mean_squared_curvatures": [
    0.18794703236284227,
    0.2791087191130657,
    0.49467625836211887,
    0.6622643756982138
  ],
  "max_mean_squared_curvature": 0.6622643756982138,
  "message": "STOP: TOTAL NO. of ITERATIONS REACHED LIMIT",
  "success": false,
  "iterations": 700,
  "function_evaluations": 784,
  "coil_currents": [
    12377573.52566429,
    13635836.840570107,
    13126804.782288704,
    9441199.569565974
  ],
  "coil_surface_distance": 1.1764934619505296
}