{
  "nfp": 4,
  "R0": 11.34443056562854,
  "R1": 4.462541667325469,
  "ncoils": 4,
  "order": 12,
  "nphi": 32,
  "ntheta": 32,
  "length_target": 31.13893394264296,
  "length_weight": 10.568930163549432,
  "max_curvature_threshold": 6.438950010315082,
  "max_curvature_weight": 1.4622467805482206e-05,
  "msc_threshold": 5.2889695019046385,
  "msc_weight": 2.526662788995731e-07,
  "JF": 0.005370142268913118,
  "Jf": 0.00533841214396615,
  "BdotN": 0.010931344261922564,
  "lengths": [
    32.88046674580346,
    31.591681943314825,
    30.41862306194476,
    29.66504795163644
  ],
  "length": 124.55581970269948,
  "max_curvatures": [
    10.166399421444995,
    7.728898527428625,
    5.353257221935003,
    4.0989195838114645
  ],
  "max_max_curvature": 10.166399421444995,
  "coil_coil_distance": 1.0073780392155178,
  "cc_threshold": 1.016683142926753,
  "cc_weight": 1.2310350574282427,
  "gradient_norm": 0.02929749636258343,
  "linking_number": 0,
  "directory": "ncoils_4_order_12_R1_4.5_length_target_3.1e+01_weight_1.1e+01_max_curvature_6.4_weight_1.5e-05_msc_5.3_weight_2.5e-07_cc_1.0_weight_1.2",
  "mean_squared_curvatures": [
    0.2535745009436422,
    0.21220671625370138,
    0.3174590674237874,
    0.3589853103689389
  ],
  "max_mean_squared_curvature": 0.3589853103689389,
  "message": "STOP: TOTAL NO. of ITERATIONS REACHED LIMIT",
  "success": false,
  "iterations": 700,
  "function_evaluations": 793,
  "coil_currents": [
    12346089.56018594,
    12282644.992715899,
    12131172.538194591,
    11821507.62699265
  ],
  "coil_surface_distance": 1.238966798762868
}