{
  "nfp": 4,
  "R0": 11.34443056562854,
  "R1": 4.603078423481638,
  "ncoils": 4,
  "order": 6,
  "nphi": 32,
  "ntheta": 32,
  "length_target": 37.96813758548576,
  "length_weight": 6.644873434001541,
  "max_curvature_threshold": 6.830362188344367,
  "max_curvature_weight": 3.929341120140929e-06,
  "msc_threshold": 6.105567945821858,
  "msc_weight": 4.3963040729861603e-07,
  "JF": 0.003542306927756257,
  "Jf": 0.0035323206234745973,
  "BdotN": 0.011766635942540796,
  "lengths": [
    38.703884603143834,
    38.13957826091551,
    37.5964836920557,
    37.43352905599397
  ],
  "length": 151.87347561210902,
  "max_curvatures": [
    1.6133139590536287,
    1.8620420099618233,
    3.623059526183669,
    13.936104734400123
  ],
  "max_max_curvature": 13.936104734400123,
  "coil_coil_distance": 1.0209155654427786,
  "cc_threshold": 1.020939279613366,
  "cc_weight": 382.0692597508741,
  "gradient_norm": 0.1155760796422667,
  "linking_number": 0,
  "directory": "ncoils_4_order_6_R1_4.6_length_target_3.8e+01_weight_6.6_max_curvature_6.8_weight_3.9e-06_msc_6.1_weight_4.4e-07_cc_1.0_weight_3.8e+02",
  "mean_squared_curvatures": [
    0.1088770293433662,
    0.16156334672228104,
    0.21570598506397887,
    1.1750962611855746
  ],
  "max_mean_squared_curvature": 1.1750962611855746,
  "message": "STOP: TOTAL NO. of ITERATIONS REACHED LIMIT",
  "success": false,
  "iterations": 700,
  "function_evaluations": 949,
  "coil_currents": [
    12131878.024128627,
    12088385.859384473,
    12211943.793104181,
    12149207.041471802
  ],
  "coil_surface_distance": 1.199689432854057
}