{
  "nfp": 4,
  "R0": 11.34443056562854,
  "R1": 4.958211595384104,
  "ncoils": 3,
  "order": 14,
  "nphi": 32,
  "ntheta": 32,
  "length_target": 44.239989696725246,
  "length_weight": 37.76688971036776,
  "max_curvature_threshold": 3.967137536689767,
  "max_curvature_weight": 6.62581220703162e-06,
  "msc_threshold": 1.9834404269374435,
  "msc_weight": 6.4367667256476425e-06,
  "JF": 0.010609394779780065,
  "Jf": 0.010435314433351588,
  "BdotN": 0.016555025109211606,
  "lengths": [
    46.05285642248897,
    43.593856178585284,
    43.0738277516959
  ],
  "length": 132.72054035277017,
  "max_curvatures": [
    9.534372397535767,
    11.851384739651673,
    18.547518974518727
  ],
  "max_max_curvature": 18.547518974518727,
  "coil_coil_distance": 0.9656260840842531,
  "cc_threshold": 0.965961891860037,
  "cc_weight": 48.49278721875539,
  "gradient_norm": 0.6834617305011798,
  "linking_number": 0,
  "directory": "ncoils_3_order_14_R1_5.0_length_target_4.4e+01_weight_3.8e+01_max_curvature_4.0_weight_6.6e-06_msc_2.0_weight_6.4e-06_cc_0.97_weight_4.8e+01",
  "mean_squared_curvatures": [
    0.7566207034300146,
    1.173942501094677,
    2.926490367146463
  ],
  "max_mean_squared_curvature": 2.926490367146463,
  "message": "STOP: TOTAL NO. of ITERATIONS REACHED LIMIT",
  "success": false,
  "iterations": 700,
  "function_evaluations": 877,
  "coil_currents": [
    16021011.228801861,
    16179864.941545676,
    16380538.547741544
  ],
  "coil_surface_distance": 1.4569742575200355
}