{
  "nfp": 4,
  "R0": 11.34443056562854,
  "R1": 4.724231746364677,
  "ncoils": 3,
  "order": 12,
  "nphi": 32,
  "ntheta": 32,
  "length_target": 29.274094910485434,
  "length_weight": 16.529190228841706,
  "max_curvature_threshold": 2.2932117298324366,
  "max_curvature_weight": 2.484246905433398e-05,
  "msc_threshold": 3.5108123576043875,
  "msc_weight": 7.391791869643383e-05,
  "JF": 0.15579395692447806,
  "Jf": 0.15574281843374213,
  "BdotN": 0.06590042620475065,
  "lengths": [
    30.622832003703138,
    29.135344661380522,
    28.065476959940668
  ],
  "length": 87.82365362502432,
  "max_curvatures": [
    11.180210856003853,
    11.049200584278584,
    15.952605584541592
  ],
  "max_max_curvature": 15.952605584541592,
  "coil_coil_distance": 1.0852139109323038,
  "cc_threshold": 0.9754373264348553,
  "cc_weight": 1.8140684394368258,
  "gradient_norm": 29.007038293733498,
  "linking_number": 0,
  "directory": "ncoils_3_order_12_R1_4.7_length_target_2.9e+01_weight_1.7e+01_max_curvature_2.3_weight_2.5e-05_msc_3.5_weight_7.4e-05_cc_0.98_weight_1.8",
  "mean_squared_curvatures": [
    0.20494967994057475,
    0.16214908680982565,
    0.28663459456296586
  ],
  "max_mean_squared_curvature": 0.28663459456296586,
  "message": "CONVERGENCE: REL_REDUCTION_OF_F_<=_FACTR*EPSMCH",
  "success": true,
  "iterations": 641,
  "function_evaluations": 804,
  "coil_currents": [
    16537037.745639563,
    16479971.793656226,
    15564405.178793292
  ],
  "coil_surface_distance": 1.3423892568837923
}