{
  "nfp": 4,
  "ncoils": 6,
  "R0": 11.34443056562854,
  "R1": 4.522178819482193,
  "order": 7,
  "nphi": 32,
  "ntheta": 32,
  "length_target": 32.166804366108614,
  "length_weight": 4.321058738857553,
  "max_curvature_threshold": 4.329659633489472,
  "max_curvature_weight": 9.795125661332397e-05,
  "msc_threshold": 2.3964381641299632,
  "msc_weight": 4.0562108239453406e-05,
  "JF": 0.002260065923609045,
  "Jf": 0.002123425285184087,
  "BdotN": 0.0075041260935198245,
  "lengths": [
    37.53911936803507,
    34.76480951343666,
    31.780994993345942,
    30.27378053836992,
    31.408829742398396,
    27.233920415468965
  ],
  "length": 193.00145457105492,
  "max_curvatures": [
    2.3385029815645635,
    3.986978705547555,
    3.073585998985269,
    4.767941590075503,
    2.55486855114245,
    4.430211872254797
  ],
  "max_max_curvature": 4.767941590075503,
  "coil_coil_distance": 1.0287362661628476,
  "cc_threshold": 1.06126620325632,
  "cc_weight": 0.10077375865461292,
  "gradient_norm": 0.057639329356835155,
  "linking_number": 0,
  "directory": "ncoils_6_order_7_R1_4.5_length_target_3.2e+01_weight_4.3_max_curvature_4.3_weight_9.8e-05_msc_2.4_weight_4.1e-05_cc_1.1_weight_0.1",
  "mean_squared_curvatures": [
    0.30480831568172795,
    0.42244384314796457,
    0.3291285919696038,
    0.4222944000099533,
    0.21286342016622672,
    0.6339513526250099
  ],
  "max_mean_squared_curvature": 0.6339513526250099,
  "message": "STOP: TOTAL NO. of ITERATIONS REACHED LIMIT",
  "success": false,
  "iterations": 700,
  "function_evaluations": 761,
  "coil_currents": [
    9867307.987629334,
    8780491.26560606,
    8259650.559394144,
    7904777.452974369,
    7907164.472181796,
    5862022.980303377
  ],
  "coil_surface_distance": 1.0389173999789914
}