{
  "nfp": 4,
  "ncoils": 6,
  "R0": 11.34443056562854,
  "R1": 4.412078688267714,
  "order": 7,
  "nphi": 32,
  "ntheta": 32,
  "length_target": 40.25327254935025,
  "length_weight": 0.10848701516612906,
  "max_curvature_threshold": 2.5039771988712793,
  "max_curvature_weight": 6.077928711220383e-06,
  "msc_threshold": 3.3033759183665605,
  "msc_weight": 9.302847996006863e-07,
  "JF": 0.0011351713232271403,
  "Jf": 0.0011136506821629922,
  "BdotN": 0.006032382362085163,
  "lengths": [
    39.0566436029271,
    40.333386472365284,
    40.8311732853852,
    41.12764850034824,
    38.89875063372433,
    41.27288616777025
  ],
  "length": 241.5204886625204,
  "max_curvatures": [
    4.408259362914846,
    3.7346331343427166,
    7.450114347831804,
    4.323893521922326,
    2.982949879075987,
    4.9381808662429245
  ],
  "max_max_curvature": 7.450114347831804,
  "coil_coil_distance": 0.9988584721009903,
  "cc_threshold": 0.9997195982988203,
  "cc_weight": 1.1924317757609513,
  "gradient_norm": 0.00370301889873924,
  "linking_number": 0,
  "directory": "ncoils_6_order_7_R1_4.4_length_target_4e+01_weight_0.11_max_curvature_2.5_weight_6.1e-06_msc_3.3_weight_9.3e-07_cc_1.0_weight_1.2",
  "mean_squared_curvatures": [
    0.4543632414519176,
    0.3699655643130679,
    0.5670937126382638,
    0.37738442489960633,
    0.2960885295058268,
    0.4935267595736961
  ],
  "max_mean_squared_curvature": 0.5670937126382638,
  "message": "STOP: TOTAL NO. of ITERATIONS REACHED LIMIT",
  "success": false,
  "iterations": 700,
  "function_evaluations": 766,
  "coil_currents": [
    9254580.786572568,
    8375615.279277877,
    7837520.604847734,
    8000486.686599098,
    7539026.393785151,
    7574184.967006654
  ],
  "coil_surface_distance": 1.2208390719109672
}