{
  "nfp": 4,
  "R0": 11.34443056562854,
  "R1": 4.42376964336439,
  "ncoils": 6,
  "order": 13,
  "nphi": 32,
  "ntheta": 32,
  "length_target": 40.258509787993965,
  "length_weight": 4.0138044430828,
  "max_curvature_threshold": 3.3429882856151156,
  "max_curvature_weight": 0.001463519481217308,
  "msc_threshold": 2.928459436274643,
  "msc_weight": 5.854027243702937e-06,
  "JF": 0.000544179266540434,
  "Jf": 0.0005344227280068744,
  "BdotN": 0.004576589697732746,
  "lengths": [
    41.102598327394766,
    39.91504548714704,
    41.77181663977412,
    38.66631904980842,
    39.0929679512819,
    41.002177488717685
  ],
  "length": 241.55092494412392,
  "max_curvatures": [
    3.3798503777715245,
    3.4043200264492297,
    3.2192400105635355,
    2.6391463876157895,
    2.2416480745828835,
    3.394249225394674
  ],
  "max_max_curvature": 3.4043200264492297,
  "coil_coil_distance": 0.7796317264912598,
  "cc_threshold": 0.7913782167121907,
  "cc_weight": 0.10797907621890455,
  "gradient_norm": 0.01490661921102542,
  "linking_number": 0,
  "directory": "ncoils_6_order_13_R1_4.4_length_target_4e+01_weight_4.0_max_curvature_3.3_weight_0.0015_msc_2.9_weight_5.9e-06_cc_0.79_weight_0.11",
  "mean_squared_curvatures": [
    0.3245658353966518,
    0.24585261295209562,
    0.27364846635548806,
    0.18608883451129293,
    0.1760579725860099,
    0.46775488953045885
  ],
  "max_mean_squared_curvature": 0.46775488953045885,
  "message": "STOP: TOTAL NO. of ITERATIONS REACHED LIMIT",
  "success": false,
  "iterations": 700,
  "function_evaluations": 803,
  "coil_currents": [
    8054472.925206895,
    7992362.934346678,
    7954928.86836877,
    7965463.080392069,
    8037320.16719883,
    8576866.74257584
  ],
  "coil_surface_distance": 1.1501611266991512
}