{
  "nfp": 4,
  "R0": 11.34443056562854,
  "R1": 4.972646217593402,
  "ncoils": 6,
  "order": 7,
  "nphi": 32,
  "ntheta": 32,
  "length_target": 36.46933282771973,
  "length_weight": 0.31710202193089265,
  "max_curvature_threshold": 5.513300204635512,
  "max_curvature_weight": 2.0646838559514584e-06,
  "msc_threshold": 6.900419424354005,
  "msc_weight": 4.6998130870010974e-05,
  "JF": 0.00028183245429541865,
  "Jf": 0.000281619955581665,
  "BdotN": 0.004573669231306139,
  "lengths": [
    35.21118340137244,
    35.76192619362476,
    35.221440741830776,
    35.95820138081299,
    38.874875518283964,
    37.78839525034974
  ],
  "length": 218.81602248627468,
  "max_curvatures": [
    1.9486422387559021,
    1.2726135615132959,
    4.454811453276058,
    5.711920734867592,
    6.093229956651845,
    6.5161667196684085
  ],
  "max_max_curvature": 6.5161667196684085,
  "coil_coil_distance": 0.7536070351786519,
  "cc_threshold": 0.7537810710725757,
  "cc_weight": 5.4933515047398584,
  "gradient_norm": 0.002343351876743912,
  "linking_number": 0,
  "directory": "ncoils_6_order_7_R1_5.0_length_target_3.6e+01_weight_0.32_max_curvature_5.5_weight_2.1e-06_msc_6.9_weight_4.7e-05_cc_0.75_weight_5.5",
  "mean_squared_curvatures": [
    0.17126360384464215,
    0.20234960287260245,
    0.3031534348312979,
    0.3894818141011346,
    0.3948148644188648,
    0.9310563243881472
  ],
  "max_mean_squared_curvature": 0.9310563243881472,
  "message": "STOP: TOTAL NO. of ITERATIONS REACHED LIMIT",
  "success": false,
  "iterations": 700,
  "function_evaluations": 829,
  "coil_currents": [
    8133212.707469475,
    8003702.042701609,
    7889024.648658872,
    7954860.564491096,
    8042540.8500387315,
    8558073.9047293
  ],
  "coil_surface_distance": 1.276881963115202
}