{
  "nfp": 4,
  "R0": 11.34443056562854,
  "R1": 4.982117976948364,
  "ncoils": 6,
  "order": 11,
  "nphi": 32,
  "ntheta": 32,
  "length_target": 43.12234806567212,
  "length_weight": 16.00607529377507,
  "max_curvature_threshold": 3.1355982738414485,
  "max_curvature_weight": 0.00012543892631517275,
  "msc_threshold": 0.9261072452331964,
  "msc_weight": 1.3243618733741978e-05,
  "JF": 0.044071067307953855,
  "Jf": 0.03866394954604028,
  "BdotN": 0.03952390071489937,
  "lengths": [
    37.04526919878905,
    37.00482628230092,
    37.90319071995302,
    44.53933398821046,
    51.18936294911388,
    51.05381092351115
  ],
  "length": 258.73579406187844,
  "max_curvatures": [
    5.576678422306938,
    11.275325205208697,
    7.818677209089919,
    9.11641791456191,
    10.19259024771907,
    13.951480723796953
  ],
  "max_max_curvature": 13.951480723796953,
  "coil_coil_distance": 1.003952900662034,
  "cc_threshold": 1.0055337567388198,
  "cc_weight": 519.410037601902,
  "gradient_norm": 2.042030180900825,
  "linking_number": 0,
  "directory": "ncoils_6_order_11_R1_5.0_length_target_4.3e+01_weight_1.6e+01_max_curvature_3.1_weight_0.00013_msc_0.93_weight_1.3e-05_cc_1.0_weight_5.2e+02",
  "mean_squared_curvatures": [
    1.6348714048589357,
    1.9266317941632831,
    1.8248944867887418,
    2.5588732883195724,
    2.419917098384395,
    2.472294894121144
  ],
  "max_mean_squared_curvature": 2.5588732883195724,
  "message": "STOP: TOTAL NO. of ITERATIONS REACHED LIMIT",
  "success": false,
  "iterations": 700,
  "function_evaluations": 873,
  "coil_currents": [
    7976912.884023535,
    8105505.571338029,
    8167223.969992991,
    8367074.681089568,
    8545985.065243356,
    7418712.546401598
  ],
  "coil_surface_distance": 0.08809682048912042
}