{
  "nfp": 4,
  "R0": 11.34443056562854,
  "R1": 4.692320846477751,
  "ncoils": 4,
  "order": 10,
  "nphi": 32,
  "ntheta": 32,
  "length_target": 31.224126410620446,
  "length_weight": 12.98790320295719,
  "max_curvature_threshold": 2.109040849615163,
  "max_curvature_weight": 0.0005355482787426575,
  "msc_threshold": 3.196459051713729,
  "msc_weight": 2.4116737796954767e-05,
  "JF": 0.010587631273719715,
  "Jf": 0.01055767546890356,
  "BdotN": 0.015156968587928019,
  "lengths": [
    32.80829859798074,
    31.366559720143552,
    30.716692541476046,
    30.004963672513682
  ],
  "length": 124.89651453211403,
  "max_curvatures": [
    2.278578803277814,
    1.6864194744300172,
    2.6387953558148753,
    3.0361139568470104
  ],
  "max_max_curvature": 3.0361139568470104,
  "coil_coil_distance": 1.175336746442226,
  "cc_threshold": 1.1754976786379856,
  "cc_weight": 414.4952463022928,
  "gradient_norm": 0.05862222791219523,
  "linking_number": 0,
  "directory": "ncoils_4_order_10_R1_4.7_length_target_3.1e+01_weight_1.3e+01_max_curvature_2.1_weight_0.00054_msc_3.2_weight_2.4e-05_cc_1.2_weight_4.1e+02",
  "mean_squared_curvatures": [
    0.12469390728100657,
    0.1610614241857611,
    0.3785845315764119,
    0.3261150061176184
  ],
  "max_mean_squared_curvature": 0.3785845315764119,
  "message": "STOP: TOTAL NO. of ITERATIONS REACHED LIMIT",
  "success": false,
  "iterations": 700,
  "function_evaluations": 814,
  "coil_currents": [
    12261355.301549587,
    12173550.408346582,
    12163527.681687355,
    11982981.326505557
  ],
  "coil_surface_distance": 1.1608690416737462
}