{
  "nfp": 4,
  "R0": 11.34443056562854,
  "R1": 4.364098801666876,
  "ncoils": 5,
  "order": 14,
  "nphi": 32,
  "ntheta": 32,
  "length_target": 37.47232466888828,
  "length_weight": 81.14970774036085,
  "max_curvature_threshold": 2.332645262781364,
  "max_curvature_weight": 2.2590800436629285e-06,
  "msc_threshold": 1.526753626218481,
  "msc_weight": 5.695612852663846e-06,
  "JF": 0.010745607890441659,
  "Jf": 0.010157489398536192,
  "BdotN": 0.020312358174539493,
  "lengths": [
    36.858783571782816,
    36.92838719567985,
    36.02029431123855,
    37.984703445305676,
    39.56991645042174
  ],
  "length": 187.36208497442865,
  "max_curvatures": [
    28.86197597485561,
    27.704080476837635,
    27.292210262933008,
    44.935802277510284,
    26.497640505049574
  ],
  "max_max_curvature": 44.935802277510284,
  "coil_coil_distance": 0.6574092733948766,
  "cc_threshold": 0.674660446407,
  "cc_weight": 6.328064467771118,
  "gradient_norm": 1.561014864113696,
  "linking_number": 0,
  "directory": "ncoils_5_order_14_R1_4.4_length_target_3.7e+01_weight_8.1e+01_max_curvature_2.3_weight_2.3e-06_msc_1.5_weight_5.7e-06_cc_0.67_weight_6.3",
  "mean_squared_curvatures": [
    3.1703205410022726,
    2.6789266542045844,
    3.2453806672354575,
    5.531365293837095,
    3.335368679142453
  ],
  "max_mean_squared_curvature": 5.531365293837095,
  "message": "STOP: TOTAL NO. of ITERATIONS REACHED LIMIT",
  "success": false,
  "iterations": 700,
  "function_evaluations": 889,
  "coil_currents": [
    9562109.765020646,
    9560569.207066448,
    9653381.126922615,
    9611890.509071892,
    10193464.11000748
  ],
  "coil_surface_distance": 1.1732372800940953
}