{
  "nfp": 4,
  "R0": 11.34443056562854,
  "R1": 4.336520395681352,
  "ncoils": 4,
  "order": 5,
  "nphi": 32,
  "ntheta": 32,
  "length_target": 33.41973515504943,
  "length_weight": 0.0338843320232557,
  "max_curvature_threshold": 3.0990470069233367,
  "max_curvature_weight": 0.005244896081902467,
  "msc_threshold": 3.163068008831068,
  "msc_weight": 2.452183806046127e-05,
  "JF": 0.00504480723669405,
  "Jf": 0.005044222601243852,
  "BdotN": 0.011471953667929618,
  "lengths": [
    34.93441927733268,
    33.68432038669906,
    32.93316536518267,
    32.13155588716364
  ],
  "length": 133.68346091637807,
  "max_curvatures": [
    0.6122131000456836,
    0.8846329030099013,
    1.72290766045616,
    3.0936735979760415
  ],
  "max_max_curvature": 3.0936735979760415,
  "coil_coil_distance": 0.9571217139471112,
  "cc_threshold": 0.9571459243459287,
  "cc_weight": 710.8874880554523,
  "gradient_norm": 0.03133571135238984,
  "linking_number": 0,
  "directory": "ncoils_4_order_5_R1_4.3_length_target_3.3e+01_weight_0.034_max_curvature_3.1_weight_0.0052_msc_3.2_weight_2.5e-05_cc_0.96_weight_7.1e+02",
  "mean_squared_curvatures": [
    0.10155415860929087,
    0.11952956508968972,
    0.26268258675314854,
    0.4177589427610406
  ],
  "max_mean_squared_curvature": 0.4177589427610406,
  "message": "STOP: TOTAL NO. of ITERATIONS REACHED LIMIT",
  "success": false,
  "iterations": 700,
  "function_evaluations": 1285,
  "coil_currents": [
    12404452.802158138,
    12182625.402600976,
    11645966.706643283,
    12348369.806686684
  ],
  "coil_surface_distance": 1.2872599399830587
}