{
  "nfp": 4,
  "R0": 11.34443056562854,
  "R1": 4.882969721457469,
  "ncoils": 6,
  "order": 9,
  "nphi": 32,
  "ntheta": 32,
  "length_target": 46.41509539994654,
  "length_weight": 0.07495556441575486,
  "max_curvature_threshold": 7.566460812473664,
  "max_curvature_weight": 0.005899941722712787,
  "msc_threshold": 3.6411454050814087,
  "msc_weight": 3.125363634101586e-05,
  "JF": 0.0008102557130570667,
  "Jf": 0.0008093917872089415,
  "BdotN": 0.004491855368534517,
  "lengths": [
    41.89939440901686,
    41.63948271099291,
    47.491500906221425,
    48.231403574210724,
    44.50999416068003,
    54.71934567495466
  ],
  "length": 278.49112143607664,
  "max_curvatures": [
    7.586204664935399,
    6.249990833808952,
    3.596463105984722,
    7.580950549143745,
    7.454498361070619,
    7.522624610936801
  ],
  "max_max_curvature": 7.586204664935399,
  "coil_coil_distance": 0.6761886332041197,
  "cc_threshold": 0.6763095564738546,
  "cc_weight": 87.25595320758953,
  "gradient_norm": 0.04492010973258536,
  "linking_number": 0,
  "directory": "ncoils_6_order_9_R1_4.9_length_target_4.6e+01_weight_0.075_max_curvature_7.6_weight_0.0059_msc_3.6_weight_3.1e-05_cc_0.68_weight_8.7e+01",
  "mean_squared_curvatures": [
    1.9955892392798047,
    0.877867539664661,
    0.44401797088847345,
    1.07152917750131,
    1.9837571668284195,
    1.634222840683379
  ],
  "max_mean_squared_curvature": 1.9955892392798047,
  "message": "STOP: TOTAL NO. of ITERATIONS REACHED LIMIT",
  "success": false,
  "iterations": 700,
  "function_evaluations": 1082,
  "coil_currents": [
    7690836.620554628,
    7928259.431507448,
    8043865.592582032,
    8151717.181620226,
    7871678.670580776,
    8895057.22124397
  ],
  "coil_surface_distance": 1.2362720124002597
}