{
  "nfp": 4,
  "R0": 11.34443056562854,
  "R1": 4.242239133561019,
  "ncoils": 5,
  "order": 11,
  "nphi": 32,
  "ntheta": 32,
  "length_target": 43.0297333730715,
  "length_weight": 1.1639486161070127,
  "max_curvature_threshold": 5.879697562349815,
  "max_curvature_weight": 0.0043623442825832725,
  "msc_threshold": 7.357923294861367,
  "msc_weight": 1.4854825564740946e-06,
  "JF": 0.005916015388512804,
  "Jf": 0.0058919425509789776,
  "BdotN": 0.01749451575706866,
  "lengths": [
    38.42224005971155,
    40.44111423395962,
    47.10623473738087,
    44.09298461753512,
    45.08380015104376
  ],
  "length": 215.1463737996309,
  "max_curvatures": [
    5.9235606323436105,
    6.0717952893221545,
    5.307785206604846,
    5.983419402661088,
    5.653891354793839
  ],
  "max_max_curvature": 6.0717952893221545,
  "coil_coil_distance": 0.9451479081632691,
  "cc_threshold": 0.945742406289361,
  "cc_weight": 303.4951997559203,
  "gradient_norm": 0.15070973792540163,
  "linking_number": 0,
  "directory": "ncoils_5_order_11_R1_4.2_length_target_4.3e+01_weight_1.2_max_curvature_5.9_weight_0.0044_msc_7.4_weight_1.5e-06_cc_0.95_weight_3e+02",
  "mean_squared_curvatures": [
    1.01900179149975,
    1.604952816128949,
    0.925043848609937,
    1.8885716494474525,
    0.9148071961295585
  ],
  "max_mean_squared_curvature": 1.8885716494474525,
  "message": "STOP: TOTAL NO. of ITERATIONS REACHED LIMIT",
  "success": false,
  "iterations": 700,
  "function_evaluations": 888,
  "coil_currents": [
    9583685.889696795,
    9761716.701888263,
    9430306.823834082,
    9650409.48496586,
    10155295.817704082
  ],
  "coil_surface_distance": 0.8872415473559024
}