{
  "nfp": 4,
  "R0": 11.34443056562854,
  "R1": 4.798316555862789,
  "ncoils": 4,
  "order": 10,
  "nphi": 32,
  "ntheta": 32,
  "length_target": 42.44504554226964,
  "length_weight": 0.053048455502824686,
  "max_curvature_threshold": 7.353545911398352,
  "max_curvature_weight": 3.611836694559804e-05,
  "msc_threshold": 7.12688299892889,
  "msc_weight": 1.897031368108456e-05,
  "JF": 0.0005049862062568262,
  "Jf": 0.0005012139534871198,
  "BdotN": 0.004585268121335866,
  "lengths": [
    43.67619158480994,
    44.238425000688245,
    40.46395525663414,
    41.40138076316884
  ],
  "length": 169.77995260530116,
  "max_curvatures": [
    8.725740550668565,
    7.900572819465142,
    2.048019837420138,
    7.7105207108658265
  ],
  "max_max_curvature": 8.725740550668565,
  "coil_coil_distance": 0.7874688906933677,
  "cc_threshold": 0.7875986873455127,
  "cc_weight": 7.564454364329796,
  "gradient_norm": 0.0017235198898814044,
  "linking_number": 0,
  "directory": "ncoils_4_order_10_R1_4.8_length_target_4.2e+01_weight_0.053_max_curvature_7.4_weight_3.6e-05_msc_7.1_weight_1.9e-05_cc_0.79_weight_7.6",
  "mean_squared_curvatures": [
    0.9974452168757281,
    0.8728344944562396,
    0.36026613806855623,
    1.6846394067760624
  ],
  "max_mean_squared_curvature": 1.6846394067760624,
  "message": "STOP: TOTAL NO. of ITERATIONS REACHED LIMIT",
  "success": false,
  "iterations": 700,
  "function_evaluations": 779,
  "coil_currents": [
    12074303.668311048,
    12055657.02633065,
    12206351.776207194,
    12245102.247240193
  ],
  "coil_surface_distance": 0.8810554207365242
}