{
  "nfp": 4,
  "R0": 11.34443056562854,
  "R1": 4.815018970239594,
  "ncoils": 6,
  "order": 8,
  "nphi": 32,
  "ntheta": 32,
  "length_target": 40.03133281287357,
  "length_weight": 3.0620633217457383,
  "max_curvature_threshold": 5.4297615839896025,
  "max_curvature_weight": 0.003952263062258543,
  "msc_threshold": 6.475999307448678,
  "msc_weight": 7.214053301544802e-06,
  "JF": 0.004895483016805546,
  "Jf": 0.00489092374566834,
  "BdotN": 0.010881204017802385,
  "lengths": [
    39.80421151532124,
    41.18359598285781,
    40.226698596082045,
    38.66054629167423,
    36.75110377675459,
    43.56222579494474
  ],
  "length": 240.18838195763468,
  "max_curvatures": [
    5.4293823233182605,
    4.885508839483052,
    3.9901078826540797,
    2.514496409595163,
    4.1673333408229585,
    4.799490204032278
  ],
  "max_max_curvature": 5.4293823233182605,
  "coil_coil_distance": 0.9866531616424057,
  "cc_threshold": 0.987694006695893,
  "cc_weight": 11.827948270988463,
  "gradient_norm": 0.046215870287367816,
  "linking_number": 0,
  "directory": "ncoils_6_order_8_R1_4.8_length_target_4e+01_weight_3.1_max_curvature_5.4_weight_0.004_msc_6.5_weight_7.2e-06_cc_0.99_weight_1.2e+01",
  "mean_squared_curvatures": [
    0.5391274960040152,
    0.43275399572495227,
    0.3487948032741722,
    0.2390745537847767,
    0.6711095605616413,
    0.6595820210038794
  ],
  "max_mean_squared_curvature": 0.6711095605616413,
  "message": "STOP: TOTAL NO. of ITERATIONS REACHED LIMIT",
  "success": false,
  "iterations": 700,
  "function_evaluations": 802,
  "coil_currents": [
    8074728.541015524,
    8116574.283926301,
    7874399.702577686,
    7767265.341718802,
    8137299.303150936,
    8611147.545699835
  ],
  "coil_surface_distance": 1.1212899173183826
}