{
  "nfp": 4,
  "R0": 11.34443056562854,
  "R1": 4.530659342068272,
  "ncoils": 6,
  "order": 5,
  "nphi": 32,
  "ntheta": 32,
  "length_target": 45.301944403524324,
  "length_weight": 0.2113685547064564,
  "max_curvature_threshold": 5.962425471939408,
  "max_curvature_weight": 0.00018113157719634404,
  "msc_threshold": 1.8698509577390374,
  "msc_weight": 1.6009236737367366e-05,
  "JF": 8.78525969019633,
  "Jf": 8.088081201049045,
  "BdotN": 0.3897731019185407,
  "lengths": [
    52.28718445996592,
    48.54343054226088,
    44.91223491947997,
    42.82670436259079,
    42.32173698086993,
    43.40011340577694
  ],
  "length": 274.2914046709444,
  "max_curvatures": [
    1.3337372788661308,
    1.4064247855359686,
    2.3196581778442042,
    2.63910386808836,
    3.718706325565847,
    9.910852700198548
  ],
  "max_max_curvature": 9.910852700198548,
  "coil_coil_distance": 0.043081002353725036,
  "cc_threshold": 0.6787367603178245,
  "cc_weight": 0.03709982139678571,
  "gradient_norm": 11.35538865149133,
  "linking_number": 0,
  "directory": "ncoils_6_order_5_R1_4.5_length_target_4.5e+01_weight_0.21_max_curvature_6.0_weight_0.00018_msc_1.9_weight_1.6e-05_cc_0.68_weight_0.037",
  "mean_squared_curvatures": [
    0.09637616335924014,
    0.12086429655960138,
    0.1511369233970929,
    0.24301941515433595,
    0.2831330933712668,
    0.5716241987945497
  ],
  "max_mean_squared_curvature": 0.5716241987945497,
  "message": "ABNORMAL_TERMINATION_IN_LNSRCH",
  "success": false,
  "iterations": 15,
  "function_evaluations": 114,
  "coil_currents": [
    6805686.438412097,
    6930690.696719976,
    7269523.20074288,
    7689140.819204082,
    7965206.289324071,
    11921167.273685977
  ],
  "coil_surface_distance": 2.0723213128790814
}