{
  "nfp": 4,
  "R0": 11.34443056562854,
  "R1": 4.736963090273707,
  "ncoils": 4,
  "order": 12,
  "nphi": 32,
  "ntheta": 32,
  "length_target": 34.8367297539468,
  "length_weight": 0.35980908512309767,
  "max_curvature_threshold": 0.8127406480657886,
  "max_curvature_weight": 6.878710415677966e-06,
  "msc_threshold": 7.797236984821494,
  "msc_weight": 4.875428535703414e-07,
  "JF": 0.0006899121712447112,
  "Jf": 0.0006732867167198826,
  "BdotN": 0.0045943285720943285,
  "lengths": [
    36.551228317218815,
    35.090001520847196,
    34.032618595527154,
    33.67343039352113
  ],
  "length": 139.34727882711428,
  "max_curvatures": [
    1.3261068481987113,
    1.8977680671663222,
    3.0260000763351242,
    2.747777762124067
  ],
  "max_max_curvature": 3.0260000763351242,
  "coil_coil_distance": 0.7109048696866118,
  "cc_threshold": 0.7145039894398094,
  "cc_weight": 1.7651084142406193,
  "gradient_norm": 0.0015138723899164462,
  "linking_number": 0,
  "directory": "ncoils_4_order_12_R1_4.7_length_target_3.5e+01_weight_0.36_max_curvature_0.81_weight_6.9e-06_msc_7.8_weight_4.9e-07_cc_0.71_weight_1.8",
  "mean_squared_curvatures": [
    0.15230911780655915,
    0.15385639657317454,
    0.30019512866903003,
    0.31642957400794447
  ],
  "max_mean_squared_curvature": 0.31642957400794447,
  "message": "CONVERGENCE: REL_REDUCTION_OF_F_<=_FACTR*EPSMCH",
  "success": true,
  "iterations": 602,
  "function_evaluations": 762,
  "coil_currents": [
    12258891.839829683,
    12248926.056825979,
    12114953.190057645,
    11958643.631375775
  ],
  "coil_surface_distance": 1.3265401514576558
}