{
  "nfp": 4,
  "R0": 11.34443056562854,
  "R1": 4.607261520277025,
  "ncoils": 4,
  "order": 6,
  "nphi": 32,
  "ntheta": 32,
  "length_target": 45.196354687871334,
  "length_weight": 2.0865450878490943,
  "max_curvature_threshold": 4.1988560388211065,
  "max_curvature_weight": 0.00016235274346275855,
  "msc_threshold": 1.759663430095916,
  "msc_weight": 1.6885236129810938e-07,
  "JF": 0.003508767376190495,
  "Jf": 0.0035076031789408276,
  "BdotN": 0.01084522922380821,
  "lengths": [
    44.449350919485376,
    42.03142075091098,
    42.52151979287789,
    51.78321142952749
  ],
  "length": 180.78550289280173,
  "max_curvatures": [
    3.7629183697391047,
    4.351751620723618,
    4.031672060112663,
    4.368763847542152
  ],
  "max_max_curvature": 4.368763847542152,
  "coil_coil_distance": 1.017164238449645,
  "cc_threshold": 1.0172962928121287,
  "cc_weight": 109.65973329246698,
  "gradient_norm": 0.02152946915208637,
  "linking_number": 0,
  "directory": "ncoils_4_order_6_R1_4.6_length_target_4.5e+01_weight_2.1_max_curvature_4.2_weight_0.00016_msc_1.8_weight_1.7e-07_cc_1.0_weight_1.1e+02",
  "mean_squared_curvatures": [
    0.2639849987946379,
    0.3469828095901014,
    0.3785705142106002,
    0.5008136059109877
  ],
  "max_mean_squared_curvature": 0.5008136059109877,
  "message": "STOP: TOTAL NO. of ITERATIONS REACHED LIMIT",
  "success": false,
  "iterations": 700,
  "function_evaluations": 926,
  "coil_currents": [
    12115828.931564208,
    12318060.83938002,
    12169562.230148109,
    11977962.716996744
  ],
  "coil_surface_distance": 1.3442631851211544
}