{
  "nfp": 4,
  "R0": 11.34443056562854,
  "R1": 4.376688244055718,
  "ncoils": 3,
  "order": 9,
  "nphi": 32,
  "ntheta": 32,
  "length_target": 43.92697970736896,
  "length_weight": 3.8613466141489616,
  "max_curvature_threshold": 1.5678038833201697,
  "max_curvature_weight": 0.0013907865702298039,
  "msc_threshold": 4.469524962619955,
  "msc_weight": 1.0803434150193558e-05,
  "JF": 0.011441669072602358,
  "Jf": 0.01116581637181562,
  "BdotN": 0.018640173463326228,
  "lengths": [
    43.69606133813648,
    40.86594203366881,
    47.21904212962051
  ],
  "length": 131.7810455014258,
  "max_curvatures": [
    1.5973685038791001,
    2.0209951304205727,
    2.1961859408178315
  ],
  "max_max_curvature": 2.1961859408178315,
  "coil_coil_distance": 1.1932740310522638,
  "cc_threshold": 1.1933838592189698,
  "cc_weight": 880.3617033355295,
  "gradient_norm": 0.05114903341985403,
  "linking_number": 0,
  "directory": "ncoils_3_order_9_R1_4.4_length_target_4.4e+01_weight_3.9_max_curvature_1.6_weight_0.0014_msc_4.5_weight_1.1e-05_cc_1.2_weight_8.8e+02",
  "mean_squared_curvatures": [
    0.224712532486322,
    0.21448212729790728,
    0.4889320270589262
  ],
  "max_mean_squared_curvature": 0.4889320270589262,
  "message": "STOP: TOTAL NO. of ITERATIONS REACHED LIMIT",
  "success": false,
  "iterations": 700,
  "function_evaluations": 1094,
  "coil_currents": [
    16513692.538115574,
    16360722.811355717,
    15706999.368617788
  ],
  "coil_surface_distance": 1.3375623735490314
}