{
  "nfp": 4,
  "ncoils": 6,
  "R0": 11.34443056562854,
  "R1": 4.897801406179646,
  "order": 13,
  "nphi": 32,
  "ntheta": 32,
  "length_target": 36.72934879190538,
  "length_weight": 0.5788016086097663,
  "max_curvature_threshold": 2.158312271829773,
  "max_curvature_weight": 1.1682481021177993e-06,
  "msc_threshold": 3.3665257451794792,
  "msc_weight": 7.963539510252411e-07,
  "JF": 0.0006996741914552993,
  "Jf": 0.0005559885896722937,
  "BdotN": 0.004027427052870888,
  "lengths": [
    34.98192002775498,
    36.63166346837062,
    34.944925147425344,
    35.250717455278995,
    36.31105161592031,
    42.25610013543712
  ],
  "length": 220.37637785018737,
  "max_curvatures": [
    10.715924512213387,
    16.37451185543072,
    9.05057669048279,
    9.567279574073822,
    8.089556188917538,
    16.249786156909796
  ],
  "max_max_curvature": 16.37451185543072,
  "coil_coil_distance": 0.7815345260690484,
  "cc_threshold": 0.7815128514993449,
  "cc_weight": 1076.1330247252392,
  "gradient_norm": 0.011841784633447698,
  "linking_number": 0,
  "directory": "ncoils_6_order_13_R1_4.9_length_target_3.7e+01_weight_0.58_max_curvature_2.2_weight_1.2e-06_msc_3.4_weight_8e-07_cc_0.78_weight_1.1e+03",
  "mean_squared_curvatures": [
    2.890748631799508,
    2.917264392704702,
    1.9881950715445067,
    1.8582343243785835,
    3.044211101360127,
    4.886637721370703
  ],
  "max_mean_squared_curvature": 4.886637721370703,
  "message": "STOP: TOTAL NO. of ITERATIONS REACHED LIMIT",
  "success": false,
  "iterations": 700,
  "function_evaluations": 989,
  "coil_currents": [
    8064191.674711919,
    8119011.462866526,
    8142372.903320864,
    8112436.196845902,
    8078784.281502739,
    8064618.198841132
  ],
  "coil_surface_distance": 1.0886279409972275
}