{
  "nfp": 4,
  "R0": 11.34443056562854,
  "R1": 4.205878161486935,
  "ncoils": 5,
  "order": 10,
  "nphi": 32,
  "ntheta": 32,
  "length_target": 31.593714651880873,
  "length_weight": 22.790476631123003,
  "max_curvature_threshold": 7.474728484123086,
  "max_curvature_weight": 0.0004706070672874211,
  "msc_threshold": 2.5796835148191732,
  "msc_weight": 9.297535853125272e-07,
  "JF": 0.0005798498444368661,
  "Jf": 0.0005770938410480728,
  "BdotN": 0.005044950170518342,
  "lengths": [
    34.087152969420465,
    32.884745645480756,
    31.135264796628185,
    30.152385133540818,
    29.709060709755956
  ],
  "length": 157.9686092548262,
  "max_curvatures": [
    7.066255557130186,
    7.566591960817077,
    4.18970669998184,
    4.444683839042346,
    7.459294366240974
  ],
  "max_max_curvature": 7.566591960817077,
  "coil_coil_distance": 0.63459031424904,
  "cc_threshold": 0.6540662060506373,
  "cc_weight": 0.04632710677821405,
  "gradient_norm": 0.01566700590070355,
  "linking_number": 0,
  "directory": "ncoils_5_order_10_R1_4.2_length_target_3.2e+01_weight_2.3e+01_max_curvature_7.5_weight_0.00047_msc_2.6_weight_9.3e-07_cc_0.65_weight_0.046",
  "mean_squared_curvatures": [
    0.3364921274181642,
    0.3958642960211518,
    0.31034460819776555,
    0.26322643431846166,
    0.5480195332896487
  ],
  "max_mean_squared_curvature": 0.5480195332896487,
  "message": "STOP: TOTAL NO. of ITERATIONS REACHED LIMIT",
  "success": false,
  "iterations": 700,
  "function_evaluations": 816,
  "coil_currents": [
    9746899.940675259,
    9709520.031017827,
    9645593.169316612,
    9644980.397576012,
    9834421.179503374
  ],
  "coil_surface_distance": 1.320739498178626
}