{
  "nfp": 4,
  "R0": 11.34443056562854,
  "R1": 4.855035288807609,
  "ncoils": 4,
  "order": 12,
  "nphi": 32,
  "ntheta": 32,
  "length_target": 31.48786785510958,
  "length_weight": 21.246946877125406,
  "max_curvature_threshold": 2.784848351946001,
  "max_curvature_weight": 0.0051981122863935005,
  "msc_threshold": 3.9067885110000993,
  "msc_weight": 7.380589311782454e-06,
  "JF": 0.0035596559923663403,
  "Jf": 0.0035587767816734595,
  "BdotN": 0.010723003338431325,
  "lengths": [
    32.869862018147245,
    31.813798128073117,
    30.80027529723738,
    30.467589073185145
  ],
  "length": 125.95152451664288,
  "max_curvatures": [
    2.1339960581943846,
    2.7873361969416677,
    2.820538611268619,
    2.829547939107312
  ],
  "max_max_curvature": 2.829547939107312,
  "coil_coil_distance": 0.7122919726679816,
  "cc_threshold": 0.7130751378124255,
  "cc_weight": 6.752601114418122,
  "gradient_norm": 0.012065186892415525,
  "linking_number": 0,
  "directory": "ncoils_4_order_12_R1_4.9_length_target_3.1e+01_weight_2.1e+01_max_curvature_2.8_weight_0.0052_msc_3.9_weight_7.4e-06_cc_0.71_weight_6.8",
  "mean_squared_curvatures": [
    0.12262765175819303,
    0.13837839133471067,
    0.2023262101463315,
    0.3189079059876706
  ],
  "max_mean_squared_curvature": 0.3189079059876706,
  "message": "STOP: TOTAL NO. of ITERATIONS REACHED LIMIT",
  "success": false,
  "iterations": 700,
  "function_evaluations": 836,
  "coil_currents": [
    12187476.739673335,
    12152815.599097058,
    12112755.935848627,
    12128366.44347006
  ],
  "coil_surface_distance": 1.4135475162715165
}