{
  "nfp": 4,
  "R0": 11.34443056562854,
  "R1": 4.778840268361036,
  "ncoils": 4,
  "order": 10,
  "nphi": 32,
  "ntheta": 32,
  "length_target": 30.81611608368633,
  "length_weight": 38.77748942516165,
  "max_curvature_threshold": 7.2594813683413095,
  "max_curvature_weight": 0.00036479734745388184,
  "msc_threshold": 0.6544727487969331,
  "msc_weight": 8.961192876476944e-06,
  "JF": 0.005277523947058683,
  "Jf": 0.005276145056598132,
  "BdotN": 0.011955656857180358,
  "lengths": [
    32.36378957726892,
    31.166334274022223,
    30.166728490649845,
    29.56781459278209
  ],
  "length": 123.26466693472307,
  "max_curvatures": [
    7.25802535849963,
    7.053264155712842,
    2.6526684032834984,
    3.997884521657911
  ],
  "max_max_curvature": 7.25802535849963,
  "coil_coil_distance": 0.783222515427861,
  "cc_threshold": 0.7836502075850621,
  "cc_weight": 23.744503223788527,
  "gradient_norm": 0.10778561528923533,
  "linking_number": 0,
  "directory": "ncoils_4_order_10_R1_4.8_length_target_3.1e+01_weight_3.9e+01_max_curvature_7.3_weight_0.00036_msc_0.65_weight_9e-06_cc_0.78_weight_2.4e+01",
  "mean_squared_curvatures": [
    0.1496785490419409,
    0.1466605309329435,
    0.192695930574404,
    0.35398457659904614
  ],
  "max_mean_squared_curvature": 0.35398457659904614,
  "message": "STOP: TOTAL NO. of ITERATIONS REACHED LIMIT",
  "success": false,
  "iterations": 700,
  "function_evaluations": 846,
  "coil_currents": [
    12281974.949715469,
    12210010.852298178,
    12125287.80149643,
    11964141.114579007
  ],
  "coil_surface_distance": 1.402459751423187
}