{
  "nfp": 4,
  "R0": 11.34443056562854,
  "R1": 4.553786383156464,
  "ncoils": 6,
  "order": 13,
  "nphi": 32,
  "ntheta": 32,
  "length_target": 35.80188048860615,
  "length_weight": 1.0943214069030014,
  "max_curvature_threshold": 1.1124989048219025,
  "max_curvature_weight": 2.5398929818143667e-05,
  "msc_threshold": 6.647527226161892,
  "msc_weight": 1.724089865694978e-06,
  "JF": 0.0020382826767712573,
  "Jf": 0.0016654676675355825,
  "BdotN": 0.007254439954129065,
  "lengths": [
    32.43422190201853,
    32.40120929193255,
    32.960122721068196,
    41.74133638419622,
    34.75548355698987,
    40.519058816712636
  ],
  "length": 214.811432672918,
  "max_curvatures": [
    1.605195827128467,
    3.1222132463985015,
    4.748828848680232,
    5.242908665246284,
    2.8967140860650966,
    5.420554513070158
  ],
  "max_max_curvature": 5.420554513070158,
  "coil_coil_distance": 0.9535513147044881,
  "cc_threshold": 0.9551009045440906,
  "cc_weight": 17.551947968224756,
  "gradient_norm": 1.097908464120946,
  "linking_number": 0,
  "directory": "ncoils_6_order_13_R1_4.6_length_target_3.6e+01_weight_1.1_max_curvature_1.1_weight_2.5e-05_msc_6.6_weight_1.7e-06_cc_0.96_weight_1.8e+01",
  "mean_squared_curvatures": [
    0.3431507518904639,
    0.5121707787079158,
    0.43012402934354177,
    0.936122506444139,
    0.6791676394136626,
    1.5196938916187404
  ],
  "max_mean_squared_curvature": 1.5196938916187404,
  "message": "STOP: TOTAL NO. of ITERATIONS REACHED LIMIT",
  "success": false,
  "iterations": 700,
  "function_evaluations": 774,
  "coil_currents": [
    7984021.846508019,
    7876187.566832747,
    8131855.667849658,
    8051551.791995373,
    8113236.043621434,
    8424561.801281855
  ],
  "coil_surface_distance": 0.9774255448541581
}