{
  "nfp": 4,
  "R0": 11.34443056562854,
  "R1": 4.763893406044143,
  "ncoils": 6,
  "order": 13,
  "nphi": 32,
  "ntheta": 32,
  "length_target": 36.14893398362645,
  "length_weight": 0.01041148381206817,
  "max_curvature_threshold": 7.117482593732831,
  "max_curvature_weight": 0.00941881449923431,
  "msc_threshold": 7.868298846575859,
  "msc_weight": 3.338660742646836e-06,
  "JF": 0.00018855507686346993,
  "Jf": 0.00018853369709721538,
  "BdotN": 0.0044833630255333694,
  "lengths": [
    34.25979475123158,
    34.64254111926398,
    35.85024808968043,
    35.37249237885002,
    35.53687085339375,
    41.231604732907066
  ],
  "length": 216.89355192532682,
  "max_curvatures": [
    7.07472175819814,
    7.117746733971884,
    7.102515645580617,
    6.153969358295849,
    6.999393217840451,
    7.101532480276093
  ],
  "max_max_curvature": 7.117746733971884,
  "coil_coil_distance": 0.6734270813709243,
  "cc_threshold": 0.6735160662757931,
  "cc_weight": 48.60779929267464,
  "gradient_norm": 0.0017951694049637918,
  "linking_number": 0,
  "directory": "ncoils_6_order_13_R1_4.8_length_target_3.6e+01_weight_0.01_max_curvature_7.1_weight_0.0094_msc_7.9_weight_3.3e-06_cc_0.67_weight_4.9e+01",
  "mean_squared_curvatures": [
    0.5421019272086938,
    0.9576974551249104,
    0.8748619602801223,
    0.5446009269247154,
    0.8633858907920148,
    2.3149955305165197
  ],
  "max_mean_squared_curvature": 2.3149955305165197,
  "message": "STOP: TOTAL NO. of ITERATIONS REACHED LIMIT",
  "success": false,
  "iterations": 700,
  "function_evaluations": 980,
  "coil_currents": [
    8064305.702220221,
    8126988.831813465,
    8091636.0110154245,
    7882600.621307603,
    7970607.434639888,
    8445276.117092483
  ],
  "coil_surface_distance": 1.135454995979828
}