{
  "nfp": 4,
  "R0": 11.34443056562854,
  "R1": 4.970206219583227,
  "ncoils": 6,
  "order": 6,
  "nphi": 32,
  "ntheta": 32,
  "length_target": 33.601885370746956,
  "length_weight": 0.011043984440500604,
  "max_curvature_threshold": 7.149971108529239,
  "max_curvature_weight": 0.004105999953413224,
  "msc_threshold": 2.4614891800966765,
  "msc_weight": 8.047843706007384e-05,
  "JF": 0.0003835328081986253,
  "Jf": 0.00038353121960098366,
  "BdotN": 0.004277846262714155,
  "lengths": [
    33.01350930924258,
    32.77063062255197,
    32.0504035691547,
    32.8389616591007,
    34.444609681229096,
    36.49363492443224
  ],
  "length": 201.6117497657113,
  "max_curvatures": [
    1.0996667234071547,
    1.7119304443857914,
    1.5561985393029214,
    7.139087743348726,
    5.1220460412774305,
    7.141628891740859
  ],
  "max_max_curvature": 7.141628891740859,
  "coil_coil_distance": 0.643419363009128,
  "cc_threshold": 0.64342150516464,
  "cc_weight": 889.3899964180379,
  "gradient_norm": 0.0019352963095504705,
  "linking_number": 0,
  "directory": "ncoils_6_order_6_R1_5.0_length_target_3.4e+01_weight_0.011_max_curvature_7.1_weight_0.0041_msc_2.5_weight_8e-05_cc_0.64_weight_8.9e+02",
  "mean_squared_curvatures": [
    0.17073602618772163,
    0.15739280459029817,
    0.18125728913211758,
    0.6244153526411663,
    0.4958296324564123,
    0.5613628752003303
  ],
  "max_mean_squared_curvature": 0.6244153526411663,
  "message": "STOP: TOTAL NO. of ITERATIONS REACHED LIMIT",
  "success": false,
  "iterations": 700,
  "function_evaluations": 2085,
  "coil_currents": [
    8172031.544792679,
    8173268.724280792,
    8060107.065799942,
    8061912.122071863,
    7924460.670195065,
    8189634.590948738
  ],
  "coil_surface_distance": 1.290439952929925
}