{
  "nfp": 4,
  "ncoils": 6,
  "R0": 11.34443056562854,
  "R1": 4.288711114793851,
  "order": 10,
  "nphi": 32,
  "ntheta": 32,
  "length_target": 40.21202220509044,
  "length_weight": 1.2760084816120096,
  "max_curvature_threshold": 4.419943523098596,
  "max_curvature_weight": 6.009778037868028e-05,
  "msc_threshold": 3.209637107674949,
  "msc_weight": 1.5196729134769177e-05,
  "JF": 0.0009626342259241396,
  "Jf": 0.0008529259647227013,
  "BdotN": 0.006202323173319611,
  "lengths": [
    37.79021860834219,
    43.2444992144943,
    39.765667499452356,
    36.3036023633808,
    38.62239757945235,
    45.545920693580456
  ],
  "length": 241.27230595870245,
  "max_curvatures": [
    4.900829911875166,
    5.150656653330308,
    6.83362453023915,
    5.222271847824595,
    4.746875137519864,
    7.806852205981827
  ],
  "max_max_curvature": 7.806852205981827,
  "coil_coil_distance": 0.7701044199888085,
  "cc_threshold": 0.7701162279882436,
  "cc_weight": 1105.5108376733247,
  "gradient_norm": 0.01770391733825192,
  "linking_number": 0,
  "directory": "ncoils_6_order_10_R1_4.3_length_target_4e+01_weight_1.3_max_curvature_4.4_weight_6e-05_msc_3.2_weight_1.5e-05_cc_0.77_weight_1.1e+03",
  "mean_squared_curvatures": [
    1.1628069552645932,
    1.2786978418850212,
    2.015448716885525,
    1.4708362988352872,
    1.4223628566761994,
    1.453467557346591
  ],
  "max_mean_squared_curvature": 2.015448716885525,
  "message": "STOP: TOTAL NO. of ITERATIONS REACHED LIMIT",
  "success": false,
  "iterations": 700,
  "function_evaluations": 1127,
  "coil_currents": [
    8157029.090798151,
    8259507.415940121,
    8193711.316839876,
    8052435.868311377,
    7928146.36829029,
    7990584.657909267
  ],
  "coil_surface_distance": 0.8809007954204585
}