{
  "nfp": 4,
  "R0": 11.34443056562854,
  "R1": 4.794746914826441,
  "ncoils": 4,
  "order": 12,
  "nphi": 32,
  "ntheta": 32,
  "length_target": 39.75537230635388,
  "length_weight": 0.8962437188552463,
  "max_curvature_threshold": 4.250949572160734,
  "max_curvature_weight": 1.4434118796154127e-05,
  "msc_threshold": 5.74872741397467,
  "msc_weight": 7.126753863253773e-06,
  "JF": 0.0009135107602309528,
  "Jf": 0.0009031931488414442,
  "BdotN": 0.00654145058449026,
  "lengths": [
    40.35480593565059,
    37.933884602474784,
    37.797374361431324,
    42.935325113719784
  ],
  "length": 159.02139001327646,
  "max_curvatures": [
    5.470804354294402,
    4.4362826867054155,
    4.997179059167392,
    6.297527673748541
  ],
  "max_max_curvature": 6.297527673748541,
  "coil_coil_distance": 0.6031531430330924,
  "cc_threshold": 0.6031762165053353,
  "cc_weight": 5862.864497387982,
  "gradient_norm": 0.05336170269604524,
  "linking_number": 0,
  "directory": "ncoils_4_order_12_R1_4.8_length_target_4e+01_weight_0.9_max_curvature_4.3_weight_1.4e-05_msc_5.7_weight_7.1e-06_cc_0.6_weight_5.9e+03",
  "mean_squared_curvatures": [
    0.7379134494677674,
    0.5070394889145082,
    0.6401713028063459,
    1.294688252430529
  ],
  "max_mean_squared_curvature": 1.294688252430529,
  "message": "STOP: TOTAL NO. of ITERATIONS REACHED LIMIT",
  "success": false,
  "iterations": 700,
  "function_evaluations": 1582,
  "coil_currents": [
    12245809.342950538,
    12181831.427132595,
    12180501.67173975,
    11973272.276266195
  ],
  "coil_surface_distance": 1.3694924568007618
}