{
  "nfp": 4,
  "R0": 11.34443056562854,
  "R1": 4.2564057259964825,
  "ncoils": 4,
  "order": 12,
  "nphi": 32,
  "ntheta": 32,
  "length_target": 35.689723493923644,
  "length_weight": 0.021858050231725594,
  "max_curvature_threshold": 2.998923198802638,
  "max_curvature_weight": 5.3459964612940965e-06,
  "msc_threshold": 3.936539754302066,
  "msc_weight": 3.6659095931189724e-06,
  "JF": 0.0016599535501191272,
  "Jf": 0.0016006675763558654,
  "BdotN": 0.0057329764324546536,
  "lengths": [
    37.85584409750648,
    35.76551872172921,
    34.238316911556915,
    34.901040559438
  ],
  "length": 142.7607202902306,
  "max_curvatures": [
    10.416446716342804,
    12.943600280576858,
    3.856702579154978,
    4.092599063120833
  ],
  "max_max_curvature": 12.943600280576858,
  "coil_coil_distance": 0.947167287889849,
  "cc_threshold": 0.9474748669807153,
  "cc_weight": 114.33495445189453,
  "gradient_norm": 0.03039389934261513,
  "linking_number": 0,
  "directory": "ncoils_4_order_12_R1_4.3_length_target_3.6e+01_weight_0.022_max_curvature_3.0_weight_5.3e-06_msc_3.9_weight_3.7e-06_cc_0.95_weight_1.1e+02",
  "mean_squared_curvatures": [
    1.2713743798619228,
    0.7475204560264327,
    0.3970244446044659,
    0.7140361966308683
  ],
  "max_mean_squared_curvature": 1.2713743798619228,
  "message": "STOP: TOTAL NO. of ITERATIONS REACHED LIMIT",
  "success": false,
  "iterations": 700,
  "function_evaluations": 962,
  "coil_currents": [
    12162759.276456691,
    12195762.401935874,
    12044502.709264385,
    12178390.330432132
  ],
  "coil_surface_distance": 0.8447935598528888
}