{
  "nfp": 4,
  "R0": 11.34443056562854,
  "R1": 4.5649273179102074,
  "ncoils": 6,
  "order": 14,
  "nphi": 32,
  "ntheta": 32,
  "length_target": 28.74744007579855,
  "length_weight": 0.6123916121616014,
  "max_curvature_threshold": 4.642959930806559,
  "max_curvature_weight": 0.0005943202690965574,
  "msc_threshold": 3.5900165069553536,
  "msc_weight": 3.633723226917878e-07,
  "JF": 0.04618624902418916,
  "Jf": 0.044563937475659704,
  "BdotN": 0.05280771598730869,
  "lengths": [
    30.129214236876805,
    30.335354662902212,
    31.57872119436407,
    25.272016847656875,
    24.593967192249682,
    30.579015762684328
  ],
  "length": 172.48828989673396,
  "max_curvatures": [
    1.8968306204999912,
    4.861086990600063,
    6.037027613207144,
    6.270126278365993,
    9.882783679563376,
    6.3462458324333175
  ],
  "max_max_curvature": 9.882783679563376,
  "coil_coil_distance": 1.141006253630294,
  "cc_threshold": 1.1439181130772536,
  "cc_weight": 135.58470691386023,
  "gradient_norm": 0.5361717352028632,
  "linking_number": 0,
  "directory": "ncoils_6_order_14_R1_4.6_length_target_2.9e+01_weight_0.61_max_curvature_4.6_weight_0.00059_msc_3.6_weight_3.6e-07_cc_1.1_weight_1.4e+02",
  "mean_squared_curvatures": [
    0.2580779200242762,
    0.5033333665701187,
    1.1500132497903715,
    2.255001210295063,
    2.8577903564836373,
    2.4652809653503254
  ],
  "max_mean_squared_curvature": 2.8577903564836373,
  "message": "STOP: TOTAL NO. of ITERATIONS REACHED LIMIT",
  "success": false,
  "iterations": 700,
  "function_evaluations": 761,
  "coil_currents": [
    7684044.389627974,
    7904643.46506457,
    8123641.766332698,
    7703405.153482244,
    7865495.176249483,
    9300184.767332114
  ],
  "coil_surface_distance": 0.044425572463851815
}