{
  "nfp": 4,
  "R0": 11.34443056562854,
  "R1": 4.247184000669419,
  "ncoils": 4,
  "order": 10,
  "nphi": 32,
  "ntheta": 32,
  "length_target": 39.094561002626065,
  "length_weight": 40.963372839713024,
  "max_curvature_threshold": 3.230826967929155,
  "max_curvature_weight": 0.008877500430947802,
  "msc_threshold": 5.499977479679752,
  "msc_weight": 1.4305876507899277e-06,
  "JF": 0.0068951769782234955,
  "Jf": 0.005724495311425266,
  "BdotN": 0.012364249048223116,
  "lengths": [
    41.00078937317381,
    39.805671503044685,
    37.88937082213222,
    37.68246489832588
  ],
  "length": 156.3782965966766,
  "max_curvatures": [
    2.347046037475785,
    2.609878957035412,
    2.8660802817713775,
    3.2668884923125923
  ],
  "max_max_curvature": 3.2668884923125923,
  "coil_coil_distance": 0.9624445539437116,
  "cc_threshold": 1.1455174724716903,
  "cc_weight": 0.017279205009861253,
  "gradient_norm": 0.0482063791100704,
  "linking_number": 0,
  "directory": "ncoils_4_order_10_R1_4.2_length_target_3.9e+01_weight_4.1e+01_max_curvature_3.2_weight_0.0089_msc_5.5_weight_1.4e-06_cc_1.1_weight_0.017",
  "mean_squared_curvatures": [
    0.2690132856384103,
    0.2613304211912215,
    0.31595075635362185,
    0.3214927208884348
  ],
  "max_mean_squared_curvature": 0.3214927208884348,
  "message": "STOP: TOTAL NO. of ITERATIONS REACHED LIMIT",
  "success": false,
  "iterations": 700,
  "function_evaluations": 854,
  "coil_currents": [
    12214980.212138556,
    12142478.851011945,
    12099364.753600549,
    12124590.901338033
  ],
  "coil_surface_distance": 1.2970638236903997
}