{
  "nfp": 4,
  "R0": 11.34443056562854,
  "R1": 4.703660409364099,
  "ncoils": 5,
  "order": 12,
  "nphi": 32,
  "ntheta": 32,
  "length_target": 31.045928038198696,
  "length_weight": 0.057244323289499625,
  "max_curvature_threshold": 6.474425357823924,
  "max_curvature_weight": 6.581195370840537e-06,
  "msc_threshold": 1.1772554682220377,
  "msc_weight": 6.200266767010657e-07,
  "JF": 0.004501093411763365,
  "Jf": 0.00448912172922186,
  "BdotN": 0.011888822692011287,
  "lengths": [
    31.988882740780145,
    31.17374320092565,
    31.793053301149655,
    30.7166633773081,
    29.56002385067655
  ],
  "length": 155.2323664708401,
  "max_curvatures": [
    9.971684021114367,
    9.257371899380583,
    10.632215659910356,
    4.761068051667909,
    8.249257092079734
  ],
  "max_max_curvature": 10.632215659910356,
  "coil_coil_distance": 1.135521741700297,
  "cc_threshold": 1.1370845484520957,
  "cc_weight": 24.30861317135846,
  "gradient_norm": 0.010856111951227926,
  "linking_number": 0,
  "directory": "ncoils_5_order_12_R1_4.7_length_target_3.1e+01_weight_0.057_max_curvature_6.5_weight_6.6e-06_msc_1.2_weight_6.2e-07_cc_1.1_weight_2.4e+01",
  "mean_squared_curvatures": [
    0.9614400850406128,
    0.6318475946821194,
    1.438221241649435,
    0.511774307511953,
    0.7294187812733585
  ],
  "max_mean_squared_curvature": 1.438221241649435,
  "message": "STOP: TOTAL NO. of ITERATIONS REACHED LIMIT",
  "success": false,
  "iterations": 700,
  "function_evaluations": 775,
  "coil_currents": [
    9985759.544663496,
    9840847.331781069,
    9782433.523322845,
    9648696.231460858,
    9323678.086860813
  ],
  "coil_surface_distance": 0.7766583159144143
}