{
  "nfp": 4,
  "R0": 11.34443056562854,
  "R1": 4.780499197591113,
  "ncoils": 5,
  "order": 11,
  "nphi": 32,
  "ntheta": 32,
  "length_target": 31.92029307199817,
  "length_weight": 13.899906668162027,
  "max_curvature_threshold": 2.1103069858630774,
  "max_curvature_weight": 0.003502153569761554,
  "msc_threshold": 3.081052293564491,
  "msc_weight": 5.565345929582244e-05,
  "JF": 0.0006421793418483339,
  "Jf": 0.0006417898660242359,
  "BdotN": 0.005159507846509408,
  "lengths": [
    33.70584388625581,
    32.75219007109572,
    31.78899384486877,
    31.11389290436888,
    30.24064232568594
  ],
  "length": 159.60156303227512,
  "max_curvatures": [
    2.0838333779567884,
    2.1226205236039632,
    1.8898626024852803,
    1.9022397085317324,
    2.133638128959479
  ],
  "max_max_curvature": 2.133638128959479,
  "coil_coil_distance": 0.7243367868288716,
  "cc_threshold": 0.7247413739291012,
  "cc_weight": 8.043408248469314,
  "gradient_norm": 0.025527460401689205,
  "linking_number": 0,
  "directory": "ncoils_5_order_11_R1_4.8_length_target_3.2e+01_weight_1.4e+01_max_curvature_2.1_weight_0.0035_msc_3.1_weight_5.6e-05_cc_0.72_weight_8.0",
  "mean_squared_curvatures": [
    0.1438740633601782,
    0.15504164277527077,
    0.2496934705697514,
    0.22081842633119647,
    0.29298253352535775
  ],
  "max_mean_squared_curvature": 0.29298253352535775,
  "message": "STOP: TOTAL NO. of ITERATIONS REACHED LIMIT",
  "success": false,
  "iterations": 700,
  "function_evaluations": 782,
  "coil_currents": [
    9801955.755027594,
    9734349.31257585,
    9654082.021849435,
    9680509.989224901,
    9710517.6394113
  ],
  "coil_surface_distance": 1.3016175013839097
}