{
  "nfp": 4,
  "R0": 11.34443056562854,
  "R1": 4.370643366143359,
  "ncoils": 6,
  "order": 6,
  "nphi": 32,
  "ntheta": 32,
  "length_target": 44.96895077477682,
  "length_weight": 0.027785980974775158,
  "max_curvature_threshold": 0.9420801435498671,
  "max_curvature_weight": 0.0036140135260850216,
  "msc_threshold": 5.961770627138688,
  "msc_weight": 5.347581762992037e-06,
  "JF": 0.001234278671808668,
  "Jf": 0.0012232963736926504,
  "BdotN": 0.005845768571133243,
  "lengths": [
    47.333124552342525,
    42.96834000962343,
    43.32603064175934,
    40.47659077201534,
    44.21568630782447,
    51.49686391753387
  ],
  "length": 269.81663620109896,
  "max_curvatures": [
    0.988559890040276,
    0.9556017892640055,
    0.9722037977034333,
    0.9797460625688275,
    0.9712190218925192,
    0.9993818477248427
  ],
  "max_max_curvature": 0.9993818477248427,
  "coil_coil_distance": 0.9469404114939616,
  "cc_threshold": 0.9473868966355377,
  "cc_weight": 2.2448473673562623,
  "gradient_norm": 0.005608669289334813,
  "linking_number": 0,
  "directory": "ncoils_6_order_6_R1_4.4_length_target_4.5e+01_weight_0.028_max_curvature_0.94_weight_0.0036_msc_6.0_weight_5.3e-06_cc_0.95_weight_2.2",
  "mean_squared_curvatures": [
    0.20640576293572704,
    0.13273968752292659,
    0.12432143180924744,
    0.18583938881589462,
    0.1717763641075605,
    0.1921310837898677
  ],
  "max_mean_squared_curvature": 0.20640576293572704,
  "message": "STOP: TOTAL NO. of ITERATIONS REACHED LIMIT",
  "success": false,
  "iterations": 700,
  "function_evaluations": 792,
  "coil_currents": [
    8573845.724419137,
    8151775.560618788,
    7344105.9288277645,
    7856711.869689803,
    8270906.082801053,
    8384069.551732533
  ],
  "coil_surface_distance": 1.1803012099156542
}