{
  "nfp": 4,
  "R0": 11.34443056562854,
  "R1": 4.554228156592116,
  "ncoils": 4,
  "order": 8,
  "nphi": 32,
  "ntheta": 32,
  "length_target": 28.986457738120915,
  "length_weight": 0.842639319305459,
  "max_curvature_threshold": 7.821287259562597,
  "max_curvature_weight": 1.2388073907681524e-06,
  "msc_threshold": 6.98804947278894,
  "msc_weight": 2.4198719357972367e-05,
  "JF": 0.014850658393746038,
  "Jf": 0.014816929333760718,
  "BdotN": 0.020578960071876564,
  "lengths": [
    30.53838490877487,
    29.335755708838068,
    28.256217078078713,
    27.81792483751494
  ],
  "length": 115.9482825332066,
  "max_curvatures": [
    23.024454590454223,
    25.310043547928625,
    49.45854087082555,
    2.43849340938459
  ],
  "max_max_curvature": 49.45854087082555,
  "coil_coil_distance": 1.0038409090518867,
  "cc_threshold": 1.0089205193070163,
  "cc_weight": 3.748618007003191,
  "gradient_norm": 8.355259478449977,
  "linking_number": 0,
  "directory": "ncoils_4_order_8_R1_4.6_length_target_2.9e+01_weight_0.84_max_curvature_7.8_weight_1.2e-06_msc_7.0_weight_2.4e-05_cc_1.0_weight_3.7",
  "mean_squared_curvatures": [
    0.5063222425364645,
    0.5611803485987606,
    1.2715330221612076,
    0.2675794869537637
  ],
  "max_mean_squared_curvature": 1.2715330221612076,
  "message": "CONVERGENCE: REL_REDUCTION_OF_F_<=_FACTR*EPSMCH",
  "success": true,
  "iterations": 223,
  "function_evaluations": 301,
  "coil_currents": [
    12275574.335157922,
    12229233.454005444,
    12161122.447525574,
    11915484.48140014
  ],
  "coil_surface_distance": 1.2402645406803299
}