{
  "nfp": 4,
  "R0": 11.34443056562854,
  "R1": 4.373076199669605,
  "ncoils": 5,
  "order": 6,
  "nphi": 32,
  "ntheta": 32,
  "length_target": 31.385789652976314,
  "length_weight": 0.016865768348220556,
  "max_curvature_threshold": 3.0665013946156012,
  "max_curvature_weight": 7.682474111647225e-06,
  "msc_threshold": 0.6744450722716987,
  "msc_weight": 1.8063556788171798e-06,
  "JF": 0.00275847283073685,
  "Jf": 0.002728642304961467,
  "BdotN": 0.008972248439988017,
  "lengths": [
    34.020538706078916,
    32.097692337669,
    30.91855239120671,
    29.780835401746987,
    30.118579459690068
  ],
  "length": 156.9361982963917,
  "max_curvatures": [
    6.257914667443473,
    3.7359699195733893,
    3.6556422785551903,
    3.5927814880733644,
    4.438328190601449
  ],
  "max_max_curvature": 6.257914667443473,
  "coil_coil_distance": 1.092095053709317,
  "cc_threshold": 1.1001839623173577,
  "cc_weight": 0.9177771950249034,
  "gradient_norm": 0.0017174092805219518,
  "linking_number": 0,
  "directory": "ncoils_5_order_6_R1_4.4_length_target_3.1e+01_weight_0.017_max_curvature_3.1_weight_7.7e-06_msc_0.67_weight_1.8e-06_cc_1.1_weight_0.92",
  "mean_squared_curvatures": [
    0.3917107701974342,
    0.40330141151091253,
    0.294466957912989,
    0.3966151548975122,
    0.3428784253563083
  ],
  "max_mean_squared_curvature": 0.40330141151091253,
  "message": "STOP: TOTAL NO. of ITERATIONS REACHED LIMIT",
  "success": false,
  "iterations": 700,
  "function_evaluations": 723,
  "coil_currents": [
    11243396.599248882,
    10139349.273358054,
    10319067.411276951,
    8549082.89144251,
    8330518.542762682
  ],
  "coil_surface_distance": 1.0219481955682677
}