{
  "nfp": 4,
  "R0": 11.34443056562854,
  "R1": 4.4717618362728055,
  "ncoils": 6,
  "order": 10,
  "nphi": 32,
  "ntheta": 32,
  "length_target": 38.585851325038846,
  "length_weight": 41.587983887703274,
  "max_curvature_threshold": 3.400379069556947,
  "max_curvature_weight": 1.1994071882838947e-06,
  "msc_threshold": 1.397853480912993,
  "msc_weight": 8.077526225764865e-05,
  "JF": 0.003517107843479495,
  "Jf": 0.003464459428656048,
  "BdotN": 0.012669863085002798,
  "lengths": [
    41.50636220449438,
    41.11905617959007,
    40.06889370594022,
    37.06882010938039,
    34.384949667153776,
    37.36725282922094
  ],
  "length": 231.51533469577976,
  "max_curvatures": [
    17.539952498039693,
    28.336588366786057,
    14.398995749814713,
    11.385353520589739,
    14.665361511151254,
    18.031548455611162
  ],
  "max_max_curvature": 28.336588366786057,
  "coil_coil_distance": 0.7524091092553714,
  "cc_threshold": 0.753249598319114,
  "cc_weight": 12.835703872224876,
  "gradient_norm": 0.27668519886152393,
  "linking_number": 0,
  "directory": "ncoils_6_order_10_R1_4.5_length_target_3.9e+01_weight_4.2e+01_max_curvature_3.4_weight_1.2e-06_msc_1.4_weight_8.1e-05_cc_0.75_weight_1.3e+01",
  "mean_squared_curvatures": [
    1.514606059982252,
    1.4010484312204692,
    0.8671992610068789,
    1.037537300458916,
    1.4086473970206237,
    1.3104615149511945
  ],
  "max_mean_squared_curvature": 1.514606059982252,
  "message": "STOP: TOTAL NO. of ITERATIONS REACHED LIMIT",
  "success": false,
  "iterations": 700,
  "function_evaluations": 848,
  "coil_currents": [
    7956548.247841892,
    7831814.317438077,
    7933143.992261184,
    7841048.099918157,
    8028024.011271677,
    8990836.049358092
  ],
  "coil_surface_distance": 1.145208235113624
}