{
  "nfp": 4,
  "R0": 11.34443056562854,
  "R1": 4.626502634972554,
  "ncoils": 5,
  "order": 15,
  "nphi": 32,
  "ntheta": 32,
  "length_target": 31.846300656793453,
  "length_weight": 0.5351692028489912,
  "max_curvature_threshold": 0.739148833277546,
  "max_curvature_weight": 2.214426854586285e-06,
  "msc_threshold": 1.684175304408348,
  "msc_weight": 5.102074765644609e-06,
  "JF": 0.0002750641864506243,
  "Jf": 0.00026883922385348376,
  "BdotN": 0.004213541536076476,
  "lengths": [
    33.69641173249598,
    32.64101555432983,
    31.492717542699143,
    30.848268656088333,
    30.55300683074478
  ],
  "length": 159.23142031635805,
  "max_curvatures": [
    1.6741458543344152,
    1.4731464017963527,
    1.7443049884832107,
    3.1559803610163346,
    3.4849979490528185
  ],
  "max_max_curvature": 3.4849979490528185,
  "coil_coil_distance": 0.6007667142195436,
  "cc_threshold": 0.6006907021023494,
  "cc_weight": 509.8976356520495,
  "gradient_norm": 0.0016250160586158305,
  "linking_number": 0,
  "directory": "ncoils_5_order_15_R1_4.6_length_target_3.2e+01_weight_0.54_max_curvature_0.74_weight_2.2e-06_msc_1.7_weight_5.1e-06_cc_0.6_weight_5.1e+02",
  "mean_squared_curvatures": [
    0.1655521881406837,
    0.14913394382773318,
    0.19016551170706247,
    0.33768624114305446,
    0.3437962864213756
  ],
  "max_mean_squared_curvature": 0.3437962864213756,
  "message": "STOP: TOTAL NO. of ITERATIONS REACHED LIMIT",
  "success": false,
  "iterations": 700,
  "function_evaluations": 865,
  "coil_currents": [
    9837842.426374877,
    9810534.751881806,
    9791756.801036105,
    9728956.07980036,
    9412324.658995934
  ],
  "coil_surface_distance": 1.3810593936952789
}