{
  "nfp": 4,
  "R0": 11.34443056562854,
  "R1": 4.874948535259104,
  "ncoils": 4,
  "order": 10,
  "nphi": 32,
  "ntheta": 32,
  "length_target": 37.89340379402532,
  "length_weight": 0.13577673483245,
  "max_curvature_threshold": 2.3216541017646697,
  "max_curvature_weight": 0.0045654073151310615,
  "msc_threshold": 5.498023201757941,
  "msc_weight": 1.62782816514191e-05,
  "JF": 0.002625326336639942,
  "Jf": 0.002584728233919869,
  "BdotN": 0.0093338775714144,
  "lengths": [
    37.328837237079135,
    37.2880699031247,
    39.03359364063531,
    37.9239831388445
  ],
  "length": 151.57448391968364,
  "max_curvatures": [
    2.3223465273826105,
    2.159277748477104,
    2.322754015908271,
    2.3546839597006723
  ],
  "max_max_curvature": 2.3546839597006723,
  "coil_coil_distance": 1.1041582466895774,
  "cc_threshold": 1.115133219025987,
  "cc_weight": 0.8206134099518454,
  "gradient_norm": 0.002128922023029855,
  "linking_number": 0,
  "directory": "ncoils_4_order_10_R1_4.9_length_target_3.8e+01_weight_0.14_max_curvature_2.3_weight_0.0046_msc_5.5_weight_1.6e-05_cc_1.1_weight_0.82",
  "mean_squared_curvatures": [
    0.18733226136238695,
    0.3184675798328131,
    0.43446839088837896,
    0.7284679130893033
  ],
  "max_mean_squared_curvature": 0.7284679130893033,
  "message": "STOP: TOTAL NO. of ITERATIONS REACHED LIMIT",
  "success": false,
  "iterations": 700,
  "function_evaluations": 765,
  "coil_currents": [
    12128076.43997364,
    12832930.8066733,
    12816196.892242258,
    10804210.57919988
  ],
  "coil_surface_distance": 1.2212470752393778
}