{
  "nfp": 4,
  "R0": 11.34443056562854,
  "R1": 4.817836568123852,
  "ncoils": 4,
  "order": 9,
  "nphi": 32,
  "ntheta": 32,
  "length_target": 43.24924442917929,
  "length_weight": 0.7749325392895053,
  "max_curvature_threshold": 4.461059771345883,
  "max_curvature_weight": 2.2210242863168543e-05,
  "msc_threshold": 6.209750708480306,
  "msc_weight": 1.1544124602274053e-06,
  "JF": 0.00032458620298990144,
  "Jf": 0.0003243679853758148,
  "BdotN": 0.0041777178633075505,
  "lengths": [
    44.83561842546593,
    53.07228372736104,
    38.92713313403014,
    36.16163427151956
  ],
  "length": 172.9966695583767,
  "max_curvatures": [
    4.7184036204826185,
    4.526867908992099,
    3.341636308349501,
    4.471798595708756
  ],
  "max_max_curvature": 4.7184036204826185,
  "coil_coil_distance": 0.6744086014359553,
  "cc_threshold": 0.6744618173613648,
  "cc_weight": 55.983284765864006,
  "gradient_norm": 0.012757453049907561,
  "linking_number": 0,
  "directory": "ncoils_4_order_9_R1_4.8_length_target_4.3e+01_weight_0.77_max_curvature_4.5_weight_2.2e-05_msc_6.2_weight_1.2e-06_cc_0.67_weight_5.6e+01",
  "mean_squared_curvatures": [
    0.518140949971049,
    0.38481307456589686,
    0.2871343480081249,
    0.22473798422389585
  ],
  "max_mean_squared_curvature": 0.518140949971049,
  "message": "STOP: TOTAL NO. of ITERATIONS REACHED LIMIT",
  "success": false,
  "iterations": 700,
  "function_evaluations": 1033,
  "coil_currents": [
    12409954.69851529,
    12374311.543997878,
    12275651.70514427,
    11521496.770431645
  ],
  "coil_surface_distance": 1.5271414434769124
}