{
  "nfp": 4,
  "R0": 11.34443056562854,
  "R1": 4.614951114071806,
  "ncoils": 5,
  "order": 15,
  "nphi": 32,
  "ntheta": 32,
  "length_target": 43.627947403849134,
  "length_weight": 0.07051721395852342,
  "max_curvature_threshold": 1.1674255445530137,
  "max_curvature_weight": 0.0002053741897655451,
  "msc_threshold": 7.420647731798106,
  "msc_weight": 9.164064235065839e-07,
  "JF": 0.012561640804204497,
  "Jf": 0.011449500684246605,
  "BdotN": 0.01949803943580716,
  "lengths": [
    37.4695441240969,
    37.74221683671441,
    53.10471858126243,
    36.446963097544675,
    53.376258240651545
  ],
  "length": 218.13970088026997,
  "max_curvatures": [
    2.8988363233958316,
    2.4852374206523313,
    2.947319255942618,
    1.5945505798706627,
    3.113193485430923
  ],
  "max_max_curvature": 3.113193485430923,
  "coil_coil_distance": 1.1798582185215503,
  "cc_threshold": 1.183588235283398,
  "cc_weight": 10.150244244587707,
  "gradient_norm": 0.041987112417607414,
  "linking_number": 0,
  "directory": "ncoils_5_order_15_R1_4.6_length_target_4.4e+01_weight_0.071_max_curvature_1.2_weight_0.00021_msc_7.4_weight_9.2e-07_cc_1.2_weight_1e+01",
  "mean_squared_curvatures": [
    0.44360605927657554,
    0.35613370237809716,
    0.7916579346167099,
    0.31805489068678156,
    0.7943877733537998
  ],
  "max_mean_squared_curvature": 0.7943877733537998,
  "message": "STOP: TOTAL NO. of ITERATIONS REACHED LIMIT",
  "success": false,
  "iterations": 700,
  "function_evaluations": 812,
  "coil_currents": [
    9933475.956324978,
    9381073.827553382,
    10053074.933059843,
    9471099.655139303,
    9742690.346011572
  ],
  "coil_surface_distance": 1.0183528585989932
}