{
  "nfp": 4,
  "R0": 11.34443056562854,
  "R1": 4.117427986656816,
  "ncoils": 6,
  "order": 7,
  "nphi": 32,
  "ntheta": 32,
  "length_target": 31.613898161598364,
  "length_weight": 5.913971773187553,
  "max_curvature_threshold": 4.299603322062938,
  "max_curvature_weight": 2.6910754905759026e-06,
  "msc_threshold": 6.816924390333114,
  "msc_weight": 1.4051370500477367e-06,
  "JF": 0.018671287729731218,
  "Jf": 0.01846970182022359,
  "BdotN": 0.030156166049671553,
  "lengths": [
    31.863735344989443,
    32.534723900649254,
    36.1976092509678,
    35.71826946262086,
    37.70767147582674,
    15.662193448069456
  ],
  "length": 189.68420288312353,
  "max_curvatures": [
    1.83288069791805,
    2.408583723284648,
    2.4589135323259033,
    14.531490548782005,
    24.707018201444022,
    31.651056051809523
  ],
  "max_max_curvature": 31.651056051809523,
  "coil_coil_distance": 1.1360467307180686,
  "cc_threshold": 1.1361884949866206,
  "cc_weight": 472.6341492188793,
  "gradient_norm": 0.1995506264883802,
  "linking_number": 0,
  "directory": "ncoils_6_order_7_R1_4.1_length_target_3.2e+01_weight_5.9_max_curvature_4.3_weight_2.7e-06_msc_6.8_weight_1.4e-06_cc_1.1_weight_4.7e+02",
  "mean_squared_curvatures": [
    0.18066467553540191,
    0.2502489417261432,
    0.13754301185896808,
    0.9817645546350641,
    2.3329560784899885,
    12.288988500171094
  ],
  "max_mean_squared_curvature": 12.288988500171094,
  "message": "STOP: TOTAL NO. of ITERATIONS REACHED LIMIT",
  "success": false,
  "iterations": 700,
  "function_evaluations": 928,
  "coil_currents": [
    8580481.667724742,
    8025376.408716321,
    8104838.277171775,
    8350487.410058093,
    8884289.796901628,
    6635941.157516524
  ],
  "coil_surface_distance": 0.161767223335134
}