{
  "nfp": 4,
  "R0": 11.34443056562854,
  "R1": 4.712815184780959,
  "ncoils": 5,
  "order": 11,
  "nphi": 32,
  "ntheta": 32,
  "length_target": 34.83793295269383,
  "length_weight": 9.340114804694233,
  "max_curvature_threshold": 1.556121679643427,
  "max_curvature_weight": 1.380785820939474e-06,
  "msc_threshold": 6.334308653685865,
  "msc_weight": 1.131125132084497e-05,
  "JF": 0.0005278723855899767,
  "Jf": 0.0005230861813127742,
  "BdotN": 0.004181868183657873,
  "lengths": [
    36.53655483946798,
    36.39845460632585,
    34.08086736854586,
    33.93544855976177,
    33.238456659480576
  ],
  "length": 174.18978203358205,
  "max_curvatures": [
    4.289024695552349,
    5.459815004364607,
    2.095218353393689,
    3.367947709974302,
    7.248061842287549
  ],
  "max_max_curvature": 7.248061842287549,
  "coil_coil_distance": 0.7855821664374847,
  "cc_threshold": 0.7893244878844369,
  "cc_weight": 1.3064831583456182,
  "gradient_norm": 0.021852082943873637,
  "linking_number": 0,
  "directory": "ncoils_5_order_11_R1_4.7_length_target_3.5e+01_weight_9.3_max_curvature_1.6_weight_1.4e-06_msc_6.3_weight_1.1e-05_cc_0.79_weight_1.3",
  "mean_squared_curvatures": [
    0.1802218881254014,
    0.2790078629324804,
    0.15199809916061846,
    0.254458090324367,
    0.31174362401641603
  ],
  "max_mean_squared_curvature": 0.31174362401641603,
  "message": "STOP: TOTAL NO. of ITERATIONS REACHED LIMIT",
  "success": false,
  "iterations": 700,
  "function_evaluations": 793,
  "coil_currents": [
    9820457.16093417,
    9712695.306975225,
    9643299.094645692,
    9642715.113263566,
    9762248.04227043
  ],
  "coil_surface_distance": 1.3208391223086002
}