{
  "nfp": 4,
  "R0": 11.34443056562854,
  "R1": 4.121919840899217,
  "ncoils": 5,
  "order": 14,
  "nphi": 32,
  "ntheta": 32,
  "length_target": 39.854451690485476,
  "length_weight": 15.748321961660203,
  "max_curvature_threshold": 1.352313693297092,
  "max_curvature_weight": 4.74742072213173e-05,
  "msc_threshold": 7.668957396972214,
  "msc_weight": 5.324370679065519e-07,
  "JF": 0.003538334348587372,
  "Jf": 0.0033130736316150967,
  "BdotN": 0.011914823564807216,
  "lengths": [
    40.24002510763559,
    43.47272930838479,
    39.10960018748151,
    36.678228090313205,
    39.771860095800484
  ],
  "length": 199.27244278961558,
  "max_curvatures": [
    3.1860720903154363,
    3.5725928007001326,
    2.6011644328219035,
    3.299702858862451,
    3.834294994933983
  ],
  "max_max_curvature": 3.834294994933983,
  "coil_coil_distance": 0.7846355246643567,
  "cc_threshold": 0.7847140882087367,
  "cc_weight": 76.33021098263497,
  "gradient_norm": 0.09243117358679519,
  "linking_number": 0,
  "directory": "ncoils_5_order_14_R1_4.1_length_target_4e+01_weight_1.6e+01_max_curvature_1.4_weight_4.7e-05_msc_7.7_weight_5.3e-07_cc_0.78_weight_7.6e+01",
  "mean_squared_curvatures": [
    0.4668811779195263,
    0.5068435826269171,
    0.4626869364843983,
    0.4063248201506653,
    0.6096990583014198
  ],
  "max_mean_squared_curvature": 0.6096990583014198,
  "message": "STOP: TOTAL NO. of ITERATIONS REACHED LIMIT",
  "success": false,
  "iterations": 700,
  "function_evaluations": 849,
  "coil_currents": [
    9575212.132416435,
    9572440.551786872,
    9625773.220270716,
    9730243.77674697,
    10077745.036868088
  ],
  "coil_surface_distance": 1.2738755477255752
}