{
  "nfp": 4,
  "R0": 11.34443056562854,
  "R1": 4.82781327902077,
  "ncoils": 6,
  "order": 8,
  "nphi": 32,
  "ntheta": 32,
  "length_target": 31.599523372743363,
  "length_weight": 24.365597007634502,
  "max_curvature_threshold": 2.4806416228727515,
  "max_curvature_weight": 0.0005971964219008555,
  "msc_threshold": 7.295510527200893,
  "msc_weight": 1.6556959410213176e-06,
  "JF": 0.011700693062087396,
  "Jf": 0.011211940336537529,
  "BdotN": 0.01852148769242219,
  "lengths": [
    34.898268570090934,
    33.629878566984935,
    30.40977953254804,
    31.580375308590856,
    29.694003858747383,
    29.38547102888023
  ],
  "length": 189.59777686584238,
  "max_curvatures": [
    2.805585975903034,
    2.352829031771544,
    2.994304503089043,
    1.3291456586406873,
    2.40873224497614,
    2.065928364560723
  ],
  "max_max_curvature": 2.994304503089043,
  "coil_coil_distance": 1.1576638270063215,
  "cc_threshold": 1.1766557621704954,
  "cc_weight": 0.6925301083548293,
  "gradient_norm": 0.304840847375684,
  "linking_number": 0,
  "directory": "ncoils_6_order_8_R1_4.8_length_target_3.2e+01_weight_2.4e+01_max_curvature_2.5_weight_0.0006_msc_7.3_weight_1.7e-06_cc_1.2_weight_0.69",
  "mean_squared_curvatures": [
    0.1879843432583104,
    0.2636476822927821,
    0.4226758371131424,
    0.14672087131887782,
    0.2574387602791691,
    0.24955761403013527
  ],
  "max_mean_squared_curvature": 0.4226758371131424,
  "message": "STOP: TOTAL NO. of ITERATIONS REACHED LIMIT",
  "success": false,
  "iterations": 700,
  "function_evaluations": 798,
  "coil_currents": [
    10856293.492440995,
    10450099.619199561,
    6941801.526757061,
    7813342.106026344,
    8559423.947611032,
    3960454.0260540843
  ],
  "coil_surface_distance": 0.9166948476876391
}