{
  "nfp": 4,
  "R0": 11.34443056562854,
  "R1": 4.589233918656056,
  "ncoils": 6,
  "order": 11,
  "nphi": 32,
  "ntheta": 32,
  "length_target": 40.156377254869284,
  "length_weight": 0.8134696121468031,
  "max_curvature_threshold": 5.002243645647262,
  "max_curvature_weight": 0.00021088517695157485,
  "msc_threshold": 1.3593254519180797,
  "msc_weight": 2.30743359559115e-06,
  "JF": 0.0003985079283484619,
  "Jf": 0.0003978497752054694,
  "BdotN": 0.0050237712397081,
  "lengths": [
    39.03267964594647,
    41.10500341366211,
    38.332271815325946,
    37.945350008101364,
    41.738049294688,
    42.78496313121539
  ],
  "length": 240.93831730893928,
  "max_curvatures": [
    4.744547170894275,
    4.720882598170333,
    5.041601715764569,
    4.146033220849849,
    5.234022526914364,
    5.047625044974195
  ],
  "max_max_curvature": 5.234022526914364,
  "coil_coil_distance": 0.6210040435667162,
  "cc_threshold": 0.6207008353304937,
  "cc_weight": 727.1147158449714,
  "gradient_norm": 0.004066635233370744,
  "linking_number": 0,
  "directory": "ncoils_6_order_11_R1_4.6_length_target_4e+01_weight_0.81_max_curvature_5.0_weight_0.00021_msc_1.4_weight_2.3e-06_cc_0.62_weight_7.3e+02",
  "mean_squared_curvatures": [
    0.7872212560639636,
    0.8069061809587486,
    0.6182034794055669,
    0.8157640069560245,
    1.077632826236699,
    0.810739804823489
  ],
  "max_mean_squared_curvature": 1.077632826236699,
  "message": "STOP: TOTAL NO. of ITERATIONS REACHED LIMIT",
  "success": false,
  "iterations": 700,
  "function_evaluations": 1112,
  "coil_currents": [
    7939070.790215042,
    7983064.806618674,
    8071285.858112929,
    8101252.775310923,
    8016103.712022826,
    8470636.775808685
  ],
  "coil_surface_distance": 1.2331659931029109
}