{
  "nfp": 4,
  "ncoils": 6,
  "R0": 11.34443056562854,
  "R1": 4.585482355106581,
  "order": 10,
  "nphi": 32,
  "ntheta": 32,
  "length_target": 34.268778455962234,
  "length_weight": 0.4939229495822139,
  "max_curvature_threshold": 4.63332840714922,
  "max_curvature_weight": 5.4409196616486825e-05,
  "msc_threshold": 1.2457514558613099,
  "msc_weight": 3.799092229245154e-06,
  "JF": 0.07792124298237307,
  "Jf": 0.07622109519404816,
  "BdotN": 0.12127156436415039,
  "lengths": [
    32.24901680469352,
    34.43249177771326,
    34.57022420448679,
    42.1003257408333,
    26.894831469721964,
    35.367536790925314
  ],
  "length": 205.61442678837415,
  "max_curvatures": [
    12.583262423173174,
    9.4971511027686,
    5.718793339631598,
    11.997141128474658,
    13.459513645832619,
    18.834498465665476
  ],
  "max_max_curvature": 18.834498465665476,
  "coil_coil_distance": 0.9561316071610222,
  "cc_threshold": 0.9562059409875583,
  "cc_weight": 5297.7736534154255,
  "gradient_norm": 1.2001943355156581,
  "linking_number": 0,
  "directory": "ncoils_6_order_10_R1_4.6_length_target_3.4e+01_weight_0.49_max_curvature_4.6_weight_5.4e-05_msc_1.2_weight_3.8e-06_cc_0.96_weight_5.3e+03",
  "mean_squared_curvatures": [
    1.527798420334464,
    1.0166459730603474,
    0.42659551368044607,
    1.4461376898807614,
    4.014999990608654,
    3.7465461080780127
  ],
  "max_mean_squared_curvature": 4.014999990608654,
  "message": "STOP: TOTAL NO. of ITERATIONS REACHED LIMIT",
  "success": false,
  "iterations": 700,
  "function_evaluations": 1188,
  "coil_currents": [
    8564409.78488749,
    8715420.743894951,
    8661865.440820118,
    8860822.206713008,
    7493818.873960367,
    6285077.667813145
  ],
  "coil_surface_distance": 0.0625050250341759
}