{
  "nfp": 4,
  "ncoils": 6,
  "R0": 11.34443056562854,
  "R1": 4.4581281583394,
  "order": 14,
  "nphi": 32,
  "ntheta": 32,
  "length_target": 42.3490704599826,
  "length_weight": 0.30394322349444214,
  "max_curvature_threshold": 3.6820945375155905,
  "max_curvature_weight": 1.2038945902744972e-07,
  "msc_threshold": 3.826443081939995,
  "msc_weight": 8.251165818462831e-07,
  "JF": 0.014146660132113619,
  "Jf": 0.014053460147184458,
  "BdotN": 0.035799513358385125,
  "lengths": [
    31.460762215009247,
    31.229993138036704,
    30.089412550387475,
    52.45394088561969,
    48.878182708142106,
    59.98358599695198
  ],
  "length": 254.09587749414717,
  "max_curvatures": [
    22.37615884572942,
    39.15846032873617,
    72.86495019169296,
    47.242804485541434,
    98.48246756033929,
    93.91023336867278
  ],
  "max_max_curvature": 98.48246756033929,
  "coil_coil_distance": 0.8141240563050379,
  "cc_threshold": 0.8201792287355907,
  "cc_weight": 21.696674244222176,
  "gradient_norm": 0.07304073223418693,
  "linking_number": 0,
  "directory": "ncoils_6_order_14_R1_4.5_length_target_4.2e+01_weight_0.3_max_curvature_3.7_weight_1.2e-07_msc_3.8_weight_8.3e-07_cc_0.82_weight_2.2e+01",
  "mean_squared_curvatures": [
    2.5320943067241632,
    2.2865462079612477,
    4.588949336624627,
    3.623771082072501,
    10.709359804994554,
    5.964305894202585
  ],
  "max_mean_squared_curvature": 10.709359804994554,
  "message": "STOP: TOTAL NO. of ITERATIONS REACHED LIMIT",
  "success": false,
  "iterations": 500,
  "function_evaluations": 591,
  "coil_currents": [
    9509717.273562776,
    9554730.857800039,
    9551895.459711647,
    9341642.390101835,
    6776062.5557771865,
    3847366.1811356023
  ],
  "coil_surface_distance": 0.1596239383938982
}