{
  "nfp": 4,
  "R0": 11.34443056562854,
  "R1": 4.860978254825496,
  "ncoils": 6,
  "order": 5,
  "nphi": 32,
  "ntheta": 32,
  "length_target": 40.27020811169278,
  "length_weight": 0.07821686166903657,
  "max_curvature_threshold": 1.3555240221160518,
  "max_curvature_weight": 3.59431653677099e-06,
  "msc_threshold": 6.1005727478974325,
  "msc_weight": 1.0947567678763992e-06,
  "JF": 0.030037617777339178,
  "Jf": 0.029877094656543937,
  "BdotN": 0.03353546723322256,
  "lengths": [
    47.736511507338946,
    47.688610051556864,
    47.62061117303472,
    30.121488954236412,
    40.042535339266855,
    28.422365441549314
  ],
  "length": 241.6321224669831,
  "max_curvatures": [
    3.5792479155168375,
    8.962433370507032,
    1.5404569355715463,
    21.748265944549733,
    7.681803422784728,
    6.60230000723341
  ],
  "max_max_curvature": 21.748265944549733,
  "coil_coil_distance": 0.9629424606448624,
  "cc_threshold": 0.9632114413893988,
  "cc_weight": 257.333009137511,
  "gradient_norm": 0.11885473198743188,
  "linking_number": 0,
  "directory": "ncoils_6_order_5_R1_4.9_length_target_4e+01_weight_0.078_max_curvature_1.4_weight_3.6e-06_msc_6.1_weight_1.1e-06_cc_0.96_weight_2.6e+02",
  "mean_squared_curvatures": [
    0.26021661520532324,
    0.6270520294371081,
    0.1554763871458108,
    2.3851165412245967,
    1.128053285455166,
    1.3704318488240126
  ],
  "max_mean_squared_curvature": 2.3851165412245967,
  "message": "STOP: TOTAL NO. of ITERATIONS REACHED LIMIT",
  "success": false,
  "iterations": 700,
  "function_evaluations": 1199,
  "coil_currents": [
    11291482.623743156,
    11727070.056641435,
    11971951.573428718,
    7127431.241489808,
    5290834.397341916,
    1172644.8254440501
  ],
  "coil_surface_distance": 0.10326350439224583
}