{
  "nfp": 4,
  "R0": 11.34443056562854,
  "R1": 4.243448555761504,
  "ncoils": 4,
  "order": 10,
  "nphi": 32,
  "ntheta": 32,
  "length_target": 45.814148367093466,
  "length_weight": 5.471939034855314,
  "max_curvature_threshold": 4.80337056989653,
  "max_curvature_weight": 1.3074189412714433e-06,
  "msc_threshold": 6.415199520761884,
  "msc_weight": 1.9236780590010334e-05,
  "JF": 0.010182020312821324,
  "Jf": 0.009820422643118441,
  "BdotN": 0.01689974072536242,
  "lengths": [
    48.10524230195551,
    47.63456060885855,
    43.200683007342086,
    44.316981021563834
  ],
  "length": 183.25746693972,
  "max_curvatures": [
    28.788390648668564,
    14.683303061951404,
    31.558624417664895,
    20.74742470002422
  ],
  "max_max_curvature": 31.558624417664895,
  "coil_coil_distance": 1.1784686455524283,
  "cc_threshold": 1.1972464314610973,
  "cc_weight": 0.29135759364288416,
  "gradient_norm": 0.14328820928576558,
  "linking_number": 0,
  "directory": "ncoils_4_order_10_R1_4.2_length_target_4.6e+01_weight_5.5_max_curvature_4.8_weight_1.3e-06_msc_6.4_weight_1.9e-05_cc_1.2_weight_0.29",
  "mean_squared_curvatures": [
    2.8062380029383274,
    1.1989799959228022,
    1.9943986183639202,
    2.0723595189063326
  ],
  "max_mean_squared_curvature": 2.8062380029383274,
  "message": "STOP: TOTAL NO. of ITERATIONS REACHED LIMIT",
  "success": false,
  "iterations": 700,
  "function_evaluations": 840,
  "coil_currents": [
    12475588.075903995,
    12237401.865024842,
    12222824.866894593,
    11645599.910265647
  ],
  "coil_surface_distance": 1.2687999575045115
}