{
  "nfp": 4,
  "R0": 11.34443056562854,
  "R1": 4.81839412596292,
  "ncoils": 4,
  "order": 7,
  "nphi": 32,
  "ntheta": 32,
  "length_target": 36.68258027005783,
  "length_weight": 0.024585955236186386,
  "max_curvature_threshold": 3.551307120181757,
  "max_curvature_weight": 0.008989772803007022,
  "msc_threshold": 1.3437321223037255,
  "msc_weight": 1.1842476042885737e-07,
  "JF": 0.0013331255469066021,
  "Jf": 0.0013325351315787357,
  "BdotN": 0.005639420653312649,
  "lengths": [
    36.870788428882015,
    35.96933895133897,
    37.27996116060901,
    36.612587567717824
  ],
  "length": 146.73267610854782,
  "max_curvatures": [
    1.2098396294567282,
    3.5385318138691466,
    1.5276114974666577,
    3.5503039485767807
  ],
  "max_max_curvature": 3.5503039485767807,
  "coil_coil_distance": 0.9656354640237875,
  "cc_threshold": 0.9659210472698777,
  "cc_weight": 24.520993995773573,
  "gradient_norm": 0.0041696830137709145,
  "linking_number": 0,
  "directory": "ncoils_4_order_7_R1_4.8_length_target_3.7e+01_weight_0.025_max_curvature_3.6_weight_0.009_msc_1.3_weight_1.2e-07_cc_0.97_weight_2.5e+01",
  "mean_squared_curvatures": [
    0.11913172837952335,
    0.23490446328703135,
    0.2901072358180421,
    0.5236265185271928
  ],
  "max_mean_squared_curvature": 0.5236265185271928,
  "message": "STOP: TOTAL NO. of ITERATIONS REACHED LIMIT",
  "success": false,
  "iterations": 700,
  "function_evaluations": 913,
  "coil_currents": [
    11954883.619139584,
    12050824.473400962,
    12093229.96054805,
    12482476.665000483
  ],
  "coil_surface_distance": 1.3435747270465401
}