{
  "nfp": 4,
  "R0": 11.34443056562854,
  "R1": 4.26779559228137,
  "ncoils": 6,
  "order": 9,
  "nphi": 32,
  "ntheta": 32,
  "length_target": 39.639022325610995,
  "length_weight": 2.151706167247891,
  "max_curvature_threshold": 1.8711710602326308,
  "max_curvature_weight": 4.968506641442969e-05,
  "msc_threshold": 6.3548376627961325,
  "msc_weight": 1.904459331503337e-06,
  "JF": 0.0005193299378368719,
  "Jf": 0.0005097669256843312,
  "BdotN": 0.004692924539380719,
  "lengths": [
    39.08586342446939,
    39.03959413255596,
    41.608416792276564,
    37.588928523301895,
    39.090283505510754,
    41.42159478991115
  ],
  "length": 237.8346811680257,
  "max_curvatures": [
    2.144307474719382,
    1.8296683522179784,
    2.3604269558155515,
    2.1270306519009985,
    2.1557976225218507,
    2.7097939637412196
  ],
  "max_max_curvature": 2.7097939637412196,
  "coil_coil_distance": 0.727723161235329,
  "cc_threshold": 0.7283312720817383,
  "cc_weight": 12.850126248529875,
  "gradient_norm": 0.03159986705320168,
  "linking_number": 0,
  "directory": "ncoils_6_order_9_R1_4.3_length_target_4e+01_weight_2.2_max_curvature_1.9_weight_5e-05_msc_6.4_weight_1.9e-06_cc_0.73_weight_1.3e+01",
  "mean_squared_curvatures": [
    0.2460032993257304,
    0.2427477476953614,
    0.32520071932347216,
    0.2850897781612084,
    0.23664181352784194,
    0.47410536287887295
  ],
  "max_mean_squared_curvature": 0.47410536287887295,
  "message": "STOP: TOTAL NO. of ITERATIONS REACHED LIMIT",
  "success": false,
  "iterations": 700,
  "function_evaluations": 810,
  "coil_currents": [
    8006866.804837902,
    7951367.200849953,
    7924992.103516916,
    7878462.843265564,
    8082684.568115797,
    8737041.197502948
  ],
  "coil_surface_distance": 1.2296154691526395
}