{
  "nfp": 4,
  "R0": 11.34443056562854,
  "R1": 4.84913434909885,
  "ncoils": 5,
  "order": 14,
  "nphi": 32,
  "ntheta": 32,
  "length_target": 40.419380091595286,
  "length_weight": 0.027965262880978524,
  "max_curvature_threshold": 5.59016526904622,
  "max_curvature_weight": 1.1694478027197573e-06,
  "msc_threshold": 0.9155049021321247,
  "msc_weight": 2.731651252781912e-07,
  "JF": 0.0002472183098599088,
  "Jf": 0.00024335075479091657,
  "BdotN": 0.004401242310978261,
  "lengths": [
    39.75600410843466,
    38.12471662907933,
    38.30962963631415,
    39.2543592086086,
    46.653114073148934
  ],
  "length": 202.0978236555857,
  "max_curvatures": [
    7.57026615357727,
    7.1968466257535395,
    6.612281599535092,
    6.135732794240047,
    7.55778286950156
  ],
  "max_max_curvature": 7.57026615357727,
  "coil_coil_distance": 0.8228930331395672,
  "cc_threshold": 0.832191661443093,
  "cc_weight": 0.15263570710052887,
  "gradient_norm": 0.001111390486891889,
  "linking_number": 0,
  "directory": "ncoils_5_order_14_R1_4.8_length_target_4e+01_weight_0.028_max_curvature_5.6_weight_1.2e-06_msc_0.92_weight_2.7e-07_cc_0.83_weight_0.15",
  "mean_squared_curvatures": [
    1.6057477883097406,
    0.7115321970322491,
    0.703351558989385,
    0.6850155400580994,
    1.9619561935552787
  ],
  "max_mean_squared_curvature": 1.9619561935552787,
  "message": "STOP: TOTAL NO. of ITERATIONS REACHED LIMIT",
  "success": false,
  "iterations": 700,
  "function_evaluations": 732,
  "coil_currents": [
    9561199.796327285,
    9427022.944001656,
    9573828.479076201,
    9645702.883603789,
    10373660.615080148
  ],
  "coil_surface_distance": 1.2998992338173037
}