{
  "nfp": 4,
  "ncoils": 6,
  "R0": 11.34443056562854,
  "R1": 4.544430020323993,
  "order": 11,
  "nphi": 32,
  "ntheta": 32,
  "length_target": 39.409467122986484,
  "length_weight": 0.9462502188609443,
  "max_curvature_threshold": 1.651375352792269,
  "max_curvature_weight": 1.6960315797438977e-05,
  "msc_threshold": 1.8717270018641416,
  "msc_weight": 2.087144300116437e-06,
  "JF": 0.0003358611820664004,
  "Jf": 0.000323844921184025,
  "BdotN": 0.003940154188999784,
  "lengths": [
    38.56895616200104,
    39.022903309952405,
    39.3379589288084,
    38.4677304512322,
    39.870606408014545,
    41.18869770131106
  ],
  "length": 236.4568529613196,
  "max_curvatures": [
    2.2400051623974093,
    2.250174775892493,
    2.7406228446056904,
    2.1872870422458184,
    2.2908532665586425,
    2.6477367569334724
  ],
  "max_max_curvature": 2.7406228446056904,
  "coil_coil_distance": 0.6878751836331677,
  "cc_threshold": 0.6879273148493339,
  "cc_weight": 40.721918280839574,
  "gradient_norm": 0.0046147078643626735,
  "linking_number": 0,
  "directory": "ncoils_6_order_11_R1_4.5_length_target_3.9e+01_weight_0.95_max_curvature_1.7_weight_1.7e-05_msc_1.9_weight_2.1e-06_cc_0.69_weight_4.1e+01",
  "mean_squared_curvatures": [
    0.2981047414269051,
    0.23825729510868748,
    0.28968651317621497,
    0.25246819115553676,
    0.2920491621875401,
    0.6292652956662265
  ],
  "max_mean_squared_curvature": 0.6292652956662265,
  "message": "STOP: TOTAL NO. of ITERATIONS REACHED LIMIT",
  "success": false,
  "iterations": 700,
  "function_evaluations": 852,
  "coil_currents": [
    7882478.581848282,
    7842892.455010348,
    7842469.224627667,
    7968294.553250512,
    8093297.401771913,
    8951982.501580365
  ],
  "coil_surface_distance": 1.2348648761944219
}