{
  "nfp": 4,
  "ncoils": 6,
  "R0": 11.34443056562854,
  "R1": 4.317497989383929,
  "order": 12,
  "nphi": 32,
  "ntheta": 32,
  "length_target": 36.85128296694095,
  "length_weight": 0.16097155147901557,
  "max_curvature_threshold": 1.081644105387806,
  "max_curvature_weight": 8.418559799422401e-05,
  "msc_threshold": 3.996888559723794,
  "msc_weight": 4.7019683423915527e-07,
  "JF": 0.00036045275880937545,
  "Jf": 0.00035039633123829016,
  "BdotN": 0.004630478444220779,
  "lengths": [
    36.298182019942445,
    35.83590763323171,
    36.6377078815903,
    36.33941821695184,
    36.10445957986065,
    39.89112864716928
  ],
  "length": 221.10680397874626,
  "max_curvatures": [
    1.125459961778816,
    1.1848120233913635,
    1.2124334812424176,
    1.2349145852635142,
    1.2436749065405428,
    1.2713624282348057
  ],
  "max_max_curvature": 1.2713624282348057,
  "coil_coil_distance": 0.8525894239835397,
  "cc_threshold": 0.8670624736281185,
  "cc_weight": 0.12500061369527435,
  "gradient_norm": 0.0042428488989343935,
  "linking_number": 0,
  "directory": "ncoils_6_order_12_R1_4.3_length_target_3.7e+01_weight_0.16_max_curvature_1.1_weight_8.4e-05_msc_4.0_weight_4.7e-07_cc_0.87_weight_0.13",
  "mean_squared_curvatures": [
    0.2111706265472319,
    0.17547042552909245,
    0.23319596114946156,
    0.23583691131431261,
    0.2488414891960954,
    0.3449969295884098
  ],
  "max_mean_squared_curvature": 0.3449969295884098,
  "message": "STOP: TOTAL NO. of ITERATIONS REACHED LIMIT",
  "success": false,
  "iterations": 700,
  "function_evaluations": 724,
  "coil_currents": [
    8252826.999765684,
    7993095.471458367,
    7775356.719761955,
    7803245.87049283,
    7875277.713360694,
    8881611.943249546
  ],
  "coil_surface_distance": 1.1871465838307682
}