{
  "nfp": 4,
  "ncoils": 6,
  "R0": 11.34443056562854,
  "R1": 4.5499867379529775,
  "order": 15,
  "nphi": 32,
  "ntheta": 32,
  "length_target": 31.35748714187839,
  "length_weight": 2.123774874309985,
  "max_curvature_threshold": 4.370677888696594,
  "max_curvature_weight": 2.455977596042966e-07,
  "msc_threshold": 2.732935102412022,
  "msc_weight": 1.190043963680812e-06,
  "JF": 0.009271324686073956,
  "Jf": 0.009177539731126895,
  "BdotN": 0.026113804096109847,
  "lengths": [
    33.4577120476838,
    29.898652425441263,
    28.6291916030074,
    29.696559917995184,
    32.73574682148987,
    33.727435801500405
  ],
  "length": 188.14529861711793,
  "max_curvatures": [
    38.45177028301453,
    39.006695960244905,
    53.901765411297724,
    54.75332555013554,
    21.746579617537574,
    42.516526819233285
  ],
  "max_max_curvature": 54.75332555013554,
  "coil_coil_distance": 0.9759502760575691,
  "cc_threshold": 0.976510912377151,
  "cc_weight": 209.0963089818065,
  "gradient_norm": 0.11933160017865721,
  "linking_number": 0,
  "directory": "ncoils_6_order_15_R1_4.5_length_target_3.1e+01_weight_2.1_max_curvature_4.4_weight_2.5e-07_msc_2.7_weight_1.2e-06_cc_0.98_weight_2.1e+02",
  "mean_squared_curvatures": [
    5.531333760233503,
    3.8870620491422683,
    3.9061908914538885,
    6.390563613744121,
    1.1571358892691848,
    8.014957634511436
  ],
  "max_mean_squared_curvature": 8.014957634511436,
  "message": "STOP: TOTAL NO. of ITERATIONS REACHED LIMIT",
  "success": false,
  "iterations": 500,
  "function_evaluations": 610,
  "coil_currents": [
    7581454.445592703,
    7846600.7245213855,
    8021579.48894077,
    7994412.93052671,
    8035493.914495211,
    9101873.214012302
  ],
  "coil_surface_distance": 0.03207442373784805
}