{
  "nfp": 4,
  "R0": 11.34443056562854,
  "R1": 4.9257196130415855,
  "ncoils": 5,
  "order": 15,
  "nphi": 32,
  "ntheta": 32,
  "length_target": 44.82859837477991,
  "length_weight": 0.035744335432624195,
  "max_curvature_threshold": 5.050591590037135,
  "max_curvature_weight": 3.318034752723059e-05,
  "msc_threshold": 0.6912509651985035,
  "msc_weight": 1.7199434805828138e-05,
  "JF": 0.0015038146376218154,
  "Jf": 0.0014093253436801038,
  "BdotN": 0.007291885343663216,
  "lengths": [
    45.300759898677256,
    42.96314967801855,
    42.5423310982652,
    40.324678767733786,
    53.01250850375448
  ],
  "length": 224.14342794644926,
  "max_curvatures": [
    8.626999926178543,
    6.6814151617260595,
    5.5564988755990345,
    4.357976352982213,
    7.087232050308422
  ],
  "max_max_curvature": 8.626999926178543,
  "coil_coil_distance": 0.975525295795288,
  "cc_threshold": 0.9756056331176719,
  "cc_weight": 199.258860321694,
  "gradient_norm": 0.015417425329482507,
  "linking_number": 0,
  "directory": "ncoils_5_order_15_R1_4.9_length_target_4.5e+01_weight_0.036_max_curvature_5.1_weight_3.3e-05_msc_0.69_weight_1.7e-05_cc_0.98_weight_2e+02",
  "mean_squared_curvatures": [
    2.036905318594733,
    1.4015441786692076,
    1.086133078171922,
    0.8546842557724712,
    2.0580001205707315
  ],
  "max_mean_squared_curvature": 2.0580001205707315,
  "message": "STOP: TOTAL NO. of ITERATIONS REACHED LIMIT",
  "success": false,
  "iterations": 700,
  "function_evaluations": 998,
  "coil_currents": [
    9518897.653341705,
    9554610.187345687,
    9467613.050866993,
    9535714.13233091,
    10504579.694203787
  ],
  "coil_surface_distance": 0.9957604891472823
}