{
  "nfp": 4,
  "ncoils": 6,
  "R0": 11.34443056562854,
  "R1": 4.881481162347354,
  "order": 8,
  "nphi": 32,
  "ntheta": 32,
  "length_target": 35.38707647489763,
  "length_weight": 0.8915313697495163,
  "max_curvature_threshold": 4.063471598869686,
  "max_curvature_weight": 3.0959276185262614e-05,
  "msc_threshold": 2.5427359391295803,
  "msc_weight": 1.0669643719484297e-06,
  "JF": 0.04977915245346984,
  "Jf": 0.0491161219587027,
  "BdotN": 0.061359640139822376,
  "lengths": [
    36.20834508259429,
    37.264271615518965,
    44.94103075097517,
    31.951885784838694,
    27.91819776913703,
    34.039085980282245
  ],
  "length": 212.3228169833464,
  "max_curvatures": [
    3.991440717152243,
    6.846445967214127,
    14.789697904118734,
    19.876533884194654,
    12.259148682130787,
    15.51408968050427
  ],
  "max_max_curvature": 19.876533884194654,
  "coil_coil_distance": 1.0609496477274798,
  "cc_threshold": 1.0611076542627425,
  "cc_weight": 1184.320679924475,
  "gradient_norm": 0.302417072775434,
  "linking_number": 0,
  "directory": "ncoils_6_order_8_R1_4.9_length_target_3.5e+01_weight_0.89_max_curvature_4.1_weight_3.1e-05_msc_2.5_weight_1.1e-06_cc_1.1_weight_1.2e+03",
  "mean_squared_curvatures": [
    0.3773612673597287,
    0.39201902308400854,
    0.6457916243491966,
    2.237480711770321,
    1.4635560732690946,
    2.7104198776334605
  ],
  "max_mean_squared_curvature": 2.7104198776334605,
  "message": "STOP: TOTAL NO. of ITERATIONS REACHED LIMIT",
  "success": false,
  "iterations": 700,
  "function_evaluations": 1053,
  "coil_currents": [
    7971329.006370754,
    8190554.150364148,
    8782590.986994961,
    7244119.742925548,
    7991460.252656661,
    8401360.578777008
  ],
  "coil_surface_distance": 0.11177381130868308
}