{
  "nfp": 4,
  "R0": 11.34443056562854,
  "R1": 4.5585182973298215,
  "ncoils": 5,
  "order": 12,
  "nphi": 32,
  "ntheta": 32,
  "length_target": 44.548013104481456,
  "length_weight": 0.4192282708741761,
  "max_curvature_threshold": 1.8395304093009925,
  "max_curvature_weight": 5.3004075476564205e-06,
  "msc_threshold": 2.8441600771968805,
  "msc_weight": 2.321314003660945e-06,
  "JF": 0.00026462284292132156,
  "Jf": 0.00024192468682143352,
  "BdotN": 0.004335303588625258,
  "lengths": [
    42.31279481578446,
    44.32997059792082,
    48.20240701774361,
    41.72506738629343,
    46.17004909789824
  ],
  "length": 222.74028891564055,
  "max_curvatures": [
    3.079335680804219,
    2.897470855768146,
    6.574665987353172,
    2.8275352890970344,
    4.140531261140159
  ],
  "max_max_curvature": 6.574665987353172,
  "coil_coil_distance": 0.7827785468384577,
  "cc_threshold": 0.7844760658713313,
  "cc_weight": 0.37059681344167683,
  "gradient_norm": 0.0033836087033707516,
  "linking_number": 0,
  "directory": "ncoils_5_order_12_R1_4.6_length_target_4.5e+01_weight_0.42_max_curvature_1.8_weight_5.3e-06_msc_2.8_weight_2.3e-06_cc_0.78_weight_0.37",
  "mean_squared_curvatures": [
    0.33793027289338406,
    0.49180996025110807,
    0.7753355798477002,
    0.4860019819378802,
    0.6423812284686934
  ],
  "max_mean_squared_curvature": 0.7753355798477002,
  "message": "STOP: TOTAL NO. of ITERATIONS REACHED LIMIT",
  "success": false,
  "iterations": 700,
  "function_evaluations": 770,
  "coil_currents": [
    9844095.083910517,
    9770097.67746718,
    9918844.099540887,
    9752138.384782242,
    9296239.472388253
  ],
  "coil_surface_distance": 1.3085003423640038
}