{
  "nfp": 4,
  "R0": 11.34443056562854,
  "R1": 4.582508310643293,
  "ncoils": 3,
  "order": 12,
  "nphi": 32,
  "ntheta": 32,
  "length_target": 46.115847748759045,
  "length_weight": 7.958842805686923,
  "max_curvature_threshold": 4.756464989510688,
  "max_curvature_weight": 0.00019757160249961474,
  "msc_threshold": 6.9223433942867665,
  "msc_weight": 2.1862726900640933e-06,
  "JF": 0.0031685968217503844,
  "Jf": 0.003137164976714561,
  "BdotN": 0.009803074321257684,
  "lengths": [
    47.923655957453384,
    44.67767563912569,
    45.7465250308928
  ],
  "length": 138.34785662747186,
  "max_curvatures": [
    5.075826113956493,
    6.072643616017272,
    5.591651492641342
  ],
  "max_max_curvature": 6.072643616017272,
  "coil_coil_distance": 0.8506004043639037,
  "cc_threshold": 0.8508029973856102,
  "cc_weight": 246.8846595828407,
  "gradient_norm": 0.08916940020136907,
  "linking_number": 0,
  "directory": "ncoils_3_order_12_R1_4.6_length_target_4.6e+01_weight_8.0_max_curvature_4.8_weight_0.0002_msc_6.9_weight_2.2e-06_cc_0.85_weight_2.5e+02",
  "mean_squared_curvatures": [
    0.9660395509341161,
    0.5548284302680365,
    1.1451815061601744
  ],
  "max_mean_squared_curvature": 1.1451815061601744,
  "message": "STOP: TOTAL NO. of ITERATIONS REACHED LIMIT",
  "success": false,
  "iterations": 700,
  "function_evaluations": 935,
  "coil_currents": [
    15976447.114640452,
    15974205.28187871,
    16630762.32156992
  ],
  "coil_surface_distance": 1.2744350328381429
}