{
  "nfp": 4,
  "R0": 11.34443056562854,
  "R1": 4.23807143347465,
  "ncoils": 5,
  "order": 15,
  "nphi": 32,
  "ntheta": 32,
  "length_target": 40.844195630126485,
  "length_weight": 0.15973997375181934,
  "max_curvature_threshold": 7.761393417727578,
  "max_curvature_weight": 0.0035355879868026255,
  "msc_threshold": 3.8596253904100872,
  "msc_weight": 7.30788697913917e-05,
  "JF": 0.0041561538431779226,
  "Jf": 0.004151361350934515,
  "BdotN": 0.013840384738318114,
  "lengths": [
    34.82808515573204,
    35.66939262095072,
    38.225714057187865,
    54.22683729875846,
    41.272557995668585
  ],
  "length": 204.22258712829768,
  "max_curvatures": [
    7.443040609939449,
    7.750316091498404,
    7.835645194631245,
    7.614525181729073,
    7.758276094311666
  ],
  "max_max_curvature": 7.835645194631245,
  "coil_coil_distance": 1.1381265652298014,
  "cc_threshold": 1.13861300006162,
  "cc_weight": 255.65703876254972,
  "gradient_norm": 0.08362249317286234,
  "linking_number": 0,
  "directory": "ncoils_5_order_15_R1_4.2_length_target_4.1e+01_weight_0.16_max_curvature_7.8_weight_0.0035_msc_3.9_weight_7.3e-05_cc_1.1_weight_2.6e+02",
  "mean_squared_curvatures": [
    0.8829980567806133,
    1.1624905873863012,
    1.538849470967348,
    1.6886957301829755,
    2.445968422667214
  ],
  "max_mean_squared_curvature": 2.445968422667214,
  "message": "STOP: TOTAL NO. of ITERATIONS REACHED LIMIT",
  "success": false,
  "iterations": 700,
  "function_evaluations": 878,
  "coil_currents": [
    9653213.478271944,
    9625257.265378108,
    9635265.700299487,
    9797988.200303424,
    9869690.073836118
  ],
  "coil_surface_distance": 0.9875012104740785
}