{
  "nfp": 4,
  "R0": 11.34443056562854,
  "R1": 4.274997060020298,
  "ncoils": 4,
  "order": 8,
  "nphi": 32,
  "ntheta": 32,
  "length_target": 30.581364655915067,
  "length_weight": 48.972177366940144,
  "max_curvature_threshold": 6.457222218245062,
  "max_curvature_weight": 0.0025482138203570762,
  "msc_threshold": 5.7926176041158755,
  "msc_weight": 1.480184281426088e-05,
  "JF": 0.006118814814353893,
  "Jf": 0.006118421705105995,
  "BdotN": 0.012444954165510003,
  "lengths": [
    32.29521800965661,
    30.798779538626075,
    29.852304563798384,
    29.379283217503485
  ],
  "length": 122.32558532958456,
  "max_curvatures": [
    0.7144774071377425,
    5.398550052090122,
    3.090427758282685,
    6.04423090043766
  ],
  "max_max_curvature": 6.04423090043766,
  "coil_coil_distance": 0.6774575909083921,
  "cc_threshold": 0.677083061539709,
  "cc_weight": 133.3019346616835,
  "gradient_norm": 0.07892137297337952,
  "linking_number": 0,
  "directory": "ncoils_4_order_8_R1_4.3_length_target_3.1e+01_weight_4.9e+01_max_curvature_6.5_weight_0.0025_msc_5.8_weight_1.5e-05_cc_0.68_weight_1.3e+02",
  "mean_squared_curvatures": [
    0.09941935893091323,
    0.18873192002554928,
    0.20734667909944363,
    0.270050440352091
  ],
  "max_mean_squared_curvature": 0.270050440352091,
  "message": "STOP: TOTAL NO. of ITERATIONS REACHED LIMIT",
  "success": false,
  "iterations": 700,
  "function_evaluations": 826,
  "coil_currents": [
    12185817.712903017,
    12158818.48506682,
    12107448.73081954,
    12129329.789299704
  ],
  "coil_surface_distance": 1.368509715804086
}