{
  "nfp": 4,
  "R0": 11.34443056562854,
  "R1": 4.656994843495299,
  "ncoils": 4,
  "order": 6,
  "nphi": 32,
  "ntheta": 32,
  "length_target": 40.773294905121844,
  "length_weight": 0.18023350157711487,
  "max_curvature_threshold": 2.878189420731365,
  "max_curvature_weight": 9.333125568361102e-05,
  "msc_threshold": 6.982403919196376,
  "msc_weight": 8.223377835202865e-06,
  "JF": 0.0003488873118434027,
  "Jf": 0.0003487695478785546,
  "BdotN": 0.00489991746857566,
  "lengths": [
    42.01458933446621,
    39.339655618337964,
    39.76933566824991,
    41.96978566812437
  ],
  "length": 163.09336628917845,
  "max_curvatures": [
    2.2045984522501962,
    1.5761082815266416,
    1.8871043759976978,
    2.5163193539700677
  ],
  "max_max_curvature": 2.5163193539700677,
  "coil_coil_distance": 0.5093338491413284,
  "cc_threshold": 0.5095024265991056,
  "cc_weight": 11.83425960822822,
  "gradient_norm": 0.0043827079908089275,
  "linking_number": 0,
  "directory": "ncoils_4_order_6_R1_4.7_length_target_4.1e+01_weight_0.18_max_curvature_2.9_weight_9.3e-05_msc_7.0_weight_8.2e-06_cc_0.51_weight_1.2e+01",
  "mean_squared_curvatures": [
    0.18939658781218982,
    0.1789969796998271,
    0.1708907057122255,
    0.26429348089640853
  ],
  "max_mean_squared_curvature": 0.26429348089640853,
  "message": "STOP: TOTAL NO. of ITERATIONS REACHED LIMIT",
  "success": false,
  "iterations": 700,
  "function_evaluations": 918,
  "coil_currents": [
    12143944.897726888,
    11929233.340650825,
    12061361.174789215,
    12446875.304922156
  ],
  "coil_surface_distance": 1.4216892704873667
}