{
  "nfp": 4,
  "R0": 11.34443056562854,
  "R1": 4.503084808248314,
  "ncoils": 5,
  "order": 14,
  "nphi": 32,
  "ntheta": 32,
  "length_target": 41.86735093400664,
  "length_weight": 89.87257470763595,
  "max_curvature_threshold": 5.2493478426204865,
  "max_curvature_weight": 0.004865997033481573,
  "msc_threshold": 2.7727274150514223,
  "msc_weight": 3.63352313534098e-07,
  "JF": 0.009004442835904966,
  "Jf": 0.00898240135552226,
  "BdotN": 0.024408180918644645,
  "lengths": [
    43.548247320980074,
    42.32467092696426,
    42.06345584362805,
    39.32205029211648,
    42.078526542436315
  ],
  "length": 209.33695092612518,
  "max_curvatures": [
    5.485523313339664,
    5.045044020070728,
    4.8798870027311585,
    5.434987705551451,
    5.48239418608397
  ],
  "max_max_curvature": 5.485523313339664,
  "coil_coil_distance": 0.647565630046595,
  "cc_threshold": 0.6477643361551949,
  "cc_weight": 217.07746681434972,
  "gradient_norm": 0.5006979581064981,
  "linking_number": 0,
  "directory": "ncoils_5_order_14_R1_4.5_length_target_4.2e+01_weight_9e+01_max_curvature_5.2_weight_0.0049_msc_2.8_weight_3.6e-07_cc_0.65_weight_2.2e+02",
  "mean_squared_curvatures": [
    0.5226549597923887,
    0.6606885190991733,
    0.7063218463609229,
    0.6460911474036592,
    0.48459726277217263
  ],
  "max_mean_squared_curvature": 0.7063218463609229,
  "message": "STOP: TOTAL NO. of ITERATIONS REACHED LIMIT",
  "success": false,
  "iterations": 700,
  "function_evaluations": 919,
  "coil_currents": [
    9546548.026793545,
    9542500.940619843,
    9510878.26472514,
    9593313.988752408,
    10388173.497198142
  ],
  "coil_surface_distance": 1.2012174990802709
}