{
  "nfp": 4,
  "ncoils": 6,
  "R0": 11.34443056562854,
  "R1": 4.825951904459627,
  "order": 14,
  "nphi": 32,
  "ntheta": 32,
  "length_target": 43.99208645467017,
  "length_weight": 0.5571773206976288,
  "max_curvature_threshold": 3.254052410973932,
  "max_curvature_weight": 8.877960788438512e-06,
  "msc_threshold": 2.7683466309538285,
  "msc_weight": 7.790863854610085e-06,
  "JF": 0.0131227575220937,
  "Jf": 0.012461039698618198,
  "BdotN": 0.02675759885179244,
  "lengths": [
    43.18744919130966,
    51.798717566548845,
    35.15464137548156,
    34.772648650412044,
    46.188429925057996,
    52.850318893924005
  ],
  "length": 263.9522056027341,
  "max_curvatures": [
    10.297832779860702,
    14.198264577458447,
    6.5854094190811905,
    10.136893475028506,
    15.468603774428946,
    10.542991446332916
  ],
  "max_max_curvature": 15.468603774428946,
  "coil_coil_distance": 0.915049286750539,
  "cc_threshold": 0.9152137888252775,
  "cc_weight": 1102.536594545907,
  "gradient_norm": 0.6363258148318411,
  "linking_number": 0,
  "directory": "ncoils_6_order_14_R1_4.8_length_target_4.4e+01_weight_0.56_max_curvature_3.3_weight_8.9e-06_msc_2.8_weight_7.8e-06_cc_0.92_weight_1.1e+03",
  "mean_squared_curvatures": [
    2.4606843841442734,
    3.351096835831606,
    1.232315605223139,
    1.3926589116281098,
    4.307694377923656,
    2.5199684152492354
  ],
  "max_mean_squared_curvature": 4.307694377923656,
  "message": "STOP: TOTAL NO. of ITERATIONS REACHED LIMIT",
  "success": false,
  "iterations": 700,
  "function_evaluations": 1166,
  "coil_currents": [
    7719012.297355923,
    8001840.756775396,
    7748869.526495233,
    7845846.612928922,
    7986482.970690555,
    9279362.553843051
  ],
  "coil_surface_distance": 0.09583282219346705
}