{
  "nfp": 4,
  "ncoils": 6,
  "R0": 11.34443056562854,
  "R1": 4.787667871208018,
  "order": 14,
  "nphi": 32,
  "ntheta": 32,
  "length_target": 40.02419704454094,
  "length_weight": 0.26938228639645095,
  "max_curvature_threshold": 1.2409019406141208,
  "max_curvature_weight": 1.2591863900918407e-06,
  "msc_threshold": 0.6573187113779764,
  "msc_weight": 3.0191904664456987e-05,
  "JF": 0.00013933686589567276,
  "Jf": 0.00013420135285071493,
  "BdotN": 0.00430555130074719,
  "lengths": [
    37.84772381231718,
    38.10406810076376,
    37.764306805476124,
    37.41014265050013,
    41.509246492370906,
    47.50995538320686
  ],
  "length": 240.14544324463495,
  "max_curvatures": [
    1.8824920897659163,
    2.2341687865584547,
    2.453039899332021,
    1.740644255998128,
    3.178339681615356,
    3.4452082683855267
  ],
  "max_max_curvature": 3.4452082683855267,
  "coil_coil_distance": 0.5153602417716147,
  "cc_threshold": 0.5167936892518247,
  "cc_weight": 0.21926060776895956,
  "gradient_norm": 0.002728605138196327,
  "linking_number": 0,
  "directory": "ncoils_6_order_14_R1_4.8_length_target_4e+01_weight_0.27_max_curvature_1.2_weight_1.3e-06_msc_0.66_weight_3e-05_cc_0.52_weight_0.22",
  "mean_squared_curvatures": [
    0.3612005686887882,
    0.3879896246829332,
    0.40349628337825894,
    0.43132537373586016,
    0.5955061162560773,
    0.6904551796553157
  ],
  "max_mean_squared_curvature": 0.6904551796553157,
  "message": "STOP: TOTAL NO. of ITERATIONS REACHED LIMIT",
  "success": false,
  "iterations": 700,
  "function_evaluations": 781,
  "coil_currents": [
    8068515.879862692,
    7968139.081037747,
    7887994.994861852,
    7952758.595123914,
    7968297.827880013,
    8735708.339322865
  ],
  "coil_surface_distance": 1.3848079196523724
}