{
  "nfp": 4,
  "R0": 11.34443056562854,
  "R1": 4.210961878556441,
  "ncoils": 5,
  "order": 11,
  "nphi": 32,
  "ntheta": 32,
  "length_target": 40.6659767388686,
  "length_weight": 1.8285381712896376,
  "max_curvature_threshold": 4.494687306243305,
  "max_curvature_weight": 3.862374727779015e-06,
  "msc_threshold": 5.431615636372934,
  "msc_weight": 3.56709717221266e-05,
  "JF": 0.002498831310360214,
  "Jf": 0.0024363811404123983,
  "BdotN": 0.008635396043741025,
  "lengths": [
    41.714282849834326,
    41.78417594422747,
    39.7128268248998,
    40.48691924983639,
    39.632003431129384
  ],
  "length": 203.33020829992736,
  "max_curvatures": [
    7.99543410297625,
    12.705134834294213,
    6.676828346210295,
    9.721024176125317,
    8.724449396646621
  ],
  "max_max_curvature": 12.705134834294213,
  "coil_coil_distance": 1.0144183164694565,
  "cc_threshold": 1.0219254295673454,
  "cc_weight": 0.8429311472255712,
  "gradient_norm": 0.018577160529722345,
  "linking_number": 0,
  "directory": "ncoils_5_order_11_R1_4.2_length_target_4.1e+01_weight_1.8_max_curvature_4.5_weight_3.9e-06_msc_5.4_weight_3.6e-05_cc_1.0_weight_0.84",
  "mean_squared_curvatures": [
    0.6727507492450332,
    0.9138296829969829,
    0.5679495734973405,
    1.0937912045849314,
    0.925398039987004
  ],
  "max_mean_squared_curvature": 1.0937912045849314,
  "message": "STOP: TOTAL NO. of ITERATIONS REACHED LIMIT",
  "success": false,
  "iterations": 700,
  "function_evaluations": 782,
  "coil_currents": [
    9950209.024070704,
    9862734.950773505,
    9880881.519784803,
    10079107.879787112,
    8808481.343672961
  ],
  "coil_surface_distance": 1.190406955856615
}