{
  "nfp": 4,
  "R0": 11.34443056562854,
  "R1": 4.141322892238593,
  "ncoils": 6,
  "order": 14,
  "nphi": 32,
  "ntheta": 32,
  "length_target": 36.03579531557287,
  "length_weight": 0.30824091436767465,
  "max_curvature_threshold": 2.5057603370761012,
  "max_curvature_weight": 0.00014140756404895297,
  "msc_threshold": 3.2344182212349413,
  "msc_weight": 2.9053529005549592e-05,
  "JF": 0.0001447034848367065,
  "Jf": 0.0001446533147575651,
  "BdotN": 0.004226862314465462,
  "lengths": [
    36.076160081848805,
    35.7489372674728,
    35.60657804316538,
    36.41912357834436,
    35.32352954211424,
    37.04053629594518
  ],
  "length": 216.21486480889075,
  "max_curvatures": [
    2.5180410347296855,
    2.3725874604706028,
    2.5389581230775446,
    2.5162251223025756,
    2.536319253444076,
    2.557151514805664
  ],
  "max_max_curvature": 2.557151514805664,
  "coil_coil_distance": 0.6591646298761354,
  "cc_threshold": 0.6593897569390609,
  "cc_weight": 4.462004404775485,
  "gradient_norm": 0.0011353297576884543,
  "linking_number": 0,
  "directory": "ncoils_6_order_14_R1_4.1_length_target_3.6e+01_weight_0.31_max_curvature_2.5_weight_0.00014_msc_3.2_weight_2.9e-05_cc_0.66_weight_4.5",
  "mean_squared_curvatures": [
    0.25010772651228513,
    0.27510116906007076,
    0.4819286189738233,
    0.34396208116325294,
    0.4524888805309833,
    0.5640412104803891
  ],
  "max_mean_squared_curvature": 0.5640412104803891,
  "message": "STOP: TOTAL NO. of ITERATIONS REACHED LIMIT",
  "success": false,
  "iterations": 700,
  "function_evaluations": 752,
  "coil_currents": [
    8122317.077703088,
    8090016.482103453,
    7997920.236076746,
    7981293.1660636375,
    8023320.499381718,
    8366547.256760441
  ],
  "coil_surface_distance": 1.2789071983803555
}