{
  "nfp": 4,
  "R0": 11.34443056562854,
  "R1": 4.557117236107857,
  "ncoils": 4,
  "order": 5,
  "nphi": 32,
  "ntheta": 32,
  "length_target": 43.836954521674436,
  "length_weight": 0.2689855551578984,
  "max_curvature_threshold": 7.065370886814219,
  "max_curvature_weight": 1.0201493726047323e-05,
  "msc_threshold": 5.817516963173397,
  "msc_weight": 9.143333626539688e-06,
  "JF": 0.001910677545997096,
  "Jf": 0.0018850649004060539,
  "BdotN": 0.00840495966924138,
  "lengths": [
    45.90193017918622,
    48.88637987090374,
    39.4816702186144,
    41.08038107616427
  ],
  "length": 175.35036134486865,
  "max_curvatures": [
    2.4574845899485345,
    3.792785846642534,
    1.8216846113210832,
    8.182200188920717
  ],
  "max_max_curvature": 8.182200188920717,
  "coil_coil_distance": 1.1713390916636364,
  "cc_threshold": 1.1786464122568177,
  "cc_weight": 0.06593066094990482,
  "gradient_norm": 0.011740329314439642,
  "linking_number": 0,
  "directory": "ncoils_4_order_5_R1_4.6_length_target_4.4e+01_weight_0.27_max_curvature_7.1_weight_1e-05_msc_5.8_weight_9.1e-06_cc_1.2_weight_0.066",
  "mean_squared_curvatures": [
    0.21805825614832586,
    0.3053627131887637,
    0.12457336531748749,
    0.34278123757041656
  ],
  "max_mean_squared_curvature": 0.34278123757041656,
  "message": "STOP: TOTAL NO. of ITERATIONS REACHED LIMIT",
  "success": false,
  "iterations": 700,
  "function_evaluations": 743,
  "coil_currents": [
    10654173.50642165,
    12028060.496850444,
    11486378.717224851,
    14412801.997592136
  ],
  "coil_surface_distance": 1.3347119248539987
}