{
  "nfp": 4,
  "R0": 11.34443056562854,
  "R1": 4.18145415251185,
  "ncoils": 6,
  "order": 7,
  "nphi": 32,
  "ntheta": 32,
  "length_target": 32.127836320536034,
  "length_weight": 0.20186908059758413,
  "max_curvature_threshold": 0.9253923688779015,
  "max_curvature_weight": 2.0709947247454035e-06,
  "msc_threshold": 4.722945097102624,
  "msc_weight": 2.279065065232003e-05,
  "JF": 0.0006137662136195051,
  "Jf": 0.0004920872790199865,
  "BdotN": 0.006070914700909287,
  "lengths": [
    35.342403008016184,
    32.29012500690595,
    29.880892065156022,
    31.741381657920986,
    31.158921309215636,
    32.35355532197321
  ],
  "length": 192.76727836918798,
  "max_curvatures": [
    15.170210390213638,
    8.980985369689394,
    8.891841561612178,
    11.821182838428962,
    7.344721420834112,
    3.4755218824850935
  ],
  "max_max_curvature": 15.170210390213638,
  "coil_coil_distance": 0.6617433847848629,
  "cc_threshold": 0.6617718839779793,
  "cc_weight": 818.2640222463451,
  "gradient_norm": 0.03872765570264527,
  "linking_number": 0,
  "directory": "ncoils_6_order_7_R1_4.2_length_target_3.2e+01_weight_0.2_max_curvature_0.93_weight_2.1e-06_msc_4.7_weight_2.3e-05_cc_0.66_weight_8.2e+02",
  "mean_squared_curvatures": [
    2.058099285968356,
    1.5100475010051815,
    0.7211468806565513,
    1.1582446144195477,
    0.6612692333827493,
    0.5295929528418423
  ],
  "max_mean_squared_curvature": 2.058099285968356,
  "message": "STOP: TOTAL NO. of ITERATIONS REACHED LIMIT",
  "success": false,
  "iterations": 700,
  "function_evaluations": 1366,
  "coil_currents": [
    8296331.372843067,
    8243636.604185976,
    8216103.733584194,
    8176170.501564783,
    8113840.986657863,
    7535331.519253194
  ],
  "coil_surface_distance": 0.9918648320125731
}