{
  "nfp": 4,
  "R0": 11.34443056562854,
  "R1": 4.489631453894368,
  "ncoils": 5,
  "order": 6,
  "nphi": 32,
  "ntheta": 32,
  "length_target": 43.13848094558387,
  "length_weight": 0.024922007938005072,
  "max_curvature_threshold": 7.6442633842183705,
  "max_curvature_weight": 3.863640431239479e-05,
  "msc_threshold": 2.7092103878944394,
  "msc_weight": 2.291998178429724e-05,
  "JF": 16.005640667751514,
  "Jf": 0.005249515826705112,
  "BdotN": 0.014959976297613236,
  "lengths": [
    40.86769724753448,
    58.387994217712674,
    47.42702590065782,
    34.12289585998717,
    34.88616472712747
  ],
  "length": 215.69177795301962,
  "max_curvatures": [
    8.837370970492444,
    6.867915584005068,
    7.908974028160892,
    7.24583445484029,
    7.627564567221159
  ],
  "max_max_curvature": 8.837370970492444,
  "coil_coil_distance": 1.1317552864792635,
  "cc_threshold": 1.1820576061743604,
  "cc_weight": 0.1359708813377471,
  "gradient_norm": 0.005694774114121336,
  "linking_number": 16,
  "directory": "ncoils_5_order_6_R1_4.5_length_target_4.3e+01_weight_0.025_max_curvature_7.6_weight_3.9e-05_msc_2.7_weight_2.3e-05_cc_1.2_weight_0.14",
  "mean_squared_curvatures": [
    0.7617079764758905,
    0.4692634287030209,
    0.7489646333609576,
    0.5787741439412977,
    1.881372564550789
  ],
  "max_mean_squared_curvature": 1.881372564550789,
  "message": "STOP: TOTAL NO. of ITERATIONS REACHED LIMIT",
  "success": false,
  "iterations": 700,
  "function_evaluations": 769,
  "coil_currents": [
    3323456.904344028,
    26022073.907640036,
    11704073.782853905,
    3833589.640349636,
    3698220.482901484
  ],
  "coil_surface_distance": 0.8525278808254421
}