{
  "nfp": 4,
  "R0": 11.34443056562854,
  "R1": 4.994441264891357,
  "ncoils": 4,
  "order": 6,
  "nphi": 32,
  "ntheta": 32,
  "length_target": 35.76926039678042,
  "length_weight": 6.815493834979546,
  "max_curvature_threshold": 1.2935220220601946,
  "max_curvature_weight": 0.00030814307552337963,
  "msc_threshold": 6.541290347650955,
  "msc_weight": 1.1025907171247663e-05,
  "JF": 0.0011702201912519796,
  "Jf": 0.0011441932297380354,
  "BdotN": 0.006892722686844239,
  "lengths": [
    37.47639356319361,
    36.0529312155666,
    34.88895579023424,
    34.65867996541849
  ],
  "length": 143.07696053441293,
  "max_curvatures": [
    0.6425864947485493,
    1.5391523248086223,
    1.7376553558390972,
    1.7966746776713427
  ],
  "max_max_curvature": 1.7966746776713427,
  "coil_coil_distance": 0.698513531853822,
  "cc_threshold": 0.6986859611095775,
  "cc_weight": 18.523686453517286,
  "gradient_norm": 0.009670759231692715,
  "linking_number": 0,
  "directory": "ncoils_4_order_6_R1_5.0_length_target_3.6e+01_weight_6.8_max_curvature_1.3_weight_0.00031_msc_6.5_weight_1.1e-05_cc_0.7_weight_1.9e+01",
  "mean_squared_curvatures": [
    0.08623578351768815,
    0.12904980029980728,
    0.14712371904276242,
    0.16909049794039338
  ],
  "max_mean_squared_curvature": 0.16909049794039338,
  "message": "STOP: TOTAL NO. of ITERATIONS REACHED LIMIT",
  "success": false,
  "iterations": 700,
  "function_evaluations": 805,
  "coil_currents": [
    12387439.901341679,
    12270592.594744567,
    12114106.286433851,
    11809275.93556898
  ],
  "coil_surface_distance": 1.428747816587653
}