{
  "nfp": 4,
  "R0": 11.34443056562854,
  "R1": 4.416606374703893,
  "ncoils": 6,
  "order": 12,
  "nphi": 32,
  "ntheta": 32,
  "length_target": 34.86891840722428,
  "length_weight": 18.67011100895377,
  "max_curvature_threshold": 6.80542483924624,
  "max_curvature_weight": 8.679844183888092e-05,
  "msc_threshold": 0.6398475422055825,
  "msc_weight": 2.3678042359428213e-07,
  "JF": 0.006499095004946445,
  "Jf": 0.006222800961349347,
  "BdotN": 0.015325092649487808,
  "lengths": [
    34.94630516052642,
    35.11851825071629,
    35.72078759126839,
    32.43024776262638,
    33.72556494014615,
    37.27249726955201
  ],
  "length": 209.21392097483564,
  "max_curvatures": [
    6.982169467141324,
    7.886065138325152,
    7.818368468245889,
    6.7141695699953114,
    7.626643871927433,
    7.992661861360963
  ],
  "max_max_curvature": 7.992661861360963,
  "coil_coil_distance": 1.0057268876921486,
  "cc_threshold": 1.0274304533193168,
  "cc_weight": 1.3429061147951256,
  "gradient_norm": 0.24529986491801856,
  "linking_number": 0,
  "directory": "ncoils_6_order_12_R1_4.4_length_target_3.5e+01_weight_1.9e+01_max_curvature_6.8_weight_8.7e-05_msc_0.64_weight_2.4e-07_cc_1.0_weight_1.3",
  "mean_squared_curvatures": [
    1.1495345964855053,
    0.9951523269038229,
    1.3295544261730114,
    1.0169764660818768,
    1.0090535549169894,
    1.07805364874161
  ],
  "max_mean_squared_curvature": 1.3295544261730114,
  "message": "STOP: TOTAL NO. of ITERATIONS REACHED LIMIT",
  "success": false,
  "iterations": 700,
  "function_evaluations": 828,
  "coil_currents": [
    8368517.983322728,
    8268382.163724189,
    7916915.28303468,
    7802517.154765482,
    8099548.576481757,
    8125533.556760244
  ],
  "coil_surface_distance": 1.0461388278028843
}