{
  "nfp": 4,
  "R0": 11.34443056562854,
  "R1": 4.1346607523727235,
  "ncoils": 4,
  "order": 8,
  "nphi": 32,
  "ntheta": 32,
  "length_target": 37.44001604425445,
  "length_weight": 0.8929260815471081,
  "max_curvature_threshold": 2.7524473083254795,
  "max_curvature_weight": 0.009363806841833978,
  "msc_threshold": 7.05001363980632,
  "msc_weight": 5.817146232311812e-06,
  "JF": 0.003019146047327999,
  "Jf": 0.0023932301305508285,
  "BdotN": 0.008238875210835836,
  "lengths": [
    39.08282862436607,
    36.64987366901554,
    38.52043908979026,
    35.507478959863526
  ],
  "length": 149.76062034303538,
  "max_curvatures": [
    2.7504352452275866,
    2.763065228230691,
    2.75464656381718,
    2.758951157105975
  ],
  "max_max_curvature": 2.763065228230691,
  "coil_coil_distance": 1.0030222573046577,
  "cc_threshold": 1.1370761985501776,
  "cc_weight": 0.0152010382115912,
  "gradient_norm": 0.00996260162495445,
  "linking_number": 0,
  "directory": "ncoils_4_order_8_R1_4.1_length_target_3.7e+01_weight_0.89_max_curvature_2.8_weight_0.0094_msc_7.1_weight_5.8e-06_cc_1.1_weight_0.015",
  "mean_squared_curvatures": [
    0.2533593323573914,
    0.23703344272104043,
    0.3522547300912592,
    0.4021258900111939
  ],
  "max_mean_squared_curvature": 0.4021258900111939,
  "message": "STOP: TOTAL NO. of ITERATIONS REACHED LIMIT",
  "success": false,
  "iterations": 700,
  "function_evaluations": 747,
  "coil_currents": [
    12959589.214211252,
    12463026.432492487,
    11830584.565738989,
    11328214.505646355
  ],
  "coil_surface_distance": 1.2551215227481265
}