{
  "nfp": 4,
  "R0": 11.34443056562854,
  "R1": 4.714327917371196,
  "ncoils": 6,
  "order": 12,
  "nphi": 32,
  "ntheta": 32,
  "length_target": 42.19271419511557,
  "length_weight": 21.558829929561224,
  "max_curvature_threshold": 2.071413525112722,
  "max_curvature_weight": 0.001047873561605416,
  "msc_threshold": 4.3272318975461905,
  "msc_weight": 2.6524276211777658e-05,
  "JF": 0.049605987424529485,
  "Jf": 0.04252361025886064,
  "BdotN": 0.0420134063524854,
  "lengths": [
    38.250803695426725,
    45.46667051052527,
    43.466691640608516,
    45.28916367702948,
    45.09507606791732,
    35.58825435654409
  ],
  "length": 253.1566599480514,
  "max_curvatures": [
    3.2206044559172424,
    3.7887010581956315,
    3.7387801744721605,
    3.976297310011114,
    3.251797581556261,
    5.107274031972915
  ],
  "max_max_curvature": 5.107274031972915,
  "coil_coil_distance": 1.1143683734173868,
  "cc_threshold": 1.115379824889753,
  "cc_weight": 422.81260117232523,
  "gradient_norm": 1.1978015902006502,
  "linking_number": 0,
  "directory": "ncoils_6_order_12_R1_4.7_length_target_4.2e+01_weight_2.2e+01_max_curvature_2.1_weight_0.001_msc_4.3_weight_2.7e-05_cc_1.1_weight_4.2e+02",
  "mean_squared_curvatures": [
    0.9300149238803687,
    1.151851725876529,
    1.1723563011661948,
    1.3755555007445577,
    0.9169012125027007,
    2.2368719326460247
  ],
  "max_mean_squared_curvature": 2.2368719326460247,
  "message": "STOP: TOTAL NO. of ITERATIONS REACHED LIMIT",
  "success": false,
  "iterations": 700,
  "function_evaluations": 827,
  "coil_currents": [
    7781460.57901218,
    7572641.882994809,
    8145228.494679262,
    8223353.977701317,
    8374754.482871898,
    8483975.300829612
  ],
  "coil_surface_distance": 0.1621915006196698
}