{
  "nfp": 4,
  "R0": 11.34443056562854,
  "R1": 4.593702350260704,
  "ncoils": 3,
  "order": 6,
  "nphi": 32,
  "ntheta": 32,
  "length_target": 33.000292932351606,
  "length_weight": 4.2802368214582325,
  "max_curvature_threshold": 7.059848006887334,
  "max_curvature_weight": 2.8892160211654728e-05,
  "msc_threshold": 3.9995535803669813,
  "msc_weight": 1.9166389479632585e-06,
  "JF": 0.03329242894414209,
  "Jf": 0.033276046465556375,
  "BdotN": 0.029202664477974545,
  "lengths": [
    34.279273208485,
    32.84730895002515,
    31.875409181966603
  ],
  "length": 99.00199134047676,
  "max_curvatures": [
    9.02665431818832,
    12.103821886111543,
    3.00926455058322
  ],
  "max_max_curvature": 12.103821886111543,
  "coil_coil_distance": 0.9067187866358756,
  "cc_threshold": 0.9067365220398642,
  "cc_weight": 572.0130095054461,
  "gradient_norm": 0.01694721692957941,
  "linking_number": 0,
  "directory": "ncoils_3_order_6_R1_4.6_length_target_3.3e+01_weight_4.3_max_curvature_7.1_weight_2.9e-05_msc_4.0_weight_1.9e-06_cc_0.91_weight_5.7e+02",
  "mean_squared_curvatures": [
    0.15702892697024795,
    0.4263240336012668,
    0.2430311775292307
  ],
  "max_mean_squared_curvature": 0.4263240336012668,
  "message": "CONVERGENCE: REL_REDUCTION_OF_F_<=_FACTR*EPSMCH",
  "success": true,
  "iterations": 581,
  "function_evaluations": 899,
  "coil_currents": [
    16461548.802756095,
    16472923.797207467,
    15646942.11812552
  ],
  "coil_surface_distance": 1.4857303835266473
}