{
  "nfp": 4,
  "R0": 11.34443056562854,
  "R1": 4.879575493122786,
  "ncoils": 5,
  "order": 10,
  "nphi": 32,
  "ntheta": 32,
  "length_target": 38.746421923194724,
  "length_weight": 0.1538463704507339,
  "max_curvature_threshold": 3.2531285840130852,
  "max_curvature_weight": 0.0007899512598032425,
  "msc_threshold": 7.937309318739418,
  "msc_weight": 1.105293727401271e-05,
  "JF": 0.00022800436484730977,
  "Jf": 0.0002277271032540178,
  "BdotN": 0.004511825937405456,
  "lengths": [
    38.35403099305737,
    39.5005080193815,
    37.25790966771385,
    37.896677119869636,
    40.72431080350701
  ],
  "length": 193.73343660352936,
  "max_curvatures": [
    2.7499271841588553,
    3.05837778204636,
    3.2292465748870978,
    3.244390693454772,
    3.242181173620969
  ],
  "max_max_curvature": 3.244390693454772,
  "coil_coil_distance": 0.7657271560076961,
  "cc_threshold": 0.7661882554304538,
  "cc_weight": 1.5648953435584454,
  "gradient_norm": 0.005399914499421367,
  "linking_number": 0,
  "directory": "ncoils_5_order_10_R1_4.9_length_target_3.9e+01_weight_0.15_max_curvature_3.3_weight_0.00079_msc_7.9_weight_1.1e-05_cc_0.77_weight_1.6",
  "mean_squared_curvatures": [
    0.24765648999050902,
    0.3736085801541832,
    0.2885848332823075,
    0.2821115300315116,
    0.5894873771064469
  ],
  "max_mean_squared_curvature": 0.5894873771064469,
  "message": "STOP: TOTAL NO. of ITERATIONS REACHED LIMIT",
  "success": false,
  "iterations": 700,
  "function_evaluations": 762,
  "coil_currents": [
    9740114.605868962,
    9487941.853139197,
    9588837.726949703,
    9591481.473971043,
    10173039.058160178
  ],
  "coil_surface_distance": 1.3492603033765926
}