{
  "nfp": 4,
  "R0": 11.34443056562854,
  "R1": 4.239391597771071,
  "ncoils": 6,
  "order": 13,
  "nphi": 32,
  "ntheta": 32,
  "length_target": 38.37386245309962,
  "length_weight": 0.06038715076103838,
  "max_curvature_threshold": 2.7088574261523624,
  "max_curvature_weight": 0.0003234727708635352,
  "msc_threshold": 4.773728383075415,
  "msc_weight": 3.1755040794370224e-06,
  "JF": 0.0026255301436378248,
  "Jf": 0.0019764930316974964,
  "BdotN": 0.00898168228907998,
  "lengths": [
    46.5424770846058,
    39.007380717243485,
    36.543403471285124,
    33.80294655906004,
    34.70470179208562,
    39.64360717000746
  ],
  "length": 230.24451679428753,
  "max_curvatures": [
    2.7442499398987796,
    3.0567899337145032,
    2.606873966570186,
    2.610963126637823,
    2.7211679051088633,
    2.787571571310976
  ],
  "max_max_curvature": 3.0567899337145032,
  "coil_coil_distance": 1.0157171857878973,
  "cc_threshold": 1.1565041333656159,
  "cc_weight": 0.014094407350334326,
  "gradient_norm": 0.0028838103143309047,
  "linking_number": 0,
  "directory": "ncoils_6_order_13_R1_4.2_length_target_3.8e+01_weight_0.06_max_curvature_2.7_weight_0.00032_msc_4.8_weight_3.2e-06_cc_1.2_weight_0.014",
  "mean_squared_curvatures": [
    0.34905972382753503,
    0.7423363311465602,
    0.5566081196808342,
    0.3141441097246072,
    0.42338513739811323,
    0.7365192074138401
  ],
  "max_mean_squared_curvature": 0.7423363311465602,
  "message": "STOP: TOTAL NO. of ITERATIONS REACHED LIMIT",
  "success": false,
  "iterations": 700,
  "function_evaluations": 773,
  "coil_currents": [
    14544576.740102403,
    7968821.121142107,
    7436507.645832255,
    5683394.104302044,
    4525309.074766461,
    8422806.031943806
  ],
  "coil_surface_distance": 0.9041422669007746
}