{
  "nfp": 4,
  "ncoils": 6,
  "R0": 11.34443056562854,
  "R1": 4.840143933549567,
  "order": 15,
  "nphi": 32,
  "ntheta": 32,
  "length_target": 31.936176399359468,
  "length_weight": 0.1054521777897244,
  "max_curvature_threshold": 4.6680642267558214,
  "max_curvature_weight": 3.0196147607824665e-05,
  "msc_threshold": 4.08696339438469,
  "msc_weight": 3.595021260029849e-05,
  "JF": 0.0002613520861411542,
  "Jf": 0.00026074731280332033,
  "BdotN": 0.004473407933321018,
  "lengths": [
    33.02321333679065,
    32.36334572257714,
    31.824785117288307,
    32.71482119359886,
    31.465368436565857,
    30.225869458564052
  ],
  "length": 191.61740326538487,
  "max_curvatures": [
    4.910622364696209,
    4.079696211113826,
    4.7661744328353715,
    3.6115644652518584,
    4.808602006152604,
    4.910185049780982
  ],
  "max_max_curvature": 4.910622364696209,
  "coil_coil_distance": 0.8247932272682355,
  "cc_threshold": 0.8275002838366559,
  "cc_weight": 2.1184585479869056,
  "gradient_norm": 0.0011162049668791924,
  "linking_number": 0,
  "directory": "ncoils_6_order_15_R1_4.8_length_target_3.2e+01_weight_0.11_max_curvature_4.7_weight_3e-05_msc_4.1_weight_3.6e-05_cc_0.83_weight_2.1",
  "mean_squared_curvatures": [
    0.4223634256902801,
    0.4319072451397506,
    0.6608813610383683,
    0.4245477204387978,
    0.7005088403859845,
    0.6651012390055212
  ],
  "max_mean_squared_curvature": 0.7005088403859845,
  "message": "STOP: TOTAL NO. of ITERATIONS REACHED LIMIT",
  "success": false,
  "iterations": 700,
  "function_evaluations": 725,
  "coil_currents": [
    8237469.861118717,
    8034355.319615248,
    8125265.647539473,
    7981950.37739053,
    8090562.226517509,
    8111811.285907604
  ],
  "coil_surface_distance": 1.1119182899627493
}