{
  "nfp": 4,
  "R0": 11.34443056562854,
  "R1": 4.556290699708855,
  "ncoils": 5,
  "order": 10,
  "nphi": 32,
  "ntheta": 32,
  "length_target": 38.21425091096943,
  "length_weight": 11.512242292567372,
  "max_curvature_threshold": 0.6724522759749361,
  "max_curvature_weight": 0.0006180523594182944,
  "msc_threshold": 7.172533033705376,
  "msc_weight": 3.1386808126534875e-05,
  "JF": 0.0008598388623717463,
  "Jf": 0.0008191824261372518,
  "BdotN": 0.004862090336515507,
  "lengths": [
    38.839711714205265,
    39.02161810964753,
    37.25842582933092,
    36.5797224705252,
    39.37190905452303
  ],
  "length": 191.07138717823193,
  "max_curvatures": [
    0.8210999387520082,
    0.7563062883640032,
    0.8037226406487538,
    0.8436184971108416,
    0.8690419074507587
  ],
  "max_max_curvature": 0.8690419074507587,
  "coil_coil_distance": 0.8101821000723929,
  "cc_threshold": 0.8109879463757137,
  "cc_weight": 4.65097777139522,
  "gradient_norm": 0.03215219555404568,
  "linking_number": 0,
  "directory": "ncoils_5_order_10_R1_4.6_length_target_3.8e+01_weight_1.2e+01_max_curvature_0.67_weight_0.00062_msc_7.2_weight_3.1e-05_cc_0.81_weight_4.7",
  "mean_squared_curvatures": [
    0.12497496664706075,
    0.10928790636958474,
    0.15430545544936833,
    0.15465172569763966,
    0.15638761926152767
  ],
  "max_mean_squared_curvature": 0.15638761926152767,
  "message": "STOP: TOTAL NO. of ITERATIONS REACHED LIMIT",
  "success": false,
  "iterations": 700,
  "function_evaluations": 806,
  "coil_currents": [
    9737513.547363533,
    9600949.927817147,
    9715683.834992759,
    9693610.75693845,
    9833656.650977194
  ],
  "coil_surface_distance": 1.2735379250404673
}