{
  "nfp": 4,
  "ncoils": 6,
  "R0": 11.34443056562854,
  "R1": 4.430998822588742,
  "order": 15,
  "nphi": 32,
  "ntheta": 32,
  "length_target": 38.085499709256354,
  "length_weight": 0.352984450653934,
  "max_curvature_threshold": 3.2894766181982895,
  "max_curvature_weight": 4.366524310632682e-06,
  "msc_threshold": 2.5461966139214347,
  "msc_weight": 1.7195576725769635e-06,
  "JF": 0.007935673205693619,
  "Jf": 0.007202491045063906,
  "BdotN": 0.034982026806801694,
  "lengths": [
    33.11730830105589,
    34.51281257102702,
    35.81577345580525,
    38.43466043428843,
    39.37617355126772,
    47.25828663243216
  ],
  "length": 228.5150149458765,
  "max_curvatures": [
    30.363276901202976,
    20.768316294581435,
    24.12398949463793,
    10.290554857558563,
    19.127225706563966,
    14.838701910884781
  ],
  "max_max_curvature": 30.363276901202976,
  "coil_coil_distance": 0.8992222326130177,
  "cc_threshold": 0.8991999106418438,
  "cc_weight": 304.0769908963981,
  "gradient_norm": 0.07858276637138542,
  "linking_number": 0,
  "directory": "ncoils_6_order_15_R1_4.4_length_target_3.8e+01_weight_0.35_max_curvature_3.3_weight_4.4e-06_msc_2.5_weight_1.7e-06_cc_0.9_weight_3e+02",
  "mean_squared_curvatures": [
    5.837288069542325,
    5.242460608116624,
    2.664553472261068,
    1.9056440078437498,
    3.6548828430061486,
    5.656844764559578
  ],
  "max_mean_squared_curvature": 5.837288069542325,
  "message": "STOP: TOTAL NO. of ITERATIONS REACHED LIMIT",
  "success": false,
  "iterations": 500,
  "function_evaluations": 635,
  "coil_currents": [
    8728255.410450062,
    8752510.505964054,
    8822702.249068543,
    8864921.96384978,
    8780333.150723351,
    4632691.43803329
  ],
  "coil_surface_distance": 0.2030934510765525
}