{
  "nfp": 4,
  "R0": 11.34443056562854,
  "R1": 4.366340872872692,
  "ncoils": 4,
  "order": 11,
  "nphi": 32,
  "ntheta": 32,
  "length_target": 34.9067829540502,
  "length_weight": 0.037218018037308266,
  "max_curvature_threshold": 0.422755585133096,
  "max_curvature_weight": 0.00031989778855238575,
  "msc_threshold": 1.3627608974993781,
  "msc_weight": 1.4389406255031996e-06,
  "JF": 0.004216808928158154,
  "Jf": 0.003694535009437712,
  "BdotN": 0.010576310811891552,
  "lengths": [
    34.25968341305185,
    34.74041007913384,
    35.110582330273964,
    35.52134055955578
  ],
  "length": 139.63201638201542,
  "max_curvatures": [
    0.9200800424468154,
    1.0873724087564391,
    0.82483343011539,
    1.265999666400587
  ],
  "max_max_curvature": 1.265999666400587,
  "coil_coil_distance": 1.0712602673867013,
  "cc_threshold": 1.0840901301701458,
  "cc_weight": 0.8560367929326685,
  "gradient_norm": 0.0026577301809631412,
  "linking_number": 0,
  "directory": "ncoils_4_order_11_R1_4.4_length_target_3.5e+01_weight_0.037_max_curvature_0.42_weight_0.00032_msc_1.4_weight_1.4e-06_cc_1.1_weight_0.86",
  "mean_squared_curvatures": [
    0.13487020177476985,
    0.16328888468879707,
    0.18667102436656924,
    0.21858824220017056
  ],
  "max_mean_squared_curvature": 0.21858824220017056,
  "message": "STOP: TOTAL NO. of ITERATIONS REACHED LIMIT",
  "success": false,
  "iterations": 700,
  "function_evaluations": 739,
  "coil_currents": [
    10748221.386244502,
    12238498.318286857,
    12760902.378177196,
    12833792.635380529
  ],
  "coil_surface_distance": 1.23263553248691
}