{
  "nfp": 4,
  "R0": 11.34443056562854,
  "R1": 4.302919320987721,
  "ncoils": 6,
  "order": 10,
  "nphi": 32,
  "ntheta": 32,
  "length_target": 29.066770544110582,
  "length_weight": 1.50880990260028,
  "max_curvature_threshold": 6.65632146482802,
  "max_curvature_weight": 4.6874803647186015e-05,
  "msc_threshold": 1.150266927777054,
  "msc_weight": 2.0552047809994857e-05,
  "JF": 0.0020964877091539874,
  "Jf": 0.0019605005184418585,
  "BdotN": 0.00861101060937973,
  "lengths": [
    30.622352002220197,
    29.204698240754567,
    28.349279804668768,
    30.186324279003976,
    29.09714513585493,
    26.941059165372174
  ],
  "length": 174.4008586278746,
  "max_curvatures": [
    6.265068523486093,
    6.45973658447584,
    7.278169773842083,
    6.154451397246084,
    5.592709595182562,
    6.11273733977315
  ],
  "max_max_curvature": 7.278169773842083,
  "coil_coil_distance": 1.0282696481438978,
  "cc_threshold": 1.0553082192279881,
  "cc_weight": 0.12502358587291063,
  "gradient_norm": 0.00740632388810425,
  "linking_number": 0,
  "directory": "ncoils_6_order_10_R1_4.3_length_target_2.9e+01_weight_1.5_max_curvature_6.7_weight_4.7e-05_msc_1.2_weight_2.1e-05_cc_1.1_weight_0.13",
  "mean_squared_curvatures": [
    0.3187589249501322,
    0.29432420971903667,
    0.6265430308645277,
    0.6437280937715943,
    0.60351716665473,
    0.5878259165211801
  ],
  "max_mean_squared_curvature": 0.6437280937715943,
  "message": "STOP: TOTAL NO. of ITERATIONS REACHED LIMIT",
  "success": false,
  "iterations": 700,
  "function_evaluations": 763,
  "coil_currents": [
    9040628.741924612,
    8320359.696219691,
    7822746.037398559,
    8228916.729319996,
    8052320.152411705,
    7116443.360814519
  ],
  "coil_surface_distance": 0.9698951307700158
}