{
  "nfp": 4,
  "R0": 11.34443056562854,
  "R1": 4.715277583442375,
  "ncoils": 5,
  "order": 11,
  "nphi": 32,
  "ntheta": 32,
  "length_target": 36.42932951111268,
  "length_weight": 0.9618647267188687,
  "max_curvature_threshold": 2.4783322846670988,
  "max_curvature_weight": 0.0015136966837229267,
  "msc_threshold": 5.317468402814428,
  "msc_weight": 1.6938894423226783e-05,
  "JF": 0.0009336658424935503,
  "Jf": 0.0008905768815296852,
  "BdotN": 0.005741635986077187,
  "lengths": [
    38.259492638496205,
    36.14884089178078,
    35.39672661266162,
    38.21547359095344,
    34.1253713565646
  ],
  "length": 182.1459050904566,
  "max_curvatures": [
    2.519717218033058,
    2.295377336306428,
    2.5064246072134524,
    2.2743731870542985,
    2.5417485346132223
  ],
  "max_max_curvature": 2.5417485346132223,
  "coil_coil_distance": 0.9278996774944667,
  "cc_threshold": 0.9514561761707487,
  "cc_weight": 0.09570496142591572,
  "gradient_norm": 0.016564802517760865,
  "linking_number": 0,
  "directory": "ncoils_5_order_11_R1_4.7_length_target_3.6e+01_weight_0.96_max_curvature_2.5_weight_0.0015_msc_5.3_weight_1.7e-05_cc_0.95_weight_0.096",
  "mean_squared_curvatures": [
    0.25892862318242926,
    0.1923006354121555,
    0.31212060554490856,
    0.16292217805727507,
    0.362675738576872
  ],
  "max_mean_squared_curvature": 0.362675738576872,
  "message": "STOP: TOTAL NO. of ITERATIONS REACHED LIMIT",
  "success": false,
  "iterations": 700,
  "function_evaluations": 760,
  "coil_currents": [
    10103388.873375861,
    9859684.589940574,
    9583123.805258444,
    9761726.978170525,
    9273490.471343674
  ],
  "coil_surface_distance": 1.2362699500067367
}