{
  "nfp": 4,
  "R0": 11.34443056562854,
  "R1": 4.241749090344583,
  "ncoils": 4,
  "order": 12,
  "nphi": 32,
  "ntheta": 32,
  "length_target": 44.29803476563935,
  "length_weight": 0.01774659759898467,
  "max_curvature_threshold": 4.486775535582291,
  "max_curvature_weight": 3.435408109949105e-06,
  "msc_threshold": 1.1399849086513028,
  "msc_weight": 6.744731897924859e-06,
  "JF": 5.128876216609614,
  "Jf": 5.097351263565184,
  "BdotN": 0.31891213455176687,
  "lengths": [
    50.60071604730915,
    44.29669981682938,
    41.81149677862736,
    39.85191886380687
  ],
  "length": 176.56083150657275,
  "max_curvatures": [
    88.2770056971714,
    68.25503945382594,
    131.61796767439063,
    68.82674719869676
  ],
  "max_max_curvature": 131.61796767439063,
  "coil_coil_distance": 0.06486212601136433,
  "cc_threshold": 0.7017230908195351,
  "cc_weight": 0.028525396475576614,
  "gradient_norm": 3.250640626792181,
  "linking_number": 8,
  "directory": "ncoils_4_order_12_R1_4.2_length_target_4.4e+01_weight_0.018_max_curvature_4.5_weight_3.4e-06_msc_1.1_weight_6.7e-06_cc_0.7_weight_0.029",
  "mean_squared_curvatures": [
    10.498022544261213,
    8.095066502667326,
    10.715013808729534,
    7.861623066424058
  ],
  "max_mean_squared_curvature": 10.715013808729534,
  "message": "ABNORMAL_TERMINATION_IN_LNSRCH",
  "success": false,
  "iterations": 12,
  "function_evaluations": 107,
  "coil_currents": [
    11859168.685717313,
    11975541.04884985,
    12101759.327072693,
    12644945.656449221
  ],
  "coil_surface_distance": 2.1512184882887553
}