{
  "nfp": 4,
  "R0": 11.34443056562854,
  "R1": 4.689187776832644,
  "ncoils": 4,
  "order": 14,
  "nphi": 32,
  "ntheta": 32,
  "length_target": 42.7259061676019,
  "length_weight": 0.0318522746556814,
  "max_curvature_threshold": 4.343298461033514,
  "max_curvature_weight": 0.00017665757413603734,
  "msc_threshold": 4.50637942457445,
  "msc_weight": 6.903504101598571e-07,
  "JF": 0.292141608649839,
  "Jf": 0.27640948064782866,
  "BdotN": 0.09473597283200315,
  "lengths": [
    46.31832672380923,
    39.32113908726188,
    39.78614615954911,
    45.56905620990131
  ],
  "length": 170.99466818052153,
  "max_curvatures": [
    11.678463218179001,
    9.23903480391407,
    6.486946685078793,
    8.467652096348262
  ],
  "max_max_curvature": 11.678463218179001,
  "coil_coil_distance": 0.09711102258622302,
  "cc_threshold": 0.6898844738070743,
  "cc_weight": 0.010647673721269391,
  "gradient_norm": 0.4427917642293586,
  "linking_number": 0,
  "directory": "ncoils_4_order_14_R1_4.7_length_target_4.3e+01_weight_0.032_max_curvature_4.3_weight_0.00018_msc_4.5_weight_6.9e-07_cc_0.69_weight_0.011",
  "mean_squared_curvatures": [
    0.7916348118553644,
    0.32707390253740565,
    0.24733555004132549,
    0.6758933155816371
  ],
  "max_mean_squared_curvature": 0.7916348118553644,
  "message": "ABNORMAL_TERMINATION_IN_LNSRCH",
  "success": false,
  "iterations": 29,
  "function_evaluations": 180,
  "coil_currents": [
    11849563.770347368,
    11885742.3988339,
    12010949.02440077,
    12835159.524507038
  ],
  "coil_surface_distance": 1.2325218428394755
}