{
  "nfp": 4,
  "R0": 11.34443056562854,
  "R1": 4.330918767081915,
  "ncoils": 6,
  "order": 7,
  "nphi": 32,
  "ntheta": 32,
  "length_target": 31.095621812186472,
  "length_weight": 0.14178649712096322,
  "max_curvature_threshold": 6.197839430520288,
  "max_curvature_weight": 0.0025217001871573287,
  "msc_threshold": 7.880201457095746,
  "msc_weight": 7.30603917749624e-05,
  "JF": 0.002480194945714463,
  "Jf": 0.0022983199694822528,
  "BdotN": 0.008658835771661728,
  "lengths": [
    35.66934287310522,
    30.9154062091084,
    27.881262275962893,
    30.69235830568569,
    30.800902526789393,
    30.616591261461977
  ],
  "length": 186.5758634521136,
  "max_curvatures": [
    6.205674839437507,
    5.368290976861981,
    6.233720100218209,
    6.2060042012122825,
    5.229735302254895,
    6.146888736625716
  ],
  "max_max_curvature": 6.233720100218209,
  "coil_coil_distance": 1.0614576180635036,
  "cc_threshold": 1.1055610570871748,
  "cc_weight": 0.08264776949354267,
  "gradient_norm": 0.006739881764617961,
  "linking_number": 0,
  "directory": "ncoils_6_order_7_R1_4.3_length_target_3.1e+01_weight_0.14_max_curvature_6.2_weight_0.0025_msc_7.9_weight_7.3e-05_cc_1.1_weight_0.083",
  "mean_squared_curvatures": [
    0.5565851364556861,
    0.49451126239394033,
    0.8754641090559989,
    0.5730896035465766,
    0.6204684925023055,
    0.4590288656777826
  ],
  "max_mean_squared_curvature": 0.8754641090559989,
  "message": "STOP: TOTAL NO. of ITERATIONS REACHED LIMIT",
  "success": false,
  "iterations": 700,
  "function_evaluations": 743,
  "coil_currents": [
    12368232.526183076,
    8375258.422823825,
    5579203.191043471,
    8348795.641664008,
    6314853.819177626,
    7595071.117197074
  ],
  "coil_surface_distance": 0.8273597769158868
}