{
  "nfp": 4,
  "R0": 11.34443056562854,
  "R1": 4.862037613173216,
  "ncoils": 6,
  "order": 9,
  "nphi": 32,
  "ntheta": 32,
  "length_target": 28.632816661183547,
  "length_weight": 1.0607901043935177,
  "max_curvature_threshold": 4.5915423960082835,
  "max_curvature_weight": 6.517985966276352e-05,
  "msc_threshold": 7.767499125611305,
  "msc_weight": 1.1170152803933287e-05,
  "JF": 0.01392910113568981,
  "Jf": 0.013341891288083968,
  "BdotN": 0.029842896836862334,
  "lengths": [
    31.95789530285458,
    30.652841866555494,
    31.005488701433027,
    34.98242097265291,
    19.097503124319083,
    24.100332202651252
  ],
  "length": 171.79648217046633,
  "max_curvatures": [
    14.227321643632031,
    4.7890153779787745,
    5.229806349876687,
    7.603391928211089,
    5.569100518198602,
    9.5758535875346
  ],
  "max_max_curvature": 14.227321643632031,
  "coil_coil_distance": 1.0715685492575824,
  "cc_threshold": 1.0720478490805796,
  "cc_weight": 279.7361065728883,
  "gradient_norm": 0.08460064949212544,
  "linking_number": 0,
  "directory": "ncoils_6_order_9_R1_4.9_length_target_2.9e+01_weight_1.1_max_curvature_4.6_weight_6.5e-05_msc_7.8_weight_1.1e-05_cc_1.1_weight_2.8e+02",
  "mean_squared_curvatures": [
    1.932980008819164,
    0.5542610275789427,
    0.5410637687159562,
    1.3705006122707004,
    1.7778355186427575,
    2.8821982788333864
  ],
  "max_mean_squared_curvature": 2.8821982788333864,
  "message": "STOP: TOTAL NO. of ITERATIONS REACHED LIMIT",
  "success": false,
  "iterations": 700,
  "function_evaluations": 802,
  "coil_currents": [
    7527103.22762791,
    7665973.610172593,
    7944042.85878394,
    8343859.608292252,
    7860472.10786349,
    9239963.305348895
  ],
  "coil_surface_distance": 0.1842032117092041
}