{
  "nfp": 4,
  "R0": 11.34443056562854,
  "R1": 4.149844441260395,
  "ncoils": 6,
  "order": 7,
  "nphi": 32,
  "ntheta": 32,
  "length_target": 37.43698599044558,
  "length_weight": 11.63306987457655,
  "max_curvature_threshold": 7.438882260672231,
  "max_curvature_weight": 5.171124202729397e-05,
  "msc_threshold": 4.363623907036387,
  "msc_weight": 5.051380471995976e-05,
  "JF": 0.000823504894057458,
  "Jf": 0.0008233748978457812,
  "BdotN": 0.006087719425894683,
  "lengths": [
    37.91402605957616,
    37.892740581622334,
    37.90284173472162,
    39.49267331060636,
    35.99550430931076,
    35.42427090058549
  ],
  "length": 224.62205689642275,
  "max_curvatures": [
    5.746225642855196,
    5.359674395510181,
    2.5241670343455387,
    6.331195923303891,
    5.964223590742121,
    7.536335267193937
  ],
  "max_max_curvature": 7.536335267193937,
  "coil_coil_distance": 0.6818759253528862,
  "cc_threshold": 0.6818851695269519,
  "cc_weight": 461.4476645995898,
  "gradient_norm": 0.03818631775366794,
  "linking_number": 0,
  "directory": "ncoils_6_order_7_R1_4.1_length_target_3.7e+01_weight_1.2e+01_max_curvature_7.4_weight_5.2e-05_msc_4.4_weight_5.1e-05_cc_0.68_weight_4.6e+02",
  "mean_squared_curvatures": [
    0.31884315064703495,
    0.40028671221164736,
    0.1850392706274201,
    0.31545325626056786,
    0.42655169531935433,
    0.635915459336427
  ],
  "max_mean_squared_curvature": 0.635915459336427,
  "message": "STOP: TOTAL NO. of ITERATIONS REACHED LIMIT",
  "success": false,
  "iterations": 700,
  "function_evaluations": 994,
  "coil_currents": [
    8129724.88888884,
    7979901.560631012,
    8131927.235614743,
    7966494.944272672,
    8087462.090006626,
    8285903.99867519
  ],
  "coil_surface_distance": 1.234136077257904
}