{
  "nfp": 4,
  "R0": 11.34443056562854,
  "R1": 4.6178140086644355,
  "ncoils": 5,
  "order": 10,
  "nphi": 32,
  "ntheta": 32,
  "length_target": 37.42086728894095,
  "length_weight": 33.600792133777,
  "max_curvature_threshold": 0.4476225702177002,
  "max_curvature_weight": 5.407939544163031e-06,
  "msc_threshold": 0.6272389748433185,
  "msc_weight": 2.7276888375255582e-05,
  "JF": 0.002189158121570788,
  "Jf": 0.002097028994856015,
  "BdotN": 0.008479941074029279,
  "lengths": [
    38.72122818929188,
    39.65400081388676,
    36.50511348993359,
    35.092930054767315,
    37.131547630559446
  ],
  "length": 187.104820178439,
  "max_curvatures": [
    13.915728194643716,
    2.462110709862149,
    3.447044892890938,
    7.137028014898415,
    2.4045740938111426
  ],
  "max_max_curvature": 13.915728194643716,
  "coil_coil_distance": 0.7852401408174327,
  "cc_threshold": 0.7870075238995983,
  "cc_weight": 2.8154012644941,
  "gradient_norm": 0.3306334303302614,
  "linking_number": 0,
  "directory": "ncoils_5_order_10_R1_4.6_length_target_3.7e+01_weight_3.4e+01_max_curvature_0.45_weight_5.4e-06_msc_0.63_weight_2.7e-05_cc_0.79_weight_2.8",
  "mean_squared_curvatures": [
    0.6064013527620998,
    0.20372862861420704,
    0.2755865664851076,
    0.3432457726637439,
    0.2123037850862061
  ],
  "max_mean_squared_curvature": 0.6064013527620998,
  "message": "STOP: TOTAL NO. of ITERATIONS REACHED LIMIT",
  "success": false,
  "iterations": 700,
  "function_evaluations": 842,
  "coil_currents": [
    9684892.949499512,
    9663283.514967956,
    9572089.452688506,
    9686071.31567816,
    9975077.48525495
  ],
  "coil_surface_distance": 1.2799641876794863
}