{
  "nfp": 4,
  "ncoils": 6,
  "R0": 11.34443056562854,
  "R1": 4.405332760309133,
  "order": 14,
  "nphi": 32,
  "ntheta": 32,
  "length_target": 31.375026764976838,
  "length_weight": 2.9003185988963107,
  "max_curvature_threshold": 3.667472035738634,
  "max_curvature_weight": 1.3333424816302872e-05,
  "msc_threshold": 0.6439555158684882,
  "msc_weight": 3.95002030239523e-05,
  "JF": 0.00021570617284679173,
  "Jf": 0.00021559683609653898,
  "BdotN": 0.0042025421274929035,
  "lengths": [
    33.447331798999,
    32.465613216142,
    31.907902631151142,
    30.84165392557798,
    29.83059788266565,
    29.7571068500368
  ],
  "length": 188.25020630457257,
  "max_curvatures": [
    2.004097785382842,
    3.372101388945982,
    3.6748217686020803,
    2.0079842377815478,
    3.908712004398819,
    3.9057503602446175
  ],
  "max_max_curvature": 3.908712004398819,
  "coil_coil_distance": 0.7169586195066793,
  "cc_threshold": 0.7173055191113261,
  "cc_weight": 12.312963569808968,
  "gradient_norm": 0.0032708786219003655,
  "linking_number": 0,
  "directory": "ncoils_6_order_14_R1_4.4_length_target_3.1e+01_weight_2.9_max_curvature_3.7_weight_1.3e-05_msc_0.64_weight_4e-05_cc_0.72_weight_1.2e+01",
  "mean_squared_curvatures": [
    0.15780280196057606,
    0.21698334038972364,
    0.25657318977510685,
    0.2547342830841266,
    0.32882979053083583,
    0.4123035046018381
  ],
  "max_mean_squared_curvature": 0.4123035046018381,
  "message": "STOP: TOTAL NO. of ITERATIONS REACHED LIMIT",
  "success": false,
  "iterations": 700,
  "function_evaluations": 772,
  "coil_currents": [
    8217279.722865025,
    8051115.37061631,
    7979056.6851581875,
    7912161.148831236,
    8009335.045550588,
    8412466.74506773
  ],
  "coil_surface_distance": 1.212298749765998
}