{
  "nfp": 4,
  "R0": 11.34443056562854,
  "R1": 4.182182171923699,
  "ncoils": 6,
  "order": 10,
  "nphi": 32,
  "ntheta": 32,
  "length_target": 33.944364679186954,
  "length_weight": 19.50350555361372,
  "max_curvature_threshold": 1.8674126097633215,
  "max_curvature_weight": 0.008009747272066796,
  "msc_threshold": 7.966104358687839,
  "msc_weight": 3.5650056556022937e-07,
  "JF": 0.0005504060833014741,
  "Jf": 0.0005494067557674815,
  "BdotN": 0.006078519840158731,
  "lengths": [
    34.72760048776463,
    33.86443514071769,
    34.60238203214656,
    33.88824781285463,
    32.948487886419265,
    33.635223386382506
  ],
  "length": 203.6663767462853,
  "max_curvatures": [
    1.595224894719361,
    1.7808206213885145,
    1.8571301719826212,
    1.7914312042789438,
    1.7840669005339236,
    1.8730508997471418
  ],
  "max_max_curvature": 1.8730508997471418,
  "coil_coil_distance": 0.6626703389369872,
  "cc_threshold": 0.6638335124969783,
  "cc_weight": 2.0127659043332646,
  "gradient_norm": 0.07465782223249226,
  "linking_number": 0,
  "directory": "ncoils_6_order_10_R1_4.2_length_target_3.4e+01_weight_2e+01_max_curvature_1.9_weight_0.008_msc_8.0_weight_3.6e-07_cc_0.66_weight_2.0",
  "mean_squared_curvatures": [
    0.1709555218525251,
    0.1692941505183588,
    0.21428117561796756,
    0.19525648184416616,
    0.15995388873470473,
    0.2101170678259338
  ],
  "max_mean_squared_curvature": 0.21428117561796756,
  "message": "STOP: TOTAL NO. of ITERATIONS REACHED LIMIT",
  "success": false,
  "iterations": 700,
  "function_evaluations": 811,
  "coil_currents": [
    8091454.982803258,
    8014024.486866371,
    7996026.55495363,
    7940679.176034869,
    7973863.161184848,
    8565366.356246106
  ],
  "coil_surface_distance": 1.232990758010558
}