{
  "nfp": 4,
  "R0": 11.34443056562854,
  "R1": 4.7838187440945115,
  "ncoils": 6,
  "order": 11,
  "nphi": 32,
  "ntheta": 32,
  "length_target": 32.61451403392852,
  "length_weight": 0.08583884142617533,
  "max_curvature_threshold": 4.573616960482114,
  "max_curvature_weight": 9.972114564969055e-05,
  "msc_threshold": 0.6087379065448587,
  "msc_weight": 4.567229853952368e-06,
  "JF": 0.00036284961863368236,
  "Jf": 0.0003623909104820842,
  "BdotN": 0.004266284058613452,
  "lengths": [
    32.65279745508607,
    31.93688708327668,
    32.936986845623906,
    33.33922322773031,
    32.715160331995335,
    32.106484064096186
  ],
  "length": 195.68753900780845,
  "max_curvatures": [
    1.8657036664871616,
    4.728616276512097,
    4.5830257574522895,
    4.528468091315417,
    4.531931594489523,
    4.34263941294734
  ],
  "max_max_curvature": 4.728616276512097,
  "coil_coil_distance": 0.8324500772298019,
  "cc_threshold": 0.8330136987842546,
  "cc_weight": 13.883846351140846,
  "gradient_norm": 0.002781175965499257,
  "linking_number": 0,
  "directory": "ncoils_6_order_11_R1_4.8_length_target_3.3e+01_weight_0.086_max_curvature_4.6_weight_0.0001_msc_0.61_weight_4.6e-06_cc_0.83_weight_1.4e+01",
  "mean_squared_curvatures": [
    0.22855498288718032,
    0.29908332776087715,
    0.505086245067224,
    0.8872943242813142,
    0.686483101963382,
    0.5097118951321153
  ],
  "max_mean_squared_curvature": 0.8872943242813142,
  "message": "STOP: TOTAL NO. of ITERATIONS REACHED LIMIT",
  "success": false,
  "iterations": 700,
  "function_evaluations": 793,
  "coil_currents": [
    8105606.786695166,
    8044791.54889531,
    8006489.424345203,
    7926255.1176912775,
    8086546.730592543,
    8411725.109869584
  ],
  "coil_surface_distance": 1.164853069404679
}