{
  "nfp": 4,
  "R0": 11.34443056562854,
  "R1": 4.590616849977074,
  "ncoils": 4,
  "order": 12,
  "nphi": 32,
  "ntheta": 32,
  "length_target": 41.973838593058986,
  "length_weight": 7.492035978900278,
  "max_curvature_threshold": 0.4039470437887433,
  "max_curvature_weight": 1.1469469581685292e-05,
  "msc_threshold": 6.117095274675745,
  "msc_weight": 9.095579409318703e-05,
  "JF": 0.002317980405355866,
  "Jf": 0.0018886689557178352,
  "BdotN": 0.007715951689227788,
  "lengths": [
    42.29829734461271,
    42.88176105803471,
    39.92258359379603,
    42.79284044298585
  ],
  "length": 167.89548243942932,
  "max_curvatures": [
    2.5604917124221167,
    4.2305712696308,
    3.5695420183719815,
    7.0769693665329765
  ],
  "max_max_curvature": 7.0769693665329765,
  "coil_coil_distance": 0.8419690838819273,
  "cc_threshold": 0.8421112663418888,
  "cc_weight": 93.27044954750511,
  "gradient_norm": 0.03897545882429467,
  "linking_number": 0,
  "directory": "ncoils_4_order_12_R1_4.6_length_target_4.2e+01_weight_7.5_max_curvature_0.4_weight_1.1e-05_msc_6.1_weight_9.1e-05_cc_0.84_weight_9.3e+01",
  "mean_squared_curvatures": [
    0.34071381573095344,
    0.5543254293434272,
    0.4760503457315596,
    1.5533146704021574
  ],
  "max_mean_squared_curvature": 1.5533146704021574,
  "message": "STOP: TOTAL NO. of ITERATIONS REACHED LIMIT",
  "success": false,
  "iterations": 700,
  "function_evaluations": 895,
  "coil_currents": [
    12112477.534221433,
    12099610.627806602,
    12085947.639935445,
    12283378.916125603
  ],
  "coil_surface_distance": 1.290093877982377
}