{
  "nfp": 4,
  "R0": 11.34443056562854,
  "R1": 4.882457884682292,
  "ncoils": 6,
  "order": 9,
  "nphi": 32,
  "ntheta": 32,
  "length_target": 40.43891672936356,
  "length_weight": 0.21447574488006585,
  "max_curvature_threshold": 3.438113289037863,
  "max_curvature_weight": 0.0002875830116975968,
  "msc_threshold": 4.971669951826416,
  "msc_weight": 3.6990044317850807e-06,
  "JF": 0.0072890608495806645,
  "Jf": 0.00719205751061589,
  "BdotN": 0.016419936630487294,
  "lengths": [
    45.72177407071109,
    43.20889384121144,
    40.95324848057287,
    34.846180210152916,
    38.13874997230062,
    39.76505217112901
  ],
  "length": 242.63389874607793,
  "max_curvatures": [
    2.11215809976291,
    4.066713045205495,
    2.780562891497082,
    3.449745245861181,
    3.881448993338344,
    3.6078962328627946
  ],
  "max_max_curvature": 4.066713045205495,
  "coil_coil_distance": 1.1618607881190353,
  "cc_threshold": 1.1673136510711615,
  "cc_weight": 2.003560319639773,
  "gradient_norm": 0.006240371388379211,
  "linking_number": 0,
  "directory": "ncoils_6_order_9_R1_4.9_length_target_4e+01_weight_0.21_max_curvature_3.4_weight_0.00029_msc_5.0_weight_3.7e-06_cc_1.2_weight_2.0",
  "mean_squared_curvatures": [
    0.22916240954707984,
    0.4149414062912105,
    0.33468719346856013,
    0.37428693055544543,
    0.5194024102799413,
    1.0466009627820785
  ],
  "max_mean_squared_curvature": 1.0466009627820785,
  "message": "STOP: TOTAL NO. of ITERATIONS REACHED LIMIT",
  "success": false,
  "iterations": 700,
  "function_evaluations": 758,
  "coil_currents": [
    13498168.319170587,
    10955107.977414109,
    6593685.057628914,
    5918728.250014324,
    7521102.138752377,
    4094622.9751087725
  ],
  "coil_surface_distance": 0.8572346137278137
}