{
  "nfp": 4,
  "R0": 11.34443056562854,
  "R1": 4.7919355406422754,
  "ncoils": 5,
  "order": 13,
  "nphi": 32,
  "ntheta": 32,
  "length_target": 42.54004533552546,
  "length_weight": 68.08076531576437,
  "max_curvature_threshold": 0.7181370962026623,
  "max_curvature_weight": 0.0037994351488220292,
  "msc_threshold": 5.054466751456462,
  "msc_weight": 1.4816880823336025e-07,
  "JF": 0.009084258667075532,
  "Jf": 0.008196507524555667,
  "BdotN": 0.018577515532884246,
  "lengths": [
    46.22864057821583,
    45.775044931715705,
    41.85498663711514,
    37.89065708533637,
    40.95113173137086
  ],
  "length": 212.7004609637539,
  "max_curvatures": [
    1.0137082379888496,
    0.9896919200107709,
    0.8841651024916787,
    1.0142795500101922,
    1.2658799393496307
  ],
  "max_max_curvature": 1.2658799393496307,
  "coil_coil_distance": 0.7182971744243987,
  "cc_threshold": 0.7165178679984247,
  "cc_weight": 128.06976732046533,
  "gradient_norm": 0.4147169048704108,
  "linking_number": 0,
  "directory": "ncoils_5_order_13_R1_4.8_length_target_4.3e+01_weight_6.8e+01_max_curvature_0.72_weight_0.0038_msc_5.1_weight_1.5e-07_cc_0.72_weight_1.3e+02",
  "mean_squared_curvatures": [
    0.21409073367374393,
    0.1561755812155995,
    0.15570484815392485,
    0.18327340511337745,
    0.19830675694546523
  ],
  "max_mean_squared_curvature": 0.21409073367374393,
  "message": "STOP: TOTAL NO. of ITERATIONS REACHED LIMIT",
  "success": false,
  "iterations": 700,
  "function_evaluations": 893,
  "coil_currents": [
    9427400.025221474,
    9365207.867630847,
    9536333.179747747,
    9717508.343937624,
    10534965.301551394
  ],
  "coil_surface_distance": 1.1354406976754927
}