{
  "nfp": 4,
  "ncoils": 6,
  "R0": 11.34443056562854,
  "R1": 4.35684594716079,
  "order": 10,
  "nphi": 32,
  "ntheta": 32,
  "length_target": 36.66493662117584,
  "length_weight": 4.763151711414097,
  "max_curvature_threshold": 4.76556385147457,
  "max_curvature_weight": 1.870464756479897e-05,
  "msc_threshold": 2.36532282128135,
  "msc_weight": 1.119336261964384e-05,
  "JF": 0.0006755933363695524,
  "Jf": 0.00066474716421891,
  "BdotN": 0.004085596325659823,
  "lengths": [
    36.77541837379116,
    36.56766336357721,
    37.887236933043226,
    36.06765346196003,
    35.594158812604476,
    37.09754482353381
  ],
  "length": 219.9896757685099,
  "max_curvatures": [
    6.247488823859407,
    5.2128123810368265,
    5.703912819186127,
    5.24097347467506,
    5.59537668531594,
    6.930526723256768
  ],
  "max_max_curvature": 6.930526723256768,
  "coil_coil_distance": 0.6201858840646122,
  "cc_threshold": 0.6201797598520409,
  "cc_weight": 2696.951971328842,
  "gradient_norm": 0.010136561242153778,
  "linking_number": 0,
  "directory": "ncoils_6_order_10_R1_4.4_length_target_3.7e+01_weight_4.8_max_curvature_4.8_weight_1.9e-05_msc_2.4_weight_1.1e-05_cc_0.62_weight_2.7e+03",
  "mean_squared_curvatures": [
    1.1415750373103126,
    1.242239823728447,
    0.759028910774974,
    0.49139174946280095,
    0.8288679179483236,
    1.0495021653819359
  ],
  "max_mean_squared_curvature": 1.242239823728447,
  "message": "STOP: TOTAL NO. of ITERATIONS REACHED LIMIT",
  "success": false,
  "iterations": 700,
  "function_evaluations": 1196,
  "coil_currents": [
    8148885.42785809,
    8105093.60711576,
    8012471.694115863,
    7970728.756157045,
    7972257.248333959,
    8371977.984508365
  ],
  "coil_surface_distance": 1.2471982879310013
}