{
  "nfp": 4,
  "R0": 11.34443056562854,
  "R1": 4.405328257103298,
  "ncoils": 4,
  "order": 13,
  "nphi": 32,
  "ntheta": 32,
  "length_target": 34.117638202883114,
  "length_weight": 26.801858927348505,
  "max_curvature_threshold": 6.9957418134460845,
  "max_curvature_weight": 0.00047179251768032017,
  "msc_threshold": 2.005552941847799,
  "msc_weight": 7.4295486801743085e-06,
  "JF": 0.005731636299877026,
  "Jf": 0.005725799280577189,
  "BdotN": 0.011670973754862687,
  "lengths": [
    36.16337266812663,
    34.568603185039066,
    33.66692627578619,
    32.071812012187884
  ],
  "length": 136.47071414113975,
  "max_curvatures": [
    3.387846241878915,
    5.700238527941985,
    2.4010417656862053,
    6.723307719777622
  ],
  "max_max_curvature": 6.723307719777622,
  "coil_coil_distance": 1.0532586256421297,
  "cc_threshold": 1.053833317366208,
  "cc_weight": 83.27531141778971,
  "gradient_norm": 0.08360566615765914,
  "linking_number": 0,
  "directory": "ncoils_4_order_13_R1_4.4_length_target_3.4e+01_weight_2.7e+01_max_curvature_7.0_weight_0.00047_msc_2.0_weight_7.4e-06_cc_1.1_weight_8.3e+01",
  "mean_squared_curvatures": [
    0.2941213747141659,
    0.30562690856836866,
    0.28634701035871274,
    0.7027020072096355
  ],
  "max_mean_squared_curvature": 0.7027020072096355,
  "message": "STOP: TOTAL NO. of ITERATIONS REACHED LIMIT",
  "success": false,
  "iterations": 700,
  "function_evaluations": 835,
  "coil_currents": [
    12292631.357509347,
    12150295.341560863,
    12216531.661570368,
    11921956.357448503
  ],
  "coil_surface_distance": 1.2426307911306669
}