{
  "nfp": 4,
  "R0": 11.34443056562854,
  "R1": 4.126840007834971,
  "ncoils": 5,
  "order": 7,
  "nphi": 32,
  "ntheta": 32,
  "length_target": 44.10572682100172,
  "length_weight": 0.011235741253209133,
  "max_curvature_threshold": 0.24948068578339586,
  "max_curvature_weight": 0.0005798894731058845,
  "msc_threshold": 7.565682833298131,
  "msc_weight": 3.709312099814526e-05,
  "JF": 48.01140896040428,
  "Jf": 0.005845808176626529,
  "BdotN": 0.011779186499697161,
  "lengths": [
    37.761197519180975,
    51.891772027640755,
    47.11689263573274,
    34.13538381405627,
    49.64330258576485
  ],
  "length": 220.5485485823756,
  "max_curvatures": [
    0.9365220036942989,
    2.8860140212536214,
    0.7983156501400901,
    0.8996198202862181,
    1.3161760684937307
  ],
  "max_max_curvature": 2.8860140212536214,
  "coil_coil_distance": 1.1602806016494278,
  "cc_threshold": 1.190348341203215,
  "cc_weight": 0.1891285128507224,
  "gradient_norm": 0.04011378784030136,
  "linking_number": 48,
  "directory": "ncoils_5_order_7_R1_4.1_length_target_4.4e+01_weight_0.011_max_curvature_0.25_weight_0.00058_msc_7.6_weight_3.7e-05_cc_1.2_weight_0.19",
  "mean_squared_curvatures": [
    0.1549739197694641,
    0.31194108190980696,
    0.15594515291738795,
    0.14952822760147103,
    0.24040718641114883
  ],
  "max_mean_squared_curvature": 0.31194108190980696,
  "message": "STOP: TOTAL NO. of ITERATIONS REACHED LIMIT",
  "success": false,
  "iterations": 700,
  "function_evaluations": 786,
  "coil_currents": [
    8802000.22353217,
    16658213.290418576,
    3530025.557200132,
    9143031.287438972,
    10448144.359499231
  ],
  "coil_surface_distance": 1.131033731169346
}