{
  "nfp": 4,
  "R0": 11.34443056562854,
  "R1": 4.334279717991679,
  "ncoils": 4,
  "order": 10,
  "nphi": 32,
  "ntheta": 32,
  "length_target": 41.334379239887056,
  "length_weight": 2.749979549615595,
  "max_curvature_threshold": 2.0997785376907245,
  "max_curvature_weight": 1.841248648049361e-05,
  "msc_threshold": 6.06764907449927,
  "msc_weight": 7.333240589847227e-07,
  "JF": 0.0009449441570435225,
  "Jf": 0.000888996231675344,
  "BdotN": 0.005532879227368879,
  "lengths": [
    42.24622558858555,
    41.9752375922383,
    40.318147105595486,
    40.79827782119713
  ],
  "length": 165.3378881076165,
  "max_curvatures": [
    6.326145741749552,
    3.595810398630439,
    2.0617004400414856,
    3.9508494718292453
  ],
  "max_max_curvature": 6.326145741749552,
  "coil_coil_distance": 0.5787558607207398,
  "cc_threshold": 0.5788150392791156,
  "cc_weight": 217.72148711063096,
  "gradient_norm": 0.029323170293526445,
  "linking_number": 0,
  "directory": "ncoils_4_order_10_R1_4.3_length_target_4.1e+01_weight_2.7_max_curvature_2.1_weight_1.8e-05_msc_6.1_weight_7.3e-07_cc_0.58_weight_2.2e+02",
  "mean_squared_curvatures": [
    0.6899084005669849,
    0.3293285106908281,
    0.24030469215911246,
    0.5201109226124593
  ],
  "max_mean_squared_curvature": 0.6899084005669849,
  "message": "STOP: TOTAL NO. of ITERATIONS REACHED LIMIT",
  "success": false,
  "iterations": 700,
  "function_evaluations": 1064,
  "coil_currents": [
    12230122.701549651,
    12294610.856940338,
    12121719.493967207,
    11934961.665631883
  ],
  "coil_surface_distance": 1.4353276546899176
}