{
  "nfp": 4,
  "R0": 11.34443056562854,
  "R1": 4.770528871125091,
  "ncoils": 6,
  "order": 6,
  "nphi": 32,
  "ntheta": 32,
  "length_target": 43.56763316617943,
  "length_weight": 18.63745118940103,
  "max_curvature_threshold": 7.231499431811936,
  "max_curvature_weight": 0.005159763186148249,
  "msc_threshold": 5.7659812148308065,
  "msc_weight": 3.2858327374545424e-05,
  "JF": 0.8770705147487582,
  "Jf": 0.8677935557736303,
  "BdotN": 0.13976386125346682,
  "lengths": [
    45.19906071635769,
    44.45348954235576,
    42.84782699802944,
    41.267920319691356,
    41.47999536568204,
    46.15733649518993
  ],
  "length": 261.40562943730623,
  "max_curvatures": [
    1.4795580343453731,
    2.536685371989013,
    1.8900964617500937,
    4.363212483705894,
    5.280256334099835,
    4.902866681207874
  ],
  "max_max_curvature": 5.280256334099835,
  "coil_coil_distance": 0.18716129526085926,
  "cc_threshold": 0.7726976816425342,
  "cc_weight": 0.016105886350212505,
  "gradient_norm": 0.8529991263985351,
  "linking_number": 0,
  "directory": "ncoils_6_order_6_R1_4.8_length_target_4.4e+01_weight_1.9e+01_max_curvature_7.2_weight_0.0052_msc_5.8_weight_3.3e-05_cc_0.77_weight_0.016",
  "mean_squared_curvatures": [
    0.11769961334564286,
    0.11928421717012345,
    0.18953018039927705,
    0.3299703630456245,
    0.316923049187461,
    0.3333247284646985
  ],
  "max_mean_squared_curvature": 0.3333247284646985,
  "message": "CONVERGENCE: REL_REDUCTION_OF_F_<=_FACTR*EPSMCH",
  "success": true,
  "iterations": 99,
  "function_evaluations": 309,
  "coil_currents": [
    8291179.122902379,
    8045329.706016535,
    7880984.267846871,
    7906538.644296364,
    7982631.227734024,
    8474751.74929291
  ],
  "coil_surface_distance": 1.0044961153013585
}