{
  "nfp": 4,
  "R0": 11.34443056562854,
  "R1": 4.324830856851505,
  "ncoils": 5,
  "order": 6,
  "nphi": 32,
  "ntheta": 32,
  "length_target": 38.0543451111729,
  "length_weight": 0.06876685197653254,
  "max_curvature_threshold": 3.064544635657088,
  "max_curvature_weight": 4.5433343830020524e-06,
  "msc_threshold": 3.4268469205426766,
  "msc_weight": 2.91962566410404e-06,
  "JF": 0.0008956955516564803,
  "Jf": 0.0008878243540802827,
  "BdotN": 0.004358580348078488,
  "lengths": [
    37.25947330809297,
    35.9694189048378,
    35.11638093652118,
    36.064428172953775,
    45.86323193154135
  ],
  "length": 190.2729332539471,
  "max_curvatures": [
    1.2242315653034863,
    2.3394936066985363,
    5.54146155040826,
    1.9888140049999048,
    6.959453154771151
  ],
  "max_max_curvature": 6.959453154771151,
  "coil_coil_distance": 0.8263225651731775,
  "cc_threshold": 0.8266349214912599,
  "cc_weight": 5.200831207589606,
  "gradient_norm": 0.004229554279599866,
  "linking_number": 0,
  "directory": "ncoils_5_order_6_R1_4.3_length_target_3.8e+01_weight_0.069_max_curvature_3.1_weight_4.5e-06_msc_3.4_weight_2.9e-06_cc_0.83_weight_5.2",
  "mean_squared_curvatures": [
    0.12794959730072916,
    0.30181745309784136,
    0.4666336801739874,
    0.21950578880440977,
    0.5841544743017731
  ],
  "max_mean_squared_curvature": 0.5841544743017731,
  "message": "STOP: TOTAL NO. of ITERATIONS REACHED LIMIT",
  "success": false,
  "iterations": 700,
  "function_evaluations": 807,
  "coil_currents": [
    10599190.726657398,
    10344754.708845327,
    10058499.428727321,
    9233423.897298612,
    8345545.956560425
  ],
  "coil_surface_distance": 1.2989655504713191
}