{
  "nfp": 4,
  "R0": 11.34443056562854,
  "R1": 4.650494030102902,
  "ncoils": 3,
  "order": 7,
  "nphi": 32,
  "ntheta": 32,
  "length_target": 40.55221285569059,
  "length_weight": 9.223795928663826,
  "max_curvature_threshold": 4.60822669018427,
  "max_curvature_weight": 0.0001799673981711332,
  "msc_threshold": 7.325013592562562,
  "msc_weight": 7.892087401518062e-07,
  "JF": 0.00409636942522915,
  "Jf": 0.004090150804559913,
  "BdotN": 0.010750450371671733,
  "lengths": [
    43.02429155280641,
    40.103853053640556,
    38.52878170121406
  ],
  "length": 121.65692630766102,
  "max_curvatures": [
    4.106526841075968,
    3.538328037915987,
    4.918152935713961
  ],
  "max_max_curvature": 4.918152935713961,
  "coil_coil_distance": 0.7410038619089832,
  "cc_threshold": 0.7433603936413471,
  "cc_weight": 1.6991965019733082,
  "gradient_norm": 0.03722988878617415,
  "linking_number": 0,
  "directory": "ncoils_3_order_7_R1_4.7_length_target_4.1e+01_weight_9.2_max_curvature_4.6_weight_0.00018_msc_7.3_weight_7.9e-07_cc_0.74_weight_1.7",
  "mean_squared_curvatures": [
    0.2550169022003463,
    0.1782415306690329,
    0.5262027010228607
  ],
  "max_mean_squared_curvature": 0.5262027010228607,
  "message": "STOP: TOTAL NO. of ITERATIONS REACHED LIMIT",
  "success": false,
  "iterations": 700,
  "function_evaluations": 805,
  "coil_currents": [
    16877809.25261197,
    16428464.320531892,
    15275141.14494522
  ],
  "coil_surface_distance": 1.5878968407219907
}