{
  "nfp": 4,
  "R0": 11.34443056562854,
  "R1": 4.7018018622509565,
  "ncoils": 5,
  "order": 13,
  "nphi": 32,
  "ntheta": 32,
  "length_target": 34.5777284260102,
  "length_weight": 0.14930357761756952,
  "max_curvature_threshold": 4.655530609904298,
  "max_curvature_weight": 2.372460862137622e-05,
  "msc_threshold": 6.072641012835859,
  "msc_weight": 1.056801685540557e-06,
  "JF": 0.00014987406411393615,
  "Jf": 0.00014985870668406102,
  "BdotN": 0.0043177781585129246,
  "lengths": [
    36.171039085502215,
    34.90153035212096,
    33.71148214372719,
    34.19144327696095,
    33.9133592373147
  ],
  "length": 172.88885409562602,
  "max_curvatures": [
    3.5497894535272425,
    3.9505717907926536,
    4.14672495103401,
    2.659313262943804,
    4.764410783791872
  ],
  "max_max_curvature": 4.764410783791872,
  "coil_coil_distance": 0.5247248553782841,
  "cc_threshold": 0.5248338803347972,
  "cc_weight": 5.039647321184167,
  "gradient_norm": 0.0006775691936007712,
  "linking_number": 0,
  "directory": "ncoils_5_order_13_R1_4.7_length_target_3.5e+01_weight_0.15_max_curvature_4.7_weight_2.4e-05_msc_6.1_weight_1.1e-06_cc_0.52_weight_5.0",
  "mean_squared_curvatures": [
    0.29148586918889013,
    0.27046609210969064,
    0.33977886687766246,
    0.33632124921190476,
    0.7130612981403549
  ],
  "max_mean_squared_curvature": 0.7130612981403549,
  "message": "STOP: TOTAL NO. of ITERATIONS REACHED LIMIT",
  "success": false,
  "iterations": 700,
  "function_evaluations": 755,
  "coil_currents": [
    9838157.82490756,
    9769189.723197337,
    9688283.630144231,
    9734537.868112238,
    9551245.671727717
  ],
  "coil_surface_distance": 1.3938201142082498
}