{
  "nfp": 4,
  "R0": 11.34443056562854,
  "R1": 4.438795213382322,
  "ncoils": 4,
  "order": 6,
  "nphi": 32,
  "ntheta": 32,
  "length_target": 35.91318640182742,
  "length_weight": 0.02293131366901254,
  "max_curvature_threshold": 0.6971617962831029,
  "max_curvature_weight": 3.229805301690989e-05,
  "msc_threshold": 1.4052935116054104,
  "msc_weight": 1.044904633869284e-06,
  "JF": 0.004668314197746085,
  "Jf": 0.004109479827403541,
  "BdotN": 0.010715684047801073,
  "lengths": [
    35.95985571009349,
    35.85294349035349,
    35.436018926561395,
    36.41254091469864
  ],
  "length": 143.66135904170702,
  "max_curvatures": [
    3.8608758850623635,
    6.383890191229911,
    1.8634232450996402,
    12.604357299120144
  ],
  "max_max_curvature": 12.604357299120144,
  "coil_coil_distance": 0.730356155296093,
  "cc_threshold": 0.7362412651697768,
  "cc_weight": 209.47004426594464,
  "gradient_norm": 1.0931138261797153,
  "linking_number": 0,
  "directory": "ncoils_4_order_6_R1_4.4_length_target_3.6e+01_weight_0.023_max_curvature_0.7_weight_3.2e-05_msc_1.4_weight_1e-06_cc_0.74_weight_2.1e+02",
  "mean_squared_curvatures": [
    0.2384965475610676,
    0.9250001114821312,
    0.24873207843961412,
    0.645220126136089
  ],
  "max_mean_squared_curvature": 0.9250001114821312,
  "message": "STOP: TOTAL NO. of ITERATIONS REACHED LIMIT",
  "success": false,
  "iterations": 700,
  "function_evaluations": 1117,
  "coil_currents": [
    12394480.975511186,
    12327661.71202288,
    11936530.599569159,
    11922741.43098586
  ],
  "coil_surface_distance": 1.3540832724272958
}