{
  "nfp": 4,
  "R0": 11.34443056562854,
  "R1": 4.953396715481506,
  "ncoils": 6,
  "order": 13,
  "nphi": 32,
  "ntheta": 32,
  "length_target": 37.23826621972461,
  "length_weight": 12.32490809413533,
  "max_curvature_threshold": 0.4155135564576581,
  "max_curvature_weight": 0.0003203007632408336,
  "msc_threshold": 7.702052329992049,
  "msc_weight": 2.711501437267752e-06,
  "JF": 0.08302560433973001,
  "Jf": 0.05579042759280567,
  "BdotN": 0.058128649928684197,
  "lengths": [
    34.82933101212693,
    37.839616203136124,
    37.04064229862831,
    38.08502209087127,
    43.66806132210282,
    31.967414639505115
  ],
  "length": 223.43008756637056,
  "max_curvatures": [
    3.447221516292195,
    3.6469324481869863,
    3.5303659805526073,
    11.676868700930948,
    7.2656853016552345,
    16.745600032356933
  ],
  "max_max_curvature": 16.745600032356933,
  "coil_coil_distance": 1.0102251112947773,
  "cc_threshold": 1.0123865125771943,
  "cc_weight": 262.1528894733368,
  "gradient_norm": 523.0047297100418,
  "linking_number": 0,
  "directory": "ncoils_6_order_13_R1_5.0_length_target_3.7e+01_weight_1.2e+01_max_curvature_0.42_weight_0.00032_msc_7.7_weight_2.7e-06_cc_1.0_weight_2.6e+02",
  "mean_squared_curvatures": [
    0.6680379556428554,
    0.7486920460987215,
    0.8144426984526979,
    1.3867630151066446,
    0.9099348719174474,
    2.877889310908477
  ],
  "max_mean_squared_curvature": 2.877889310908477,
  "message": "STOP: TOTAL NO. of ITERATIONS REACHED LIMIT",
  "success": false,
  "iterations": 700,
  "function_evaluations": 888,
  "coil_currents": [
    7991623.452564018,
    8003327.094443222,
    8262801.114831838,
    8492789.1269182,
    8524600.797687128,
    7306273.131644674
  ],
  "coil_surface_distance": 0.028770835541063387
}