{
  "nfp": 4,
  "R0": 11.34443056562854,
  "R1": 4.953676286473248,
  "ncoils": 5,
  "order": 7,
  "nphi": 32,
  "ntheta": 32,
  "length_target": 42.08247598380308,
  "length_weight": 0.022118388689523732,
  "max_curvature_threshold": 1.4657287080248826,
  "max_curvature_weight": 9.893013572257186e-06,
  "msc_threshold": 2.687074024568607,
  "msc_weight": 9.76765208505107e-07,
  "JF": 0.0019049599399442413,
  "Jf": 0.0018296042023742312,
  "BdotN": 0.009530488338497246,
  "lengths": [
    39.38185716234312,
    41.501985167591464,
    37.60112194985744,
    40.936263830929306,
    50.990205101594334
  ],
  "length": 210.41143321231567,
  "max_curvatures": [
    3.0524106292989,
    6.709161878290722,
    1.7162349569008972,
    4.517653103546434,
    4.305488532905055
  ],
  "max_max_curvature": 6.709161878290722,
  "coil_coil_distance": 0.9374543180866064,
  "cc_threshold": 0.9375199221075977,
  "cc_weight": 31.603952260508034,
  "gradient_norm": 0.01445503367515363,
  "linking_number": 0,
  "directory": "ncoils_5_order_7_R1_5.0_length_target_4.2e+01_weight_0.022_max_curvature_1.5_weight_9.9e-06_msc_2.7_weight_9.8e-07_cc_0.94_weight_3.2e+01",
  "mean_squared_curvatures": [
    0.3710408071902732,
    0.6854647824609161,
    0.2494323965200405,
    0.5620648462368466,
    0.5402652928609406
  ],
  "max_mean_squared_curvature": 0.6854647824609161,
  "message": "STOP: TOTAL NO. of ITERATIONS REACHED LIMIT",
  "success": false,
  "iterations": 700,
  "function_evaluations": 1007,
  "coil_currents": [
    9698879.698515574,
    9594014.402828109,
    9487360.566312255,
    9465370.003190618,
    10335790.04724253
  ],
  "coil_surface_distance": 1.2734627586666294
}