{
  "nfp": 4,
  "ncoils": 6,
  "R0": 11.34443056562854,
  "R1": 4.605799931285512,
  "order": 6,
  "nphi": 32,
  "ntheta": 32,
  "length_target": 32.25583670916602,
  "length_weight": 0.2843039940095997,
  "max_curvature_threshold": 1.0694369561238388,
  "max_curvature_weight": 3.3341561947006775e-05,
  "msc_threshold": 4.921217375250895,
  "msc_weight": 2.20208743558799e-06,
  "JF": 0.0006790186526733313,
  "Jf": 0.0006670105917439805,
  "BdotN": 0.0045754742267989845,
  "lengths": [
    33.95701813254214,
    32.4550909098338,
    31.391855954630064,
    31.961241902406044,
    32.330275735425694,
    31.439977738560664
  ],
  "length": 193.53546037339837,
  "max_curvatures": [
    1.2345167347973451,
    1.4486936246951365,
    1.739269467214098,
    1.6267882218423257,
    1.3258515070501429,
    1.7502141649427745
  ],
  "max_max_curvature": 1.7502141649427745,
  "coil_coil_distance": 0.908414881984304,
  "cc_threshold": 0.9097753231380524,
  "cc_weight": 1.3010606244805865,
  "gradient_norm": 0.002545673186311117,
  "linking_number": 0,
  "directory": "ncoils_6_order_6_R1_4.6_length_target_3.2e+01_weight_0.28_max_curvature_1.1_weight_3.3e-05_msc_4.9_weight_2.2e-06_cc_0.91_weight_1.3",
  "mean_squared_curvatures": [
    0.13406265256742447,
    0.13979487041184643,
    0.17755878878328002,
    0.2342720671976799,
    0.1863742849897053,
    0.3086709707573534
  ],
  "max_mean_squared_curvature": 0.3086709707573534,
  "message": "STOP: TOTAL NO. of ITERATIONS REACHED LIMIT",
  "success": false,
  "iterations": 700,
  "function_evaluations": 748,
  "coil_currents": [
    8832339.396260204,
    8116530.567006981,
    7829602.66775497,
    7866510.670948338,
    7792812.776294401,
    8143618.639824189
  ],
  "coil_surface_distance": 1.1117257828163447
}