{
  "nfp": 4,
  "R0": 11.34443056562854,
  "R1": 4.595436154413058,
  "ncoils": 6,
  "order": 12,
  "nphi": 32,
  "ntheta": 32,
  "length_target": 30.59298487742198,
  "length_weight": 0.3965672797555108,
  "max_curvature_threshold": 6.632702673786195,
  "max_curvature_weight": 4.936303688527802e-06,
  "msc_threshold": 7.491081271431675,
  "msc_weight": 1.0911216367053827e-05,
  "JF": 0.0026343381395789395,
  "Jf": 0.0025156414587521898,
  "BdotN": 0.00847475728641808,
  "lengths": [
    29.466398269866374,
    30.16356099912828,
    30.130556197661917,
    32.920149154969764,
    30.74806351744415,
    30.129077053751836
  ],
  "length": 183.55780519282231,
  "max_curvatures": [
    6.590275692210874,
    38.515618077871835,
    20.057053176782123,
    14.464644644887825,
    24.20799666580823,
    11.27495974312077
  ],
  "max_max_curvature": 38.515618077871835,
  "coil_coil_distance": 0.9432405915788897,
  "cc_threshold": 0.9465969483864569,
  "cc_weight": 54.81547100892542,
  "gradient_norm": 87.78079662908327,
  "linking_number": 0,
  "directory": "ncoils_6_order_12_R1_4.6_length_target_3.1e+01_weight_0.4_max_curvature_6.6_weight_4.9e-06_msc_7.5_weight_1.1e-05_cc_0.95_weight_5.5e+01",
  "mean_squared_curvatures": [
    0.7349217277610881,
    1.8868965144430208,
    2.627775960324644,
    2.08622807188066,
    3.1785509359563506,
    1.6598001660318573
  ],
  "max_mean_squared_curvature": 3.1785509359563506,
  "message": "CONVERGENCE: REL_REDUCTION_OF_F_<=_FACTR*EPSMCH",
  "success": true,
  "iterations": 519,
  "function_evaluations": 621,
  "coil_currents": [
    8140857.744377458,
    8147612.1945780115,
    8167848.958890637,
    8114747.7874291865,
    8129175.384868946,
    7881172.647944845
  ],
  "coil_surface_distance": 0.8947730416334619
}