{
  "nfp": 4,
  "ncoils": 6,
  "R0": 11.34443056562854,
  "R1": 4.4624327868106155,
  "order": 6,
  "nphi": 32,
  "ntheta": 32,
  "length_target": 34.56601506021856,
  "length_weight": 0.24058448212853986,
  "max_curvature_threshold": 1.487799048528889,
  "max_curvature_weight": 2.281916493981584e-05,
  "msc_threshold": 1.1566961381849605,
  "msc_weight": 1.6572203040032205e-05,
  "JF": 4.006296707540472,
  "Jf": 0.006137000665948688,
  "BdotN": 0.01898882227509763,
  "lengths": [
    40.92694676940801,
    33.95438192200582,
    33.068970925478176,
    32.91124170168619,
    32.25560528555232,
    34.280283168114586
  ],
  "length": 207.3974297722451,
  "max_curvatures": [
    4.056582120445106,
    1.8973947841396102,
    1.2557842486806887,
    3.9026689578341394,
    3.9272608651711054,
    4.43425868436052
  ],
  "max_max_curvature": 4.43425868436052,
  "coil_coil_distance": 0.9956706964177984,
  "cc_threshold": 1.0054928329455737,
  "cc_weight": 2.7391026325574184,
  "gradient_norm": 0.011527366335445408,
  "linking_number": 4,
  "directory": "ncoils_6_order_6_R1_4.5_length_target_3.5e+01_weight_0.24_max_curvature_1.5_weight_2.3e-05_msc_1.2_weight_1.7e-05_cc_1.0_weight_2.7",
  "mean_squared_curvatures": [
    0.3334606681227678,
    0.3247665258066248,
    0.1570149241368135,
    0.4870963175840262,
    0.34016838104831454,
    0.3980979689796553
  ],
  "max_mean_squared_curvature": 0.4870963175840262,
  "message": "STOP: TOTAL NO. of ITERATIONS REACHED LIMIT",
  "success": false,
  "iterations": 500,
  "function_evaluations": 537,
  "coil_currents": [
    12092198.931923132,
    7751038.473325302,
    8319561.939512763,
    8770241.318337765,
    7662622.271410798,
    3985751.7835793197
  ],
  "coil_surface_distance": 0.6617463962117879
}