{
  "nfp": 4,
  "ncoils": 6,
  "R0": 11.34443056562854,
  "R1": 4.479921916173587,
  "order": 7,
  "nphi": 32,
  "ntheta": 32,
  "length_target": 31.207339491028755,
  "length_weight": 5.211847469865812,
  "max_curvature_threshold": 1.299814322559071,
  "max_curvature_weight": 2.6862247976467883e-06,
  "msc_threshold": 4.7853802539227015,
  "msc_weight": 9.898422843662464e-06,
  "JF": 0.004043524817444943,
  "Jf": 0.003798149341258299,
  "BdotN": 0.01664006771635768,
  "lengths": [
    30.771063747633455,
    29.52486299404992,
    30.71963367907096,
    36.15659059648934,
    30.436091365733702,
    29.635261987529294
  ],
  "length": 187.24350437050668,
  "max_curvatures": [
    24.50666946498139,
    8.09691833327119,
    34.05787645980184,
    17.80760816538244,
    10.285453250540463,
    4.320535934963147
  ],
  "max_max_curvature": 34.05787645980184,
  "coil_coil_distance": 0.8391610388854649,
  "cc_threshold": 0.8396538494302701,
  "cc_weight": 6632.230737543952,
  "gradient_norm": 0.266639438777605,
  "linking_number": 0,
  "directory": "ncoils_6_order_7_R1_4.5_length_target_3.1e+01_weight_5.2_max_curvature_1.3_weight_2.7e-06_msc_4.8_weight_9.9e-06_cc_0.84_weight_6.6e+03",
  "mean_squared_curvatures": [
    2.5585929818401643,
    0.3700050949826517,
    2.270420307300017,
    1.5721430429446284,
    1.6956949868640472,
    0.3688194645026244
  ],
  "max_mean_squared_curvature": 2.5585929818401643,
  "message": "STOP: TOTAL NO. of ITERATIONS REACHED LIMIT",
  "success": false,
  "iterations": 700,
  "function_evaluations": 1284,
  "coil_currents": [
    8205810.180120483,
    8256964.530150949,
    8350345.788668702,
    8271918.487761887,
    8113261.68180369,
    7383114.049583368
  ],
  "coil_surface_distance": 0.9776875647404591
}