{
  "nfp": 4,
  "R0": 11.34443056562854,
  "R1": 4.172317804702301,
  "ncoils": 5,
  "order": 12,
  "nphi": 32,
  "ntheta": 32,
  "length_target": 34.900406007086474,
  "length_weight": 0.018095819840620544,
  "max_curvature_threshold": 3.1833108713132976,
  "max_curvature_weight": 1.1384900443310995e-06,
  "msc_threshold": 1.8941932571137627,
  "msc_weight": 3.294911355797138e-07,
  "JF": 0.0004158800253472486,
  "Jf": 0.00041190405911623913,
  "BdotN": 0.00469922938583175,
  "lengths": [
    35.476083833583786,
    34.42369089984536,
    34.03396539735784,
    34.19980786971446,
    36.369184768672376
  ],
  "length": 174.5027327691738,
  "max_curvatures": [
    5.734800809812353,
    6.377858384147864,
    4.211302980592704,
    3.6206686870205864,
    6.911758555168714
  ],
  "max_max_curvature": 6.911758555168714,
  "coil_coil_distance": 0.8846734839940525,
  "cc_threshold": 0.8857344809662187,
  "cc_weight": 5.451790844537369,
  "gradient_norm": 0.0009595943330641913,
  "linking_number": 0,
  "directory": "ncoils_5_order_12_R1_4.2_length_target_3.5e+01_weight_0.018_max_curvature_3.2_weight_1.1e-06_msc_1.9_weight_3.3e-07_cc_0.89_weight_5.5",
  "mean_squared_curvatures": [
    0.35364575631548306,
    0.5873290116515957,
    0.5324818556610134,
    0.3606312372461222,
    1.3521041614011973
  ],
  "max_mean_squared_curvature": 1.3521041614011973,
  "message": "STOP: TOTAL NO. of ITERATIONS REACHED LIMIT",
  "success": false,
  "iterations": 700,
  "function_evaluations": 770,
  "coil_currents": [
    9727046.284449968,
    9610169.375945115,
    9595984.835198285,
    9533702.110695602,
    10114512.111800112
  ],
  "coil_surface_distance": 1.246984581214182
}